kind,tic,key,sector,period,catalogue_period,morph,crowdsap,flfrcsap,tessmag,teff,ls_freq,ls_snr,point_noise,sigma_bin,n_points,depth1_sigma,depth2_sigma,mask_fraction,detached_like,period_source,bls_snr,slow_snr,exclude,exclude_reason
Noise,205107025,205107025,91.0,0.0326200108731217,,,0.94567156,0.86333495,10.03100014,6600.0,0.8240932837743138,3.117189403802191,0.001083466924538968,0.00013987497849686636,12037,,,,,random,,3.097365463961492,False,
Noise,1155027028,1155027028,102.0,3.1136753375011987,,,0.01199053,0.58462262,18.08880043,,1.6191362410527466,3.2039953106249004,0.7602548331099453,0.0855353514352533,15724,,,,,random,,3.506844086798166,False,
Noise,396608361,396608361,58.0,1.2210991203971528,,,0.90067047,0.74246007,11.68719959,5657.00976563,63.85207244882843,3.4727520394368954,0.002686584972699251,0.00027563780230267164,19116,,,,,random,,3.466005096217138,False,
Noise,261876267,261876267,39.0,4.609544914332845,,,0.04885608,0.58702552,15.52299976,3299.0,0.8363688764170979,3.5130565275353534,0.14701305810413876,0.014775368273155922,19335,,,,,random,,4.363639452349872,False,
Noise,122451513,122451513,40.0,7.554561463498823,,,0.92807895,0.85197121,10.6583004,6930.37011719,1.4290661508479379,3.0435137186526147,0.0014934881517053601,0.00014305022083697485,19611,,,,,random,,3.186920563885086,False,
Noise,422245371,422245371,23.0,3.5447725331470323,,,0.99824113,0.66106844,12.43190002,2975.0,56.15146362866833,3.5268228548379956,0.004387762872144311,0.0005572464420090481,12948,,,,,random,,4.164756330800713,False,
Noise,66664587,66664587,46.0,4.0139077814508015,,,0.99737573,0.63813001,13.32079983,3361.0,42.761215659563035,3.2187146879657265,0.009333688506718944,0.0010064775158965637,15980,,,,,random,,3.6560216100980956,False,
Noise,18804862,18804862,20.0,0.2772771838009771,,,0.96775752,0.8975141,10.07769966,5891.0,0.5607936030243952,3.6502927284023707,0.001057210795341255,0.00011604396060374481,16516,,,,,random,,5.750408160401433,False,
Noise,120963137,120963137,14.0,0.6286307629133658,,,0.90537405,0.87372142,10.5024004,5152.70019531,1.9525296171101028,3.7538842732066553,0.0013719759276343442,0.00018014926502707459,11507,,,,,random,,3.355999305099758,False,
Noise,122515955,122515955,74.0,4.680822017087534,,,0.60143554,0.71446508,13.08110046,5094.33984375,0.6497903755637431,3.5901149002889485,0.007781013848893529,0.0008489782130012924,16661,,,,,random,,4.837593481462425,False,
Noise,189295854,189295854,8.0,1.701701913743731,,,0.91926533,0.82590461,11.25160027,6667.0,0.5,3.5411515184735514,0.0020575918604630434,0.0002582095914905121,12846,,,,,random,,3.2617370190174046,False,
Noise,123496782,123496782,40.0,0.5695130105430392,,,0.95724082,0.77047455,11.57190037,6037.31005859,95.47833480592378,3.7408921214680175,0.0024850921866903376,0.0002510322195832062,19611,,,,,random,,3.0735043110481604,False,
Noise,277716609,277716609,27.0,0.9406372797177376,,,0.99713624,0.81401277,11.51290035,6141.22998047,11.619869384246066,3.3034180408596856,0.002452030373257508,0.00027587497056551447,15856,,,,,random,,3.1533187725310268,False,
Noise,67230525,67230525,91.0,1.4861956632601019,,,0.99468178,0.94183284,8.19727039,7316.0,0.7405542039856061,3.090467622804238,0.00044956161502312164,5.803815493595534e-05,12539,,,,,random,,2.901226839825369,False,
Noise,238784349,238784349,34.0,3.063326443464892,,,0.93169701,0.85170549,10.06099987,6142.0,1.2342746428542122,2.688820252734717,0.0011128800227217035,0.0001186334090310576,16949,,,,,random,,2.5676433588618655,False,
Noise,155143014,155143014,33.0,0.05583628793272922,,,0.48492321,0.84885103,11.37800026,,30.756590305497898,3.5972728399194236,0.004858892096437749,0.0005209279122015202,17457,,,,,random,,2.636745253582418,False,
Noise,610752826,610752826,70.0,3.3895569644805175,,,0.3325161,0.62106466,18.71190071,,7.540752794487424,3.1732983726678063,0.8625259269099548,0.10095102397194698,14981,,,,,random,,2.5898136590673553,False,
Noise,261875527,261875527,38.0,5.561014485503009,,,0.47572681,0.82688195,11.36030006,4665.0,0.7172582140668732,3.4312010370357053,0.003284533646505672,0.0003284533646505672,18494,,,,,random,,5.817016013847312,False,
Noise,189338968,189338968,9.0,0.7495633550862978,,,0.84736097,0.8059389,12.60999966,6190.02001953,61.9667949048435,3.7026246484487353,0.004974537715801838,0.000566901185712988,15371,,,,,random,,3.9971129620185755,False,
Noise,272084721,272084721,41.0,0.10175579250912775,,,0.40329275,0.62161356,14.86289978,3465.0,60.0962752943665,3.456833256224975,0.039646237209856605,0.004144684033387154,18321,,,,,random,,2.4817101266935904,False,
Noise,2000430381,2000430381,82.0,5.457063633604094,,,0.18721753,0.63516009,18.8567009,,2.727997355806064,3.1150240920003403,1.0585865402770938,0.10832399835899643,16907,,,,,random,,2.9901639938550124,False,
Noise,381025396,381025396,42.0,1.2438126853684668,,,0.98698658,0.88431442,10.55729961,4378.0,0.7102017577385984,2.898708520956489,0.001322776177138625,0.0001666541335671202,12902,,,,,random,,2.8900456410315156,False,
Noise,303360173,303360173,36.0,0.044106509553067184,,,0.93771321,0.81434327,10.99709988,5899.75,37.663758377650346,2.979919951599581,0.0017160651090588257,0.00019430611120841492,15652,,,,,random,,3.0052927397461078,False,
Noise,270618293,270618293,54.0,8.870466118722339,,,0.15962847,0.64743733,15.66650009,3442.0,1.0337522299140351,2.8290127274091086,0.07705379860506247,0.007864270388565887,17897,,,,,random,,3.181713230279906,False,
Noise,422897062,422897062,58.0,0.24240421340271467,,,0.52431512,0.93109286,9.89700031,6898.0,0.7020340817661754,3.7748920042132905,0.0012533638166774652,0.00012792090887195945,19286,,,,,random,,3.4734129315471103,False,
Noise,125736707,125736707,42.0,0.07320382749872043,,,0.25133413,0.57171822,16.05599976,3131.0,0.745411129794995,3.428423467445396,0.11474392992023584,0.01423223289337919,13028,,,,,random,,3.2813470656122092,False,
Noise,835959548,835959548,34.0,0.029775647611351885,,,0.16729659,0.68080139,17.31159973,,8.671872183376975,3.104230424932172,1.2777229068808933,0.13941099852287395,16889,,,,,random,,2.738882674561635,False,
Noise,629968092,629968092,97.0,1.1794057589084808,,,0.57136017,0.64670348,18.72540092,,0.7240729308032223,3.719149417700341,0.756585584093894,0.06337976577097655,28447,,,,,random,,6.236075307983613,False,
Noise,293411883,293411883,44.0,0.08869686880093082,,,0.99920404,0.69407904,11.54450035,3933.0,0.5,2.4714351355567383,0.0025378053198364227,0.00029110623493544427,15280,,,,,random,,3.152663490721539,False,
Noise,189349072,189349072,9.0,0.4625145166361329,,,0.97830486,0.82403201,11.4708004,5172.0,0.5587424248036538,3.3534497254432347,0.0022381939410688616,0.0002550658717526764,15289,,,,,random,,3.0563207956031295,False,
Noise,121963436,121963436,59.0,1.6996134175477013,,,0.87258387,0.82393175,10.12679958,5881.0,81.81038951197405,3.34974555892736,0.0011948887072967946,0.00012960387715811795,16652,,,,,random,,2.965038015456618,False,
Noise,430681407,430681407,16.0,0.1338412475062869,,,0.21774691,0.65069616,15.01620007,2895.0,44.37027570035192,3.5045689695453524,0.07789202911636922,0.009736503639546153,12841,,,,,random,,3.0440361846816275,False,
Noise,158514451,158514451,15.0,1.6498757379779958,,,0.96156788,0.94342154,8.74722004,6349.0,0.6061062521142043,3.87433691708108,0.0005501452622422889,6.150811019366032e-05,15720,,,,,,,,True,slow variable: peak S/N 10.1 at 0.19 c/d
Noise,57292184,57292184,45.0,0.3807647340350799,,,0.49168199,0.70672148,13.87390041,3292.0,86.47787983795666,3.194487530734737,0.01729915142056475,0.0019341039264722415,15918,,,,,random,,4.143097338360257,False,
Noise,261291326,261291326,38.0,0.1751777298435786,,,0.83900052,0.73051232,11.67529964,7789.0,38.752459415373096,3.5678199004632325,0.003485170762059226,0.00036335416966981415,18494,,,,,random,,3.301808416778611,False,
Noise,381002309,381002309,42.0,3.9671220999490306,,,0.9868598,0.74510032,12.65219975,3850.0,1.6612632765656659,3.1438466646293555,0.005103466807350724,0.0006099809534934043,12889,,,,,random,,3.010737214448714,False,
Noise,468336385,468336385,42.0,8.161064538685261,,,0.99653137,0.95021552,9.0106802,5916.22998047,42.43260995676129,3.1930234518932648,0.0006280063191005858,8.175945877278104e-05,11016,,,,,random,,2.4318692523236347,False,
Noise,35156762,35156762,42.0,0.7845569200520511,,,0.40755647,0.71048975,16.84350014,3040.0,43.3362674150011,3.561225112406008,0.18864759821284574,0.02339885477522196,13080,,,,,random,,2.3333375744014204,False,
Noise,264978615,264978615,34.0,0.6623973155960362,,,0.99612612,0.85410881,10.80130005,5126.0,1.3416984520083721,2.6335510795350774,0.001566556373933156,0.00017092531342771983,16803,,,,,random,,5.441293394553477,False,
Noise,415976841,415976841,18.0,0.20381215114862844,,,0.95761138,0.90274996,9.91950035,5594.0,19.875413235388937,3.8005047069686086,0.0009639131021651402,0.00011205262208092738,14835,,,,,random,,4.197458539520828,False,
Noise,233753653,233753653,41.0,0.757519152263549,,,0.85117948,0.75976324,12.43799973,3586.0,0.9362662850730437,3.1875500901163107,0.005222314605552961,0.0005444639349992896,18321,,,,,random,,5.3521418851755325,False,
Noise,123447881,123447881,54.0,0.28040019966547497,,,0.66008943,0.67349511,15.19950008,3452.0,0.7973800399902908,2.979173092062153,0.04212572436287262,0.004465317851837724,17897,,,,,random,,3.645696396087626,False,
Noise,388038727,388038727,16.0,6.11190694786034,,,0.98736846,0.9507308,9.1782999,5989.0,3.938639263126566,3.5421038261579234,0.000713061588656092,8.777181410777002e-05,12828,,,,,random,,4.046029631518278,False,
Noise,419911881,419911881,38.0,0.0809843939136373,,,0.98713505,0.93638474,8.61870003,6444.0,0.7996757483821089,3.4881123004452292,0.0005136757020766726,5.355439401693695e-05,18488,,,,,random,,3.444479259410248,False,
Noise,121968973,121968973,59.0,11.03093288631737,,,0.86426902,0.70477545,10.81340027,5620.24023438,3.109698113963873,3.2605375567267028,0.0016860741247450512,0.00018910068377842813,16728,,,,,random,,3.781465449091988,False,
Noise,385508853,385508853,42.0,2.0749702427836954,,,0.32001308,0.58271867,15.59819984,3127.0,1.5269058156578592,3.939924217071706,0.06414522359534026,0.007895731211553106,12991,,,,,random,,3.626510697208045,False,
Noise,387145100,387145100,33.0,0.03498686341312667,,,0.93721205,0.84522754,10.67210007,8285.0,0.9179728166802674,3.190806896344274,0.0015140444233558384,0.0001609411063949361,17458,,,,,random,,3.1785965572735675,False,
Noise,29835724,29835724,3.0,0.23333985262107296,,,0.9961518,0.9346059,9.42140007,6026.0,1.8906748478698887,3.062095302216102,0.0007022883296649852,8.055799626941178e-05,12928,,,,,random,,4.542861585903629,False,
Noise,85991241,85991241,44.0,0.1051712013457467,,,0.68958437,0.63949662,17.55019951,,71.86594275962798,3.571620286585876,0.2225534748282788,0.025528634376586586,15265,,,,,random,,2.7832371651738033,False,
Noise,27864637,27864637,16.0,1.078705557292072,,,0.92377758,0.68961722,13.56040001,3718.0,0.8051460712667969,2.901331462171682,0.01085466330913271,0.0013067479024287396,13808,,,,,random,,4.0550064521474285,False,
Noise,164726626,164726626,53.0,0.037172528405317776,,,0.49162087,0.62274373,16.29080009,3154.0,0.644101988069272,3.755786009053503,0.1552821116215283,0.01911390664191309,13222,,,,,random,,8.767190497740934,False,
Noise,272084132,272084132,41.0,1.7022271220256873,,,0.3872146,0.50671458,14.35169983,4885.41992188,89.84551399436202,3.5210399244084867,0.024225838955906312,0.0025257183074659305,18322,,,,,random,,2.93847783641694,False,
Noise,121818064,121818064,59.0,0.7552018206104751,,,0.9233188,0.82665086,9.72029972,7497.20996094,0.5869756571386386,3.0219641413996956,0.0009016843469919506,9.838182792970097e-05,16734,,,,,random,,2.8070822209905244,False,
Noise,293650295,293650295,6.0,0.06932079974456348,,,0.97499126,0.88380492,10.68050003,4002.0,22.491197469419465,3.2403019673095894,0.001405510229667523,0.00016450252967618385,14555,,,,,random,,5.7648507405797575,False,
Noise,2026905842,2026905842,68.0,0.9889153952645081,,,0.12242857,0.59764421,17.76210022,,33.50459815098053,3.0861433557091016,0.351165340322358,0.04082214162114383,14870,,,,,random,,4.290996732703863,False,
Noise,620160812,620160812,70.0,0.4294720306217947,,,0.49391851,0.6376012,18.31990051,,75.69824615990218,3.5519234308100365,0.30236636099695907,0.03445784480121644,15378,,,,,random,,2.4118693601358987,False,
Noise,254057252,254057252,67.0,0.018586508454545368,,,0.90483457,0.80260485,10.77340031,7999.0,0.5,3.9561594961447972,0.001699885355705321,0.0002031751609727572,14076,,,,,random,,5.495615672021837,False,
Noise,66672485,66672485,46.0,0.013428488386336455,,,0.50580019,0.4952026,13.81610012,3185.0,85.55270362433268,3.431725673234374,0.013352385752128484,0.0015167291006706535,15989,,,,,random,,2.6655123814621304,False,
Noise,202189374,202189374,6.0,1.102304083970323,,,0.87343812,0.64010429,13.31429958,3435.0,21.34283024115629,3.532637703338361,0.010098876122634068,0.0011739705032225475,14642,,,,,random,,2.6811707115787087,False,
Noise,1102287919,1102287919,76.0,0.688892519629404,,,0.39523447,0.43905222,18.72850037,,72.5217197135775,3.874203317444324,0.6784732045296438,0.08319972249671079,13509,,,,,random,,3.9895051776186863,False,
Noise,121697458,121697458,59.0,0.015182779606794051,,,0.8045004,0.75354385,11.66479969,6246.0,57.06553018018093,3.30186426430319,0.002708835595910684,0.0002973333346188681,16645,,,,,random,,2.5709289882066058,False,
Noise,383729309,383729309,27.0,2.0239130631693794,,,0.90873194,0.83583701,11.37059975,6630.0,0.7298596459101216,3.9286232290704732,0.0022157657102303543,0.00024850794205783286,15537,,,,,random,,4.204139002594323,False,
Noise,125736426,125736426,42.0,0.041326909350069094,,,0.46902421,0.63455302,15.20250034,3102.0,4.248546431421708,3.3101453258142195,0.04707932957604395,0.005795064871822646,13062,,,,,random,,3.6163098904178357,False,
Noise,194669823,194669823,18.0,0.0975100876765351,,,0.9807055,0.92725605,9.29872036,5913.0,71.49833924547683,3.691352550034366,0.0007204661872911682,8.49077544415337e-05,14390,,,,,random,,6.826141809365822,False,
Noise,265568587,265568587,1.0,0.35236126846296,,,0.99977821,0.96345609,7.74870014,5252.0,0.7941149679654492,2.837040203402865,0.0003425425687256487,3.590821807268731e-05,18266,,,,,random,,4.951914235246022,False,
Noise,1876771400,1876771400,40.0,0.0510141582146956,,,0.00664784,0.49703148,17.97540092,,66.91761492247483,3.2791949350440617,0.9932206563725661,0.10033043733365646,19611,,,,,random,,3.9566804179645474,False,
Noise,430354554,430354554,16.0,0.013833166213261663,,,0.28787756,0.50440407,13.95670033,3366.0,0.5356677099147014,3.260443826231184,0.027736503055096753,0.0034141275156046764,13177,,,,,random,,6.309199115627275,False,
Noise,265564880,265564880,27.0,1.1053780376911009,,,0.98612392,0.7781921,11.73509979,5798.60986328,0.8480057998639032,3.897373282986099,0.002718426584303694,0.0003039293317172811,15860,,,,,random,,4.248821749284714,False,
Noise,261384699,261384699,11.0,9.584834878251089,,,0.29567513,0.5363465,15.61800003,3212.0,9.780042218985406,3.176428871455635,0.09640272264482161,0.01160552400538765,14379,,,,,random,,3.413497054032878,False,
Noise,123492892,123492892,54.0,0.06287287723040337,,,0.6621297,0.4611707,15.61800003,3358.0,39.022141147667924,3.5910944340179416,0.06365546563295191,0.006747465862174673,17896,,,,,random,,3.5919320217089874,False,
Noise,382538997,382538997,12.0,0.03422042941148112,,,0.30148482,0.46835986,14.77050018,3601.0,47.58929733001922,3.5203163683727623,0.07077342610372403,0.008283402982180435,14612,,,,,random,,2.780258206488073,False,
Noise,11499710,11499710,41.0,0.04229275982974345,,,0.97287369,0.90256864,7.61660004,5726.58984375,98.60190735571409,3.053251654356868,0.0003477481936028566,3.6255255414252923e-05,18319,,,,,random,,2.4985646892600473,False,
Noise,27864617,27864617,56.0,5.644630655216119,,,0.4684853,0.61102462,16.1590004,31300.0,16.260243580265566,3.2812085997937963,0.09517733495062793,0.00947049879409478,19611,,,,,random,,3.526770441560853,False,
Noise,121084892,121084892,40.0,0.02643297450228732,,,0.96524996,0.92569083,9.57040977,5075.0,11.350973646429168,3.4701976978452436,0.0008215831730537664,8.299243328215414e-05,19609,,,,,random,,4.820446420585883,False,
Noise,265568693,265568693,1.0,0.022726918771105737,,,0.96888673,0.91819781,10.35000038,5490.0,51.711884084621,3.32451126931597,0.0012471223887515568,0.00013002149707399516,18275,,,,,random,,3.9186403641509457,False,
Noise,321590713,321590713,19.0,0.8303246578702176,,,0.9289096,0.8870191,11.06970024,5720.0,1.2846268014142752,2.7842569402176216,0.0019141160683911842,0.00020884718505556838,16781,,,,,random,,2.7769306212408105,False,
Noise,52418314,52418314,6.0,0.014449138514187568,,,0.83807528,0.7526117,11.80809975,3853.0,0.6102343552538296,3.187515467360089,0.0033936280198431663,0.0003985613981527105,14513,,,,,random,,3.0709413775247536,False,
Noise,312132818,312132818,38.0,0.44715812060396204,,,0.98263651,0.88866669,9.63259983,5197.0,5.811718968754322,3.50189026469676,0.0008498786398447251,8.860597330342327e-05,18494,,,,,random,,2.8458431072922044,False,
Noise,422452121,422452121,52.0,9.5674013560843,,,0.96994537,0.94853532,9.46080971,7189.0,0.6800281085414333,3.9459770220978885,0.0007962551124845208,9.585785099035415e-05,16342,,,,,random,,3.6528335415338242,False,
Noise,430367407,430367407,16.0,1.7731707690934253,,,0.78876591,0.62069494,12.37940025,3449.0,0.5893241249422494,3.4949207482354283,0.004988410609143496,0.000623551326142937,13119,,,,,random,,4.767835973640947,False,
Noise,202189206,202189206,6.0,3.2364817717484917,,,0.97902435,0.8926267,9.68004036,5028.0,0.9409236977012867,3.398719088306324,0.0009009670029778427,0.00010073117320713559,14652,,,,,random,,3.2827629569862573,False,
Noise,628633817,628633817,78.0,0.16582212851529826,,,0.03981029,0.60066599,18.70599937,,24.079184551735512,3.054661186410803,3.1410725590451483,0.3957379448210814,12677,,,,,random,,2.593859470443919,False,
Noise,248347338,248347338,30.0,0.015588776076376404,,,0.99958974,0.91436625,9.71700001,6130.0,13.652577239376747,3.4572377111563344,0.0008694204305773824,9.720415918990819e-05,16035,,,,,random,,2.510419396778292,False,
Noise,271880653,271880653,40.0,12.246387384737542,,,0.56332493,0.64429379,15.0703001,3812.0,6.18783350024856,3.9578331704468948,0.05480104878596518,0.005841811429103266,19610,,,,,random,,3.6216177538262952,False,
Noise,305024656,305024656,54.0,0.018270011185090692,,,0.89342064,0.93655837,7.89108992,8423.0,6.3483548895075765,3.2699775344705664,0.00043413333695124855,4.601804168084102e-05,17895,,,,,random,,5.152047581241197,False,
Noise,12660528,12660528,91.0,0.1824213941051354,,,0.99517494,0.8148886,11.1328001,5400.0,71.6813676027132,3.412837197858824,0.0018584218685204926,0.0002341391473880571,12608,,,,,random,,3.3339250847109594,False,
Noise,381023498,381023498,42.0,1.622223087434212,,,0.99977154,0.96916598,5.99399996,6395.27001953,73.43402205576285,3.7054006272990394,0.00016493500606103138,2.0457669701249515e-05,12973,,,,,random,,4.520055252396013,False,
Noise,189270486,189270486,8.0,4.746747686685302,,,0.92176551,0.78630906,11.36279964,5791.0,3.874299600632725,3.2093791708632686,0.0021566852307938044,0.0002615365002286017,12847,,,,,random,,5.500884322544877,False,
Noise,121817798,121817798,59.0,1.7269105704456353,,,0.99269015,0.92904121,8.82359982,8918.0,0.5790687816230962,3.1380016216594435,0.0005537473648717955,6.006233468875652e-05,16731,,,,,,,,True,slow variable: peak S/N 13.1 at 0.12 c/d
Noise,139770793,139770793,27.0,5.100817226810105,,,0.96509415,0.9550373,8.67070007,6148.0,5.04789825026071,3.6640259265832054,0.0005752875902172378,6.04728889036493e-05,16781,,,,,random,,2.9384802197807764,False,
Noise,385558677,385558677,42.0,0.02129668099098933,,,0.98718131,0.91366029,9.57240009,6435.75,45.712218301919705,3.2705524001580386,0.000826650605523858,0.0001025333884541602,13010,,,,,random,,2.813396912837864,False,
Noise,314737965,314737965,40.0,0.25016594286899463,,,0.08910512,0.42423189,17.13260078,,35.315733697027426,3.5569870056127884,0.5808031127510671,0.0586699742229335,19611,,,,,random,,2.769054509998984,False,
Noise,321448113,321448113,17.0,0.10649159663386501,,,0.93866658,0.64937276,12.79510021,3381.0,56.33195978105341,3.439103552236854,0.005421639593493301,0.000652688707586274,13738,,,,,random,,3.1231071970236193,False,
Noise,99010721,99010721,20.0,6.301640832207343,,,0.99966007,0.95025927,8.24040031,5451.0,37.12812463351016,3.414015847739572,0.00042196185655129375,4.472786733879192e-05,16544,,,,,random,,6.355000545711394,False,
Noise,120892388,120892388,80.0,0.058124337218388326,,,0.73282641,0.69381106,13.3057003,6218.43017578,0.8100473090256137,2.824192178083866,0.00945114999878874,0.0010191437143310634,17277,,,,,random,,3.4053664148609646,False,
Noise,35156538,35156538,42.0,6.943962225317929,,,0.37909296,0.56747085,16.17790031,3101.0,12.280052425217885,3.1746653255109014,0.12535123836685572,0.017727342135867002,13069,,,,,random,,2.757103135021975,False,
Noise,66927543,66927543,91.0,0.6519934671072297,,,0.9966085,0.93366313,8.61800003,5581.0,1.1967781304054839,3.2881938100409913,0.0005576749159032326,7.02604352332768e-05,12539,,,,,random,,3.415358200497876,False,
Noise,293436851,293436851,27.0,0.02817641161758032,,,0.9874208,0.87014741,10.8980999,5720.0,0.7041936983318261,2.690269662613099,0.001632159314755877,0.00019235181990677822,14379,,,,,random,,6.153885213010488,False,
Noise,325954484,325954484,80.0,0.6691614701817271,,,0.96902275,0.82066256,10.41090012,5365.50976563,0.7571199876132475,3.4516546594518567,0.0012144720133914306,0.00015946798788639394,11663,,,,,random,,3.960808813472797,False,
Noise,189296611,189296611,9.0,0.24056744031093236,,,0.90963411,0.79507011,11.80850029,4381.0,0.9180541176009078,3.1125413611408597,0.003099066383294614,0.0003531713915269395,15409,,,,,random,,3.772469997921249,False,
Noise,24656474,24656474,16.0,1.5721773182983019,,,0.95509487,0.90504509,10.12580013,5898.0,0.6360605692253486,3.1625623497874815,0.00117749568323462,0.0001495421013129728,12480,,,,,,,,True,slow variable: peak S/N 12.2 at 0.10 c/d
Noise,718861290,718861290,71.0,0.015891242659779477,,,0.03376523,0.6406219,18.85919952,,76.38786303759709,3.304706065727896,257.24046551275376,30.107719188879365,14641,,,,,random,,2.5969857114877284,False,
Noise,255698001,255698001,32.0,0.036572612667840565,,,0.99859619,0.92462063,9.55259991,6063.0,95.5244932438145,3.4057127553747737,0.0007669654017266578,8.175878653404598e-05,17591,,,,,random,,2.6985297973768496,False,
Noise,121754263,121754263,59.0,1.2789435352972893,,,0.28103602,0.59581596,16.01880074,,34.37398365621829,3.864696605105111,0.16805200435209497,0.018446103897491926,16664,,,,,random,,2.324848745524909,False,
Noise,293464061,293464061,12.0,0.15126056759736062,,,0.98687243,0.92780954,9.54990005,5783.70019531,54.245446681331906,3.6495695387678553,0.0007936416319450512,9.103693871145209e-05,15105,,,,,random,,3.1946650896249937,False,
Noise,189270521,189270521,8.0,0.02177356008625012,,,0.8095212,0.82079715,11.68700027,5918.68017578,56.004298769384484,3.8081861044164707,0.0026547657350473055,0.0003318457168809132,12845,,,,,random,,2.9269704312405618,False,
Noise,164458714,164458714,14.0,3.415225150770566,,,0.88869178,0.95604616,9.03131008,6304.0,0.6489772185068716,3.030306420469656,0.0007051290014992279,7.234470909656281e-05,18420,,,,,random,,2.8997675802030165,False,
Noise,321600045,321600045,14.0,5.339920106255442,,,0.89573586,0.740475,12.01019955,4756.0,6.928237002502508,3.3459362633282956,0.003264015618312249,0.0003348809365256207,18423,,,,,random,,3.690059136160971,False,
Noise,325545671,325545671,80.0,0.0716537163840309,,,0.95719171,0.84317422,11.04940033,5485.54003906,0.5302494289671111,3.502925264028675,0.0019061759640768964,0.0002481629729009932,11682,,,,,random,,5.509101448728259,False,
Noise,139772216,139772216,27.0,0.0498532843983104,,,0.9939391,0.84666985,11.08090019,5451.0,28.85568170871612,3.395355912949648,0.0019422781428419052,0.00021448873937585035,16436,,,,,random,,4.497289142728381,False,
Noise,875110763,875110763,62.0,1.656794928711253,,,0.17259569,0.48741055,18.22509956,,82.01908368909878,3.2677650586529143,0.8978751967857094,0.09855460653828098,16074,,,,,random,,3.292183748047582,False,
Noise,441810717,441810717,40.0,0.30204758722446257,,,0.9785316,0.86653775,10.64410019,5404.0,82.86140115301276,3.465502939967497,0.0014755557231371013,0.00014905363683555202,19609,,,,,random,,3.033397518229542,False,
Noise,352176774,352176774,17.0,0.04958143646727363,,,0.98858839,0.9149195,9.90128994,5860.0,92.45431836170074,3.3424446545028106,0.0009763657574852353,0.00012204571968565442,12864,,,,,random,,3.29940444311767,False,
Noise,422452481,422452481,16.0,0.4647397024545511,,,0.99688327,0.88507962,10.40200043,4614.0,1.06104103672056,2.857540516627316,0.001335521091147002,0.00016694013639337524,12827,,,,,random,,3.943343660103895,False,
Noise,248348940,248348940,3.0,2.498237166975906,,,0.97422659,0.73769534,11.97970009,3567.0,55.49968216497447,3.5809068790625824,0.00318638658964595,0.00040144697605306673,12968,,,,,random,,2.800967060255754,False,
Noise,716180171,716180171,98.0,0.01809517480275661,,,0.04526979,0.50141913,18.36230087,,0.6442568696650484,3.3768107730461114,0.8362978560398786,0.07224513122142369,26769,,,,,random,,5.721260041803175,False,
Noise,326143680,326143680,80.0,7.319042649093512,,,0.91819209,0.93060243,9.03549004,5616.0,0.7798069365673642,3.6106104297796895,0.0006522813016303332,8.959772744512751e-05,11774,,,,,random,,3.178060823210667,False,
Noise,628732595,628732595,85.0,1.8647296228678034,,,0.01657346,0.51864332,18.9137001,,70.16081836284935,3.149676911736862,2.232017881191315,0.28578060546216927,12292,,,,,random,,4.336311288744355,False,
Noise,357819620,357819620,78.0,0.6586059152404025,,,0.02866797,0.58433139,17.26810074,3320.0,2.1731482342866797,3.1092317009584196,0.36827730063730935,0.04621554603709812,12676,,,,,random,,3.9175384392076955,False,
Noise,379376842,379376842,18.0,5.62966378749161,,,0.96639282,0.82318741,12.08829975,3300.0,79.81169685390303,3.348289792855359,0.003908563982160426,0.00043699073792589937,14738,,,,,random,,3.418501701114211,False,
Noise,92133980,92133980,50.0,0.06691664534074425,,,0.99791473,0.78317058,11.48309994,5928.0,1.9788252855758446,3.211312571480665,0.0023922641486354003,0.000328602752570789,10354,,,,,random,,3.3574407884238906,False,
Noise,394005654,394005654,1.0,6.8561007174542254,,,0.87379825,0.9653523,7.47219992,6235.0,42.95303498610999,3.5498107373174053,0.0003369278150427963,3.438755112523656e-05,18268,,,,,random,,5.044094578972474,False,
Noise,451628433,451628433,14.0,4.0532804958899185,,,0.95324308,0.92925066,8.33714962,5810.0,0.7309173103840623,3.986165895849205,0.000519538656497854,6.122821784969682e-05,13780,,,,,random,,5.13881250509078,False,
Noise,61043167,61043167,42.0,2.904714517466349,,,0.92966729,0.7701894,12.27600002,3687.0,87.86324846719043,3.7188251829440393,0.0038114487272493357,0.0004491835401971402,14008,,,,,random,,3.443224389166756,False,
Noise,26144525,26144525,80.0,0.14615647425770897,,,0.8926205,0.79144704,10.68589973,5625.0,0.5453732821432613,3.2958973078694753,0.0016041018414097354,0.00020372113758027584,12296,,,,,random,,5.458134815723661,False,
Noise,415976852,415976852,58.0,0.1367329157224208,,,0.53061152,0.58303386,13.90040016,3396.0,0.6659576373860358,3.3668742517933254,0.01603190877416399,0.0016535651327755508,18739,,,,,random,,4.703030401582303,False,
Noise,125736489,125736489,42.0,0.0765585373598371,,,0.99224198,0.9329626,9.27289963,5131.0,1.3502260764215843,3.1940134958369626,0.0007155738841322512,8.875601679731278e-05,13033,,,,,random,,5.729192579117459,False,
Noise,123447592,123447592,14.0,0.19016909796491172,,,0.92867911,0.76404113,11.99660015,6568.52001953,48.58983788397025,3.5554314212957703,0.0032983702383505282,0.0003598816973150198,16764,,,,,random,,5.461031361598338,False,
Noise,24935441,24935441,17.0,0.07243239989326224,,,0.99336034,0.95792592,7.32740021,5968.0,0.766526411703021,3.0560589162115073,0.00029274584189194257,3.6034522156479215e-05,13124,,,,,random,,3.2771041899253874,False,
Noise,25511785,25511785,33.0,1.7031123895900258,,,0.99330121,0.94808829,7.32509995,6672.0,0.732208036763194,3.428664479701945,0.0002948188110855903,3.1791129991899814e-05,17456,,,,,random,,5.843080178157733,False,
Noise,88117023,88117023,23.0,0.015745990400231787,,,0.96820134,0.79526573,10.76819992,5894.81982422,37.605187277272385,3.2812232755073945,0.0016247005013936872,0.0002015192954773199,12945,,,,,random,,4.323327499003122,False,
Noise,257437494,257437494,30.0,7.049624689254629,,,0.86466098,0.75362957,11.88729954,3543.0,46.393637745387615,3.8642287736531404,0.003554340007374917,0.00040505463617399935,15756,,,,,random,,3.1191260432191146,False,
Noise,123444774,123444774,54.0,0.043514318895313174,,,0.13674448,0.48565292,17.14209938,,0.8583811451270387,2.9290746841546365,0.28990091389335704,0.03072943541388648,17898,,,,,random,,2.767983875415159,False,
Noise,139530200,139530200,18.0,7.699488717443789,,,0.98819727,0.77885503,11.58580017,3852.0,0.9996206849470152,1.9738045643447564,0.0024948977108482638,0.00027551536160961497,14672,,,,,random,,1.907155716379322,False,
Noise,123447741,123447741,54.0,0.013592310041160818,,,0.30280384,0.3393034,16.03300095,3249.0,2.3452812678235215,2.9556546821049268,0.08618966390018494,0.009136086101265675,17898,,,,,random,,2.7599803256319477,False,
Noise,114554549,114554549,34.0,7.754051556353551,,,0.59231085,0.64311618,11.73330021,8556.0,1.0932209964761912,3.027812787602238,0.0039037398377842055,0.00042593293571573223,16789,,,,,random,,3.3974856824628934,False,
Noise,164522730,164522730,14.0,0.11437153669039099,,,0.97988701,0.92842627,9.67500019,5384.72998047,46.332824688671984,3.215757486872018,0.0008884415960367958,9.470819235758335e-05,17731,,,,,random,,5.127312060826074,False,
Noise,254068292,254068292,13.0,0.5460342266275683,,,0.95702928,0.92002952,8.44789982,5962.0,0.6258947299667792,3.6270048165601176,0.0005144375965301413,5.547323267395669e-05,17278,,,,,random,,3.3247694756329707,False,
Noise,240689661,240689661,57.0,0.06231508795756661,,,0.97683728,0.83516228,11.05539989,5922.0,7.600115170143553,3.1280505888614427,0.0017324358336711669,0.00018261477114978378,17991,,,,,random,,4.767805339173397,False,
Noise,254091134,254091134,13.0,11.026259581524148,,,0.97928882,0.80101568,10.7105999,5619.0,3.8936987871963034,3.7282215202968114,0.0016012871230958725,0.00017902934293687221,17271,,,,,random,,5.214182502446088,False,
Noise,1941666908,1941666908,54.0,2.1560884105604488,,,0.00163844,0.74157172,18.95560074,,0.9422482474553198,3.200744904925038,2.700135033233594,0.2911630486573368,17616,,,,,random,,6.696820690637778,False,
Noise,1881558410,1881558410,40.0,1.1387005403754102,,,0.05683996,0.75243413,17.37630081,,0.797866574889226,3.4750988669184695,0.6593528743524718,0.06660469837849635,19610,,,,,random,,3.3091813725265316,False,
Noise,264836519,264836519,7.0,4.667741459876771,,,0.83500934,0.64526886,13.64529991,3044.0,79.74567616932246,3.2704254047009527,0.009788546025953611,0.0010680179311307522,16128,,,,,random,,2.7359055463479844,False,
Noise,441813927,441813927,40.0,10.761411210608992,,,0.96216375,0.65438086,13.1487999,3813.0,29.975063131313167,3.186606428065655,0.005400820328179247,0.0005036290924469178,19610,,,,,random,,2.594209251009294,False,
Noise,122781802,122781802,40.0,0.8532835118790151,,,0.35962161,0.62090796,14.47000027,3765.0,42.81857203579277,3.1016935831093924,0.03197426842988934,0.0032298888614648137,19609,,,,,random,,2.6770339852095884,False,
Noise,248346848,248346848,3.0,3.7232059080872686,,,0.99570823,0.9068023,9.57956982,6005.0,27.534401735255024,3.641204041356229,0.0007631746641371734,9.394030728629615e-05,13003,,,,,random,,4.812097718977341,False,
Noise,240673258,240673258,17.0,1.1496963686705461,,,0.9268477,0.82822996,10.61030006,6554.0,0.5533065802571087,3.730589996219049,0.0014299539858919472,0.0001816043378127059,12457,,,,,random,,6.176727435496764,False,
Noise,139843114,139843114,27.0,0.024096981757645564,,,0.99533856,0.85518873,11.16170025,5457.0,0.7618441728465611,3.400532141430194,0.0021072914428857154,0.00023342415710407257,16288,,,,,random,,3.16597364224088,False,
Noise,394005650,394005650,27.0,0.2911337744361768,,,0.76870638,0.69367689,12.86859989,3396.0,0.9328854053467603,3.9279181525962636,0.007480336521890201,0.0008416036115633721,15856,,,,,random,,5.052423709386023,False,
Noise,282540011,282540011,40.0,3.8959950915978507,,,0.81643867,0.63872939,12.85890007,3696.0,23.719756627494192,3.308772883654531,0.0070078296627649195,0.0007078976965630444,19611,,,,,random,,3.4891602060969404,False,
Noise,1716646530,1716646530,82.0,1.208395306895962,,,0.0172751,0.39238477,18.97520065,,31.963459184043266,3.4336393839782735,1.2463998537248817,0.13138208043571098,18137,,,,,random,,2.9491528729980803,False,
Noise,155018370,155018370,33.0,2.761471905820456,,,0.1554347,0.69016999,14.32409954,,1.3746473342814187,2.7924471298222815,0.027328658745760508,0.0030554369344707316,17457,,,,,random,,2.8358835695151456,False,
Noise,329942326,329942326,26.0,0.43232188370769736,,,0.98419738,0.91818488,9.36585045,5164.0,0.8056246701750307,3.073072830336145,0.000842395941017867,9.137066857479179e-05,16941,,,,,random,,3.613956390726555,False,
Noise,158515710,158515710,15.0,0.32375878063835467,,,0.99556071,0.84929603,11.4218998,3936.0,1.0017219919516176,3.4424173062297965,0.0022412181466477626,0.00025708535293860835,15283,,,,,random,,8.934954979491431,False,
Noise,1972130957,1972130957,55.0,0.0439309205175187,,,0.00251169,0.59681207,19.6772995,,48.632222631931604,3.3693066839738024,5.464062395779833,0.5635750045891044,18881,,,,,random,,2.61666350925232,False,
Noise,24929515,24929515,16.0,0.03327838740753442,,,0.94635588,0.84038001,10.9005003,5687.0,2.673407337731792,3.3628615270675177,0.0016549590123351094,0.00020686987654188867,12791,,,,,random,,4.380027371221671,False,
Noise,1715969532,1715969532,40.0,11.27573825908047,,,0.03838648,0.57543761,17.43930054,,1.3014124748183713,3.576513502735993,0.3950110233083919,0.04362167012033249,19611,,,,,random,,3.3525369465690216,False,
Noise,396608250,396608250,58.0,3.664935466840379,,,0.90804803,0.8256278,11.41119957,5715.22998047,7.462956963463553,3.3242026001815197,0.00229418692393306,0.00023789610188007678,19043,,,,,random,,7.0982427997432955,False,
Noise,164786156,164786156,81.0,3.2601611003681428,,,0.75363284,0.57653242,14.29160023,,34.50761494649888,3.710533745826362,0.015541076081673745,0.001716224748544528,16585,,,,,random,,3.971870235375357,False,
Noise,2027717084,2027717084,105.0,0.1568274327297267,,,0.07270157,0.50671387,19.01849937,,52.170102411394005,3.4661524392766316,1.18199615541732,0.1355842577136235,15172,,,,,random,,2.743951575685555,False,
Noise,1102286776,1102286776,49.0,0.9640573364566196,,,0.16094652,0.6579538,17.7784996,,32.7740723883657,3.5408998034465036,0.305658693221548,0.03679698253655747,13801,,,,,random,,3.7334397424549075,False,
Noise,265568740,265568740,1.0,0.013136530767439989,,,0.99117851,0.95578152,8.80150032,6619.0,51.23126295374554,3.5222875402267064,0.0005343923631683823,5.696641732123331e-05,18274,,,,,random,,7.107226831264019,False,
Noise,383712635,383712635,39.0,0.17097588937382557,,,0.99594015,0.88054454,10.77840042,5516.0,7.198641239597104,3.7319618222243034,0.001552198116416279,0.00015760184050308957,19335,,,,,random,,2.7511086483535534,False,
Noise,240665963,240665963,17.0,2.035054724219618,,,0.9900201,0.88823736,10.09729958,5751.0,1.2782292004088207,2.854924972528767,0.0010996518143110512,0.0001374564767888814,12549,,,,,random,,6.1467795051135345,False,
Noise,164457460,164457460,54.0,1.3751351973457724,,,0.79909265,0.58562899,14.89260006,3235.0,0.5991265744968405,3.613524635670287,0.03114933797063444,0.003301823221247412,17898,,,,,random,,3.4524310255412076,False,
Noise,271663670,271663670,81.0,4.58576795417825,,,0.37815103,0.6199466,14.2592001,5793.45019531,0.5075120797347469,3.2074288385453373,0.018536052875094286,0.0020345961269644963,16397,,,,,random,,4.722504386796989,False,
Noise,187586126,187586126,59.0,0.02584395697270868,,,0.97801298,0.93340933,7.94710016,4754.0,1.8441646319095923,3.082614920895894,0.0004122000611448341,4.4974713849086376e-05,16732,,,,,random,,5.840931135503465,False,
Noise,468503410,468503410,52.0,6.539304165141334,,,0.98202813,0.93571734,9.17722034,5696.0,11.89913754648241,3.122001374136497,0.0006912337556494658,7.680375062771842e-05,15221,,,,,random,,5.20196698119514,False,
Noise,164458628,164458628,53.0,0.28610224121457417,,,0.32648975,0.59797871,15.90719986,,0.532022721960935,3.666638710412485,0.08728815435955857,0.010744429064952207,13049,,,,,random,,6.134483014581527,False,
Noise,366401018,366401018,51.0,0.8220885239073039,,,0.99924362,0.87881619,10.92099953,6112.81982422,0.5419007646014711,3.831335451807619,0.0015495618631843257,0.0002697440969014712,6740,,,,,random,,6.473424669541064,False,
Noise,60999970,60999970,42.0,3.288182907553511,,,0.97385788,0.87239665,10.49240017,5695.0,25.000845457898777,2.9030372593918354,0.0013210663368229561,0.00015678172977988273,14031,,,,,random,,2.5636168070394194,False,
Noise,348762356,348762356,1.0,3.144359396174779,,,0.99775547,0.95360225,8.31439972,5361.0,4.287649798621878,2.86997627937587,0.00041231367954382966,4.287033502652134e-05,18276,,,,,random,,3.0149736120655968,False,
Noise,620031124,620031124,42.0,5.840879896314008,,,0.00280431,0.81700444,19.03490067,,28.791066197392084,3.354256427541878,1.8513967349687772,0.2332540637544926,12889,,,,,random,,2.918517109154355,False,
Noise,352012126,352012126,53.0,0.031750996417163876,,,0.609568,0.60943335,14.64659977,3827.0,0.7161526944114981,2.944158866325424,0.02930845746651137,0.0034782739751210386,14195,,,,,random,,4.429585999507945,False,
Noise,235111917,235111917,33.0,0.2709923226235662,,,0.88974518,0.79111803,11.15369987,6251.16015625,15.198715168834493,3.2000788140930507,0.0020262964483579653,0.00021724178215818787,17396,,,,,random,,3.6848097998031957,False,
Noise,248344724,248344724,42.0,7.506090822454146,,,0.99913359,0.818169,11.4758997,6168.0,17.281809932567278,3.8530433873282575,0.0023404445064848984,0.00031849415623266646,13075,,,,,random,,3.3266408396010982,False,
Noise,122106094,122106094,59.0,0.4608020144768339,,,0.81032312,0.74685639,11.68220043,5474.41992188,93.36923705441029,3.4992318726445193,0.002827128315812154,0.0003103176474810207,16703,,,,,random,,2.9367971022890025,False,
Noise,396559176,396559176,58.0,0.307879317825528,,,0.87802523,0.61275834,14.11130047,3503.0,99.04210665595755,3.254698592892135,0.016739838169749652,0.001717471157957191,19004,,,,,random,,2.940975495467279,False,
Noise,260933410,260933410,38.0,2.5424791565233003,,,0.93243921,0.86461645,10.45049953,7848.0,35.65091662485155,3.4765216854465173,0.001449329211829867,0.00015110301569025338,18494,,,,,random,,2.774281421847645,False,
Noise,26076137,26076137,35.0,0.7464907788979551,,,0.99966961,0.88794076,10.1807003,5972.89990234,29.274973545308466,3.184483308464222,0.001123458356598855,0.00013623933735999738,13672,,,,,random,,2.6284260751423507,False,
Noise,164522634,164522634,40.0,0.6132283249743404,,,0.91527069,0.82230723,11.10459995,6175.14990234,69.57767995731852,3.3741516450073616,0.0019155027608457446,0.00019349499879651137,19611,,,,,random,,2.75614951102772,False,
Noise,192879575,192879575,58.0,1.1732389793588245,,,0.86369705,0.84308165,10.91429996,5575.0,81.27661908174971,3.39132173305503,0.00175396671858302,0.00017901347859800736,19160,,,,,random,,3.24751624420952,False,
Noise,317166760,317166760,16.0,1.1414449795701815,,,0.43523499,0.69602406,13.40540028,3259.0,83.39873873018287,3.4383596541534907,0.01668180048303193,0.0020229654534417753,13552,,,,,random,,3.6595231995375817,False,
Noise,288539329,288539329,58.0,0.07346788243471326,,,0.99061966,0.87852889,10.43480015,4819.14013672,65.36738195210131,3.1323832507344247,0.001222937199553963,0.00012547070927020084,18990,,,,,random,,4.428739196801738,False,
Noise,24929356,24929356,16.0,4.925101358631854,,,0.75738645,0.76743615,12.27980042,4335.0,46.34695569200788,3.221690951746858,0.003981448755351503,0.00048282158121465337,12793,,,,,random,,3.175960670264186,False,
Noise,194557528,194557528,18.0,0.1039268050145804,,,0.96447402,0.77892649,11.43010044,6872.83984375,23.9032430976073,3.158568486473452,0.002221340890628688,0.0002636246625594125,14175,,,,,random,,3.8608904875432772,False,
Noise,396559240,396559240,58.0,0.02023140910504716,,,0.98014456,0.74832606,11.97189999,5262.02978516,77.1791378955666,3.527767295767765,0.003136242734316494,0.00032177171522930747,19038,,,,,random,,2.6867146508772985,False,
Noise,122768811,122768811,59.0,0.036414790200303186,,,0.9422217,0.66859287,11.19340038,5527.02001953,99.76268809408731,3.0922153614120673,0.002142462360679687,0.00023376180812877253,16734,,,,,random,,3.5753049203729925,False,
Noise,164785771,164785771,81.0,0.19518636448594134,,,0.53419119,0.48909539,14.54109955,,46.94776955375736,3.3511695988138537,0.019266857245907477,0.0021148123279240375,16592,,,,,random,,4.403818220834592,False,
Noise,92127408,92127408,23.0,0.029269317689496928,,,0.98478675,0.79254121,11.39840031,6209.91992188,0.8078908428019159,3.171030596028588,0.0022413929675933262,0.0002823889706009998,12632,,,,,random,,4.855458204800507,False,
Noise,26074427,26074427,35.0,0.8222717677507065,,,0.99505228,0.86624759,10.44390011,5930.0,2.4304837030307747,3.5132971274389266,0.0013143177613014162,0.00015938443986679643,13670,,,,,random,,3.183593158961468,False,
Noise,204946490,204946490,91.0,3.593787225125344,,,0.95978349,0.77236128,11.35309982,4874.0,79.71621147187948,3.184908294554669,0.002198289309629297,0.0002726642310701642,12539,,,,,random,,7.100857777992113,False,
Noise,385099351,385099351,18.0,0.10002745404671251,,,0.95804054,0.84624565,10.69149971,5367.0,93.85577297536463,3.6987160776276427,0.0014502058022285026,0.0001697337507633088,14434,,,,,random,,4.413228981036046,False,
Noise,19346805,19346805,7.0,0.04058881971512484,,,0.80841988,0.52528608,13.86900043,3363.0,43.16692372097836,3.1776359714548468,0.01264697113629893,0.0013966243228060269,16343,,,,,random,,2.415870313474844,False,
Noise,238662623,238662623,34.0,0.04941293778727776,,,0.930246,0.83475858,10.96580029,9519.0,2.345715414404123,3.4685052189356522,0.0017325934520747625,0.0001879261453860921,16914,,,,,random,,3.2296984937628843,False,
Noise,272084390,272084390,41.0,0.7271055696905145,,,0.12447184,0.44200751,16.15379906,,80.59354423105243,3.582425224199286,0.1277159362292348,0.013315306804294812,18322,,,,,random,,3.0750047720827425,False,
Noise,351911443,351911443,81.0,0.18492335272330354,,,0.9547134,0.76904184,12.18270016,5409.79003906,75.97477349749559,3.739818803475327,0.0033685978427926647,0.0003697516494170041,16632,,,,,random,,4.857630958266775,False,
Noise,57194923,57194923,44.0,0.10116514996238217,,,0.9517501,0.77089483,11.35890007,7457.83984375,2.9920937289047354,2.7728720302656007,0.0022766742877821417,0.000256960325883827,15774,,,,,random,,2.3025735542012535,False,
Noise,61015099,61015099,42.0,10.384596560727445,,,0.99940544,0.84533566,10.88739967,5799.87988281,35.944434749335045,3.1729748129302715,0.0015962151040724625,0.00018431504400415652,14018,,,,,random,,3.496241197790744,False,
Noise,122781795,122781795,74.0,0.8591946083333533,,,0.35103634,0.50606829,14.93130016,6276.70996094,1.615939152081671,3.5583138040417017,0.03990723201088828,0.004380387789912034,16682,,,,,random,,6.008083777667829,False,
Noise,194657352,194657352,18.0,2.349880818168781,,,0.98937726,0.80541527,11.53540039,5901.27001953,92.55872672114815,3.5522699060677514,0.0023299210290475395,0.0002774895564221744,14065,,,,,random,,3.686984275324544,False,
Noise,1972117603,1972117603,41.0,1.3651658977390841,,,0.02162035,0.66487837,18.13089943,,5.028142550394818,3.2721201006740945,2.08300237258844,0.21956772896380516,18321,,,,,random,,2.566387186778148,False,
Noise,270171371,270171371,7.0,0.08415046545794098,,,0.79030615,0.33809143,14.35599995,3096.0,2.3247740101423364,2.2679483365136024,0.01800772193944071,0.002013324518825189,16102,,,,,random,,2.085525278192012,False,
Noise,158494479,158494479,15.0,0.013860394049135786,,,0.957066,0.93087828,9.25049973,5410.0,1.1529613200999762,3.3638476349170405,0.0007435477061029901,8.419019914113111e-05,15717,,,,,random,,3.169916220959312,False,
Noise,415976826,415976826,18.0,0.5082158550063748,,,0.8930943,0.82035303,11.30130005,3501.0,1.1767769211813768,3.132034389882154,0.0022409587354966444,0.00026050616152382,14695,,,,,random,,4.262544903671569,False,
Noise,164527695,164527695,26.0,8.05725965572747,,,0.97632992,0.81326115,11.39150047,6565.0,1.0629941843539765,3.4832164254155717,0.0023353593864744106,0.0002518282790702162,16940,,,,,random,,3.4677619270728046,False,
Noise,155093420,155093420,33.0,0.09828738699278425,,,0.85374177,0.81381309,10.84749985,7173.0,1.4830105709034749,3.6576023144730327,0.0017932365365290414,0.00019225513687418983,17458,,,,,random,,3.7217440411208726,False,
Noise,29854293,29854293,30.0,7.039064553061978,,,0.9975546,0.84885478,10.59819984,5659.0,40.62176249152425,3.0221286858123126,0.0013297975001940604,0.00015154448969670063,15799,,,,,random,,3.6146788302990775,False,
Noise,379530943,379530943,18.0,1.1208243408354688,,,0.69423562,0.689722,13.18840027,3588.0,1.1579977184821584,3.8357926888778406,0.009044412961733896,0.001058568468756888,14705,,,,,random,,8.593880381971749,False,
Noise,441813934,441813934,41.0,0.2164180842699177,,,0.61263549,0.58051062,12.01650047,6201.0,0.612827807381457,3.629523099898239,0.0051831697903122215,0.0005556941302386318,17355,,,,,random,,5.636261050971917,False,
Noise,121124617,121124617,40.0,0.019111959137260402,,,0.82489848,0.64872307,12.68319988,5575.0,10.336795152759873,3.7796716451330323,0.005786660978608769,0.0005845410312002633,19611,,,,,random,,3.242037530726701,False,
Noise,216244225,216244225,40.0,0.1865718736613326,,,0.39172837,0.59014642,13.39540005,3586.0,76.48437882435799,3.2042298059930268,0.02868227691824042,0.00289734750125117,19609,,,,,random,,4.802246309998387,False,
Noise,2054350721,2054350721,57.0,0.39241789273679945,,,0.07415377,0.57976252,18.19529915,,56.00179725581348,3.37915757334769,0.5765629478379208,0.06077507098762279,17991,,,,,random,,4.291730100397942,False,
Noise,356822026,356822026,14.0,0.02871488982691802,,,0.98310524,0.87115419,10.71440029,5706.0,78.92000000935352,3.0776786608509883,0.0014717442628708287,0.00015343994630718615,18424,,,,,random,,2.9111560466494706,False,
Noise,2003020348,2003020348,83.0,0.039218450129754924,,,0.03917532,0.59780383,18.65690041,,3.4615796105916887,3.3336620651464366,0.9630683788747257,0.1032517680897508,17330,,,,,random,,3.3294556655003564,False,
Noise,272084096,272084096,41.0,0.25965230407729856,,,0.1978963,0.52674121,15.79520035,3110.0,94.39628793403666,3.549835533284414,0.10060612956522712,0.01048891407842174,18321,,,,,random,,2.5260056812646896,False,
Noise,6954176,6954176,44.0,4.5580772812527135,,,0.93549007,0.82488328,11.68309975,5938.0,51.64439820819166,3.0137995332512353,0.0028412639250922182,0.0003497354128053923,15234,,,,,random,,2.856038678227533,False,
Noise,255682153,255682153,32.0,0.7403412636467381,,,0.99747354,0.93950224,9.29539967,7262.0,0.9791411672364161,3.0465609745252156,0.0006729156375783215,7.173304798929524e-05,17592,,,,,random,,3.131415271701301,False,
Noise,429973965,429973965,43.0,0.01312102196059709,,,0.98276985,0.90947658,8.68490028,6379.64990234,77.90737590147113,3.3112264705786423,0.0005240955532215184,5.896535658586614e-05,15771,,,,,random,,5.012003636871293,False,
Noise,468529718,468529718,18.0,1.0993769997062297,,,0.99734443,0.96473539,7.41071987,8652.0,0.7962942912298666,3.519085236600034,0.00028039534936857917,3.2163552424642574e-05,15129,,,,,random,,8.418039590022993,False,
Noise,139464079,139464079,85.0,0.03352548675422988,,,0.88926888,0.80103344,10.97609997,5520.0,60.24350965610435,3.518540937990681,0.001699918021784099,0.00020924544384404254,13061,,,,,random,,3.525147216988816,False,
Noise,235158333,235158333,33.0,0.048834578898443226,,,0.90968353,0.77165502,11.16740036,7504.62988281,63.45907976675735,3.649092887714004,0.001985227801475464,0.00021283876104703222,17404,,,,,random,,2.6471664574502296,False,
Noise,45976838,45976838,43.0,0.34523236004780905,,,0.90082163,0.85082722,10.5618,5007.0,0.8636217415662757,3.5261027291956166,0.0012534444623604772,0.00014013935119293517,15906,,,,,random,,3.3123997733120514,False,
Noise,45976870,45976870,43.0,1.19483710713077,,,0.10099969,0.6408084,16.2010994,3276.0,1.618160504403383,2.897576725791817,0.055548068988979064,0.006249646033930442,15833,,,,,random,,3.1280719728118185,False,
Noise,165110581,165110581,1.0,0.07887251855746724,,,0.65221232,0.46436444,15.87300014,31000.0,49.634971747098724,3.3937370039601995,0.06606048270513719,0.006925020232632585,18171,,,,,random,,3.3256352064859596,False,
Noise,1842975314,1842975314,41.0,0.30179616512242946,,,0.01696357,0.60971487,17.35650063,,38.70440588559892,3.4194954329279095,1.0291020106472857,0.10729130137753816,18322,,,,,random,,3.11358405061346,False,
Noise,189339842,189339842,8.0,3.6479154767289566,,,0.98182249,0.76373535,11.57719994,5443.58984375,0.6507919180834267,3.4078720844638353,0.002392231787148723,0.0002967198347948597,12836,,,,,random,,9.371422025863446,False,
Noise,24799627,24799627,16.0,0.12722494291610573,,,0.79577035,0.69035095,12.41629982,3696.0,73.35912760207631,3.0064230514632078,0.004941559192855809,0.0006379525486076237,12782,,,,,random,,5.581366787615075,False,
Noise,293436884,293436884,12.0,0.17533634341097484,,,0.55116796,0.81805474,12.92700005,,0.532413692203781,3.470360026592415,0.010284122979757133,0.0011955050129478174,14730,,,,,random,,4.018843851209846,False,
Noise,403984618,403984618,41.0,1.7658435572480131,,,0.2647098,0.54277569,13.4428997,3493.0,0.5526546128845691,3.3583496908571795,0.016189471792079066,0.0017112803430073618,18322,,,,,random,,4.20007274312512,False,
Noise,383744921,383744921,39.0,0.2483927144766724,,,0.97228974,0.76147789,11.83180046,6317.0,47.26164377356373,3.6376941172700112,0.002750546971707285,0.0002792757319742881,19336,,,,,random,,3.045459541406956,False,
Noise,6993954,6993954,44.0,0.2706583942934415,,,0.98113698,0.82241529,11.06779957,5337.70019531,57.35117564228761,3.312724955892691,0.001859494101917706,0.00021329860200971582,15236,,,,,random,,3.039924708277225,False,
Noise,122222457,122222457,40.0,0.7429978898956315,,,0.96023351,0.87513822,10.95240021,7672.64990234,0.6205658929467327,3.4723614436474075,0.00181002780500136,0.00018284041929323764,19610,,,,,random,,3.2925566748511583,False,
Noise,441497299,441497299,30.0,0.05287752353402843,,,0.98001206,0.66115922,14.19690037,6123.0,34.66738714380142,3.438648419318197,0.015872235234384226,0.0017635816927093584,15758,,,,,random,,2.779432300816717,False,
Noise,468337385,468337385,42.0,0.02772042038277472,,,0.99820673,0.94924128,8.99112034,6228.02978516,0.6479353688435462,3.8309721654991855,0.0006132438072006056,8.268977809421664e-05,11063,,,,,random,,9.366216378816585,False,
Noise,123492760,123492760,54.0,2.3693886195514136,,,0.55438137,0.66209191,15.72900009,3361.0,12.486701960783638,3.226820276598065,0.06634536964272177,0.007032595116952339,17897,,,,,random,,2.470401854863505,False,
Noise,129121234,129121234,11.0,0.7665146789110013,,,0.98876888,0.93141884,8.73999977,5267.0,1.6783565316349942,3.5103937979573634,0.0005467363559461178,6.230639029506138e-05,15408,,,,,random,,3.3147312733351586,False,
Noise,164778883,164778883,75.0,0.19443253910333017,,,0.95207399,0.80784756,13.33829975,5647.54980469,0.6444163679330845,3.156685704969678,0.008581015734011278,0.000880393638199767,19474,,,,,random,,3.0335422753157344,False,
Noise,263882289,263882289,11.0,3.2442364618606607,,,0.32018942,0.59927517,13.29199982,3390.0,0.6442787948870845,3.308822272343863,0.013673639621656165,0.0015384046499948047,15193,,,,,random,,5.103242131916379,False,
Noise,254034352,254034352,13.0,1.5707629804156507,,,0.96548092,0.851542,10.00889969,5913.0,0.7596722185588765,2.7926568101594698,0.00107921455202237,0.00011570394490025383,17284,,,,,random,,2.8142467361275245,False,
Noise,15904577,15904577,44.0,4.510241342837,,,0.97734702,0.80180782,11.94099998,3822.0,23.682302676142182,3.343088276276593,0.00329846893181453,0.00040601345876605747,15659,,,,,random,,2.8628963386328596,False,
Noise,292849197,292849197,18.0,0.041404052456821376,,,0.97968018,0.89320791,9.95102978,6255.08007813,4.380125864630296,3.4904560885132816,0.0009417755764591883,0.00010947918698997987,14834,,,,,random,,3.696125238399386,False,
Noise,384331886,384331886,14.0,0.02390687071628931,,,0.90701717,0.81708771,10.9460001,3940.0,0.9245898706687727,2.9451204900303076,0.0019377100247992697,0.00024412851612265086,12475,,,,,random,,6.918650717638954,False,
Noise,164779193,164779193,53.0,0.38475419781799913,,,0.53101629,0.61801112,15.0340004,3636.0,1.3806231332027348,3.741950325541307,0.03951200143298822,0.004827159260473706,13283,,,,,random,,4.995648059529106,False,
Noise,805598755,805598755,90.0,9.577031540638291,,,0.02793189,0.62479007,17.49699974,,0.7149231807537288,3.676931750039499,0.4563130364740807,0.04496185948459627,19274,,,,,random,,4.426880977648003,False,
Noise,415976665,415976665,58.0,0.07584063005970658,,,0.96171969,0.79661906,11.48219967,6714.10986328,3.273143807914217,3.9043565342452973,0.0023262099656077917,0.0002412167366135804,18662,,,,,random,,5.287143450995179,False,
Noise,2003024977,2003024977,56.0,1.6285214459372934,,,0.09318592,0.53256029,17.92399979,,20.53565017338907,3.5677595908439823,0.6480174697480576,0.06512820620453905,19612,,,,,random,,2.920280103035971,False,
Noise,129421442,129421442,38.0,4.835144419762614,,,0.94951427,0.88622725,9.84420013,7426.0,5.314156602494494,3.3134802310299065,0.0009589100491467881,0.0001022201546993444,18236,,,,,random,,4.511357666697179,False,
Noise,293436930,293436930,27.0,0.020887968023313126,,,0.96954668,0.94376802,9.29179955,6512.79980469,0.8235022125678682,2.828150645276737,0.0007024849993489827,7.805388881655363e-05,16156,,,,,random,,4.01006783354534,False,
Noise,275996822,275996822,19.0,0.9495815980769157,,,0.9783892,0.94010979,9.3094902,5985.0,8.97160066745513,3.401703622563672,0.000771243089071942,8.414951987818438e-05,16748,,,,,random,,4.816706377734113,False,
Noise,403986144,403986144,40.0,0.013516024635951364,,,0.71908605,0.79010737,11.63029957,7909.0,1.2021205792115772,3.3316068895725435,0.0035321060669397074,0.00035679659311474465,19610,,,,,random,,3.9445255541839908,False,
Noise,66928839,66928839,91.0,0.054587288001802674,,,0.98323023,0.93238169,7.43162012,7191.0,0.7571442673105563,3.1849288306306818,0.0004105932252371294,5.172988399930351e-05,12536,,,,,random,,5.538452776404609,False,
Noise,381023319,381023319,42.0,2.0383716331183552,,,0.99850291,0.77753222,11.75370026,3692.0,5.135283265613674,3.066953362872499,0.002805730205383524,0.0003466771819422383,12872,,,,,random,,3.6462868757362887,False,
Noise,165076584,165076584,28.0,0.5132077961767274,,,0.91068465,0.86457127,10.12489986,6081.70019531,53.7835998407494,3.688671842112281,0.001211453077864451,0.00014691026472102197,13408,,,,,random,,5.186961142031401,False,
Noise,89559453,89559453,40.0,0.3223735525314592,,,0.94114882,0.78143841,10.74590015,6836.0,1.0106326137793689,3.341374275942237,0.0018455681737490782,0.0001864305386857208,19610,,,,,random,,3.139640607167044,False,
Noise,260799885,260799885,41.0,0.24179894044852457,,,0.7893995,0.75402737,11.63409996,7875.0,24.630509219538098,3.6494075883907664,0.003022413017511227,0.0003151083396924144,18322,,,,,random,,3.403539262939875,False,
Noise,1047405015,1047405015,99.0,0.027858482996834563,,,0.02565857,0.52073699,18.33699989,,73.89291217827223,3.175256724443107,1.4361470699360566,0.17289179017088002,13920,,,,,random,,3.140969885165343,False,
Noise,139772201,139772201,1.0,0.7441770620465353,,,0.99657363,0.89494801,10.10910034,5471.0,73.29712160388017,3.279344467049904,0.0010030232867221725,0.00010514541023498345,18277,,,,,random,,2.332041080846509,False,
Noise,275488116,275488116,14.0,0.6428313175392373,,,0.93699342,0.8783446,10.51280022,6927.74023438,0.6564242298247853,3.451340710547592,0.0014654984852357864,0.00015278877897523534,18297,,,,,random,,5.190625111215356,False,
Noise,352012181,352012181,81.0,3.30571658681092,,,0.96657145,0.6473226,12.25969982,5770.68994141,18.318866950138997,3.5367459671756203,0.0034078001773320756,0.0003740546646575908,16669,,,,,random,,5.006287451141103,False,
Noise,189349260,189349260,9.0,0.06830943550362867,,,0.98927373,0.88241839,10.80930042,6142.0,0.9029224930166908,2.9336846677748114,0.0015267362089788794,0.00017512865390482447,15282,,,,,random,,4.191933926477627,False,
Noise,235156431,235156431,33.0,0.1151391816623168,,,0.83407813,0.63318789,11.73840046,6156.54980469,4.7106880358327,2.9622492753918395,0.002867528807230462,0.00030743135782402485,17399,,,,,random,,2.5558096177191163,False,
Noise,164408552,164408552,54.0,0.022712093488405975,,,0.58167958,0.3657124,15.65209961,3638.0,0.7135035714850209,3.134689118036344,0.05411197017913715,0.005703902481506098,17897,,,,,random,,5.1669094147193535,False,
Noise,264272104,264272104,11.0,0.5634622492945931,,,0.9486956,0.86198413,9.4151001,6176.0,0.5562901356337104,3.258017522385536,0.0008335619914340684,9.625144802813998e-05,15079,,,,,random,,6.744303706274177,False,
Noise,164407837,164407837,54.0,0.09819588388231741,,,0.33731863,0.67919916,15.52560043,3114.0,0.736378884411591,3.1739854381140047,0.056211903187496075,0.005925254856178885,17896,,,,,random,,2.9721108243800494,False,
Noise,187585114,187585114,59.0,9.449685746241602,,,0.92726958,0.76991582,11.46619987,5482.43017578,84.65015740181273,3.455610984813637,0.0023102193084362905,0.0002801552419713003,16683,,,,,random,,3.2792647088775073,False,
Noise,271881365,271881365,40.0,0.16660190772829156,,,0.35800332,0.61537224,15.94909954,3115.0,1.0248125557747119,3.7162009068081834,0.1348080755658988,0.013617672055907939,19610,,,,,random,,4.583789994141223,False,
Noise,122683015,122683015,40.0,0.13412125742958075,,,0.15355453,0.70102191,15.47189999,3743.0,41.6696621039561,3.3578854049183673,0.08514947838739421,0.008601396226031973,19611,,,,,random,,2.8940972343761193,False,
Noise,123492787,123492787,54.0,0.015492635831988757,,,0.48793244,0.48450702,15.17090034,3683.0,77.90267314318275,3.5191585583617204,0.035456195042982155,0.0037478362724951155,17898,,,,,random,,8.338836395236626,False,
Noise,264615033,264615033,58.0,0.016778625941762403,,,0.94764304,0.94220412,7.4533,5026.0,1.79878776911591,3.586714011810796,0.00029184275575164286,2.9480570233165136e-05,19472,,,,,random,,3.52365509783112,False,
Noise,394016084,394016084,27.0,0.1205897003134587,,,0.87509626,0.79347456,11.80210018,5582.49023438,1.000375725743654,3.8074349243727688,0.0030826490929051448,0.0003468251197228161,15878,,,,,random,,4.557857649241815,False,
Noise,1259406583,1259406583,91.0,0.17556328455170167,,,0.04152188,0.54854035,18.69779968,,1.355319049886651,3.296492886729175,1.547761851615404,0.1965659517212063,12476,,,,,random,,3.082835962590527,False,
Noise,385552643,385552643,42.0,0.13929595500730269,,,0.99607742,0.93367666,8.56424046,6863.0,0.5,3.1064419316396488,0.0005201247885163066,6.451354009688827e-05,13080,,,,,random,,5.488102714942513,False,
Noise,445963321,445963321,33.0,10.31272244328859,,,0.93320227,0.84740812,10.10680008,5038.0,0.5,2.770315059081294,0.0011279367482094603,0.0001302429170415206,17457,,,,,random,,2.744126483059181,False,
Noise,434303018,434303018,33.0,3.9003420661000665,,,0.96234024,0.78734434,11.7027998,6565.31982422,0.9412005321546664,3.2091070975429337,0.002852699699473391,0.00031125505494796645,17445,,,,,random,,3.15908746543746,False,
Noise,63205808,63205808,82.0,0.09908554856897106,,,0.52921069,0.64296305,15.18470001,5123.47998047,38.128958874604365,3.435173648522484,0.036710097307766795,0.003858879756638662,18136,,,,,random,,3.1093790432000974,False,
Noise,121084635,121084635,40.0,0.09539695966480832,,,0.54627901,0.56676793,15.3125,3751.0,0.8191462496245123,3.3299952689690397,0.053495616192240136,0.005403873281897982,19608,,,,,random,,3.808079743031652,False,
Noise,24799071,24799071,16.0,1.0610586406389653,,,0.84463876,0.72903419,12.09669971,3566.0,0.9263765336358661,3.7330252154779187,0.0036673196644705273,0.0004620388481126596,12473,,,,,random,,3.4644225777809483,False,
Noise,54003009,54003009,97.0,0.01787770218611985,,,0.82449603,0.5987314,16.7343998,3162.0,1.0871149559978495,2.3554372879535075,0.13808907196223594,0.011588177497519841,28467,,,,,random,,3.739369025861951,False,
Noise,187681788,187681788,19.0,0.04827456361981729,,,0.52110094,0.6990664,12.2038002,3414.0,20.71484286995166,3.4882792117964727,0.004696169947692362,0.000512394149087549,16704,,,,,,,,True,slow variable: peak S/N 10.7 at 0.15 c/d
Noise,307708646,307708646,34.0,0.01392226740552918,,,0.98287731,0.94276011,7.20149994,6414.12988281,0.5,3.8644569923930483,0.0002620012157289763,2.8586676267821155e-05,16889,,,,,random,,7.663627821294951,False,
Noise,293481212,293481212,12.0,0.01437730025156403,,,0.99430835,0.91325295,10.30020046,6406.0,14.604958371416107,3.1608976639639437,0.00113840813472907,0.00013058436883654344,15105,,,,,random,,2.792029251509112,False,
Noise,120962697,120962697,40.0,0.02739717516152443,,,0.19705153,0.59203535,15.2670002,3065.0,0.6134743059827539,3.6668325729944296,0.05239586863881673,0.005292782002952409,19611,,,,,random,,3.285819823324853,False,
Noise,303688952,303688952,36.0,3.586203196437154,,,0.97652102,0.92360485,9.25109959,6398.02978516,5.562718270592045,3.4881808257492497,0.0006746132360171762,7.638490740722163e-05,15916,,,,,random,,2.9945182430832715,False,
Noise,402235350,402235350,44.0,0.7498793187790915,,,0.80293459,0.60741979,15.05340004,3100.0,0.6566928816551874,2.92808080284689,0.03777308084069661,0.004276959194480801,15658,,,,,random,,3.217076882608405,False,
Noise,282538681,282538681,40.0,7.402264955225829,,,0.97490203,0.94186091,7.91720009,6165.56005859,1.2659539687229722,2.8284331744842297,0.000383158945904968,3.721568671932071e-05,19607,,,,,random,,5.854860212297743,False,
Noise,121752713,121752713,59.0,1.6648875671319256,,,0.75956368,0.71582812,11.11470032,4989.79003906,52.59137395261165,3.3890490476172728,0.0020509654260849794,0.0002237786741136137,16618,,,,,random,,2.776577847456101,False,
Noise,164889870,164889870,53.0,0.08164051581020047,,,0.51862371,0.60244912,15.26480007,3717.0,16.183084618337062,3.4005380546039805,0.06071010891812059,0.007416920273337563,13404,,,,,random,,6.306977670737636,False,
Noise,122508441,122508441,40.0,4.114357067795922,,,0.13696036,0.64040971,15.54599953,31000.0,1.9184216137050232,3.7871990768666497,0.08865497639185729,0.00873543438938612,19611,,,,,random,,3.396227862511828,False,
Noise,329153361,329153361,40.0,0.23560525788035233,,,0.99671805,0.85769022,10.98159981,5048.0,48.29411248020398,3.235505751810584,0.0017379978050081845,0.00017556429051551745,19610,,,,,random,,2.972686699286651,False,
Noise,396560014,396560014,58.0,0.12190364437864458,,,0.95265037,0.87483287,10.36270046,8359.74023438,84.24306918908705,3.535038064780257,0.00123003041492874,0.00012553945352830357,19200,,,,,random,,4.0802144080831475,False,
Noise,261875511,261875511,38.0,1.2381870456188773,,,0.41291174,0.7742902,11.36120033,4670.0,6.830454856223065,3.810661350282576,0.003456418342990161,0.0003584138858460976,18494,,,,,random,,3.9057559866320433,False,
Noise,121816016,121816016,59.0,0.13169379738914297,,,0.97669154,0.82070249,10.0916996,8472.0,65.581499656638,3.941336704409916,0.001161787896161403,0.0001275227886871356,16734,,,,,random,,5.379886400530077,False,
Noise,441813931,441813931,41.0,0.47946346374586635,,,0.68397892,0.7080856,11.52089977,6183.0,0.6203496606915522,3.6237161953652786,0.002775448904274157,0.00029755935600741466,17358,,,,,random,,5.138961505032757,False,
Noise,123445166,123445166,74.0,0.12061855070097692,,,0.96960163,0.65649247,12.86149979,5511.66015625,0.6123419637245532,3.7870978665678545,0.00558882522945352,0.0006328098455158121,15485,,,,,random,,5.036731485853194,False,
Noise,457924888,457924888,51.0,0.4643552306125833,,,0.99947262,0.89015812,10.43690014,5567.0,1.4763938194307986,2.9770745949488107,0.001220100976269623,0.00020623470625853775,7054,,,,,random,,3.8588621826824943,False,
Noise,278669509,278669509,55.0,0.01780990654053809,,,0.42328036,0.72653353,13.83609962,3940.0,44.62672630939835,3.370621131903936,0.027001835023796505,0.0027850266331518525,18882,,,,,random,,2.3579431157983657,False,
Noise,264753261,264753261,34.0,3.9691415839807798,,,0.97559106,0.93438047,8.17206955,6012.0,2.621571609065929,3.213607009503755,0.00040772816656358286,4.396645891370459e-05,16843,,,,,random,,4.877040034544947,False,
Noise,15934289,15934289,43.0,8.93671489353477,,,0.99883318,0.84084493,10.67759991,6107.60009766,39.69186885109272,3.721949942759485,0.00154345842415822,0.00019144245598994275,15670,,,,,random,,2.2869426424819546,False,
Noise,29852787,29852787,3.0,0.4996896440708289,,,0.99759227,0.93340486,9.38086033,5874.29980469,76.5727762077579,3.7477838147342193,0.0007232255862181823,9.040319827727278e-05,12668,,,,,random,,2.9291488178274765,False,
Noise,233760657,233760657,15.0,0.5691833996592432,,,0.9525311,0.88749087,9.8930397,6053.0,0.699657944080865,3.0362508903027017,0.000989614143503596,0.00011662714527158498,14442,,,,,random,,4.24667067108601,False,
Noise,603100470,603100470,57.0,6.700470660473634,,,0.13263868,0.52566737,17.04220009,,88.75422818672527,3.0797303494576767,0.3628078557145018,0.038137515088252444,17989,,,,,random,,3.8852839622655266,False,
Noise,261223334,261223334,38.0,0.048854699491293924,,,0.04217919,0.69853574,16.3185997,,85.18582170039254,3.7787469449522186,0.3409484295282088,0.03554633100337715,18493,,,,,random,,3.0212440859024507,False,
Noise,121084117,121084117,40.0,3.6788149314269343,,,0.15219541,0.60405481,15.72140026,3298.0,0.7056720491457859,3.3109777942135628,0.09678453083938936,0.009400544649917951,19611,,,,,random,,3.974933633372324,False,
Noise,63453252,63453252,54.0,0.6153063203951511,,,0.17750506,0.63436657,16.02639961,3259.0,98.80198775516129,3.2423365007992975,0.17784759824011767,0.018643494048252707,17898,,,,,random,,2.6258244446781625,False,
Noise,187494309,187494309,59.0,0.7998133441316443,,,0.4996765,0.3576462,15.57999992,34000.0,0.6662812777743735,3.670572579263637,0.08408673887931517,0.00906730624298994,16666,,,,,random,,6.237773626312973,False,
Noise,257437391,257437391,30.0,0.20872490828981788,,,0.99934566,0.78491199,11.86620045,5760.56982422,0.9208477119736289,2.0462102474446136,0.0028739874035087405,0.00032334884551014827,15755,,,,,random,,1.9826199095089743,False,
Noise,290383216,290383216,39.0,0.03285706139314405,,,0.97451264,0.83811063,11.33059978,6219.0,98.25997202068802,3.752400137349281,0.0021230311191411276,0.00021556115052792795,19335,,,,,random,,3.1790304033685337,False,
Noise,331990187,331990187,44.0,0.07481582581311,,,0.99723005,0.73161787,11.39439964,4653.39990234,11.815488734353428,3.2922788866132042,0.002327597472369431,0.0002652543497172166,15279,,,,,random,,5.547790699562531,False,
Noise,294358903,294358903,43.0,0.02585735684663167,,,0.80461091,0.72248834,12.71170044,3182.0,24.574742406894103,3.9755304870325983,0.00648866125861862,0.000734696212547763,15913,,,,,random,,3.6507245786356233,False,
Noise,16005704,16005704,43.0,0.02384049159240739,,,0.65772814,0.92649615,9.52420044,4947.0,90.259930534231,3.2551125367078564,0.0010169821521997249,0.00011515055350706922,15692,,,,,random,,3.2938062338255367,False,
Noise,662812115,662812115,59.0,0.02427323000507922,,,0.07899356,0.33199546,18.43689919,,46.01941422846839,3.1584579224616958,1.6945998449265032,0.18600649795700164,16669,,,,,random,,2.412962808874077,False,
Noise,26077868,26077868,35.0,0.3791112626646875,,,0.90396476,0.66731483,15.65439987,3730.0,62.09791765737673,3.629960451121259,0.0526940970403466,0.0063436238247864315,13673,,,,,random,,2.3769112586562553,False,
Noise,432483638,432483638,84.0,0.09816660630268449,,,0.34307268,0.6863327,16.69689941,3197.0,56.74121925139788,3.9269859706703447,0.1740108687365129,0.018986142326907023,16718,,,,,random,,2.73627884901891,False,
Noise,63453489,63453489,54.0,1.895142808301019,,,0.62530339,0.65160972,14.28619957,3396.0,1.437879597545512,3.608138866395538,0.017884086181875047,0.00187476163630876,17897,,,,,random,,3.4734588068353247,False,
Noise,164523901,164523901,40.0,0.11995302903189445,,,0.96146566,0.82560503,11.21619987,5932.45996094,97.00305395572789,3.135586300521595,0.0020405121805581717,0.00020612285713806172,19609,,,,,random,,3.58679917158366,False,
Noise,430368499,430368499,76.0,1.2976189380651342,,,0.0371962,0.6281476,16.1977005,3154.0,0.5664761550313174,3.6376084614932642,0.2800048772386345,0.02843018783229573,19025,,,,,random,,3.5879564956532524,False,
Noise,177776704,177776704,54.0,0.07165917508868523,,,0.99575746,0.94634545,8.01959991,5809.0,1.0185048832363464,2.871122558095307,0.00045441118571612943,6.183752991208894e-05,10752,,,,,random,,5.941801549432876,False,
Noise,217127330,217127330,14.0,0.12101416807777389,,,0.4698028,0.50340217,13.3682003,3570.0,1.453449409624497,3.189363830409939,0.013636928959088494,0.001641693326209899,13765,,,,,random,,4.30217669659354,False,
Noise,290383173,290383173,39.0,0.024301435484591606,,,0.87578219,0.77656645,11.9041996,6402.0,41.14983251232434,3.593638430415355,0.0029889416615766448,0.00030039993974882305,19333,,,,,,,,True,slow variable: peak S/N 15.0 at 0.31 c/d
Noise,122515768,122515768,40.0,0.179864811302973,,,0.21425676,0.65333289,14.97990036,4606.75,1.0106316866403473,3.109982535420739,0.04700559254853608,0.004996638113657888,19610,,,,,random,,4.178137820739316,False,
Noise,165110506,165110506,1.0,0.5896412537387314,,,0.9903754,0.91719961,9.86979961,5561.0,45.50749422412593,3.848289547794978,0.0009421401647350558,9.876312487584492e-05,18172,,,,,random,,3.580269434136143,False,
Noise,122702556,122702556,59.0,0.18172814018322545,,,0.97442871,0.67629558,11.95160007,5568.85986328,97.93693075924449,3.340112425701653,0.003163888814729137,0.00034624058701346214,16711,,,,,random,,3.563030355133484,False,
Noise,434301356,434301356,43.0,0.23588803200485367,,,0.99730909,0.86438179,9.98132992,5514.79003906,1.6330963822105333,2.9987987950082453,0.0010308117235483666,0.00011597537982969687,15862,,,,,random,,2.754278810342653,False,
Noise,129298393,129298393,103.0,1.329822613111164,,,0.91415036,0.87674928,10.63300037,6008.0,0.57405602040628,3.265496922556186,0.0015876872165998994,0.00018152407419715384,15451,,,,,random,,5.061569007226557,False,
Noise,385589312,385589312,42.0,0.35213095328366883,,,0.48274872,0.56018615,16.13479996,3028.0,9.163726397468675,3.9745822319145794,0.09861276259737257,0.012231407835873731,13011,,,,,random,,2.3973938507538772,False,
Noise,445951245,445951245,33.0,6.283607490665208,,,0.90756667,0.71577877,11.41919994,6694.0,59.790272757149474,3.490794420153575,0.00253346752397013,0.0002670509251270947,17457,,,,,random,,2.7292998042114784,False,
Noise,121753457,121753457,59.0,0.014472108424029543,,,0.90602195,0.80370557,10.81130028,8981.0,64.15961008579842,3.9301063572449157,0.0016292795693705216,0.00017883666624827666,16676,,,,,random,,2.8063348263317365,False,
Noise,18781274,18781274,20.0,0.035590038338067335,,,0.98694789,0.77058691,12.45230007,3508.0,54.036379432064905,3.103303988343947,0.004510722088244493,0.0004951160720353075,16514,,,,,random,,2.5186670411340324,False,
Noise,112322671,112322671,7.0,7.152303902737,,,0.94190985,0.91363531,9.29290009,5315.0,18.222907692561986,3.6682319214492773,0.0007643567994071587,8.710654148128366e-05,16343,,,,,random,,8.347306069737591,False,
Noise,235165903,235165903,33.0,1.1426999335163213,,,0.75333577,0.77029747,11.32139969,6464.0,5.639514990096567,3.688994339689615,0.002422166649370013,0.0002567491513354322,17404,,,,,random,,6.726548564976237,False,
Noise,187492221,187492221,59.0,0.239720729913531,,,0.86895376,0.73780978,11.58250046,4709.66992188,8.897471727915411,3.392248728011699,0.002633344812354082,0.0002908042863095417,16688,,,,,random,,5.645638074809016,False,
Noise,235119428,235119428,6.0,3.1958432841218225,,,0.23742212,0.68431658,14.04129982,3368.0,56.59831296594827,3.7465842884388816,0.02507690987930973,0.0028577791056725267,14649,,,,,random,,6.227530099482506,False,
Noise,156882030,156882030,32.0,0.013473880281819322,,,0.93654484,0.89833683,11.00909996,6399.0,18.801129062117546,3.0883625139888546,0.0016805280508275073,0.00017914489214606113,17464,,,,,random,,2.810490004118271,False,
Noise,189296146,189296146,62.0,0.01275093700000162,,,0.85225528,0.70022595,11.97509956,6009.5,0.6057507828467659,3.225511627614571,0.0029757875267091343,0.00033270315981587977,16106,,,,,random,,4.992178493738735,False,
Noise,25642087,25642087,6.0,0.6370125034628954,,,0.34253573,0.70630211,14.70289993,3321.0,51.98723423971255,3.3055015819320177,0.03278569236739422,0.003837275046299241,14614,,,,,random,,2.5813315286751903,False,
Noise,270618869,270618869,54.0,0.05689338592282311,,,0.13973282,0.64571393,16.37590027,,4.121889607764453,3.1043955167997317,0.17093271830841555,0.018118831903064483,17898,,,,,random,,2.9116056987587506,False,
Noise,164457389,164457389,54.0,1.5707857837217922,,,0.91791856,0.37456226,15.47189999,3287.0,0.9193816232935166,3.332055777394218,0.044419389635612636,0.004708445884492587,17897,,,,,random,,3.0909077399388925,False,
Noise,122373539,122373539,74.0,11.705171673822987,,,0.8862499,0.6130628,13.4119997,5787.0,19.837930262855444,3.209330309534976,0.009232984233028428,0.001007401169956823,16669,,,,,random,,5.628142344722734,False,
Noise,314171435,314171435,54.0,0.991873774136208,,,0.86026484,0.83571637,10.55430031,6218.0,0.5991245946515505,3.6448870081292983,0.0016466354096236768,0.00017653784629653106,17599,,,,,random,,5.973898037337431,False,
Noise,272083995,272083995,81.0,0.12783001414680187,,,0.75341111,0.43857819,14.33170033,5472.95019531,1.7845647639105822,3.1879279855255156,0.019405347109736917,0.0021364584017519897,16460,,,,,random,,4.967659120325476,False,
Noise,123496150,123496150,14.0,0.3601288341941657,,,0.98580194,0.92397177,10.2166996,5598.35986328,0.8724429824292774,3.335045042384784,0.0012068903318834825,0.00013014233143941408,17230,,,,,random,,4.777144399287515,False,
Noise,383747729,383747729,27.0,0.17485007578528053,,,0.99902385,0.92121255,10.28520012,6258.0,59.114245867272636,3.461458184456301,0.0011925250825275898,0.00013416955419025996,15735,,,,,random,,7.64413728348117,False,
Noise,337215439,337215439,42.0,1.62285544159193,,,0.99963355,0.82392621,10.9041996,6189.54003906,64.94466615821557,3.423341506817852,0.0015836529357423545,0.00019795661696779432,12844,,,,,random,,5.751452984195458,False,
Noise,187702866,187702866,19.0,0.02348847215961272,,,0.92077988,0.63988155,12.06070042,3884.0,1.2864447335065095,3.3435619773228646,0.00352053777133033,0.00038412216247791364,16704,,,,,random,,4.378451350622268,False,
Noise,123444997,123444997,54.0,11.35792868637906,,,0.39581722,0.48111629,15.41870022,,14.19473322140282,3.3966337772548614,0.03991548755917424,0.004407928205181163,17897,,,,,random,,2.551054901549066,False,
Noise,25039618,25039618,57.0,0.18718598487677784,,,0.58634812,0.66002464,13.75409985,3376.0,56.481400594827605,3.32608458842991,0.01312003711732794,0.0013829733425568696,17990,,,,,random,,4.981657295783902,False,
Noise,120763334,120763334,40.0,0.3867503996351108,,,0.28504413,0.59667498,15.42590046,3975.0,36.372086162220114,3.8192017483068197,0.06599366710980756,0.006666367075530364,19610,,,,,random,,6.455172003874509,False,
Noise,121754635,121754635,59.0,0.03160715092389585,,,0.98661774,0.82676649,10.29580021,6056.10009766,56.40944200514215,3.10534185621259,0.0011841971495422765,0.00012920650179829577,16689,,,,,random,,2.953619162707077,False,
Noise,468503742,468503742,18.0,1.7282995470446643,,,0.98250139,0.94940037,9.28948975,6030.0,0.6608455081194599,3.70938102695121,0.0007254914271237532,8.377253414893293e-05,15135,,,,,random,,5.553392371455603,False,
Noise,123447927,123447927,54.0,0.2758986510311669,,,0.2439407,0.6438266,16.00620079,,67.96714066415693,3.4769711880325915,0.08230634897368695,0.008675850954983763,17898,,,,,random,,2.7733249175115766,False,
Noise,292817929,292817929,18.0,0.10920857093776118,,,0.98856133,0.89463645,9.96354961,5787.0,0.8443402098139201,2.683127564351708,0.000962736814151349,0.00011191588137684151,14834,,,,,random,,5.0636190293343475,False,
Noise,446453338,446453338,51.0,2.1792971129741283,,,0.99738431,0.85754734,11.13070011,5528.97021484,90.09988035390948,3.469159450325822,0.0018025748721278332,0.0003186532289195161,6767,,,,,random,,3.3150291060574824,False,
Noise,290356379,290356379,27.0,0.05910108624394484,,,0.92841375,0.86341739,11.0994997,5798.0,0.6276997651424056,3.066027953373192,0.001969796751627454,0.00022303556238003925,15518,,,,,random,,4.487458529397123,False,
Noise,26051007,26051007,8.0,0.060091097479248366,,,0.99737316,0.9051339,10.03359985,4165.29980469,0.6910882513500768,2.8983780288074468,0.001004370045834354,0.00012457677206441524,12971,,,,,random,,3.5536546720439572,False,
Noise,122451569,122451569,74.0,0.2682650215599486,,,0.77567679,0.70081592,13.44029999,6338.27001953,0.5524266289953988,3.9920062193220214,0.008904708160639688,0.0009715833139910086,16743,,,,,random,,5.18655325474166,False,
Noise,385508704,385508704,42.0,7.072309179802058,,,0.37067598,0.49056017,15.77820015,3138.0,67.0543807621512,3.439281303982265,0.09323534384347729,0.01292941588127589,13012,,,,,random,,6.064694863829926,False,
Noise,122517231,122517231,40.0,0.3907495058725204,,,0.45165858,0.71178961,14.08689976,3268.0,72.72601404530056,3.2994291551605994,0.021582030957889478,0.002180114348871664,19609,,,,,random,,3.518168904963938,False,
Noise,471012262,471012262,12.0,0.3232589855294231,,,0.51562858,0.89609665,10.46399975,,0.5,3.02919793556443,0.002907517082464595,0.00034147056388152196,14358,,,,,random,,6.420191470900164,False,
Noise,379480647,379480647,52.0,0.061507883563125566,,,0.99666148,0.91852462,8.7130003,5689.0,0.7127615817847817,3.684784018054287,0.0005634221700786011,6.484260533555887e-05,14877,,,,,random,,4.977368872217017,False,
Noise,270618404,270618404,54.0,0.02732704307469951,,,0.12394455,0.45047593,16.78689957,3939.0,7.507404055574897,3.1611193617463123,0.24504956378645612,0.02597520181101268,17897,,,,,random,,2.717701187470259,False,
Noise,18807126,18807126,20.0,6.125566899268609,,,0.98649442,0.94976103,8.38230038,5539.0,49.68201899470413,3.6275296080328543,0.0004538809011068698,4.8661140340014865e-05,16547,,,,,random,,3.192417133887786,False,
Noise,187679739,187679739,19.0,8.743136677633458,,,0.98285502,0.96453208,5.96619987,6074.04003906,2.56241186356388,3.567347225861133,0.00023953251586122636,2.51098304279176e-05,16696,,,,,random,,5.978061153210665,False,
Noise,800792588,800792588,71.0,0.392764029884035,,,0.37964839,0.59994555,18.30130005,,13.657085887426568,3.33127569457415,0.3648192152809585,0.0424093723447845,14726,,,,,random,,2.5840312441410296,False,
Noise,385147435,385147435,58.0,0.3829728693772689,,,0.72071135,0.59974957,14.30910015,3459.0,19.67134604397306,3.907665958549387,0.019684063426306894,0.00200899631079301,19222,,,,,random,,3.3573857985627416,False,
Noise,352148876,352148876,17.0,1.0313234798805713,,,0.99443364,0.86543292,11.01239967,5255.54003906,0.9696278805906771,3.0871806364292835,0.0017809097503322725,0.00022261371879153406,12851,,,,,,,,True,slow variable: peak S/N 10.3 at 0.13 c/d
Noise,35156779,35156779,42.0,0.27669641284379526,,,0.26050588,0.68367219,17.37109947,3062.0,52.69795096297971,3.923880847290308,0.3356555029302688,0.04163294121936317,13080,,,,,random,,2.919668024120977,False,
Noise,366403501,366403501,51.0,4.9080811191246765,,,0.99619001,0.89120477,11.01220036,5735.47998047,0.5650929343594333,3.7387557513488137,0.0017839245870549714,0.0003015382909728642,6985,,,,,random,,6.121649790093189,False,
Noise,348770717,348770717,27.0,0.01678500614651305,,,0.74800777,0.62626553,13.93239975,6289.0,22.29456360039458,3.0340672778265634,0.011631646807013958,0.0013521514760174577,14779,,,,,random,,2.9051577565687787,False,
Noise,290325534,290325534,39.0,0.23054060533007717,,,0.99414438,0.79933882,11.87230015,5750.0,30.865718733232388,3.04772410211332,0.002717577863006788,0.0002745168193335066,19336,,,,,random,,2.70408682316957,False,
Noise,248342667,248342667,30.0,0.029561565258683756,,,0.95803398,0.685085,13.66219997,3194.0,2.0342117615164543,3.282694151280739,0.011922091640201873,0.0013329303670736677,16032,,,,,random,,3.315348585650997,False,
Noise,621922554,621922554,58.0,4.169417603126104,,,0.08905321,0.59874141,18.47100067,,2.095335268227185,3.473788457488778,1.093855705537154,0.11530251536892877,18635,,,,,random,,4.327761670049236,False,
Noise,381022782,381022782,42.0,0.533668768860538,,,0.99946374,0.86053044,11.00710011,4295.0,0.5168259699890771,3.4299962305001377,0.001654996771819432,0.000206874596477429,12879,,,,,random,,3.2848025322953873,False,
Noise,122508166,122508166,40.0,0.6672906946107412,,,0.201637,0.49481919,16.35589981,3238.0,81.5273292534085,3.3732356447856917,0.266489798030373,0.026919534757758597,19608,,,,,random,,2.816531123449247,False,
Noise,45295226,45295226,35.0,0.21334305613334972,,,0.9551416,0.88324606,10.0710001,8294.0,5.369982511657139,3.2607359264405207,0.0011082296354472912,0.00013341517007825317,13765,,,,,random,,2.98791052432776,False,
Noise,18783599,18783599,20.0,0.1420903407043915,,,0.99949867,0.9462015,8.40960979,6347.0,89.87423081642392,3.8656656192569416,0.0004632934073386454,5.0853058014628585e-05,16546,,,,,random,,3.8482867760379857,False,
Noise,233406112,233406112,15.0,0.044214474982866174,,,0.76416039,0.49250081,14.25720024,3172.0,9.307995892801518,3.505282235287537,0.017324306551108868,0.002041689106940602,14385,,,,,random,,5.440179949020858,False,
Noise,352145572,352145572,57.0,0.10996103099143566,,,0.85206115,0.59754211,14.11200047,3768.0,47.823419764092954,3.960534742783301,0.014539511556543238,0.0015325990861672222,17990,,,,,random,,2.892845266075526,False,
Noise,122782423,122782423,74.0,0.054070625139025365,,,0.87037528,0.76976275,12.15299988,5153.62011719,0.7920913915046093,2.981925584752446,0.003703759674252709,0.00040654043982400517,16625,,,,,random,,6.175707964807409,False,
Noise,293412000,293412000,72.0,0.9340336002032779,,,0.06988493,0.55824584,17.72739983,3095.0,0.7562499545154839,3.78920907271408,0.4898913900225976,0.056948717331054395,14684,,,,,random,,3.444158873149697,False,
Noise,15938313,15938313,43.0,0.0661992514700212,,,0.99086499,0.75116503,11.93260002,3502.0,3.0091312356948934,3.718998879037201,0.003210525032543406,0.00036121228697347154,15689,,,,,random,,3.728233353371629,False,
Noise,348760655,348760655,27.0,0.0648345974673207,,,0.99376768,0.86759126,10.87030029,5901.0,85.17863024013634,3.7990331853643333,0.0015829912600679784,0.00018401899613500563,14905,,,,,random,,2.6391591455938666,False,
Noise,325758256,325758256,80.0,0.3597795679692846,,,0.95835537,0.84516329,10.40869999,5772.16015625,66.30005083063656,3.3999502688038876,0.001274362611468004,0.00016733200868166418,11681,,,,,random,,5.704916429145017,False,
Noise,468334106,468334106,42.0,3.075246808579652,,,0.98498416,0.84980536,10.59249973,4919.22021484,0.5527062215096556,3.297774231488167,0.0014214078072143958,0.00019166258962562482,10897,,,,,random,,3.4671537051855443,False,
Noise,296461391,296461391,56.0,4.425868522549072,,,0.94757164,0.79721105,10.79880047,6358.0,0.6865127437566294,3.5015448488658327,0.0016606614874345306,0.00016949055332108077,19612,,,,,random,,3.4447055397010606,False,
Noise,248345309,248345309,30.0,1.4120935159782237,,,0.99946862,0.78622526,11.15019989,5742.0,16.636200881095895,3.590787070780671,0.0019012512773835966,0.00021125014193151075,16033,,,,,random,,3.2747129127794614,False,
Noise,264907740,264907740,7.0,0.039692538579500475,,,0.94888455,0.71539956,11.82499981,3733.0,91.60188157604762,3.640110008652052,0.003066476574586353,0.0003407196193984837,16193,,,,,random,,3.9816454033802597,False,
Noise,66667183,66667183,46.0,0.07361093127826886,,,0.99587071,0.76592773,11.40540028,5791.64013672,3.890911406696751,3.6624981053804455,0.0023313519809763554,0.00023671292934610087,15988,,,,,random,,3.407496646599556,False,
Noise,462136008,462136008,39.0,0.32721354548692416,,,0.96724218,0.87783247,9.31879997,6092.0,1.3413506686146834,3.7450140847853177,0.0007660671964497418,8.075057271736133e-05,17888,,,,,random,,6.8260736001547135,False,
Noise,238268371,238268371,34.0,0.013183749051360478,,,0.93877041,0.82722324,10.77019978,8640.0,63.122808030159916,3.798397449729792,0.0015280165234512503,0.00016573666199337555,16887,,,,,random,,4.303327601842162,False,
Noise,388079618,388079618,16.0,0.9239943924669535,,,0.47401792,0.68313867,15.98919964,,6.997215876280341,3.13139473145972,0.1130124004854893,0.014126550060686163,12829,,,,,random,,3.4722598002795557,False,
Noise,164883955,164883955,14.0,0.14129724009665792,,,0.96625298,0.69687718,12.02330017,5859.25,83.74835455606616,3.0907067416406138,0.0032536007964747626,0.000341070037969085,18219,,,,,random,,3.833265702146737,False,
Noise,122375361,122375361,40.0,1.1204053776480178,,,0.11714247,0.70529532,14.74979973,3443.0,1.010631814142684,3.66209591452257,0.04025605225701057,0.004087382828257426,19608,,,,,random,,4.343230116048633,False,
Noise,240688842,240688842,17.0,0.02499060721856584,,,0.89648706,0.86415631,10.33749962,3452.0,1.1653469550168434,3.066937604247705,0.0013985531889828308,0.00017620113968308993,12490,,,,,random,,3.3019378668636095,False,
Noise,26051139,26051139,35.0,0.1589111725380706,,,0.99459952,0.65619099,13.59500027,6207.0,5.718560639946399,3.4372977906676763,0.008186851466243414,0.0009855810978501938,13674,,,,,random,,2.959900420143378,False,
Noise,248348983,248348983,3.0,0.03390635881085491,,,0.99745214,0.69687688,12.88490009,3342.0,65.48710049640954,2.9569342025725174,0.006119920993739736,0.0007590827761654331,12976,,,,,random,,3.0597204817948667,False,
Noise,122904212,122904212,59.0,0.03188043837733422,,,0.87828934,0.63099486,11.5546999,6651.18994141,16.203016565278066,3.173627736591071,0.002578142926509647,0.00028213940898417014,16734,,,,,random,,4.3669845049138045,False,
Noise,321448869,321448869,16.0,0.9671263203479155,,,0.98882467,0.91695344,9.79524994,4903.0,2.689869133422173,2.9990793013279347,0.0009639954173693071,0.00012049942717116339,12828,,,,,random,,2.7278172789585673,False,
Noise,247013870,247013870,42.0,1.1954544558894409,,,0.98383719,0.90775979,9.84836006,5881.0,33.34921546744969,3.8970298265763104,0.000917822272199839,0.0001097007438017547,14058,,,,,random,,2.8268171824105104,False,
Noise,642787430,642787430,58.0,0.08158195043761185,,,0.02428243,0.68215543,18.45100021,,90.24539345594384,3.4473305760677944,0.8725813233644882,0.08952495482057807,19067,,,,,random,,3.917713743127281,False,
Noise,235120098,235120098,6.0,0.02109148696602024,,,0.48276931,0.95615584,7.35300016,5791.0,0.702089899967886,3.1206678813212707,0.0006541613492307358,7.604471220554398e-05,14680,,,,,random,,4.453244802639858,False,
Noise,303609393,303609393,36.0,0.014842580936613173,,,0.947321,0.85102093,10.54409981,5594.12988281,17.45659039003727,3.7166356699241647,0.0013153870880162409,0.00014799260977613876,15725,,,,,random,,2.933158740679973,False,
Noise,272074946,272074946,14.0,0.1566381585706221,,,0.90318692,0.83836949,10.05290031,5375.62988281,0.9990664435530353,3.958790241601804,0.0011833753403354594,0.0001233754078498199,18423,,,,,random,,4.914594406007531,False,
Noise,122884294,122884294,59.0,0.1545961509849849,,,0.96051651,0.94809937,7.21320009,6211.24023438,1.480450133622346,2.763836328083454,0.0002766597964072749,3.036735782154292e-05,16732,,,,,random,,3.434578611518477,False,
Noise,99033965,99033965,47.0,4.7401380420140296,,,0.99838054,0.81919616,11.05480003,5243.0,75.16663274980355,3.4910193168032824,0.001730446629455265,0.00018769328977924057,16620,,,,,random,,2.7226305377087505,False,
Noise,194145323,194145323,17.0,0.012868892317939105,,,0.99754512,0.95830083,7.99919987,5893.0,0.6286955727532696,3.058197865483156,0.00038136210557800397,4.730214754774942e-05,13093,,,,,random,,5.673725745263433,False,
Noise,278557175,278557175,14.0,2.0260968550757683,,,0.7889635,0.75984657,12.1480999,3630.0,51.754161966567,3.4633126854442975,0.004583222318429788,0.00047783395811034756,18424,,,,,random,,2.4940350506120197,False,
Noise,248345324,248345324,3.0,1.9925896174888194,,,0.89158845,0.58780771,14.15149975,3384.0,3.2024553386678383,2.1126868276365554,0.016264969594228657,0.002033121199278582,12968,,,,,random,,2.002408026910893,False,
Noise,120824152,120824152,14.0,0.11205450042401127,,,0.86608064,0.64559388,12.50809956,3295.0,0.797954855322855,3.313202891824377,0.005172401376314669,0.0006791695740425986,11519,,,,,random,,4.145358035767308,False,
Noise,2026639006,2026639006,102.0,2.0461848224557975,,,0.14689443,0.57970697,19.06310081,,82.5365171829195,3.142288214221855,0.8413744591620324,0.09780779417694427,15010,,,,,random,,3.0660058969749953,False,
Noise,122884876,122884876,59.0,0.02729757645164949,,,0.9393037,0.73879939,11.36989975,6181.60009766,96.4707806716511,3.6269939638308397,0.0022231064504572334,0.0002425607996944016,16720,,,,,random,,2.559142949855861,False,
Noise,288539748,288539748,58.0,0.25116048050125656,,,0.84117132,0.80935341,11.5461998,5190.0,66.88983531663739,3.310251937503011,0.0025044604783135502,0.00025561042720145393,19200,,,,,random,,4.199899817147592,False,
Noise,122105611,122105611,59.0,2.289728319174093,,,0.90821856,0.77726209,11.12730026,6109.0,2.067626307530018,2.893066475546055,0.002011139904953724,0.00022209324885406155,16671,,,,,random,,3.9821798304024103,False,
Noise,189270525,189270525,8.0,0.27179800159910905,,,0.95300579,0.80524445,11.20049953,6589.0,13.359360028379285,3.9946775532907424,0.0018881241857056862,0.00023601552321321078,12847,,,,,random,,3.8836761612029544,False,
Noise,2014777968,2014777968,84.0,0.095294047917183,,,0.0104858,0.56424356,18.6529007,,0.6864105403870013,3.313944368685624,7.86148400170504,0.8577582264880402,16718,,,,,random,,5.029926490414953,False,
Noise,139839225,139839225,27.0,2.618078773446753,,,0.06825293,0.69408172,17.09289932,,36.571354658264426,3.041549928784475,0.26295546460412206,0.029217273844902452,16243,,,,,random,,4.351235832256321,False,
Noise,92129330,92129330,50.0,0.029085734127868402,,,0.98826194,0.82648784,11.1243,6172.0,3.854036574743784,2.7100695181441967,0.0019001976624872731,0.00026351000406210303,10447,,,,,random,,3.8253951590396635,False,
Noise,1716634438,1716634438,82.0,2.2531732427126734,,,0.09423105,0.60912651,18.59059906,,50.77814504820211,3.4697834484300447,1.2495772760217523,0.13171701015392145,18136,,,,,random,,2.9788520161893977,False,
Noise,271881388,271881388,40.0,0.04200012062848404,,,0.19556808,0.59519756,15.69849968,3579.0,52.420979425099326,3.402854949194508,0.08329791838013459,0.008414360420759532,19611,,,,,random,,3.1055598400447773,False,
Noise,356821881,356821881,14.0,0.443807894194255,,,0.99816895,0.89851862,10.6491003,6500.0,24.57423927718762,3.1613477112955466,0.0014175167083056582,0.00014778633292423385,18421,,,,,random,,2.942525888475316,False,
Noise,165076644,165076644,1.0,0.26008406107755105,,,0.9990778,0.95461464,7.79750013,6629.41015625,43.41382529122289,3.425215102822667,0.0003487645793397054,3.656046201075116e-05,18205,,,,,random,,2.4794611732693976,False,
Noise,240666114,240666114,17.0,0.29013270871603514,,,0.96403468,0.87880743,10.49090004,5858.0,0.5265762356834255,3.821402601880559,0.0013318214708716318,0.00016779373346012338,12511,,,,,random,,5.223708350877707,False,
Noise,610750594,610750594,97.0,0.03319714528299995,,,0.00510606,0.61983937,19.08530045,,0.6457117336351039,3.2438950638508666,1.999158868329846,0.16323063807226612,29936,,,,,random,,8.165731398466672,False,
Noise,451627388,451627388,14.0,0.20587217119564796,,,0.98590904,0.91993964,7.79530001,5275.0,0.507448944877245,3.759165840980914,0.00039900031414290054,4.803399319958298e-05,13775,,,,,random,,5.553191970488809,False,
Noise,164457191,164457191,80.0,1.6774556053117713,,,0.25499043,0.60636598,15.65579987,4415.0,0.5604972994770927,3.8558911425602984,0.05576606625359134,0.006864328241206809,12512,,,,,random,,4.493621465198485,False,
Noise,18781269,18781269,20.0,0.01848525336812071,,,0.98584586,0.91928023,9.94694996,5521.06005859,54.09717573709752,3.8708602890549293,0.0010038398231062072,0.00011051912712307897,16518,,,,,,,,True,slow variable: peak S/N 16.1 at 0.11 c/d
Noise,158514445,158514445,49.0,2.0725768022190447,,,0.99935073,0.88076872,11.17029953,6106.0,15.525713289178409,3.542273340349407,0.0018800310416119876,0.00022798725188253577,13804,,,,,random,,3.0574494302692665,False,
Noise,321447917,321447917,17.0,0.8119706431118459,,,0.97448009,0.89388794,9.9198904,5934.0,0.5173524507653409,3.207236583431628,0.0009885546179515875,0.00011815487612653687,14095,,,,,random,,6.391950279969334,False,
Noise,85914248,85914248,44.0,9.388039624311494,,,0.9982087,0.75844228,11.36670017,5243.62011719,13.54056297999991,3.404370117338306,0.0022498731146475097,0.0002728371910567375,15234,,,,,random,,2.8338500087995397,False,
Noise,123444845,123444845,54.0,1.827606607310631,,,0.71788782,0.48989293,15.28689957,3768.0,5.067453112730673,3.024159172913016,0.04123700272839501,0.004322812467203687,17896,,,,,random,,3.0447485540608117,False,
Noise,240704541,240704541,17.0,0.7685868132338635,,,0.87755537,0.77882868,11.2553997,4462.0,0.6607228568785095,3.5327199770024755,0.0022166572743710757,0.00028151575536102273,12389,,,,,random,,7.5348250471567635,False,
Noise,394373155,394373155,27.0,0.04398440613042682,,,0.98751879,0.93819511,10.10879993,6154.60009766,0.5344191141830397,3.156289662460977,0.001080048691862193,0.00012471328059690805,14922,,,,,random,,4.086252435039073,False,
Noise,202271126,202271126,6.0,1.3928728947869617,,,0.22698084,0.64004254,13.60540009,7611.0,0.9041799490350639,3.8284607172621654,0.01731231322635383,0.002026253000631197,14653,,,,,random,,3.710525091702557,False,
Noise,86368415,86368415,43.0,0.02330231290848085,,,0.92667156,0.7461673,11.67070007,8140.0,4.0335996603809745,3.2409325423351034,0.002898876469406571,0.00032823312511312286,15667,,,,,random,,2.978336601390332,False,
Noise,288505010,288505010,58.0,0.48491967131723673,,,0.91700196,0.73559946,11.90909958,5136.95996094,67.61141160576813,3.0813971934929065,0.003076459371160053,0.00031563807158797207,19050,,,,,random,,3.240489844840286,False,
Noise,290267600,290267600,27.0,0.02783885114675086,,,0.95024794,0.85159808,11.34210014,4825.0,93.3122342076881,3.721515996973246,0.0022676803073080577,0.00025513396769205035,15718,,,,,random,,2.3466871495793726,False,
Noise,254114662,254114662,13.0,4.488348306033586,,,0.96962214,0.83605248,9.86769962,6136.0,0.948744791823285,2.8809879727088408,0.0010174043988250812,0.0001130449332027868,17270,,,,,random,,4.207226787339772,False,
Noise,381002396,381002396,42.0,1.4073164276528878,,,0.99977422,0.96104258,6.77680016,6001.0,76.94184319027082,3.4515387567322686,0.00022923768854825037,2.843343585692587e-05,12972,,,,,random,,3.3845777097408654,False,
Noise,293460053,293460053,44.0,10.983824750781793,,,0.9992162,0.68933344,11.67399979,5402.06005859,17.248917354785622,2.9772075827612765,0.0027291185824139,0.0003070498297266261,15280,,,,,random,,3.124316747589413,False,
Noise,112418270,112418270,7.0,0.037406047587398746,,,0.61244333,0.67687464,13.26980019,3439.0,23.784320618568287,3.363932495247429,0.011045501521726297,0.0012197715893062747,16342,,,,,random,,2.9590117123575013,False,
Noise,19657145,19657145,34.0,1.4951562980862638,,,0.9385199,0.88285321,10.25030041,5164.0,14.59374086947498,3.340508251279857,0.0011398885295808708,0.00012363827029210657,16895,,,,,random,,3.15453016448007,False,
Noise,24656023,24656023,16.0,0.09933845160246525,,,0.91408402,0.63409054,13.12230015,3656.0,0.6182244695121363,3.121626079856239,0.008021323262284497,0.0010187090730197133,12392,,,,,random,,5.04217607524963,False,
Noise,158532856,158532856,15.0,0.10893336448085794,,,0.98662841,0.88280535,10.68490028,5331.93017578,84.01033452089224,3.779904561250915,0.0014231883339837798,0.00016114434658323425,15583,,,,,random,,2.8953590934987057,False,
Noise,271881288,271881288,40.0,2.410736952618107,,,0.28479695,0.6078645,15.86550045,3208.0,45.83246204524113,3.617229587830442,0.18456516949114538,0.01818574652289807,19608,,,,,random,,3.2490759989946336,False,
Noise,68559790,68559790,12.0,8.68546391020372,,,0.46123371,0.89622527,10.58520031,3393.0,0.5,3.02910417869801,0.003251895636016813,0.00040970034011603347,14358,,,,,random,,6.419987598435948,False,
Noise,240697117,240697117,17.0,5.423041617401652,,,0.92128557,0.83730555,10.7038002,5739.0,50.528169336598545,3.415063700884948,0.0015428552104132392,0.00020258681409839911,12331,,,,,random,,2.8291926536848284,False,
Noise,45977316,45977316,43.0,0.06829382331877955,,,0.96267557,0.80806166,10.54599953,5513.0,0.907115448314034,3.0968367109974992,0.0014091472254692242,0.00015854144939989,15770,,,,,random,,3.871900283462666,False,
Noise,164416500,164416500,75.0,5.148465966203229,,,0.87413275,0.69592762,14.10130024,4733.0,95.65599234364238,3.9007914563637835,0.014236853830397559,0.0014762929707060094,19474,,,,,random,,4.151713942429703,False,
Noise,202271481,202271481,6.0,0.10577350037338336,,,0.80407739,0.62782788,13.79489994,3309.0,6.764789931171627,3.3377085580313017,0.014364987603784104,0.0016812946286050862,14644,,,,,random,,2.6548211824344414,False,
Noise,187578049,187578049,19.0,0.01967480594932559,,,0.8296954,0.48579767,14.4282999,3393.0,0.6845738703020272,3.42932508202967,0.022594912803344157,0.0024653071010059873,16705,,,,,random,,3.202991119079536,False,
Noise,120823185,120823185,14.0,2.928884436672772,,,0.91033041,0.82365751,10.96210003,3279.0,0.596835293205459,3.2064573784197257,0.0020053396841340793,0.00020794403839730094,18423,,,,,random,,4.04865440076194,False,
Noise,121753488,121753488,59.0,0.6598727455469442,,,0.95870876,0.7826246,11.58810043,6171.0,28.30019334694559,3.297585040623414,0.002520909216957466,0.000276705734700526,16634,,,,,random,,2.792885180809797,False,
Noise,122682991,122682991,74.0,0.9220959572803167,,,0.61851925,0.60067016,12.83520031,5665.91015625,0.5074895223543827,3.6473974748244307,0.006809825749944832,0.0007386293088004031,16981,,,,,random,,5.720482467543416,False,
Noise,164527535,164527535,80.0,0.016328608608046063,,,0.53039694,0.62860578,14.32400036,5168.0,0.5,3.7162946386363758,0.017236756597871297,0.0021716272079675817,12508,,,,,random,,4.597825624388905,False,
Noise,60287525,60287525,45.0,0.10634577351331162,,,0.98929071,0.68145287,14.14210033,3188.0,1.4175358653073518,2.443527799307639,0.01953233435534576,0.0021837813688903827,15955,,,,,random,,2.2301199109079395,False,
Noise,57285044,57285044,45.0,0.01557537840608228,,,0.99425352,0.94517177,7.78459978,6124.0,9.053390019542073,3.8723642423470683,0.00033525102072215734,3.748220359304672e-05,16106,,,,,random,,2.7683146696088388,False,
Noise,233426248,233426248,14.0,5.219127575514335,,,0.51779366,0.7228663,13.22900009,3645.0,11.814529367537451,3.5270257975471155,0.010282357651087015,0.0010662308192119034,18424,,,,,random,,4.307695186203586,False,
Noise,122573940,122573940,59.0,1.478054878883456,,,0.88514566,0.675695,11.73320007,4701.0,34.46706052111751,3.5522528079096207,0.0027682933749638753,0.0003029485482267265,16667,,,,,random,,3.126664003883203,False,
Noise,204792074,204792074,91.0,0.41490559106122304,,,0.07837327,0.70542204,17.20249939,5318.0,0.6493081591817371,3.6545486957712763,0.5221461215772687,0.06604684062429438,12539,,,,,random,,3.364644121574975,False,
Noise,112230107,112230107,7.0,1.3390113832307056,,,0.7739225,0.67839193,12.2748003,3666.0,73.21547241072956,3.2534117879437634,0.004786589940604752,0.0005285904318354919,16341,,,,,random,,3.2667746377567597,False,
Noise,25038576,25038576,16.0,2.0190281626630666,,,0.97447389,0.93926942,8.55212975,10210.0,1.0430225018745587,3.7324634569469524,0.0005005584463859264,6.161448548794207e-05,13543,,,,,random,,3.3708475517080685,False,
Noise,396488756,396488756,58.0,6.37193680487453,,,0.85490078,0.7729885,11.42020035,4455.04980469,0.6659565203285661,3.3552931062304348,0.0023106830034029793,0.00024090535626310699,19200,,,,,random,,5.995052507793131,False,
Noise,25038867,25038867,16.0,0.10840573137522988,,,0.92366004,0.76910299,12.10499954,5796.0,92.00386875938062,3.410050646966057,0.004193073549361202,0.000520086764808047,13100,,,,,random,,3.3383728019974352,False,
Noise,1102287978,1102287978,49.0,0.661996648785071,,,0.53520775,0.47501075,18.18400002,,12.438584857800958,3.077596422142311,0.5977921868059463,0.07196572237664134,13810,,,,,random,,2.726055347583839,False,
Noise,233797858,233797858,15.0,3.4941892930503213,,,0.87891775,0.81802154,10.87849998,6039.0,0.9377114904000232,3.242882782617604,0.0017212621682524858,0.00020009266271841806,14427,,,,,random,,6.29663747046274,False,
Noise,348760553,348760553,12.0,0.15860616808311367,,,0.57865304,0.59267539,15.84889984,,31.873081881885597,3.1771262311477075,0.05755068038700574,0.006735797654413004,14593,,,,,random,,2.9347472382900617,False,
Noise,24936615,24936615,16.0,1.536466365044847,,,0.96542966,0.92634934,9.05661964,6217.0,0.9817135966533653,3.284987469317733,0.0006773449550417174,8.275085679499315e-05,13551,,,,,random,,3.118975077538453,False,
Noise,164555084,164555084,53.0,0.5029697476348375,,,0.41299799,0.62286103,16.17700005,3196.0,1.2525335205709964,3.2498803943635246,0.11584191141665848,0.01448023892708231,12795,,,,,random,,6.1355175571184954,False,
Noise,383642141,383642141,11.0,4.006424625026106,,,0.93033755,0.86961854,10.17510033,6140.0,1.8785951420541853,3.200920755790242,0.00115886981204578,0.00013657411710165849,14803,,,,,random,,3.718095707566898,False,
Noise,1155124899,1155124899,102.0,0.02122210406113456,,,0.04089531,0.64051443,17.04840088,,1.3443608053637002,2.762853267459179,0.4312264433182711,0.04882677982851346,15693,,,,,random,,2.6226110350414413,False,
Noise,318434465,318434465,12.0,1.3655339526872976,,,0.71938211,0.67869246,13.56550026,3219.0,62.15973485458461,3.134971423202071,0.014947255076801124,0.0017615509041551875,14358,,,,,random,,2.601755192888233,False,
Noise,388079788,388079788,16.0,3.1712521798846645,,,0.96362108,0.923976,9.71500015,4310.0,69.20943843769932,3.4887554724280325,0.0009330324113842361,0.00011314679953711633,12829,,,,,random,,2.976173579164477,False,
Noise,158494541,158494541,49.0,0.8604483340514704,,,0.99923658,0.89067024,11.00090027,5613.14990234,37.33430652587175,3.8176203084246105,0.0017360601300788103,0.00020899707976772903,13812,,,,,random,,4.37152400886463,False,
Noise,6895319,6895319,71.0,2.1282116678259477,,,0.50949401,0.61016196,15.13249969,3370.0,1.9256015132285091,2.862717644792753,0.0429924831232688,0.004931576033321226,14718,,,,,random,,2.9632178327598258,False,
Noise,122278042,122278042,59.0,5.97370846366268,,,0.97167438,0.8393234,10.24629974,6356.0,6.912469819210575,3.682326686246242,0.0011857528577388981,0.00012861295514453953,16733,,,,,random,,5.055032402546631,False,
Noise,663423188,663423188,59.0,0.024925236531096205,,,0.04260502,0.49494094,18.40620041,,86.02577467355364,3.1391933514653934,2.179573235562914,0.2392392432948983,16660,,,,,random,,3.3646668591988496,False,
Noise,808463545,808463545,62.0,0.08423641979416588,,,0.06505869,0.30613342,17.71929932,,2.816614515589148,3.3969616814996515,0.48100824736869985,0.05411765593601562,15913,,,,,random,,3.2953212438981594,False,
Noise,120971520,120971520,40.0,0.17358164280573232,,,0.18147141,0.60350198,15.94069958,3241.0,2.6063664192490004,3.0547460932475503,0.11086490679602583,0.011256625796324093,19611,,,,,random,,3.884071697328875,False,
Noise,248346844,248346844,3.0,0.07307422930809748,,,0.98834068,0.8973546,9.87055969,5794.0,2.985468560534421,2.657897032592976,0.0009120356896938508,0.00011312410470706247,12988,,,,,random,,4.833632282835757,False,
Noise,396837491,396837491,54.0,1.8323411765202213,,,0.96478647,0.9298079,7.34919977,6104.10986328,0.5457498924403854,3.9418031856879736,0.0003208824556655787,3.363762126443194e-05,17892,,,,,,,,True,slow variable: peak S/N 12.3 at 0.12 c/d
Noise,92133971,92133971,50.0,0.05612203217515751,,,0.9994936,0.9273048,9.45382023,5067.0,46.48841870343863,3.8129435301348225,0.0007882652208424,0.00011037920896775535,10361,,,,,random,,3.056185944284483,False,
Noise,194668737,194668737,18.0,0.3862347702872136,,,0.99036521,0.83420771,10.77029991,5080.0,0.578402059104354,3.8554734616156585,0.001570514414712647,0.00018771237598366164,14029,,,,,random,,5.634110511676844,False,
Noise,235157990,235157990,6.0,0.05619377538077456,,,0.76933932,0.69878656,13.44699955,3602.0,93.93900240608404,3.2773270579677654,0.01141222477674768,0.0013356998799306536,14643,,,,,random,,2.796147935504174,False,
Noise,164676924,164676924,81.0,0.44541457869370094,,,0.88042825,0.68427545,13.52910042,5630.0,92.95991037553229,3.812052458672997,0.009005055632592514,0.0009884332676775103,16698,,,,,random,,3.2041253827556653,False,
Noise,317265390,317265390,17.0,0.03036410861626058,,,0.29823357,0.62649423,13.72920036,3643.0,98.19430425588641,3.4106177200614485,0.01909929184028121,0.0021908390269730726,15124,,,,,random,,4.2628722823281375,False,
Noise,432484953,432484953,17.0,0.06447662815611037,,,0.97757834,0.90521574,10.96109962,6160.27978516,23.089096948890134,3.5132344933253115,0.0017666727805554317,0.00022083409756942896,12870,,,,,random,,2.904395578315363,False,
Noise,67081807,67081807,91.0,2.7171122462330035,,,0.97903526,0.81270683,10.80070019,3373.0,95.84118478254055,3.4684452005154616,0.0015876482275015975,0.00019542598747386648,12469,,,,,random,,3.5891560720168503,False,
Noise,414915693,414915693,19.0,0.6975665194090463,,,0.97872978,0.72797143,11.94810009,5306.43017578,1.061746098717073,2.7395818636871403,0.0033145926457695193,0.0003616517070757803,16704,,,,,random,,3.64400770408442,False,
Noise,164890240,164890240,14.0,0.19407504999414882,,,0.85855472,0.88824576,10.11100006,5805.89013672,0.5372442316844734,2.9118095700871627,0.0011212985297670516,0.00011754402461933807,18248,,,,,random,,4.023934655645892,False,
Noise,15932453,15932453,44.0,0.019135907054040092,,,0.19678421,0.59892917,16.92589951,,11.089138583561875,3.580689181513574,0.20383223830712777,0.023079456225344908,15659,,,,,random,,2.5217811462027337,False,
Noise,272075171,272075171,74.0,11.952394522697757,,,0.53476417,0.67086995,12.88759995,4752.04980469,0.8220520885282813,3.212344480333388,0.006694579510274305,0.000721895074023795,18604,,,,,random,,4.876622394601056,False,
Noise,194557565,194557565,18.0,1.8777091391026914,,,0.96368974,0.85208344,10.70250034,3728.0,1.003643369965931,2.9327183922218407,0.0015510126000064235,0.0001867199749985502,14184,,,,,random,,7.183081337216451,False,
Noise,24798440,24798440,16.0,0.9065970901397593,,,0.96448201,0.93668687,8.74440002,5442.0,1.3057759984756792,3.3919173728772054,0.0005734314134579697,6.953877313924828e-05,13548,,,,,random,,7.623842762998909,False,
Noise,148670996,148670996,34.0,0.19335371733641687,,,0.77706999,0.61714667,11.50870037,8372.0,99.12012416593076,3.0249507957427766,0.0028462034354320986,0.00031054625443121305,16817,,,,,random,,4.304045638932129,False,
Noise,202271553,202271553,6.0,0.5295659735847453,,,0.8451454,0.69752991,13.26150036,8392.66015625,25.69694672935605,3.096803363535516,0.008282010402259702,0.0009693359985707624,14642,,,,,random,,3.0928509793617303,False,
Noise,264986410,264986410,34.0,0.013572520778035306,,,0.97810555,0.93786007,9.05305004,8690.0,4.038617676559031,2.7493712944780535,0.0006246839424255103,6.81586059901985e-05,16845,,,,,random,,4.118002487745525,False,
Noise,204745448,204745448,91.0,0.3105196651099852,,,0.96233422,0.88478988,9.75504971,5849.10009766,86.7513978899602,3.1788630191882614,0.0009462070994049942,0.00012215481126862562,12025,,,,,random,,3.335401411093678,False,
Noise,293460056,293460056,44.0,0.03342715230599175,,,0.99634618,0.91714907,8.71210003,6037.0,94.08955899973209,3.6110993152153235,0.0006623562311577157,7.499707489624505e-05,15506,,,,,random,,3.2031217467656115,False,
Noise,260933523,260933523,38.0,0.3860765086555735,,,0.69659215,0.70302504,11.83390045,8097.0,71.58845487945524,3.329847614019014,0.003979637332565504,0.00041490587327977805,18493,,,,,random,,2.855077060475032,False,
Noise,1102286775,1102286775,76.0,4.856815630125743,,,0.11887934,0.55772305,18.47389984,,88.69717596630315,3.549287153701072,0.593398955597686,0.0714368394898319,13529,,,,,random,,4.035492556677696,False,
EB,364302118,364302118,1.0,1.3453456,1.3453456,0.56,0.99839461,0.91643631,10.36060047,5813.0,1.486126854197273,14.219870842463582,0.0012299510033795173,0.00014395487643057057,14674,370.07252630642284,170.03969101130716,0.365,False,,,,,
EB,202442974,202442974,14.0,2.738921,2.738921,0.383,0.99750644,0.94938058,7.94640017,8445.0,0.7309169964966256,8.8804671561222,0.00047457753545240275,5.059013526236618e-05,17655,1810.8853648474662,611.3511714946267,0.11,True,,,,,
EB,142677613,142677613,6.0,6.1826413,6.1826413,0.298,0.97028095,0.9290964,7.66874981,8357.0,0.6469739622910282,3.3629962626122074,0.00036632504905121353,4.475372769638301e-05,14602,3721.621537703538,460.85149204290826,0.08,True,,,,,
EB,347809861,347809861,10.0,1.811452,1.811452,0.54,0.99579686,0.93616432,8.81731987,7652.0,1.1066898659552487,11.021051960785625,0.0009562584070889706,0.00010969036211610528,14943,8017.519960618263,1131.3927479400838,0.255,True,,,,,
EB,160472514,160472514,14.0,6.168627,6.168627,0.579,0.95147282,0.93513691,9.3781004,5202.0,0.6489841113944368,13.912734266071775,0.0008834466732354213,9.417573179788635e-05,17657,4091.189902335296,909.0301294836678,0.38,False,,,,,
EB,394596952,394596952,1.0,0.2838156,0.2838156,0.923,0.92660701,0.95773619,8.89439964,5150.0,7.049705505403808,45.750696832802745,0.001026118055425257,0.00010698020254019123,18275,207.70936776752603,197.63003247940904,0.47,False,,,,,
EB,279181220,279181220,4.0,0.8232815,0.8232815,0.631,0.97859287,0.90588784,9.55990028,9089.0,2.4331208863575684,18.31117209378447,0.00172674379381921,0.0002007298887470275,14735,2572.894911145895,838.6973652617017,0.39,False,,,,,
EB,7851729,7851729,26.0,1.2526446,1.2526446,0.614,0.97935933,0.86416054,10.98060036,6211.0,1.5938277736967015,23.776581955195223,0.00264070609875791,0.00028642479148403545,16941,1363.3514602875866,1331.1652577381626,0.32,False,,,,,
EB,171970567,171970567,14.0,1.9213507,1.9213507,0.307,0.30040145,0.58576494,14.24660015,3474.0,3.121955929841274,5.929630911400392,0.03184162735994734,0.004011667968286229,12851,30.089268845485286,20.283223324243455,0.045,True,,,,,
EB,427147238,427147238,16.0,4.2262696,4.2262696,0.529,0.97828561,0.95431674,7.45787001,5883.0,0.9460502858593137,11.10971162943396,0.00043697354682548854,5.045735897768827e-05,14937,1304.5683416370202,1189.7588254786067,0.15,True,,,,,
EB,300654002,300654002,2.0,2.7581426,2.7581426,0.563,0.98679477,0.91814148,10.2723999,7290.52978516,0.7218091607200274,14.031783002905193,0.0014954730147666894,0.00016932897498033041,15191,3652.682063514123,559.0525713297055,0.28,True,,,,,
EB,279569707,279569707,2.0,3.9794091,3.9794091,0.384,0.9407202,0.93078166,9.06340027,7801.0,0.5,6.835695203092499,0.0006631936407113439,6.895559127751772e-05,18297,1176.000469414141,201.20033772682623,0.11,True,,,,,
EB,37435039,37435039,8.0,3.1985692,3.1985692,0.473,0.99615997,0.96918094,6.21929979,5669.0,0.6246605461157613,7.946166892392347,0.00046250611859522225,5.970928316127761e-05,12442,7744.172073608608,6870.967070141397,0.135,True,,,,,
EB,50380257,50380257,1.0,1.3482851,1.3482851,0.598,0.5793522,0.96682841,9.23770046,6623.0,1.4827636604554875,17.07556533254271,0.000886367881280524,9.241023970210965e-05,18273,118.15371497902532,18.19239987081389,0.35,False,,,,,
EB,349059354,349059354,2.0,1.6646631,1.6646631,0.522,0.99574077,0.84693688,11.00570011,6125.35986328,0.6036891590101827,8.107345846546686,0.002162132497372998,0.0002480136068051084,14951,668.9585117897597,8.097398004960091,0.365,False,,,,,
EB,298700310,298700310,9.0,0.7130761,0.7130761,0.735,0.89307976,0.84530741,10.23569965,4231.0,2.8066099149278347,34.24158333622662,0.00125704912414266,0.00013881785313012317,16333,68.1184167472571,41.53814599345917,0.445,False,,,,,
EB,262530873,262530873,29.0,2.240628,2.240628,0.49,0.21345684,0.59367782,12.51449966,6292.0,0.8873702874139434,6.982328063917531,0.01924504548507145,0.002387054108898082,13222,16.92509737003175,5.571258610260142,0.135,True,,,,,
EB,438790188,438790188,11.0,2.0947894,2.0947894,0.37,0.08334345,0.90344852,12.27359962,3393.0,0.6856619882368526,11.558162964360186,0.014162022242697874,0.001635289470818217,14972,69.91779655887466,24.383157924569996,0.42,False,,,,,
EB,13976604,13976604,15.0,3.2053727,3.2053727,0.89,0.89514923,0.79047942,10.88860035,4661.0,0.62300323893577,25.709997180245846,0.001771799839010529,0.00021645980184250736,12901,252.48097967736126,70.21885854941014,0.465,False,,,,,
EB,284863911,284863911,5.0,0.3427999,0.3427999,0.887,0.97980708,0.77254355,11.87530041,6006.0,5.83208679394395,62.56837442349548,0.004396937909063246,0.00047140122472101896,17324,283.1652955453123,272.3911425295237,0.45,False,,,,,
EB,320264006,320264006,13.0,9.2758197,9.2758197,0.202,0.56717181,0.75547671,11.78619957,5930.0,1.4002570938883565,4.414469090670047,0.004363811756895956,0.00043857958343531756,18952,105.41844806324646,7.869988794064886,0.04,True,,,,,
EB,284891601,284891601,14.0,0.3102838,0.3102838,0.823,0.9251765,0.93376607,8.55410957,8702.0,6.444237238271892,39.312948857817425,0.0005721908998617456,5.9655025106731124e-05,18421,39.64774535498158,10.061617609128717,0.415,False,,,,,
EB,106055469,106055469,9.0,0.3646438,0.3646438,0.628,0.89054096,0.78531653,10.79389954,5492.0,2.741843981901193,28.613139490451843,0.0026636394749963333,0.0002978039466821826,15952,822.8250133040191,25.599575133013815,0.48,False,,,,,
EB,373702832,373702832,18.0,4.0339349,4.0339349,0.32,0.81519485,0.64971977,11.30589962,8575.0,1.2420462050812384,4.709475328191719,0.002705288500601764,0.00031663006960693044,14764,171.98291006672991,36.674410163413874,0.135,True,,,,,
EB,295802147,295802147,14.0,1.6537537,1.6537537,0.488,0.89682436,0.73793334,11.48040009,9133.0,1.2076245437624133,10.912538945292342,0.002559446312386927,0.0002654022191201161,18423,56.020318132384,20.562891588658132,0.16,True,,,,,
EB,77703308,77703308,5.0,0.7462729,0.7462729,0.526,0.94839925,0.85454756,10.93130016,5139.0,1.3391681559882447,17.332924867057933,0.0021939215810071783,0.0002365766482708761,17115,1200.8317406586436,245.2654855565015,0.175,True,,,,,
EB,21442712,21442712,5.0,0.349539,0.349539,0.951,0.97362506,0.94794852,9.39529991,5571.0,5.724581614150354,61.61414970560365,0.0023199856622256754,0.0002473113025606296,17388,284.0364086274667,282.18055472456246,0.465,False,,,,,
EB,309809572,309809572,16.0,0.3268057,0.3268057,0.852,0.96731836,0.78651357,11.61590004,5755.85986328,6.118664432001328,50.71456966437231,0.00522510469122094,0.0006115522472803825,14673,299.26469605754045,254.20630156240512,0.455,False,,,,,
EB,148081650,148081650,11.0,0.3775014,0.3775014,0.577,0.32945788,0.74381536,12.77180004,3739.0,1.704200988276916,21.550103819955346,0.007588413525537143,0.0009069888945182062,13881,10.55115119114049,5.825825598515156,0.105,True,,,,,
EB,198388252,198388252,14.0,0.395161,0.395161,0.798,0.99171531,0.82187086,11.64529991,6074.0,5.058742341727685,58.45370869701497,0.005436466245539458,0.0005667907868648626,18424,430.82737601302415,398.4152324175119,0.45,False,,,,,
EB,202839485,202839485,18.0,0.412856,0.412856,0.628,0.89479262,0.87011498,10.8434,4927.12988281,4.847232317769784,25.60161041140471,0.001693492389542298,0.000198208292039947,14661,38.37336882074832,13.667884985206491,0.4,False,,,,,
EB,156563222,156563222,23.0,0.2711506,0.2711506,0.75,0.88852543,0.92156208,9.60402012,6291.0,7.379773375550285,44.518703620034124,0.0013240048947828558,0.00016055917735366212,13510,208.94686492153647,175.03864373137176,0.445,False,,,,,
EB,188630094,188630094,2.0,0.8627317,0.8627317,0.621,0.99585646,0.87576616,10.4939003,7354.0,2.3171485994028425,24.472882019753452,0.002555159138636979,0.0002663937553077348,18300,2507.718261887289,831.9596021904209,0.38,False,,,,,
EB,319936228,319936228,10.0,9.6464394,9.6464394,0.321,0.93744767,0.8931911,7.04640007,,0.5157658872404385,9.243136066575461,0.0003225521353197117,3.855235401360181e-05,16454,1991.1111377395418,677.2313519205339,0.105,True,,,,,
EB,55753802,55753802,15.0,0.4155664,0.4155664,0.83,0.99955714,0.91367435,9.68599987,6322.35009766,4.815901685576971,39.39731035089425,0.0049968039216679,0.0006104567586675742,13457,377.1402894163687,337.8038663350769,0.45,False,,,,,
EB,279918206,279918206,14.0,1.0837379,1.0837379,0.398,0.95898867,0.78647482,12.39159966,5604.10009766,1.8482367278319134,14.47010978086254,0.004177347906567025,0.000440331132122935,18039,40.70904951796289,32.28890089308977,0.115,True,,,,,
EB,16617827,16617827,15.0,0.2906367,0.2906367,0.72,0.69451106,0.80542147,10.85949993,5315.0,6.882082622932505,45.18000091905385,0.010889250883010817,0.0013506453431495506,12950,366.3682436353373,295.486052156336,0.43,False,,,,,
EB,158431889,158431889,14.0,0.5725308,0.5725308,0.663,0.97601539,0.6932109,11.99849987,7050.72021484,3.4944326001948527,27.80985006822905,0.003871407556230435,0.00040808218761581876,17970,587.5281815650699,162.9426130191404,0.44,False,,,,,
EB,200440270,200440270,4.0,1.0788761,1.0788761,0.604,0.86122286,0.92555141,10.11139965,8123.0,0.9294723204518408,14.489828217558827,0.002026479556276134,0.00023557346337972323,14843,463.0308957574,37.50774064050989,0.395,False,,,,,
EB,31107108,31107108,4.0,4.0481965,4.0481965,0.644,0.96844071,0.91805929,10.03989983,5241.0,0.5,22.494446580928983,0.0011295438558056009,0.00013220310869182822,14743,1865.8329509726539,827.6099631363654,0.39,False,,,,,
EB,95927692,95927692,22.0,0.6609839,0.6609839,0.527,0.98143721,0.80385578,10.90069962,4296.0,3.024255051114913,22.499139748922317,0.002367139254612194,0.00027517434892647196,14824,988.0848707273352,658.8325086746224,0.19,True,,,,,
EB,265435357,265435357,13.0,2.8775044,2.8775044,0.861,0.99862105,0.98636001,4.60620022,6837.0,0.6969413159570479,41.28595444201762,0.00013658094688923054,1.3726901646758675e-05,19273,2221.242719882787,744.2851870528877,0.47,False,,,,,
EB,237234024,237234024,24.0,1.8959765,1.8959765,0.403,0.89167112,0.76785952,12.78339958,4524.0,1.058816486339499,10.607375131641337,0.005534376536961506,0.0005933474457788617,17452,509.07997681161925,353.29817457203217,0.11,True,,,,,
EB,20176492,20176492,5.0,2.2213018,2.2213018,0.557,0.98041558,0.85536599,11.08510017,6990.0,0.8996011783180271,14.27708679814786,0.0020407106872055037,0.00022815839095009083,17130,2136.1679160493477,447.26645795936804,0.275,True,,,,,
EB,272539879,272539879,17.0,2.1420485,2.1420485,0.676,0.95760834,0.90314984,9.38809967,10269.0,0.9344132541589607,21.86908175691257,0.0015799836728660696,0.00019302572740608203,12873,2447.796210530308,2056.903590125489,0.41,False,,,,,
EB,92902907,92902907,10.0,2.2467104,2.2467104,0.488,0.67029721,0.75127697,10.81280041,4811.54003906,0.8889185813515788,12.13918188951924,0.001958821653980386,0.0002292627335344863,14730,17.671960111736464,7.089788919548095,0.21,True,,,,,
EB,213067604,213067604,5.0,0.3219872,0.3219872,0.728,0.95854914,0.88835013,10.57489967,5568.0,6.209632938318296,60.50650430392261,0.007996074973171667,0.0008622389390997103,17173,461.20701963519286,417.7115618007473,0.435,False,,,,,
EB,369362290,369362290,4.0,2.1123879,2.1123879,0.559,0.99842501,0.95085764,9.54189968,9483.0,0.9439898392589738,11.667018675716365,0.0009858848011751761,0.00011384017106968971,14931,4663.245738859897,630.3955873109045,0.275,True,,,,,
EB,326149070,326149070,17.0,1.9514945,1.9514945,0.388,0.89485759,0.80609787,11.30900002,4952.0,1.0213990429498252,5.93927353685189,0.0022462066874876048,0.000285268534579603,12433,36.333386163814495,8.66184484902251,0.09,True,,,,,
EB,222945452,222945452,12.0,0.7482019,0.7482019,0.595,0.48381498,0.83426541,9.625,,1.3356412068933254,21.236873909201968,0.0018999777697185371,0.00022237557781500317,14606,73.0891328187026,61.48945440548829,0.44,False,,,,,
EB,386262459,386262459,8.0,2.6672303,2.6672303,0.271,0.99482703,0.92201668,9.13899994,9557.0,0.749138906784877,7.241935367594659,0.0006593477677305446,8.055215042121083e-05,12982,226.3605613905126,22.467547417563118,0.25,True,,,,,
EB,144804862,144804862,8.0,2.3848496,2.3848496,0.688,0.83801669,0.76989204,11.32680035,9394.0,0.8410590246465804,19.589568523092343,0.002492507450570133,0.00030450825029010406,12953,263.5909403667937,64.75616583989806,0.43,False,,,,,
EB,273865522,273865522,14.0,0.788603,0.788603,0.917,0.83404291,0.8267867,11.10159969,6929.0,2.5335056560190825,45.47230538681687,0.0019994656432024112,0.00020845870350980146,18424,86.68449646759835,56.40351695345951,0.47,False,,,,,
EB,115971584,115971584,25.0,0.3469337,0.3469337,0.834,0.99871194,0.92542815,10.28470039,6131.0,5.76660924082179,60.598241938737075,0.004635672444210406,0.0004998774153219697,17245,336.4556320664892,332.36988094765485,0.45,False,,,,,
EB,201693184,201693184,17.0,3.0836984,3.0836984,0.445,0.92376685,0.92825252,9.20409012,6512.0,0.6477010659790583,7.346039673445461,0.0008423743679614173,0.00010368911691514391,12871,967.4937482236322,965.7069083060343,0.11,True,,,,,
EB,273583841,273583841,14.0,1.169539,1.169539,0.824,0.90375757,0.8201139,11.16059971,7029.0,0.8575394466153607,25.895601499638694,0.0020500369933985274,0.0002137311312369106,18424,102.93510843195105,6.397975642611779,0.395,False,,,,,
EB,256516208,256516208,24.0,3.5725365,3.5725365,0.258,0.95570701,0.85853499,11.37559986,5777.0,0.5604115379845442,5.766228366439417,0.002161212108856855,0.00022781175902411414,18213,29.635738736633527,4.6592709347991965,0.245,True,,,,,
EB,366622912,366622912,7.0,3.1149197,3.1149197,0.276,0.76198763,0.74389255,13.79880047,4952.0,1.2851315710686855,3.783293917128755,0.011509774937592499,0.0012949508524666903,16342,20.154960589206837,2.5043638208649504,0.03,True,,,,,
EB,324596129,324596129,16.0,2.3469244,2.3469244,0.603,0.53934354,0.76256758,12.06439972,8745.0,0.8503427080481103,15.627979536375316,0.006466102137886996,0.0007899601053367716,13548,929.858403626052,286.24118487397953,0.335,False,,,,,
EB,250196734,250196734,5.0,7.7039539,7.7039539,0.103,0.99007148,0.86050969,11.08689976,3962.0,0.7808555942900726,4.004578523715012,0.0018724818367312247,0.00020553158315293906,17236,1846.481440478045,1721.3384270885701,0.035,True,,,,,
EB,186544053,186544053,8.0,8.911256,8.911256,0.144,0.51055521,0.84662187,11.23999977,,2.1288029757607547,2.7959628326521586,0.004250683000551326,0.0005313353750689158,12969,29.153721151127158,14.006381863417813,0.02,True,,,,,
EB,122104276,122104276,19.0,3.5427169,3.5427169,0.442,0.84311157,0.59319502,12.77200031,6605.52001953,0.5641603979425929,8.028618840601945,0.00558089101868632,0.0005983343216697273,16729,46.596236070272994,4.8497095840017765,0.055,True,,,,,
EB,231860752,231860752,1.0,1.9597412,1.9597412,0.513,0.46448037,0.97184914,8.58199978,,16.734096192176537,27.195032754649688,0.0011627544117167035,0.00012188978186341347,18277,268.67178644965963,164.76079588804876,0.215,True,,,,,
EB,441387582,441387582,27.0,2.5479524,2.5479524,0.369,0.99253953,0.87877887,10.57089996,4476.0,0.7881610240207866,9.586368561011536,0.0015769395368788902,0.00017104310784373864,16726,1386.8371001140772,898.893660649404,0.245,True,,,,,
EB,345324572,345324572,17.0,5.1572434,5.1572434,0.381,0.15561278,0.58046597,12.30239964,3122.0,0.5,5.9317296315303,0.019088912152797878,0.0022190409639509493,14600,14.384227858901312,8.516417400255634,0.075,True,,,,,
EB,394881270,394881270,15.0,4.8312879,4.8312879,0.65,0.94925672,0.90736639,9.29339981,10785.0,0.8301993271690288,12.411511166550671,0.0008519203991106416,0.00010255916400810356,12643,4223.9194152253685,1963.7557478596589,0.385,False,,,,,
EB,280055342,280055342,12.0,0.7865936,0.7865936,0.628,0.98603529,0.90089542,9.05370045,6086.0,2.5461892418661423,25.4999876056309,0.0009221419811339017,0.00010867547467942989,14356,893.4278124640871,631.0173089294348,0.305,False,,,,,
EB,137205922,137205922,18.0,3.3001413,3.3001413,0.43,0.99598533,0.89217609,10.59500027,9773.0,1.517192028127842,8.915493086167107,0.0013325454129832365,0.00015814404548388585,14204,39.227064082340604,3.334218781258203,0.075,True,,,,,
EB,406276109,406276109,1.0,7.5470488,7.5470488,0.139,0.84440929,0.7115407,13.81369972,3200.0,5.170002255985308,3.7941620951111683,0.013727755366481024,0.0013659627127753377,18214,44.265989143562834,43.142505322668875,0.02,True,,,,,
EB,234840976,234840976,6.0,2.4085455,2.4085455,0.585,0.97165197,0.91709173,8.47719955,,0.8306948847750286,12.711229423605792,0.0006263727088530578,7.232729041386959e-05,14654,1390.0831597434444,1157.1366817745068,0.245,True,,,,,
EB,350743714,350743714,3.0,7.7575749,7.7575749,0.17,0.67013586,0.94472355,9.66860008,6038.0,0.70712015142977,2.269532863346347,0.0009440940387155422,0.00012615987263461613,12948,50.49647192751981,3.8019914224315463,0.02,True,,,,,
EB,78568736,78568736,6.0,8.2197877,8.2197877,0.159,0.94796365,0.91888535,9.13619995,5171.0,1.2164990471897004,3.2337167194874548,0.0007467348426105618,8.29705380678402e-05,14614,4815.920641885456,1450.4060500134835,0.045,True,,,,,
EB,24004619,24004619,21.0,2.9160743,2.9160743,0.534,0.99787349,0.96061772,7.42350006,8951.0,1.3703211253782817,13.379845354424237,0.0003006154691208698,3.100611818053194e-05,18701,283.19569297605335,119.34610674718097,0.19,True,,,,,
EB,354535363,354535363,19.0,1.7996637,1.7996637,0.278,0.88787884,0.61841363,13.08850002,4449.0,1.1097269137187893,10.41016361813736,0.007244783902224423,0.0007904707291795469,16714,53.841100584495095,47.172881198488305,0.065,True,,,,,
EB,406758816,406758816,21.0,3.0633368,3.0633368,0.542,0.99887729,0.96575081,6.87300014,9062.0,0.6535863303985776,13.342092048298047,0.0005009425831688308,5.112723829980668e-05,18666,13382.282757698005,1742.8241974733476,0.225,True,,,,,
EB,402107145,402107145,10.0,0.2923328,0.2923328,0.721,0.51045865,0.96560794,8.14299965,4876.0,6.845161464753851,47.15990243322061,0.006579644466747462,0.0007700891365307957,14599,459.1032092969802,404.24186988936594,0.42,False,,,,,
EB,303351921,303351921,15.0,5.8898076,5.8898076,0.713,0.98626006,0.93081909,9.03149986,,0.6919791438554835,6.446189624387532,0.0006612419671049847,7.214741349857361e-05,17614,1799.0204298124754,120.4386002746402,0.445,False,,,,,
EB,406947878,406947878,14.0,1.2313642,1.2313642,0.626,0.9901368,0.93216938,9.39179993,8068.0,1.6247673064813826,24.4401344547127,0.001286087468448711,0.00013408388745486481,18424,1440.9967801559221,797.9149654326541,0.35,False,,,,,
EB,61386324,61386324,17.0,0.7318433,0.7318433,0.847,0.99566132,0.94551462,8.34926033,7735.0,2.728779985726333,22.788258939509483,0.0007994039427342026,9.992549284177533e-05,12789,135.2352899272094,36.45226976987618,0.47,False,,,,,
EB,193271278,193271278,9.0,2.1742728,2.1742728,0.506,0.9849956,0.88271672,10.33920002,6534.0,0.9230893212378471,9.541197954129832,0.0012007783564461538,0.00013596137561018733,15802,107.06242705839634,10.93150982536243,0.165,True,,,,,
EB,88479623,88479623,4.0,0.9182032,0.9182032,0.502,0.99983221,0.9498325,8.73589993,3983.0,2.179059089174782,13.97755591870579,0.0008518233620438416,9.902245446441807e-05,14801,3620.539442558952,3349.6057905579505,0.15,True,,,,,
EB,276458481,276458481,11.0,2.2544606,2.2544606,0.41600000858306885,0.92389387,0.8213622,10.46790028,5564.0,0.6165299335195524,5.549406541992734,0.001375576362300647,0.00016441282225458664,13797,18.870279004248797,5.283942241196238,0.13,True,,,,,
EB,137341354,137341354,14.0,5.4072775,5.4072775,0.266,0.98011786,0.74937224,11.93410015,7625.74023438,0.7383618600430601,6.16449890014405,0.003167825679993454,0.000323314854586213,18424,224.29077133197842,137.42256985630587,0.075,True,,,,,
EB,207384197,207384197,15.0,0.5353066,0.5353066,0.767,0.98710221,0.85889721,10.92409992,6631.0,3.7367116741438426,36.803059611490404,0.0028428344382599685,0.0003250280559706557,15301,620.0667876747325,338.17426875998285,0.45,False,,,,,
EB,419994778,419994778,4.0,0.4306794,0.4306794,0.79,0.99962753,0.92581165,9.69410038,6382.0,4.639998822577492,39.92812719932316,0.0025672217310908053,0.0002984334643711263,14808,420.54775828639504,409.92959172018453,0.45,False,,,,,
EB,470937126,470937126,18.0,1.0005506,1.0005506,0.5,0.41464645,0.61347467,14.7112999,3141.0,0.9997806256804919,8.10490718782941,0.03382766403247431,0.004072372192448211,13871,14.810984561015937,1.9209624874330422,0.12,True,,,,,
EB,313142195,313142195,19.0,1.4614588,1.4614588,0.318,0.9085235,0.81990379,11.43260002,6431.0,0.6772094182374575,5.3476698819911865,0.002236002019143727,0.00024469717395485973,16578,10.497433364401353,2.3257447701293827,0.07,True,,,,,
EB,121595243,121595243,5.0,1.0575909,1.0575909,0.307,0.94420278,0.65606791,15.4005003,4568.0,1.8852979979054303,5.861448825994345,0.03584584160208829,0.0038653565077643643,17155,14.056442215255133,1.6866467507304366,0.065,True,,,,,
EB,25375553,25375553,1.0,2.3109655,2.3109655,0.447,0.97866321,0.90974474,9.77486038,6510.0,1.7294041351436351,6.171886931655615,0.0008582855233867584,8.997276997442742e-05,18233,76.86722753573603,3.2412202302631217,0.06,True,,,,,
EB,98478039,98478039,7.0,0.6682271,0.6682271,0.465,0.32329208,0.70577306,13.93130016,6202.0,2.9944664857514534,12.992207975562323,0.0175069610002436,0.0019452178889159558,16339,17.60628438616626,7.040150164590268,0.13,True,,,,,
EB,152926069,152926069,1.0,0.8032433,0.8032433,0.7,0.8682636,0.8827545,10.48069954,5014.0,2.492930060043224,27.76647502257119,0.0017163451972420413,0.00018091866914585992,18063,183.4474975933322,52.666326287195886,0.455,False,,,,,
EB,234518605,234518605,1.0,5.6784598,5.6784598,0.266,0.95502555,0.77639699,11.95829964,5549.0,0.8730151435035727,4.677321140677895,0.002839470015535857,0.0002913234767334686,18277,222.02471264050536,15.751509383675433,0.305,False,,,,,
EB,97908039,97908039,10.0,5.1397073,5.1397073,0.6,0.9230929,0.73625261,12.35569954,3473.0,0.7719583242035049,15.756638134550588,0.003990942474164552,0.0004639376389840452,14813,41.20717840279394,40.92077341318948,0.455,False,,,,,
EB,42705187,42705187,14.0,2.1303275,2.1303275,0.62,0.99155945,0.94472051,6.99490023,5231.0,0.5372464527854932,13.86260406348449,0.0003220673457757111,4.157871555155182e-05,11982,530.7387291077915,435.79859502722564,0.47,False,,,,,
EB,206556127,206556127,1.0,2.2110155,2.2110155,0.363,0.99968255,0.93545812,8.82089996,3954.0,2.7143485559612905,10.195976905584596,0.0006463453889618417,6.738616502893525e-05,18204,2077.253508395745,1950.1442398071124,0.08,True,,,,,
EB,440003271,440003271,17.0,2.6394345,2.6394345,0.406,0.69599283,0.96515071,7.68347979,8334.0,0.7573889602030011,7.197818834595733,0.0009555490877005122,0.00011761996190899721,13095,1703.222365423449,1585.773182866901,0.115,True,,,,,
EB,106309554,106309554,9.0,1.1031609,1.1031609,0.638,0.94823366,0.91051483,9.67310047,8045.0,1.8164541793152884,19.001548001651454,0.0011294911969841467,0.00012707768799293158,15868,1479.4837601870754,356.7430000608392,0.385,False,,,,,
EB,260370454,260370454,4.0,0.7951027,0.7951027,0.697,0.98503071,0.92313999,9.56900024,6885.0,2.5138929922062268,26.146102309390656,0.003018692112806335,0.00035091583020832736,14692,1232.008030025396,687.5289500330382,0.435,False,,,,,
EB,397100292,397100292,19.0,5.0355131,5.0355131,0.3,0.99796152,0.87735927,10.87979984,6384.0,1.1904931734671342,4.577018704102548,0.0015903287464675447,0.00016857450997687695,16686,257.55581214008276,16.790478699566535,0.06,True,,,,,
EB,133701671,133701671,12.0,4.6955429,4.6955429,0.235,0.96532667,0.84884226,8.70510006,7225.0,0.8508066965033959,5.455527387256106,0.000798715364932047,8.068243582590549e-05,18667,1288.2676575289136,324.73474721745316,0.07,True,,,,,
EB,261136311,261136311,12.0,8.8717027,8.8717027,0.31,0.95407355,0.88944906,10.99639988,6238.0,0.6793769851881806,6.124484481180799,0.0017516505184593466,0.00021895631480741833,14469,1926.28998936169,1914.669974926923,0.08,True,,,,,
EB,322129367,322129367,16.0,2.7192976,2.7192976,0.552,0.96140462,0.85058475,10.68970013,8837.0,1.151530849330042,7.621912526042802,0.0015287325757090849,0.0001973585268842018,12827,143.91513512388894,8.915494271625034,0.215,True,,,,,
EB,229975095,229975095,14.0,5.1853753,5.1853753,0.272,0.71340746,0.70379019,13.2432003,5957.0,1.5428227370969778,6.192892231556503,0.009952108070291473,0.0010319855329629086,18421,41.42373223688058,34.98469274779095,0.055,True,,,,,
EB,333620087,333620087,6.0,0.3793248,0.3793248,0.813,0.92534101,0.79437584,10.75010014,3555.0,5.276678400856946,47.42256219325325,0.0017207238605845485,0.0002013954946505702,14590,73.22445158361626,62.87505761472401,0.445,False,,,,,
EB,346599599,346599599,24.0,1.5022776,1.5022776,0.475,0.95432615,0.73697948,12.5486002,5453.0,1.3306566456469988,9.647101879409272,0.006569792890139695,0.0007769599950041085,15047,565.4122930627976,227.2889915493732,0.15,True,,,,,
EB,149566964,149566964,23.0,4.8135852,4.8135852,0.281,0.99451649,0.89741474,10.30410004,6415.43994141,0.8327175405184158,3.512270461313065,0.0011744029098081689,0.00014347615094169203,13059,214.31784255996263,20.71619930680854,0.135,True,,,,,
EB,423275733,423275733,8.0,2.0521769,2.0521769,0.385,0.77867967,0.8039996,12.33679962,5980.0,0.9740355424719224,5.050205217560344,0.003941767482871954,0.0004851980365605602,12956,19.472362413524618,2.6413238323980273,0.05,True,,,,,
EB,185805011,185805011,8.0,2.0052089,2.0052089,0.458,0.24104889,0.63647896,13.31630039,3477.0,0.9991050227024263,8.41148793244229,0.01251421523734094,0.001552197365555812,12953,118.81930771267392,104.60159185007959,0.12,True,,,,,
EB,66715008,66715008,23.0,0.3984963,0.3984963,0.755,0.99735153,0.88169277,10.30039978,5186.0,5.019883299874039,41.79824500409578,0.005184510594237655,0.0006333887785573922,13433,457.1007346260808,446.67949238669286,0.44,False,,,,,
EB,237915523,237915523,1.0,0.3322736,0.3322736,0.797,0.99779242,0.94534296,8.98050022,5892.0,6.021448274834701,51.98637462844574,0.005806716788803536,0.0006225453855529339,17466,399.5405569461581,344.2003837767579,0.45,False,,,,,
EB,218821972,218821972,12.0,3.5378793,3.5378793,0.462,0.02398877,0.57555819,15.91909981,5621.0,0.5652532495966964,7.388708053469775,0.19332630889379795,0.022323399296254196,14465,15.416108768717486,6.457294864965886,0.105,True,,,,,
EB,263635510,263635510,14.0,1.7537727,1.7537727,0.336,0.78949237,0.86556989,10.69839954,5012.0,1.14058856997212,10.73529178864151,0.0017332239734095527,0.00018372137373903256,18421,339.8583280460876,288.9160597516372,0.09,True,,,,,
EB,470391356,470391356,19.0,5.0255956,5.0255956,0.479,0.59991616,0.88392645,10.52880001,9333.0,0.7961673221580756,7.785852076894762,0.0018169897414017943,0.00019260052738792063,16788,106.67025954515171,28.511460277198662,0.13,True,,,,,
EB,364398410,364398410,27.0,1.5874946,1.5874946,0.53,0.7543965,0.69525796,9.32670021,8442.0,0.6344648020664757,7.4265329232382005,0.003419012133871479,0.00040576208896208986,13876,310.8300987134143,9.997531472266392,0.165,True,,,,,
EB,138910382,138910382,22.0,1.1663118,1.1663118,0.341,0.92925596,0.7011686,13.3203001,3433.0,1.711283715894531,13.70106693628754,0.008010595937466393,0.0008900662152740437,15966,106.11039359253732,98.21043274555001,0.3,False,,,,,
EB,310519261,310519261,24.0,0.3188151,0.3188151,0.754,0.91006088,0.85695583,11.97669983,5674.56005859,6.276860739971912,43.75114875121809,0.0048038878979300365,0.0005510437337677647,15147,296.65365376952195,257.27437580553436,0.445,False,,,,,
EB,24733359,24733359,8.0,0.3785419,0.3785419,0.903,0.997715,0.96774787,6.42810011,7916.0,5.286898823353013,39.61630985058134,0.00032016622866115927,3.971173319641472e-05,12967,264.3252536491077,199.08349929489057,0.46,False,,,,,
EB,193867475,193867475,14.0,1.7771916,1.7771916,0.484,0.95380318,0.77273238,11.78100014,5729.60009766,1.1300021567921372,9.554943081569668,0.0029769953876255073,0.0003721244234531884,13492,51.16512518189056,48.81807349190503,0.095,True,,,,,
EB,243642384,243642384,11.0,1.7468124,1.7468124,0.744,0.98106056,0.90708339,9.3757,6350.0,0.5726012739721698,21.823500298061678,0.0007663547835813653,8.849102811909172e-05,14985,44.60054128996292,1.3018752681141779,0.41,False,,,,,
EB,9461737,9461737,22.0,0.6369756,0.6369756,0.574,0.9453308,0.65408379,15.49810028,7621.0,3.13833328096322,21.780820150616105,0.045234020795051504,0.004965078818927093,16636,36.36494053155637,19.74541521690193,0.26,True,,,,,
EB,441687696,441687696,15.0,2.2263682,2.2263682,0.545,0.951199,0.83586282,11.43640041,6233.10009766,0.9026534551596906,13.587537224341323,0.0025412343504561744,0.0002859112021115845,15286,1193.9125342556988,1142.6324044647795,0.2,True,,,,,
EB,121092386,121092386,4.0,0.4215599,0.4215599,0.661,0.99758971,0.9635967,9.05545998,6939.0,2.3754857482842358,18.38021785275453,0.0011788680297445955,0.00013704062484838774,14803,1450.1410570462947,52.8190784771083,0.49,False,,,,,
EB,8989778,8989778,2.0,0.6127979,0.6127979,0.791,0.98909706,0.87937737,10.95069981,7610.0,3.2658300721304885,46.03455934402453,0.00300384126578205,0.0003148881250838897,18300,674.2058144739938,530.7357251561398,0.455,False,,,,,
EB,139303531,139303531,20.0,0.5394192,0.5394192,0.57,0.97934353,0.89572746,9.88792992,5861.0,3.7068591437999636,20.84126870960707,0.0009867077342551396,0.00010830524427661944,16535,14.65684164062596,5.845084589818057,0.25,True,,,,,
EB,116502572,116502572,23.0,3.9329568,3.9329568,0.553,0.99826336,0.85672134,11.34519958,6533.0,0.5080974892089968,15.305706596484947,0.00299391833167964,0.00035784168440342035,14201,1713.5057031260571,388.4089516043565,0.27,True,,,,,
EB,233193944,233193944,17.0,2.5055407,2.5055407,0.358,0.9970336,0.96191204,7.6360898,6591.68994141,0.7993562691844279,5.716524986348786,0.0004555558664930551,5.739464433510315e-05,12605,1129.983154254559,95.36688392310961,0.16,True,,,,,
EB,84070123,84070123,15.0,1.7563202,1.7563202,0.625,0.76877117,0.83673006,10.83339977,,1.1373626040214109,13.472401741511606,0.0025489872294096887,0.00033762160630987104,11682,1798.4985017343051,490.6650827480503,0.355,False,,,,,
EB,219927211,219927211,13.0,2.6933066,2.6933066,0.511,0.86969638,0.78326815,11.9829998,6186.0,0.744720591650721,10.3919780465575,0.003306828910133191,0.00035658453188896583,17163,56.594450411067655,5.22546285345688,0.245,True,,,,,
EB,181159386,181159386,10.0,5.6316349,5.6316349,0.44,0.97575945,0.79632586,11.16889954,6719.0,0.5329427943161611,6.049500091308794,0.0018998274567953962,0.0002124071669457525,14874,67.74621330524971,6.438067142340083,0.1,True,,,,,
EB,156241056,156241056,6.0,1.7801492,1.7801492,0.507,0.99185407,0.89752477,9.57409,6797.43017578,1.124658644863878,11.301895851622188,0.0010576243844912213,0.0001255169220772745,14428,2457.8988239260316,1935.0390106898058,0.16,True,,,,,
EB,17206122,17206122,21.0,4.4532299,4.4532299,0.26,0.99966174,0.86578763,10.65569973,6495.0,1.3484363597000852,5.558706188910652,0.001417721405083899,0.0001585060717462057,17298,196.77468035484034,48.87885259049683,0.2,True,,,,,
EB,172517058,172517058,21.0,2.4365191,2.4365191,0.242,0.89134574,0.75687003,12.05379963,3309.0,2.4600709666344933,7.774655282855354,0.004140702414120682,0.00044392989612119003,17288,788.0052449392213,635.4189530961318,0.05,True,,,,,
EB,270704947,270704947,14.0,2.6598094,2.6598094,0.481,0.4806481,0.65567356,14.41810036,5859.0,1.1256977613152688,9.11702606648169,0.03026662824601595,0.0031385031453482,18424,121.18798807496486,2.385004412219451,0.09,True,,,,,
EB,139460937,139460937,18.0,4.0635072,4.0635072,0.276,0.9931348,0.94814575,7.54997015,10695.0,0.7351719856288117,3.9766199874620503,0.00044869614606127923,5.251591167749469e-05,14790,3854.550517162794,365.49239707225934,0.085,True,,,,,
EB,139256217,139256217,1.0,2.1992267,2.1992267,0.554,0.93807471,0.84582382,10.99720001,6109.0,0.9088810991596991,11.462607227588887,0.001903475704528402,0.00020176802114437185,17826,83.87283264073221,22.97310459601992,0.45,False,,,,,
EB,160150808,160150808,11.0,0.3740459,0.3740459,0.594,0.92524934,0.67559004,12.57859993,3327.0,2.6721797144405786,28.145687933649473,0.005174912422088469,0.0006229862465772644,13699,191.08539167833695,29.69000623172023,0.475,False,,,,,
EB,19271382,19271382,8.0,2.5883459,2.5883459,0.381,0.91503948,0.70786148,11.69180012,7607.0,0.7743295564749483,6.097943880269019,0.0026975350742095665,0.0003345880469746643,12965,71.9843130933749,11.189031947505601,0.115,True,,,,,
EB,80650858,80650858,7.0,1.9158693,1.9158693,0.517,0.84841561,0.92585891,9.17210007,,1.0397751052726443,10.331331627391975,0.000880306186492341,9.721355558747767e-05,16343,3152.793468283061,966.9680383247755,0.18,True,,,,,
EB,255907472,255907472,24.0,0.3370433,0.3370433,0.749,0.99722886,0.90721297,10.62860012,5200.0,5.937306778759803,47.227719618366145,0.005199067329103932,0.0005812733983737332,15605,403.556946552269,391.0261954588266,0.44,False,,,,,
EB,52641431,52641431,6.0,1.6712974,1.6712974,0.442,0.30491266,0.97464913,9.05700016,,0.6010450746671226,21.82146261570099,0.0019341191761171339,0.00022793813084256065,14681,148.2884274798596,72.63045296594021,0.465,False,,,,,
EB,140346195,140346195,6.0,1.7290744,1.7290744,0.412,0.99500591,0.94474411,7.61612988,7376.0,0.5734887863807794,5.063244210563667,0.00034560116080149003,4.017531889029621e-05,14596,6.255768398912156,2.727382952698733,0.055,True,,,,,
EB,315810194,315810194,17.0,0.5433678,0.5433678,0.581,0.5873462,0.61135155,14.43179989,,0.5615452636716899,11.260000759576256,0.015133424069528141,0.0018351972328214468,13537,85.82867601795455,4.37503146536148,0.25,True,,,,,
EB,154840461,154840461,14.0,6.0361565,6.0361565,0.745,0.9995237,0.93883383,8.40534019,7401.0,0.8202922423275675,3.89548266808107,0.0004785433302342008,5.130523028071089e-05,18419,34.47418441183334,5.914307025175807,0.17,True,,,,,
EB,198507944,198507944,21.0,0.3422844,0.3422844,0.719,0.87356889,0.93179828,9.42710018,8681.0,5.8401540468822715,64.43226920927248,0.001849721300830669,0.0001918071637675329,18606,384.63542223486326,373.222878744918,0.43,False,,,,,
EB,353863850,353863850,16.0,2.1291808,2.1291808,0.786,0.98748201,0.93568516,6.90515995,10275.0,0.9376600092735123,31.13524871937487,0.0004550026962182946,5.168483318630052e-05,14939,1521.3392011723918,1049.2284488901887,0.445,False,,,,,
EB,244207973,244207973,5.0,0.6140578,0.6140578,0.794,0.94446099,0.85506088,11.26299953,7413.18994141,3.258689668399329,43.31148539946193,0.002861642668991882,0.0003068002975652879,17164,626.5241016518308,426.6708347331983,0.455,False,,,,,
EB,39046291,39046291,27.0,1.8365858,1.8365858,0.57,0.98321074,0.90052617,9.79389954,5726.39990234,1.0910613824126916,11.844890405086886,0.000926160226961493,0.00010354786127712658,16780,32.58686911849925,4.645349801113852,0.155,True,,,,,
EB,281498280,281498280,1.0,0.7506328,0.7506328,0.427,0.87689471,0.8574236,11.88790035,3268.0,2.666560652052796,23.58785985502192,0.005074891065926971,0.0005319931352426777,18233,644.233739760931,596.295953798967,0.105,True,,,,,
EB,11113164,11113164,15.0,2.8391805,2.8391805,0.629,0.82353771,0.81130534,10.3441,12404.0,0.699930529121465,19.545124017810846,0.0019063834759036843,0.00024211094355083252,13212,2709.004307540263,1537.2409216996448,0.35,False,,,,,
EB,44737596,44737596,4.0,2.7886705,2.7886705,0.278,0.99459136,0.71519542,13.82310009,3640.0,1.4266375687966142,3.525854054671081,0.013140075045925827,0.0015705393623691494,14601,16.7928788933744,2.797993748283024,0.025,True,,,,,
EB,147214032,147214032,9.0,2.4877086,2.4877086,0.488,0.9857617,0.94527537,9.22980022,6271.0,0.806342139293128,10.317672645405157,0.0008855361435730184,9.900595067811413e-05,15869,3154.7300366096347,3150.1826412552023,0.15,True,,,,,
EB,167005326,167005326,9.0,0.7204063,0.7204063,0.689,0.992984,0.79242331,12.25030041,7028.56982422,2.7787041196472613,25.387267144109803,0.0032168899756458876,0.0003642410640793806,15604,182.77033633294488,41.821981368510535,0.425,False,,,,,
EB,449351034,449351034,10.0,2.1862334,2.1862334,0.324,0.03170557,0.60904366,17.55890083,2855.0,1.3727631934559301,3.887741103780168,0.4600361365474686,0.05421577862392927,14874,7.987018849114033,2.9310360474400823,0.05,True,,,,,
EB,167201539,167201539,12.0,9.4689278,9.4689278,0.152,0.94109505,0.85294485,10.9701004,6484.0,0.6883078344037363,2.4905609507075432,0.001734144071681166,0.0002102958581641215,15861,147.1572283728464,8.885426662889552,0.035,True,,,,,
EB,196920546,196920546,17.0,1.5360575,1.5360575,0.478,0.72760618,0.7980392,11.72019958,5419.0,1.297845365216146,9.717498009745968,0.003711190030027644,0.00047516919228281007,12328,820.2023666275239,560.7801078163905,0.145,True,,,,,
EB,122375269,122375269,14.0,1.8912424,1.8912424,0.56,0.97331589,0.88922715,10.20969963,9370.0,1.0586916434299454,8.223012114237001,0.0015005815020136836,0.00020233836845450214,11155,3083.8553135461643,365.96604879052455,0.26,True,,,,,
EB,388602832,388602832,18.0,1.4790633,1.4790633,0.686,0.88716155,0.96456617,7.25560999,6547.0,1.3550181414868532,24.816926738735887,0.0005049890303702328,5.7548841006785336e-05,15133,1181.5916837097316,1141.5089953818497,0.38,False,,,,,
EB,90616971,90616971,14.0,1.6736565,1.6736565,0.424,0.20668012,0.42779902,13.89220047,3616.0,1.1982238220521686,7.073254976928351,0.029789136319132162,0.004053787992226892,11053,17.349478124325667,9.568110288490654,0.165,True,,,,,
EB,65448527,65448527,4.0,0.6678304,0.6678304,0.74,0.99061888,0.81267935,12.11120033,8116.0,2.9969621995729736,21.183752306694288,0.0033343962340971005,0.00038761568885007123,14735,252.258377438997,140.06915631544763,0.305,False,,,,,
EB,453828065,453828065,4.0,9.138309,9.138309,0.231,0.36861145,0.60028529,16.17989922,,0.7660965258497627,4.2566508283327185,0.05712803423149244,0.007031974910272762,14735,24.943489569610055,4.407445261861795,0.035,True,,,,,
EB,383858742,383858742,11.0,0.3211244,0.3211244,0.943,0.99328274,0.93492228,8.80270004,6083.12988281,6.230059146312907,43.992169786985514,0.0016686755699585156,0.00019803535599029404,14209,277.50672242580606,170.83222683163615,0.47,False,,,,,
EB,13070701,13070701,5.0,0.4140761,0.4140761,0.9,0.99288648,0.85667634,10.85229969,6797.0,4.826260484116928,51.37059410473103,0.003239897428014532,0.00035141621617233953,16988,419.49185815665084,348.3807258686538,0.47,False,,,,,
EB,159636127,159636127,15.0,0.8146941,0.8146941,0.631,0.89376795,0.96456003,6.45120001,6565.0,0.9080980943484913,8.651277324090918,0.00023267562132674055,2.6178052639516094e-05,15716,24.87487053890034,7.122243504464416,0.29,True,,,,,
EB,235982927,235982927,18.0,0.847279,0.847279,0.583,0.92319465,0.94491827,9.49454975,6597.0,2.3624960710724054,17.732369983204542,0.0007893801494671679,9.176357844680141e-05,14855,47.22504102405018,39.39505912848017,0.255,True,,,,,
EB,253929719,253929719,28.0,6.6868705,6.6868705,0.405,0.88292509,0.64516819,14.18459988,3454.0,0.7492282644030869,4.2603127291609555,0.016437102394799553,0.002372491373083741,12165,21.019265999407835,3.513580118292434,0.035,True,,,,,
EB,265591866,265591866,1.0,2.2807588,2.2807588,0.546,0.99724329,0.87422478,10.84039974,7381.0,0.8802160759657763,13.331467429219131,0.0018488024383850523,0.00019327690309426667,18274,4347.25849524294,809.673326717781,0.275,True,,,,,
EB,467574373,467574373,18.0,1.0768276,1.0768276,0.836,0.95146698,0.95377356,8.34381962,6514.0,1.85647373214149,30.143586373573946,0.0005336409518431725,6.245794919455998e-05,14536,74.710493495208,40.3923590708507,0.475,False,,,,,
EB,231826813,231826813,1.0,0.9007543,0.9007543,0.593,0.99983686,0.96365094,7.02909994,6882.0,1.109733702960451,16.948897458564076,0.00024036903816859116,2.5197521792956614e-05,18273,15.598062216493833,5.454673907289093,0.31,False,,,,,
EB,325564366,325564366,12.0,0.8886966,0.8886966,0.509,0.95865548,0.92678291,10.23400021,6246.0,2.2507449688723935,12.154940826698638,0.0011348390736321643,0.00013563921277957034,14064,23.694361674115566,5.648719539859237,0.17,True,,,,,
EB,120566395,120566395,2.0,0.8884682,0.8884682,0.394,0.99872518,0.87928492,10.43669987,6001.0,0.5145955733591607,22.550138122597,0.0012298362809655343,0.00012821929575583017,18299,32.65485709990055,0.0,0.465,False,,,,,
EB,305399325,305399325,16.0,6.1001972,6.1001972,0.218,0.2487658,0.97347224,8.60270023,5721.0,0.6514900791023499,4.420633020659794,0.001379997356111003,0.00014880894192286244,14935,524.491802368356,471.3131295452281,0.31,False,,,,,
EB,470710327,470710327,17.0,0.5523474,0.5523474,0.792,0.85585994,0.94273233,9.22999954,8986.0,1.809548029592151,23.484426487178258,0.0008690563394868906,0.00010171535095161559,14602,488.54124835521895,0.0,0.42,False,,,,,
EB,457173024,457173024,5.0,0.7989162,0.7989162,0.643,0.99989831,0.96894282,6.24970007,6538.0,2.504676474412812,30.086328402714084,0.0011153783261775095,0.00012027433808273013,17370,2205.1330168091527,2108.107922990165,0.37,False,,,,,
EB,384534266,384534266,12.0,0.9877761,0.9877761,0.937,0.99096805,0.95774329,7.87060022,7141.0,2.0237139866232563,38.77235573264762,0.00037504865586504305,4.020943651269791e-05,17327,83.90409837376693,56.13905761515617,0.47,False,,,,,
EB,167717848,167717848,5.0,5.064015,5.064015,0.657,0.97588587,0.91069591,9.30020046,4455.0,0.7870981315989336,12.82311603652414,0.0008620788132079056,9.087108574372763e-05,17396,2015.5782574300304,602.1818673185376,0.41,False,,,,,
EB,122645363,122645363,12.0,0.5339372,0.5339372,0.532,0.12247645,0.56523907,14.91839981,8956.0,3.7427765615781974,14.445546414110703,0.09347759830114993,0.011093749911581763,14153,99.85134077364371,16.26452805506521,0.305,False,,,,,
EB,55896456,55896456,5.0,0.4647737,0.4647737,0.788,0.80918539,0.74853402,11.38440037,6554.0,4.303280225996266,51.251156211390445,0.00749289924420121,0.0008079801048361642,17169,493.7198085367019,453.2043292936756,0.44,False,,,,,
EB,303255899,303255899,19.0,2.2714636,2.2714636,0.34,0.94038016,0.82349706,11.12800026,,0.8776980186809225,9.083896013152208,0.0018102472993224835,0.00019990837183705135,16658,131.1766736492724,52.66414439387433,0.135,True,,,,,
EB,396655059,396655059,12.0,7.9771837,7.9771837,0.186,0.93023872,0.88972437,10.08570004,7909.0,0.5,4.186162441985674,0.001224242785178849,0.00013357583885918183,16037,856.1069681262014,379.47980958509413,0.045,True,,,,,
EB,343757299,343757299,12.0,5.8192347,5.8192347,0.26,0.99598438,0.94778484,8.0866003,9787.0,0.6886823526683401,3.1399129925577793,0.00040851800446687877,5.146843075770165e-05,14237,977.0302301037688,91.13685618111153,0.075,True,,,,,
EB,441804674,441804674,14.0,4.2699202,4.2699202,0.777,0.99801445,0.95221263,9.02692032,4684.0,0.5223462841069852,18.79715582471827,0.0007828865638364484,8.162156656575686e-05,18418,1702.3384147116174,264.08513048091396,0.46,False,,,,,
EB,88646716,88646716,21.0,0.4149777,0.4149777,0.793,0.99834037,0.94200516,9.01095009,5951.66015625,4.8185116233929985,50.38607404483553,0.004289447236198845,0.0004598770149454117,17268,454.80323819339435,400.58637004395433,0.445,False,,,,,
EB,100100827,100100827,2.0,0.9414549,0.9414549,0.537,0.98724049,0.94842738,8.82870007,6226.0,2.1273837326456912,12.765050352983186,0.0005473402020845283,5.706416076376816e-05,18299,194.5382659171451,8.937179880455155,0.185,True,,,,,
EB,23753424,23753424,16.0,0.3455705,0.3455705,0.94,0.9998613,0.91558146,8.75934029,5776.0,5.787124380668569,49.66236905505152,0.000750815877127121,8.55634101724554e-05,15399,234.94918347985003,175.6773529833814,0.475,False,,,,,
EB,101395259,101395259,8.0,7.5746218,7.5746218,0.173,0.9899115,0.9164471,10.19130039,6518.0,1.3216540234378589,2.683415228990158,0.0011065509190357305,0.00014920729548449272,12991,39.235691569627015,2.419367664743573,0.015,True,,,,,
EB,355601553,355601553,1.0,0.4299469,0.4299469,0.952,0.98772782,0.96224529,9.36760044,6695.0,4.653605725112326,50.266638669687495,0.0008189868005156172,8.585314444559201e-05,18276,218.9858426822277,160.1565238644732,0.47,False,,,,,
EB,141148944,141148944,22.0,0.8652485,0.8652485,0.57,0.9024626,0.91825765,6.95255995,9090.0,1.1530330129920117,14.592093961057413,0.0009637840781484413,0.00010515746408829683,16866,110.15346137640101,5.375249592395429,0.2,True,,,,,
EB,452845139,452845139,7.0,3.3488261,3.3488261,0.352,0.91111135,0.6886462,11.66889954,6627.79003906,0.5981424029552889,5.472498466486658,0.0024865614811651242,0.00028429451725978664,16342,67.94986449267562,5.511072069676897,0.08,True,,,,,
EB,114547549,114547549,7.0,3.8679801,3.8679801,0.524,0.3875134,0.61011106,13.89490032,3622.0,0.5163570318072117,14.07306651770171,0.020462020900575733,0.0022459985820452726,16343,24.1271563508106,6.127112937848636,0.205,True,,,,,
EB,83905462,83905462,17.0,9.6529258,9.6529258,0.339,0.96126133,0.83899295,10.54920006,5350.0,0.5173764280991584,7.4452461730447395,0.0015731324905448826,0.00018938289689118644,12861,1770.7093173304916,1762.428078532908,0.1,True,,,,,
EB,193627658,193627658,25.0,0.7871829,0.7871829,0.633,0.98957086,0.89735419,11.05729961,6245.0,2.541095061548976,28.256222931237524,0.0030580463095355474,0.0003297576141417585,17246,1445.32269162567,749.8060686271198,0.385,False,,,,,
EB,373915220,373915220,27.0,6.4706807,6.4706807,0.149,0.97066391,0.85119498,11.45409966,7204.0,1.6985598049943573,4.491937722169561,0.0022712102771322807,0.00023551353459614772,16780,480.9470034003901,160.77820789585192,0.05,True,,,,,
EB,467722869,467722869,19.0,9.481646,9.481646,0.221,0.99552834,0.94278711,8.81690025,9152.0,0.6356563296254428,5.260620516119602,0.0006842462596614006,7.314900205241485e-05,16895,4256.241842360745,3191.8105095252718,0.05,True,,,,,
EB,117739806,117739806,6.0,5.6203686,5.6203686,0.224,0.94440067,0.93976516,9.39966965,5981.0,1.069530877962749,2.9109404952110114,0.0008122747967075509,9.081508309239531e-05,14683,2112.109632692981,188.0486133967317,0.31,False,,,,,
EB,137136194,137136194,10.0,3.1306539,3.1306539,0.405,0.94006032,0.92804098,8.75269985,6208.0,1.6014888869267891,6.408472787923037,0.0005654003428734259,6.36125084946317e-05,16345,15.928432010307857,14.183566484197586,0.115,True,,,,,
EB,258271315,258271315,14.0,2.6436389,2.6436389,0.41,0.9275735,0.87963539,10.73999977,5354.0,1.5130504964656515,7.633303399348572,0.0017321200699063177,0.00017865454411726425,18424,48.18320980412434,3.973817645096105,0.075,True,,,,,
EB,323292655,323292655,11.0,1.6698839,1.6698839,0.595,0.98033345,0.96329576,5.82579994,7444.0,1.1999995457329262,16.045012911710785,0.0007954009917694764,9.064435553861726e-05,15064,4505.401550424033,3938.118684106488,0.265,True,,,,,
EB,279484342,279484342,4.0,0.6322016,0.6322016,0.671,0.99331617,0.94799769,9.09469986,6578.0,3.16459246070893,24.86352245253562,0.0028258768673645436,0.0003285015132119092,14804,1225.0473195256868,505.90103025122556,0.44,False,,,,,
EB,299160301,299160301,14.0,5.9369062,5.9369062,0.289,0.99140382,0.94121033,8.79922009,6989.0,0.7085660070542845,9.578747894426732,0.0009580378842015505,0.00010330788188740779,18354,2349.051466336098,735.963614174153,0.095,True,,,,,
EB,434893323,434893323,17.0,1.3645751,1.3645751,0.635,0.97945714,0.94841701,7.2336998,,0.7310978750722045,13.705998036295409,0.000522117296265326,6.110920732583573e-05,14602,4614.051043452218,69.28581590240913,0.48,False,,,,,
EB,25226885,25226885,1.0,1.6320461,1.6320461,0.52,0.89518613,0.77731758,11.93290043,6222.0,0.6150321078986369,9.23597048316104,0.0032616821243831224,0.0003428604129499077,18230,399.0420378919484,41.34261138502938,0.155,True,,,,,
EB,257060367,257060367,15.0,0.526485,0.526485,0.743,0.83278459,0.88915408,10.04539967,7504.0,3.8021737379001346,30.354806489603025,0.00317425797561056,0.0004064220872992867,12248,514.939273034188,398.1173554040969,0.445,False,,,,,
EB,53708889,53708889,18.0,8.4582565,8.4582565,0.276,0.95319098,0.84367484,10.11830044,8632.0,0.9486017275001806,6.589585937096562,0.0014853538234603943,0.0001835309313476881,14996,2428.115716703667,2143.7285611347947,0.07,True,,,,,
EB,61381436,61381436,13.0,3.8884334,3.8884334,0.328,0.83957809,0.80459696,11.14019966,6221.0,0.5157885904326023,5.573921424885021,0.0021337551548001052,0.00022810802104356536,17221,298.38319189481587,28.67940538241884,0.13,True,,,,,
EB,200373531,200373531,16.0,8.0766059,8.0766059,0.262,0.98193872,0.80820644,11.11569977,5831.0,0.7366689530804567,4.199014760452326,0.0018218213480688586,0.00023921686252261282,13513,87.39062533631615,8.951394360662023,0.05,True,,,,,
EB,55655482,55655482,20.0,7.920336,7.920336,0.169,0.9894765,0.94814545,9.21749973,5854.0,0.7583810898371413,3.740704206405713,0.0007156766365124814,7.762603020438429e-05,17630,140.64888925014074,134.23671696080288,0.03,True,,,,,
EB,321947833,321947833,10.0,5.4212965,5.4212965,0.6,0.80028635,0.88950795,8.38689995,,3.12473242536102,23.296964183797776,0.0016362374401691735,0.0001852674075911097,16444,163.43651134804549,69.10306316723819,0.13,True,,,,,
EB,390408482,390408482,18.0,2.9268983,2.9268983,0.697,0.94616711,0.92990702,9.0152998,9757.0,0.6813037120335302,25.798001974234534,0.0008638471248087076,0.00010110565848969012,14367,2874.9386234277913,1719.7425084162023,0.44,False,,,,,
EB,272944291,272944291,14.0,1.4186942,1.4186942,0.735,0.84613031,0.79684806,11.5880003,6523.16992188,1.4087480675377844,30.634582305253343,0.002753024958449337,0.00028702269304778307,18424,89.45507537859528,32.007925533290226,0.435,False,,,,,
EB,146539195,146539195,5.0,0.2801374,0.2801374,0.736,0.98472965,0.84533292,11.61670017,3013.0,3.5653057250573905,34.32356619541775,0.002672270288937928,0.00028984840859724864,17063,73.16137189500589,0.0,0.45,False,,,,,
EB,294327312,294327312,4.0,0.9185462,0.9185462,0.585,0.98844844,0.94992733,6.58199978,7635.0,1.0907659372335479,10.541967295945314,0.0006388151415937262,7.47676570183883e-05,14464,654.4844385606252,37.466751745555506,0.475,False,,,,,
EB,283939331,283939331,24.0,3.5200155,3.5200155,0.235,0.66327548,0.67054057,13.20250034,4927.0,1.7082495859760023,4.840084585353336,0.01272271357548643,0.001459395335872589,15336,316.65500600237084,108.7417641190944,0.42,False,,,,,
EB,4742129,4742129,4.0,2.0720163,2.0720163,0.375,0.99942458,0.86056429,11.20569992,4242.0,0.9617685727120227,8.339474244807327,0.0021241817840486127,0.0002469311166582847,14727,1888.8530617506983,1403.4437341699202,0.095,True,,,,,
EB,274039311,274039311,4.0,4.5541186,4.5541186,0.142,0.99896914,0.94576263,8.19783974,6706.77001953,0.6559688777778123,5.54823272726722,0.0005188796478958254,5.801250824181106e-05,14466,5882.686866020958,116.89023958382623,0.265,True,,,,,
EB,358018612,358018612,19.0,2.3328912,2.3328912,0.598,0.99589008,0.96349657,7.92869997,6507.0,0.8607362085146015,18.380803988415106,0.00047035468170117097,5.162813356961538e-05,16730,2691.566743511158,2211.6529400427385,0.23,True,,,,,
EB,105802318,105802318,9.0,0.2781131,0.2781131,0.876,0.99036825,0.79474425,11.44519997,5392.0,7.189717179260787,51.010107519680986,0.003670674311816958,0.000415622022309486,15666,239.94835167438265,187.8333314774258,0.46,False,,,,,
EB,310516902,310516902,24.0,1.6136022,1.6136022,0.56,0.99706721,0.82708341,11.6704998,6580.77978516,1.2400444882206823,10.792842592056948,0.002928050628905269,0.00034996898812471414,14289,1961.70175653785,314.53799051516216,0.295,True,,,,,
EB,31303242,31303242,5.0,7.05507,7.05507,0.29,0.98190182,0.9342947,10.14099979,6223.0,0.5705449384014283,6.408843023496492,0.0011625581540761205,0.00011625581540761205,17098,3115.2360220680944,2885.7924772420197,0.075,True,,,,,
EB,280685089,280685089,13.0,3.385219,3.385219,0.377,0.49483466,0.92466187,10.64659977,5472.0,0.591432860776951,11.10971520046677,0.0022073035128177634,0.00022411771570254825,19440,138.36452486936693,26.609943598169057,0.22,True,,,,,
EB,376971463,376971463,18.0,1.1374875,1.1374875,0.532,0.94638246,0.89217979,9.95989037,6195.0,1.7575420594888869,13.486216812645639,0.0010481281399852766,0.00012022854321255454,15245,29.9011249758737,20.675535506024925,0.18,True,,,,,
EB,240764987,240764987,2.0,1.0272832,1.0272832,0.597,0.99970216,0.90672904,10.24720001,5121.0,1.9450574037396218,23.808433025686593,0.0015314596600307668,0.00015966570683168115,18298,1012.0504289548692,973.1036601794631,0.3,False,,,,,
EB,427394772,427394772,6.0,6.4707838,6.4707838,0.489,0.71150172,0.78353083,4.91179991,,0.9317509440735083,6.538315774139185,9.9917062370239e-05,1.198525434112924e-05,14683,72.91471956385993,30.47726219428635,0.2,True,,,,,
EB,402339590,402339590,2.0,6.6262203,6.6262203,0.646,0.99740583,0.88854051,9.89080048,5047.0,0.6021736879997384,15.568431928400791,0.0009879067402076764,0.00010189480011724635,18299,2581.4119020079333,1469.330996125776,0.44,False,,,,,
EB,240154683,240154683,20.0,4.0379616,4.0379616,0.495,0.92753828,0.80266714,10.78999996,6222.68017578,0.5,11.381743885598988,0.002116871081639833,0.00022826807924738549,16528,1585.8843741729063,1563.752696656795,0.15,True,,,,,
EB,311431771,311431771,25.0,0.3473144,0.3473144,0.956,0.98221374,0.90883088,10.6182003,6182.0,5.75878659805524,44.38097878051406,0.0018965843098332365,0.0002147458857343152,15623,188.31873018544096,178.07787106718362,0.465,False,,,,,
EB,64108432,64108432,4.0,2.7787077,2.7787077,0.41,0.99956506,0.9054637,10.13560009,5886.0,0.7108603839658646,9.173505711278187,0.0010545420528875094,0.00012604188313573744,14824,148.10820740846893,6.088073354479223,0.325,False,,,,,
EB,402447670,402447670,10.0,4.3536788,4.3536788,0.868,0.92856932,0.93022847,7.77740002,9768.0,0.5157658334119561,25.464743267840355,0.0004114300200330597,4.614369971841437e-05,16452,553.3507806079948,188.48914548670587,0.465,False,,,,,
EB,289670788,289670788,8.0,1.9557549,1.9557549,0.56,0.98054177,0.90855807,10.18000031,6425.0,1.0215815847478906,10.343307892925305,0.0010544413765254702,0.00013180517206568378,13035,304.2619676347948,61.44752988750058,0.305,False,,,,,
EB,308828048,308828048,11.0,1.0692161,1.0692161,0.749,0.95486379,0.91986668,8.53149986,6922.0,1.8694367757210761,22.9585269374054,0.000488753598684891,5.569864185285272e-05,15408,60.626610954441475,23.662301991118248,0.43,False,,,,,
EB,88703412,88703412,20.0,2.8699727,2.8699727,0.352,0.92602158,0.86817336,11.56569958,3659.0,0.69758427722977,4.653679314034182,0.0025882463750925,0.00028240083169182016,17628,10.044042743554984,3.6572074552965144,0.03,True,,,,,
EB,149622009,149622009,23.0,0.255229,0.255229,0.733,0.88138855,0.94002849,9.08257008,6403.0,7.838997979194897,44.51408702882125,0.0014194161747223238,0.00017340928537617855,13414,260.9824854056673,217.31925453078114,0.44,False,,,,,
EB,396300606,396300606,17.0,4.2923404,4.2923404,0.672,0.49125245,0.72754902,13.02149963,4513.0,0.5261736902828239,12.816519866173275,0.015282035473587198,0.0019408204459669906,12770,114.11393402927185,3.5330240525450036,0.275,True,,,,,
EB,38687360,38687360,5.0,0.5080177,0.5080177,0.739,0.99916041,0.94392198,7.90541983,6643.0,3.9390636151431897,41.10659732476524,0.0037618047970636487,0.0004056458435173711,17220,729.9980382170362,418.33158002529615,0.45,False,,,,,
EB,12158853,12158853,6.0,1.2623791,1.2623791,0.361,0.95127857,0.74493718,11.63029957,3465.0,1.5839560230991472,12.121398067332544,0.0031464492515310247,0.00036826402999359754,14599,468.8838657292864,428.0105979646317,0.08,True,,,,,
EB,146601322,146601322,8.0,0.986995,0.986995,0.576,0.98870045,0.93644369,8.39599991,,2.023355181911138,16.29394077464824,0.0009434482393709484,0.0001170203519690316,13018,2390.1184099735824,1939.1225593244255,0.26,True,,,,,
EB,428942240,428942240,19.0,1.0521955,1.0521955,0.785,0.99121362,0.94505388,7.96070004,14569.0,1.9008009712065672,31.21715108351483,0.0005472258682663617,5.9707237227822275e-05,16775,881.7210309053248,592.4088779195506,0.44,False,,,,,
EB,166773165,166773165,15.0,5.0316864,5.0316864,0.238,0.94945866,0.94296384,8.06200981,9093.0,0.791808125707159,3.0671594027232403,0.0006054544392515629,8.163945993423262e-05,12639,677.7304921646617,123.57120417794435,0.07,True,,,,,
EB,347448707,347448707,8.0,2.1996271,2.1996271,0.871,0.89651239,0.89242131,10.01900005,5827.0,0.9069234755770763,27.917098194967014,0.0010512468289221389,0.00013140585361526736,12981,195.68576728118853,110.80031666938487,0.46,False,,,,,
EB,375477302,375477302,9.0,3.0728583,3.0728583,0.251,0.81891888,0.72306609,12.03359985,6235.0,0.6492301856188707,4.239452710856332,0.0036164324457029404,0.00040948034038048117,15822,56.05394534805313,3.2444427895514765,0.03,True,,,,,
EB,405391996,405391996,8.0,1.2854909,1.2854909,0.497,0.99112749,0.84882838,10.41079998,5764.0,0.7740526209852729,13.04577995808684,0.0012420901596360172,0.00015406232328632098,12981,94.77454191808609,23.162299263639397,0.35,False,,,,,
EB,276119305,276119305,16.0,2.5784859,2.5784859,0.6,0.95636213,0.63714379,11.99199963,7385.0,0.7780068493610454,18.471023624994718,0.004022199543505542,0.0004644435978354629,14922,443.3785367090518,390.53436864557705,0.275,True,,,,,
EB,55222620,55222620,9.0,5.1962117,5.1962117,0.21,0.71348226,0.95697236,8.64373016,6405.0,1.9277221317923452,3.5763188118992697,0.0006662602143428276,7.693310282023384e-05,15778,88.69039031271456,12.438575627136,0.045,True,,,,,
EB,201497357,201497357,6.0,2.8721398,2.8721398,0.451,0.99474376,0.9580121,8.13918018,7396.0,0.6929065363316097,7.649507384576289,0.00046415876101588805,5.4701634576913433e-05,14588,5862.415271295423,2452.532537196896,0.12,True,,,,,
EB,265579763,265579763,19.0,1.167942,1.167942,0.539,0.62729937,0.7870971,13.45740032,3021.0,0.8600462742684374,12.848497894135797,0.012556973374943048,0.0013700781188148005,16793,27.906857730232552,2.6442640666546704,0.17,True,,,,,
EB,78234838,78234838,8.0,1.9743377,1.9743377,0.306,0.99711567,0.78603089,11.95820045,3564.0,1.0142510608365174,7.363532559747653,0.003383297990301604,0.0004229122487877005,12994,599.0550842765617,433.7199639855143,0.075,True,,,,,
EB,369370898,369370898,4.0,1.7104489,1.7104489,0.411,0.99460036,0.90492839,10.34109974,5361.0,0.5860821920244197,7.336223630542557,0.001346908632746729,0.00015657494816047332,14736,2551.1293743719334,618.2348788400318,0.115,True,,,,,
EB,122285268,122285268,11.0,0.7208626,0.7208626,0.644,0.49917403,0.92848021,9.50399971,,2.7717297390128293,24.24488956510832,0.0018570946124599667,0.00022356791918197905,13954,450.7692113964441,291.931073968856,0.415,False,,,,,
EB,219865181,219865181,17.0,1.1178055,1.1178055,0.382,0.71585757,0.82766241,11.82999992,5260.0,0.8924931651261407,5.287177138739645,0.002924203844508926,0.0003744059365387022,12182,8.487890319947843,2.432542692000232,0.05,True,,,,,
EB,271799457,271799457,27.0,1.9084725,1.9084725,0.499,0.9562192,0.77944726,11.53610039,5886.0,0.5250831316213257,11.264157550303853,0.002498890811796933,0.00027595632584114747,16118,71.16277734947505,7.164358762497751,0.285,True,,,,,
EB,269078565,269078565,5.0,2.4555486,2.4555486,0.526,0.98592454,0.738217,11.98009968,7686.0,0.8130905897460057,11.058415123888837,0.003262249522268425,0.00034974986045925864,17122,2088.410191021859,248.57484605994148,0.23,True,,,,,
EB,387586260,387586260,4.0,0.880467,0.880467,0.813,0.99805927,0.87829989,10.11520004,7563.37011719,2.271598219888574,30.4281200271694,0.002532031910876564,0.0002943427308634012,14849,911.9593733306834,660.8528993022494,0.455,False,,,,,
EB,143022688,143022688,4.0,1.5661604,1.5661604,0.325,0.99826527,0.89910012,10.20510006,4086.0,0.6414998826198541,7.55565607536095,0.001231692549426849,0.00014415870897784518,14555,880.3243724726746,221.03109370984598,0.085,True,,,,,
EB,441739153,441739153,14.0,3.2100707,3.2100707,0.387,0.99014574,0.94382107,9.0532999,8081.0,0.6266292390635927,8.792831911652433,0.0007745805220681354,8.075560184953017e-05,18418,1314.7058637978278,683.9257251805707,0.1,True,,,,,
EB,279202406,279202406,18.0,4.9216633,4.9216633,0.534,0.88621134,0.83094525,11.18760014,7209.0,0.8132439922620583,9.734919356405543,0.0021779497529862118,0.00025847508193118697,15134,2025.011861447776,303.23266411395616,0.26,True,,,,,
EB,211116547,211116547,13.0,1.2769701,1.2769701,0.436,0.63326341,0.55503929,12.85309982,,1.5632561534971128,13.640347773030507,0.009117416983901002,0.0009774897033783265,17402,238.1033444830313,142.04761412264347,0.115,True,,,,,
EB,159803421,159803421,12.0,0.5522213,0.5522213,0.435,0.97693783,0.88156086,7.41190004,5708.0,3.618800545075973,17.12554606531392,0.00035418318264566654,3.935368696062962e-05,16202,51.59397862795569,42.5321210792167,0.12,True,,,,,
EB,349483495,349483495,11.0,1.9978092,1.9978092,0.449,0.88584524,0.81501728,11.72679996,5804.02001953,0.9979676188105667,5.125797418574565,0.0025293571124186333,0.00030017946280406024,14271,15.129188801122206,13.44814950421499,0.075,True,,,,,
EB,440788366,440788366,7.0,1.5482769,1.5482769,0.609,0.96830565,0.93697077,8.9776001,9079.0,1.2934706678107117,20.487572762303174,0.000594238096639291,6.562261986368904e-05,16332,418.65348281678195,392.46337709227146,0.28,True,,,,,
EB,367691816,367691816,16.0,2.0201928,2.0201928,0.682,0.97158384,0.88765311,9.9598999,10779.0,0.990502588982233,23.925474242992674,0.0011092824072325097,0.0001355204153258204,13550,1279.0954344588583,921.4557133723387,0.39,False,,,,,
EB,423439467,423439467,4.0,3.4172794,3.4172794,0.593,0.98895836,0.80695724,12.07960033,5780.0,0.5861335765342996,16.000208523097466,0.003155999446866625,0.0004008123305645923,14711,1307.0096756850667,400.69892056842315,0.315,False,,,,,
EB,266735682,266735682,3.0,1.1352356,1.1352356,0.555,0.99870265,0.92723835,10.36769962,7828.0,1.7625409465549637,10.743475237691008,0.001528083449866798,0.00018953542513439035,12914,2231.044364513595,264.9774304617434,0.245,True,,,,,
EB,82337809,82337809,18.0,3.5232799,3.5232799,0.214,0.98852986,0.85535061,10.31869984,5169.0,0.569770550775341,5.955237705840124,0.0012197919468125095,0.00014227942200222693,14019,81.92609626358431,60.6323323018918,0.07,True,,,,,
EB,415165528,415165528,16.0,3.6099001,3.6099001,0.989,0.98083383,0.92337549,9.02939987,9718.0,0.5525509333853695,33.6430460828587,0.000636534553011987,7.895239433970226e-05,13549,207.61980901862896,197.73683937959456,0.46,False,,,,,
EB,273372402,273372402,14.0,2.2488952,2.2488952,0.562,0.9320752,0.76779759,12.01930046,5946.06005859,0.8873343769080493,9.901482158911888,0.003364637176166037,0.0003452044905367277,18424,177.14013326201126,15.956991199104708,0.435,False,,,,,
EB,464772659,464772659,5.0,9.7376099,9.7376099,0.532,0.99058151,0.88013917,10.23760033,5292.0,0.547332664250819,4.337595090890543,0.0012121063146902844,0.00014487441448727054,16945,70.06496387528705,46.83660912359836,0.365,False,,,,,
EB,224607716,224607716,14.0,0.5107739,0.5107739,0.885,0.99960244,0.95357639,8.18340015,9898.0,3.9192361908738897,41.604671689347974,0.0005399570584122648,5.629441482540755e-05,18418,265.4542265026804,163.00579103771267,0.47,False,,,,,
EB,376891083,376891083,17.0,2.1417938,2.1417938,0.585,0.64951026,0.9519372,8.67214012,11365.0,0.9365424254694591,14.578080395034851,0.0014037768421570668,0.00016209418754030904,14601,4260.130432856392,1026.7598554015553,0.29,True,,,,,
EB,156169159,156169159,14.0,0.7452159,0.7452159,0.629,0.94197917,0.91297686,9.78059959,6535.0,2.6824747865002685,27.20780864378871,0.0009293966275538571,9.689629661050694e-05,18422,50.42722823913957,19.34491178662326,0.42,False,,,,,
EB,99028324,99028324,10.0,9.40434,9.40434,0.256,0.15474735,0.69439363,13.23900032,3134.0,0.5517402188398361,3.744286858011341,0.02515261289353762,0.003050202344715537,13265,149.75988931405575,74.19438106903932,0.02,True,,,,,
EB,280564453,280564453,18.0,6.9149552,6.9149552,0.316,0.63472569,0.67402947,14.0951004,3248.0,1.1614447152868035,4.113489586340301,0.020156641818245058,0.00232748851594453,14485,17.676606766560514,10.17701697897811,0.04,True,,,,,
EB,258519658,258519658,11.0,0.8877353,0.8877353,0.388,0.74782348,0.65417129,15.00209999,,2.256731164140419,7.938687405986456,0.040182641069941905,0.0048027442205409755,13985,15.157002378007947,5.430413786471047,0.1,True,,,,,
EB,193545440,193545440,15.0,0.6369221,0.6369221,0.593,0.15123111,0.88021803,12.07149982,6408.0,3.1800443221964625,19.58634001000496,0.013974183066904722,0.0016029487317677621,15108,277.95932576838607,246.79474002370438,0.425,False,,,,,
EB,69559020,69559020,14.0,0.2908637,0.2908637,0.633,0.67564738,0.66613019,12.61600018,,0.6117323837173084,7.461918335031893,0.010418894624875647,0.0013450735122677783,11964,142.3974721476034,65.1439618383439,0.305,False,,,,,
EB,11546041,11546041,3.0,0.4068856,0.4068856,0.778,0.99886709,0.85086095,11.71420002,7179.0,4.918972292643758,34.01149950714522,0.0027556323474795027,0.00034445404343493784,12817,292.52780912903677,146.5383795190657,0.455,False,,,,,
EB,93000166,93000166,10.0,2.8570926,2.8570926,0.332,0.94520628,0.92729521,9.16090012,6531.0,1.3450493585035144,9.52442641463931,0.0006980367687482125,7.755964097202361e-05,15492,58.56789453908431,6.390286511573044,0.085,True,,,,,
EB,405685992,405685992,14.0,9.5741104,9.5741104,0.183,0.95515609,0.75855625,11.86639977,5953.29980469,0.8351969979550551,3.0844843543676554,0.0029450576959795813,0.0002916041641598728,18198,575.1297334053285,12.29101678848173,0.1,True,,,,,
EB,180724703,180724703,2.0,1.1226132,1.1226132,0.604,0.97786027,0.9084444,10.40839958,6689.0,1.7844565467067532,17.260237275306945,0.0017119791355140166,0.0001784861631598213,18298,2576.5376714661834,458.5917974429305,0.335,False,,,,,
EB,273373040,273373040,14.0,0.8431663,0.8431663,0.547,0.79366392,0.76064658,12.02470016,6602.33007813,1.185283780772647,27.082033044315462,0.003519828083352322,0.000366967445190923,18422,81.92032344965095,4.856171081343889,0.36,False,,,,,
EB,64951042,64951042,16.0,8.2390329,8.2390329,0.584,0.78905326,0.80017424,11.56719971,6727.0,0.5,17.574496027558048,0.002816816066547226,0.0003636493905022296,13552,1406.372636469509,348.7018024289723,0.33,False,,,,,
EB,63972389,63972389,16.0,3.037679,3.037679,0.478,0.69650704,0.71273822,11.46790028,6805.0,1.9990549716823143,5.684535808771907,0.003297620015532456,0.0004090194234026297,13161,7.16165566255425,4.1561784149054555,0.06,True,,,,,
EB,63449090,63449090,14.0,2.4419957,2.4419957,0.36,0.95208132,0.84915042,11.07320023,5836.20019531,0.8202977950547626,5.861548872526405,0.002042650615546151,0.00021068332435579025,18423,476.8963279250205,8.430472155228834,0.235,True,,,,,
EB,230233157,230233157,25.0,0.5895456,0.5895456,0.657,0.99465269,0.77868724,11.48989964,5483.0,3.390556482224365,31.7371918192762,0.004536266412619028,0.0004891581872623228,17149,1055.7004032586053,450.20892701583824,0.42,False,,,,,
EB,301264684,301264684,18.0,9.3622535,9.3622535,0.225,0.98159814,0.88328576,10.10649967,5343.0,0.5427351727774916,4.915929900267953,0.0011230143283897935,0.00013618549103038813,14717,76.48378117076426,6.153672526782058,0.075,True,,,,,
EB,355978205,355978205,14.0,0.89109,0.89109,0.5,0.98179418,0.85554421,10.42689991,6601.0,2.242987398684273,18.550324889801693,0.0013109763500467034,0.00013667873273633547,18423,68.44881959249142,45.38073303017022,0.18,True,,,,,
EB,325205605,325205605,1.0,4.2484918,4.2484918,0.4,0.98550421,0.80467117,11.91790009,5598.89990234,1.4110341262865997,6.860149743977272,0.0029134204278073775,0.0003054094457466358,18276,253.9252161757387,88.13143844688486,0.445,False,,,,,
EB,219780464,219780464,24.0,2.0008691,2.0008691,0.307,0.91627699,0.84458661,11.64920044,5744.0,2.999545696471173,6.40026060406859,0.0028224973582364424,0.0003216534260004302,14992,25.569728704536477,19.39254222245934,0.06,True,,,,,
EB,171419257,171419257,14.0,1.7138027,1.7138027,0.502,0.08282828,0.5920856,15.00599957,2901.0,0.6340775479091127,4.2669032948718515,0.08016615324426771,0.010181111643138733,12566,7.475439404585399,2.7199081198200243,0.065,True,,,,,
EB,33576348,33576348,3.0,0.4438332,0.4438332,0.665,0.99960709,0.94114202,9.27890015,6213.0,4.504650032086286,28.64285708793509,0.0022658414641106577,0.00028104304462218895,13031,799.8325186771889,371.802154662249,0.425,False,,,,,
EB,378089068,378089068,14.0,3.8996152,3.8996152,0.4,0.97958142,0.81311071,11.01239967,6495.04003906,0.5148975694568181,6.239217070303127,0.0018845061302346507,0.00025182772437904485,11678,165.85915196747393,154.5777137667318,0.085,True,,,,,
EB,303811839,303811839,10.0,6.9206307,6.9206307,0.123,0.92089057,0.83735055,9.99979973,5938.0,0.6283420858959978,4.082090321072247,0.001127117717357371,0.00011327959281928022,16000,138.60643949841614,25.724041075149156,0.305,False,,,,,
EB,67646988,67646988,21.0,1.8817457,1.8817457,0.217,0.9971084,0.77302998,12.4368,3138.0,0.902253244996067,5.646249773484234,0.0044935628741745075,0.00048176050834842376,17335,208.7425766963319,3.7998448657429376,0.03,True,,,,,
EB,442918617,442918617,5.0,1.6642507,1.6642507,0.487,0.99849194,0.96567023,6.69080019,14093.0,1.199697063251633,9.460780972504056,0.0002567404474238328,2.8012679387536757e-05,17285,3047.823581446469,380.2686135973929,0.155,True,,,,,
EB,183469904,183469904,8.0,3.5114994,3.5114994,0.663,0.97280318,0.92092156,9.1232996,10941.0,0.5660361967643377,18.123997449022394,0.0006622289851742145,8.343300979760244e-05,13085,1353.288148786955,192.29237435262004,0.415,False,,,,,
EB,251078096,251078096,4.0,0.5846354,0.5846354,0.67,0.99960446,0.79017043,11.40769958,7275.02978516,3.4198437270185487,26.192167382453178,0.0036173848795218785,0.00042051245067201354,14832,978.7273239348687,414.07414822872914,0.435,False,,,,,
EB,399421408,399421408,10.0,2.0455544,2.0455544,0.429,0.29325807,0.58123112,13.8458004,3129.0,2.1929495817098124,10.582759394178767,0.02053224231512824,0.00229557447735622,15621,77.37737161510091,49.27985366795913,0.12,True,,,,,
EB,104975120,104975120,19.0,1.1197175,1.1197175,0.566,0.76659292,0.81036609,11.43840027,7046.02001953,1.7847268231012916,15.32010614795788,0.002602085980926153,0.0002839108564851789,16873,194.23192309863973,27.284283505090137,0.295,True,,,,,
EB,211215485,211215485,13.0,1.7015012,1.7015012,0.605,0.97986287,0.90573853,8.14570045,6468.0,1.1723897281138935,20.227338748341346,0.0009004844325871844,9.710173359240078e-05,17402,3236.863706886782,2962.413877582734,0.27,True,,,,,
EB,459971813,459971813,5.0,0.376723,0.376723,0.862,0.89033353,0.71809328,11.86050034,6317.0,5.306190767574562,60.17330302451229,0.004417630024185357,0.0004763652964946798,17174,320.08546672047476,303.957788609262,0.455,False,,,,,
EB,203001339,203001339,14.0,9.0673009,9.0673009,0.104,0.95904082,0.89353275,7.70979977,7591.0,0.8798844107925645,2.9908933670391207,0.00045398398996723734,5.630978370333616e-05,13812,639.736956010655,423.5085300601504,0.045,True,,,,,
EB,139468902,139468902,1.0,0.4547342,0.4547342,0.741,0.99675912,0.95853055,6.97289991,10536.0,4.395155553790216,27.84016608154406,0.00023371754776981387,2.436673876403956e-05,18271,26.411130360924616,6.132851758611437,0.39,False,,,,,
EB,220430912,220430912,2.0,2.0326671,2.0326671,0.561,0.99975449,0.94980288,7.90579987,,0.9816691392758408,15.077589569079393,0.00042801615950834054,4.53696221687305e-05,18299,3079.116202821023,862.610810297875,0.205,True,,,,,
EB,348770361,348770361,12.0,2.7684404,2.7684404,0.489,0.99642128,0.86812806,11.49639988,5388.0,1.8027778351451147,6.318749653135398,0.0021341058051511084,0.00024642531221662705,14519,13.830874502422429,2.3463561968392153,0.07,True,,,,,
EB,76923707,76923707,2.0,4.5304746,4.5304746,0.202,0.8777982,0.91626799,10.46539974,4753.0,0.8867866725574884,3.5560972906118873,0.0012915668134919945,0.00013321494523984114,18300,56.818044271732184,4.57957710557922,0.02,True,,,,,
EB,220474209,220474209,1.0,0.9801495,0.9801495,0.489,0.99481916,0.91134351,10.28969955,5843.0,2.042269188052266,14.80611926289109,0.0012359618332485362,0.0001348544918318525,16980,518.8562632158364,185.16794743346648,0.335,False,,,,,
EB,290170195,290170195,3.0,0.2089138,0.2089138,0.735,0.99866438,0.94661015,8.38249016,7183.0,9.57381437933299,41.09823862126535,0.0004396159825687587,5.452765171909008e-05,12927,64.7740475343544,54.44892603596981,0.43,False,,,,,
EB,309257814,309257814,10.0,1.2383848,1.2383848,0.362,0.24414159,0.62706101,11.66259956,5196.0,0.5493097864310041,11.302428878560907,0.00706594595242311,0.0008159051595421657,14969,21.01168998238236,4.93081795186245,0.065,True,,,,,
EB,22017780,22017780,22.0,0.3842047,0.3842047,0.809,0.99849087,0.92005271,9.85879993,6011.0,5.202952900727163,56.33900437776966,0.005684123711369229,0.0006201887420676861,16708,385.3429791387036,381.80705768769116,0.45,False,,,,,
EB,215403644,215403644,3.0,2.1963465,2.1963465,0.558,0.99930543,0.95621264,8.37370014,8451.0,0.9142714392996116,12.30888634248635,0.00048772348197310305,6.096543524663788e-05,13538,3508.3690955593324,194.18537568526705,0.3,False,,,,,
EB,469979014,469979014,1.0,1.1625978,1.1625978,0.718,0.63649881,0.80576456,12.24779987,7679.0,1.7195015098994888,28.039473796425025,0.005581516624697275,0.000581913334274287,18277,251.72850417726661,190.7630080475971,0.34,False,,,,,
EB,354023414,354023414,19.0,1.3532158,1.3532158,0.551,0.97910172,0.94582355,7.70433998,6596.0,1.4815078500352685,18.589324499002412,0.0004911219129613817,5.35857938475487e-05,16863,922.18209945888,229.54865623696236,0.335,False,,,,,
EB,241393039,241393039,3.0,0.3711218,0.3711218,0.748,0.9166947,0.79845899,11.49810028,6003.0,5.392313965116212,45.56160606941676,0.007288853531571406,0.0009040710132480742,13000,402.9070808021538,390.09652837735223,0.44,False,,,,,
EB,317191077,317191077,6.0,2.1917865,2.1917865,0.565,0.96406347,0.93874294,9.20720005,6364.0,0.9133758769554186,16.048578312785356,0.0007495234066126563,8.89520631354874e-05,14608,518.0287123929766,329.8796049654052,0.265,True,,,,,
EB,159444225,159444225,14.0,0.2839962,0.2839962,0.697,0.93341261,0.77006876,11.17860031,4905.35009766,7.040056311005938,55.93964610596845,0.0020884528557026626,0.00021773626174633262,18295,88.83919552095008,70.80601635006896,0.42,False,,,,,
EB,238872494,238872494,27.0,1.0589856,1.0589856,0.342,0.96266723,0.86693853,11.09309959,3540.0,3.7755153129844383,6.4248326010249,0.001971224342771723,0.00021507820863073804,16778,19.256989183283906,2.6249576513239474,0.06,True,,,,,
EB,289801742,289801742,9.0,1.3896275,1.3896275,0.63,0.88702428,0.83646709,9.75636005,6245.0,1.4416195253468753,19.751445604642242,0.002136167715099025,0.0002388308111150912,15591,708.2888639347156,394.600868020275,0.3,False,,,,,
EB,215336287,215336287,3.0,2.5922851,2.5922851,0.538,0.898067,0.96578074,9.10910034,7820.0,0.7663166151612368,9.811481761501918,0.0007932149595609448,9.838620698133152e-05,12895,4174.190269145736,453.66314815243817,0.245,True,,,,,
EB,2020964,2020964,8.0,2.9423359,2.9423359,0.559,0.99311209,0.94626635,8.29179955,6269.0,0.6743945927279926,9.945683988384786,0.0006927794900066996,8.728201161732781e-05,12978,3575.8958690035183,99.804766513393,0.4,False,,,,,
EB,32759110,32759110,6.0,4.0770359,4.0770359,0.128,0.93914264,0.71560031,12.57380009,3119.0,1.9605945608119613,4.671558928356089,0.004757398802374056,0.0005606648256612425,14574,225.39994997313525,202.8289626241446,0.03,True,,,,,
EB,368180294,368180294,19.0,1.247223,1.247223,0.61,0.98672426,0.93931842,8.07750034,13995.0,1.6059617393918564,17.534913490872214,0.0009776327621192993,0.00010698736942459765,16756,4289.467014880357,1033.127732466048,0.345,False,,,,,
EB,231921891,231921891,5.0,1.6992714,1.6992714,0.527,0.98454541,0.90017629,10.35079956,5877.0,1.1814138724004728,13.872083317238415,0.0014641129633135854,0.00015880534771492273,17132,1594.9952055500917,1588.9291606129214,0.16,True,,,,,
EB,160484494,160484494,11.0,2.8601083,2.8601083,0.451,0.93012255,0.78546304,11.26679993,6460.0,0.6984806862532196,10.023203906212391,0.0022711115568577393,0.0002838889446072174,14031,112.9949476217823,24.181801159328156,0.22,True,,,,,
EB,179368346,179368346,11.0,0.2626685,0.2626685,0.731,0.91356057,0.76357991,10.97649956,4928.0,7.611363973878845,44.5341415952444,0.00914180928490207,0.0011610109401940835,12387,277.1614663308235,257.14479365647054,0.44,False,,,,,
EB,296012680,296012680,14.0,1.0867381,1.0867381,0.398,0.97429091,0.91953313,8.52219009,7881.0,1.8407610954318638,6.567712147811943,0.000520759296477776,5.400022350292538e-05,18419,7.6291106690827,2.198846294366204,0.075,True,,,,,
EB,177631209,177631209,12.0,2.1442081,2.1442081,0.36,0.56757998,0.95233357,6.17030001,12179.0,0.9337669939742297,7.392751369884118,0.0008002290471647543,9.302473718711907e-05,14617,1122.0001456547468,111.73079072393458,0.15,True,,,,,
EB,147610499,147610499,20.0,0.5288505,0.5288505,0.75,0.9855482,0.90527183,10.7531004,6730.0,3.7830450493646115,48.540084396477695,0.003528547503355993,0.0003761444277051492,17632,630.2209167165827,517.4186135589881,0.45,False,,,,,
EB,387544749,387544749,4.0,2.8196171,2.8196171,0.485,0.98036098,0.84089231,10.83329964,3711.0,0.7105586858406502,14.656245662756888,0.0017616973908065286,0.00020907501506971568,14866,421.71130124367954,304.13131493088906,0.215,True,,,,,
EB,67360334,67360334,19.0,3.4278817,3.4278817,0.274,0.52763593,0.65923893,13.39050007,3517.0,0.5901117282047409,6.037360096693384,0.010709677184247288,0.0012284842253704514,15910,18.309434936499553,4.184993647406518,0.06,True,,,,,
EB,38707340,38707340,9.0,0.5638978,0.5638978,0.857,0.94976294,0.81999004,12.10750008,6696.08007813,3.546538982019801,40.677616149554225,0.003746001081790318,0.000429695793629422,15249,394.4328981384314,333.76875736918083,0.455,False,,,,,
EB,376067182,376067182,14.0,3.1777595,3.1777595,0.234,0.83561391,0.75634146,10.19509983,,0.6266305256252336,3.6882633683858947,0.0014835848063667657,0.00018124873144928443,13723,293.2648401179835,10.769347983632942,0.06,True,,,,,
EB,11491822,11491822,20.0,9.9465911,9.9465911,0.207,0.99675506,0.97466087,5.34229994,8240.0,0.7051859010770153,5.4987295906283435,0.00018019334646746657,2.073792383330165e-05,17550,12771.026024406072,9301.785285494976,0.07,True,,,,,
EB,219998089,219998089,2.0,6.2021457,6.2021457,0.337,0.86128461,0.94418573,9.82629967,6255.0,0.6459543669867802,7.671274406596146,0.0010528487225553336,0.00011223405093144322,18298,1937.0785295491914,1269.4975458224824,0.085,True,,,,,
EB,125857387,125857387,12.0,2.494762,2.494762,0.68,0.9823935,0.89983314,7.81949997,12692.0,0.8008272763715701,16.086918495808575,0.0004936674430357316,5.8179266103598256e-05,14869,3068.0493906983147,121.87235741635382,0.49,False,,,,,
EB,11756637,11756637,6.0,4.3064103,4.3064103,0.191,0.89028597,0.75520021,12.89999962,3436.0,0.9317459737773922,4.789324618914642,0.006489695511528135,0.0007444191291868589,14636,574.7267135887915,555.1037491043278,0.055,True,,,,,
EB,125442121,125442121,16.0,3.0183503,3.0183503,0.382,0.91087973,0.88657558,11.02900028,7128.0,2.32243232666984,7.9445070666335615,0.0017997429967439114,0.0002215330488488204,13799,63.45977307109648,11.35528613875342,0.105,True,,,,,
EB,144000467,144000467,1.0,8.8831592,8.8831592,0.149,0.99789822,0.95627975,8.23069954,5701.0,0.5645644781815768,4.526716280349896,0.0004808531804800902,4.933449537038681e-05,18270,3863.445586998005,2245.984405111862,0.08,True,,,,,
EB,29914747,29914747,9.0,0.7713663,0.7713663,0.622,0.93458456,0.92512834,9.64480019,5338.0,2.5923145227786426,22.071874848637055,0.0009242868783738512,0.00010333841453775057,15906,37.04910076692866,24.117945641097997,0.325,False,,,,,
EB,67687692,67687692,5.0,0.664172,0.664172,0.623,0.98862761,0.93443233,9.27820015,6400.0,3.0097126749213396,31.132242520213893,0.0014319423635188477,0.00015352033570938147,17370,1980.3546267126976,1344.3953580409343,0.335,False,,,,,
EB,306956190,306956190,17.0,9.8292587,9.8292587,0.608,0.98099339,0.91837567,9.2968998,4849.0,0.6147115594156757,12.899014006776106,0.0007934308404188705,9.483312399968658e-05,12716,4633.489409733194,2520.2616740811177,0.34,False,,,,,
EB,157448336,157448336,25.0,0.337142,0.337142,0.684,0.96298379,0.74476671,12.17619991,4709.0,5.9299206633051265,58.61619362303585,0.010572571978462937,0.0011400697563306221,17192,458.34803207109456,457.6975740264037,0.42,False,,,,,
EB,71026173,71026173,5.0,0.6795061,0.6795061,0.833,0.9967646,0.89493847,10.42350006,7114.0,2.9436371634728093,45.08739862495899,0.002494745277544869,0.00027059311759936944,16950,657.0591916348699,596.2192729768009,0.45,False,,,,,
EB,386437695,386437695,8.0,3.5744215,3.5744215,0.346,0.78599203,0.79589641,11.86139965,6327.0,0.5583443951105512,5.426387591957565,0.0030415853070189063,0.0003801981633773633,12920,185.86132071040555,184.61097172963852,0.08,True,,,,,
EB,63074282,63074282,14.0,5.3318272,5.3318272,0.408,0.92932355,0.72510016,11.73250008,6058.64990234,0.7532588210619597,8.842371517733776,0.0031366570642583935,0.00032181422458440844,18303,527.1568026786541,483.3830120731304,0.1,True,,,,,
EB,167526485,167526485,4.0,5.0114962,5.0114962,0.547,0.99511677,0.93022156,9.81949997,6967.72021484,1.2016992977657615,4.728546233775004,0.0009123410039087658,0.00010752041843640513,14421,114.92053319205195,19.15365701221116,0.33,False,,,,,
EB,263078276,263078276,1.0,0.2840349,0.2840349,0.711,0.92340571,0.85666972,11.6566,5249.0,7.042599165853019,56.383714389649015,0.009862599857158722,0.0010310527059422805,18277,403.3589674163046,352.0395500600079,0.44,False,,,,,
EB,404804908,404804908,1.0,4.4140873,4.4140873,0.203,0.97222555,0.87504268,10.86900043,,2.71660685902118,5.448900763883551,0.001811013599471404,0.00018679179037584188,18279,48.36204932832852,42.83099049063217,0.04,True,,,,,
EB,312102715,312102715,11.0,0.9936833,0.9936833,0.8,0.8614949,0.85753089,9.11170006,9584.0,1.0034430367438447,30.579623420982287,0.0007380783032285337,8.101461876832628e-05,16542,156.46586120775308,0.0,0.435,False,,,,,
EB,318986273,318986273,10.0,3.1070197,3.1070197,0.532,0.34077522,0.5813573,12.74300003,,0.6427214326544528,10.266416133349164,0.008278248909434228,0.0009255363648079216,16323,141.72546862370265,29.23575366812715,0.195,True,,,,,
EB,97833468,97833468,13.0,2.2836154,2.2836154,0.803,0.9983421,0.94016349,8.23379993,8122.0,0.8776823215775718,39.00461035025404,0.0004712550439071374,5.023595647359817e-05,17277,85.44370594575709,14.5891723865289,0.45,False,,,,,
EB,305832152,305832152,17.0,1.5430462,1.5430462,0.604,0.98605412,0.88118982,10.25440025,7278.0,1.2939897289707185,15.072672236955238,0.0019250404332929465,0.000250618917604462,11705,1774.682889992044,1765.0868005391574,0.29,True,,,,,
EB,364107753,364107753,12.0,7.7739061,7.7739061,0.338,0.9680022,0.95630753,7.05140018,6059.06005859,0.5164073289603244,3.716307889196696,0.00027881194442003156,3.725781326285774e-05,14232,9.645489380828,7.640798813790288,0.045,True,,,,,
EB,138888894,138888894,14.0,1.3535876,1.3535876,0.822,0.3864738,0.77990705,11.81569958,6420.0,1.4757915496780276,17.590964195872544,0.004589227312551118,0.0006245147349663541,10942,62.37629276018266,25.9275427777818,0.45,False,,,,,
EB,427767269,427767269,17.0,6.5600242,6.5600242,0.486,0.99568868,0.90382391,9.90040016,8736.0,0.6125733138448952,10.866895726567016,0.0010292821375880287,0.00010941145679780981,14195,2247.7174279801875,1410.233907035141,0.155,True,,,,,
EB,47911178,47911178,6.0,3.5857021,3.5857021,0.254,0.96278948,0.91734284,9.79059029,6386.0,0.5459297629063976,4.162724749357515,0.0009453270607550566,0.00010915696659983392,14581,106.17727791700102,7.55298841554918,0.115,True,,,,,
EB,371165722,371165722,20.0,2.2499775,2.2499775,0.508,0.972893,0.81142682,11.29430008,6271.56982422,0.8951655685406048,7.76031635797125,0.0021927772512751464,0.0002392516127653705,16561,66.39843241691763,10.383533745528378,0.38,False,,,,,
EB,327583823,327583823,17.0,1.8125835,1.8125835,0.592,0.96616608,0.92735392,7.16146994,9511.0,1.0995232473977687,11.258064478121598,0.0008426359156042656,0.0001053294894505332,12858,5062.193524340991,1046.41628381084,0.305,False,,,,,
EB,92776364,92776364,15.0,0.8462567,0.8462567,0.683,0.53406006,0.73132527,11.73760033,7678.0,2.360228833891064,26.903348480611044,0.005875500282963414,0.000723224090079458,13212,740.3142424129489,720.0712985597709,0.41,False,,,,,
EB,189349514,189349514,9.0,2.5142319,2.5142319,0.578,0.90782839,0.84125257,10.1505003,6432.0,0.7996762448304775,19.61632907021024,0.001230381256474116,0.000136709028497124,15602,22.075073104678307,7.2859484820562495,0.28,True,,,,,
EB,260124760,260124760,8.0,1.0802768,1.0802768,0.59,0.81328762,0.68432802,11.32839966,11759.0,1.8518683311557091,12.378375861305429,0.0032430471437255057,0.0004022504917322837,13104,1507.900576710342,297.0181583687321,0.305,False,,,,,
EB,27112021,27112021,23.0,0.4079911,0.4079911,0.957,0.99997568,0.96677458,6.66149998,6179.0,4.900480571530791,41.32751977458543,0.0008132816150330282,0.00010010804658049514,13082,280.9969223884432,249.30714326767202,0.465,False,,,,,
EB,383676981,383676981,14.0,2.0037757,2.0037757,0.754,0.95786721,0.8388651,11.54889965,6889.0,0.9990678286849382,27.862274655787918,0.0023824105837614716,0.00024974448898029645,18424,38.87640421790139,13.768007817335004,0.42,False,,,,,
EB,288979840,288979840,19.0,1.5286973,1.5286973,0.382,0.87353134,0.86508471,10.8071003,5631.0,0.6455428068134599,9.208154198963998,0.0018193862278081119,0.0002009175976564082,16453,332.3449474971624,129.70699494959848,0.435,False,,,,,
EB,199709055,199709055,15.0,3.0546291,3.0546291,0.316,0.99645305,0.8066507,11.90139961,5469.43994141,0.9834790449328376,4.884992835143473,0.003005997837674134,0.00034256524641776946,15645,318.9698640983086,9.547297660017337,0.31,False,,,,,
EB,417052182,417052182,15.0,0.3134128,0.3134128,0.929,0.70065498,0.82453835,10.44410038,5959.0,6.384880668093969,46.44422684513439,0.005065478020040855,0.0006235172420098671,13211,245.14044988656292,204.56761844521745,0.465,False,,,,,
EB,207085748,207085748,2.0,0.3623789,0.3623789,0.741,0.99899417,0.96736252,7.26849985,5899.0,5.520835208491501,58.63284415645542,0.006692650544094028,0.0006996608960471559,18299,515.7986679285087,485.3332753663867,0.435,False,,,,,
EB,172171873,172171873,20.0,2.525087,2.525087,0.502,0.99871606,0.96703923,5.77740002,8755.0,0.788779753940893,11.097020385482383,0.00040144878874409407,4.4332602381908984e-05,16418,9956.068929524692,8974.307297180463,0.16,True,,,,,
EB,155968973,155968973,23.0,0.3418805,0.3418805,0.868,0.99455279,0.83834165,11.98939991,5383.0,5.846365717277727,44.61567104105532,0.003986258661719395,0.00046029350228063393,15029,236.66963072663285,156.62183489743197,0.46,False,,,,,
EB,401946845,401946845,5.0,0.4907309,0.4907309,0.929,0.99002904,0.77347791,11.76679993,5981.0,4.070445271686191,52.22618034025681,0.004315186879251475,0.00047082548838214643,17273,412.7088495427051,384.33647580567697,0.46,False,,,,,
EB,39074957,39074957,21.0,2.0033852,2.0033852,0.501,0.82903254,0.98137194,3.90639997,9183.0,1.0046762418693655,14.884160233091954,0.0004106930636852109,4.4286171992592636e-05,17319,97.98709950205756,92.68582027111802,0.165,True,,,,,
EB,128721058,128721058,16.0,5.791456,5.791456,0.337,0.96990222,0.93756866,8.16485977,7266.0,0.6912465363937008,5.938200094458797,0.00047938138102062805,6.0396377015965745e-05,13883,102.30614674492755,66.07820321143164,0.09,True,,,,,
EB,327996089,327996089,2.0,2.1739308,2.1739308,0.378,0.97655582,0.79723769,11.93459988,4531.0,0.9232693328738988,10.734617618780222,0.0031583414624079226,0.0003292798597130763,18300,1376.2548751205782,979.7696032308286,0.09,True,,,,,
EB,422332463,422332463,23.0,0.423449,0.423449,0.87,0.98996687,0.91533381,9.60910034,5945.25,4.721477094930183,34.437968027414286,0.002221495494128014,0.00027554260400529076,13103,358.48119673322816,211.38066598028894,0.465,False,,,,,
EB,286036831,286036831,23.0,0.6319581,0.6319581,0.944,0.99949056,0.93034208,9.31464958,6971.0,3.1623362885016046,34.40151566379707,0.000834982054679716,0.00010690849708114958,13432,222.06376477389946,137.67136299436515,0.47,False,,,,,
EB,137551461,137551461,14.0,0.9790534,0.9790534,0.564,0.70176405,0.76035982,11.55300045,5600.5,2.0419042174076694,12.685481064367744,0.0036322699101265904,0.00049428932710417,10806,80.32462455721846,66.96156821489078,0.265,True,,,,,
EB,128927089,128927089,16.0,1.8823806,1.8823806,0.565,0.6212393,0.6534639,12.15429974,5947.0,1.0594266973136257,10.444807589768617,0.003986184564552032,0.0004833958824369049,13613,81.12287176155706,10.068480569145185,0.19,True,,,,,
EB,350445771,350445771,1.0,3.1904288,3.1904288,0.232,0.66754967,0.78528547,11.09319973,6474.56982422,0.6004269656694863,4.981292074180611,0.002775088728241664,0.0002958254524057513,17166,6.891620927855674,6.37830972202246,0.195,True,,,,,
EB,214716930,214716930,12.0,8.5251621,8.5251621,0.261,0.96408582,0.83247769,8.78149986,9581.0,0.7076176045557876,7.324320986186956,0.0009000215851157564,9.434789803992728e-05,18682,4996.569974423635,3550.0544409560343,0.06,True,,,,,
EB,219338651,219338651,1.0,1.2658396,1.2658396,0.588,0.97366077,0.8743121,10.87609959,6548.0,1.5831854262250467,17.072781717716623,0.002383757139564786,0.00024852386160536004,18276,3153.4287966480347,616.1554888908724,0.345,False,,,,,
EB,273566363,273566363,15.0,2.4039943,2.4039943,0.478,0.31822902,0.59778333,12.92140007,3233.0,1.6672287923645168,7.128538941441808,0.009979522687123472,0.0012674006486659633,12587,105.56396945956715,91.73789283031304,0.15,True,,,,,
EB,101645013,101645013,25.0,0.4712987,0.4712987,0.851,0.9762494,0.88604099,10.59920025,7075.0,4.247224917380487,52.122225041346944,0.0038186551540898388,0.0004141913054141399,17246,442.9490658359299,435.7771645905154,0.455,False,,,,,
EB,50273697,50273697,1.0,0.3320699,0.3320699,0.977,0.77421516,0.95900917,9.32680035,6542.0,6.023854040905759,49.46519820943767,0.0008477767007833552,8.887114603573262e-05,18277,99.42946406627998,78.2635450296367,0.465,False,,,,,
EB,159638876,159638876,28.0,2.3988603,2.3988603,0.795,0.9925161,0.94827396,8.19900036,7089.0,0.8349107975672472,25.273866073844047,0.0004390204481665839,5.285185117463092e-05,13642,284.39840125303937,141.45132988424658,0.46,False,,,,,
EB,199574208,199574208,16.0,1.2683892,1.2683892,0.264,0.96909547,0.90385914,10.16450024,3214.0,1.5779084489635409,11.935436418938746,0.001330763856916271,0.00015366337420368674,14892,3068.0175126678623,2843.423578615064,0.07,True,,,,,
EB,53085065,53085065,19.0,2.9330659,2.9330659,0.656,0.99931693,0.97826278,5.19082022,9183.0,0.6845202282981311,22.77213460010195,0.00018755357366717304,2.046377257593564e-05,16695,5296.776886481372,3249.837938554108,0.365,False,,,,,
EB,318937509,318937509,7.0,1.0505729,1.0505729,0.325,0.23111074,0.61341798,14.11400032,3225.0,0.9530937962888787,10.92052712612648,0.021569777150891208,0.002411574398445724,16034,10.81165894755257,5.089184605835795,0.235,True,,,,,
EB,24606516,24606516,5.0,0.4019809,0.4019809,0.857,0.94039059,0.79404908,11.7489996,6086.0,4.978293357147933,53.37972239516988,0.004798855369023174,0.0005144912994003396,17321,379.5226171240618,344.66836410703314,0.45,False,,,,,
EB,448852739,448852739,11.0,1.1746333,1.1746333,0.526,0.93777674,0.91598183,9.35700035,,0.8559690470036596,12.850914493796497,0.0009049922239539872,0.00010449950082287051,14884,460.0270491818478,60.856711813834195,0.465,False,,,,,
EB,128344724,128344724,16.0,0.7299716,0.7299716,0.781,0.99869776,0.95818335,7.87100983,7622.0,2.739246882641719,28.590483666774155,0.00048483507054895175,5.713836102370366e-05,14400,146.08690185693985,43.542182679381696,0.445,False,,,,,
EB,441602378,441602378,20.0,1.2745998,1.2745998,0.439,0.90166467,0.90370131,9.89770031,4956.0,1.5715140473773532,12.101015073986398,0.0010553858847278874,0.00011124744020440128,17632,131.04936399914075,41.45828927285563,0.285,True,,,,,
EB,18028547,18028547,22.0,7.399122,7.399122,0.124,0.99997067,0.97022903,6.47399998,6431.0,0.674648887826542,3.36774376775484,0.00029977523533905603,2.939538028241762e-05,16880,2936.498978275635,53.73331216981392,0.205,True,,,,,
EB,233233639,233233639,15.0,0.4403065,0.4403065,0.831,0.98745114,0.81488901,11.45219994,7010.0,4.544339872136678,41.14946960493917,0.003349756587277915,0.000389401293637612,14834,418.82710219842625,228.241044200327,0.465,False,,,,,
EB,252294709,252294709,19.0,7.8595623,7.8595623,0.146,0.99903208,0.93287772,8.76235008,7220.0,30.192132466326356,23.873695663972292,0.0006148318152830613,6.70836507905175e-05,16715,183.8561055652447,20.445015954964433,0.055,True,,,,,
EB,157770450,157770450,14.0,3.289459,3.289459,0.575,0.99478096,0.94902468,8.36116028,5598.0,0.6042869681357381,18.746437462731798,0.0006039004840584972,6.228757898839038e-05,18421,5132.7255732791555,671.2713529242859,0.335,False,,,,,
EB,255548311,255548311,5.0,4.9638409,4.9638409,0.163,0.99516875,0.8428905,11.52340031,6216.0,0.5862355559995573,5.17766444159026,0.0023289623900986816,0.0002468695196119148,17089,174.9493908397874,9.951994026537475,0.42,False,,,,,
EB,352718668,352718668,14.0,1.0560424,1.0560424,0.59,0.85879058,0.76933068,10.63300037,8380.0,1.8929485859814101,11.861810515271037,0.0015701675040929064,0.00020617309395469334,11638,52.06899455084197,10.102894129826227,0.175,True,,,,,
EB,239052494,239052494,19.0,3.0814946,3.0814946,0.538,0.97953868,0.91994357,7.44185019,5862.0,0.6524727451654825,13.151183196112608,0.000600237398725963,6.435220390525364e-05,16704,3977.2547995191126,3211.056460366161,0.19,True,,,,,
EB,464422047,464422047,13.0,2.7484161,2.7484161,0.492,0.9942416,0.95613515,7.25610018,8239.0,0.7250671732919578,10.743983706118806,0.00038201117953686977,3.858895650565604e-05,19434,4253.666519899684,924.4644445388578,0.15,True,,,,,
EB,332910947,332910947,4.0,0.914434,0.914434,0.606,0.99960858,0.74196303,12.00129986,5484.25,2.1878889437923013,15.972194890492155,0.004135270723860086,0.0004807154572151794,14798,1386.9039466160298,499.2101876909308,0.325,False,,,,,
EB,140659980,140659980,1.0,9.4400721,9.4400721,0.085,0.85824811,0.93235409,8.98490047,5642.39990234,1.7983990358856878,4.21717773377008,0.0006679349204489583,6.64620086486664e-05,18279,697.4692469428551,455.73119324567085,0.04,True,,,,,
EB,176983267,176983267,9.0,0.4180924,0.4180924,0.991,0.7740432,0.76264429,12.5248003,6085.41992188,4.785952751191359,50.273857372548015,0.004454283923490014,0.0005043483390127227,15584,118.9399658027411,115.18041188870615,0.475,False,,,,,
EB,38215399,38215399,20.0,2.4335384,2.4335384,0.418,0.98553813,0.95493758,7.63725996,8165.0,0.8191732035897874,6.1299750646535855,0.00047594550541605154,5.192991202959693e-05,16545,2184.7136528039073,151.91324605181111,0.155,True,,,,,
EB,219164808,219164808,5.0,3.3546037,3.3546037,0.257,0.97245377,0.92691398,9.66460037,7214.0,0.593389278255199,6.691640814161054,0.0008204370726057452,8.417506757416104e-05,17275,45.12097984806791,34.85765736536061,0.06,True,,,,,
EB,220359766,220359766,9.0,1.7598716,1.7598716,0.506,0.98371762,0.93173945,8.12110043,,0.5650616830119981,7.420947455322991,0.0004052769904908118,4.4755356542921415e-05,16523,483.2483974041501,5.5137610921775,0.125,True,,,,,
EB,116890331,116890331,18.0,1.5225427,1.5225427,0.784,0.91322863,0.65689641,11.81649971,6079.29003906,0.6464712524858243,21.917652238451648,0.0029202562092730555,0.0003441554947298499,14387,38.56949848536408,36.249268494270574,0.46,False,,,,,
EB,275367529,275367529,18.0,2.5798079,2.5798079,0.398,0.8909446,0.80409509,10.65270042,5232.0,1.553404201718469,5.9849135159476505,0.00154110069880954,0.00017914931730305886,14545,13.742293647291232,7.774954993095223,0.12,True,,,,,
EB,305674644,305674644,12.0,0.3142173,0.3142173,0.945,0.92764741,0.85900331,10.19390011,6079.0,6.3659747580278765,44.66796611102175,0.0016888989546060846,0.00019903865059013893,14447,173.69123886024462,129.34023158695646,0.465,False,,,,,
EB,165982704,165982704,22.0,0.2976868,0.2976868,0.844,0.990013,0.90237987,10.2173996,4728.0,6.717009710088523,44.21053394679773,0.0015895351012347493,0.00017240928861483908,17119,293.9138654519471,105.86248268759626,0.47,False,,,,,
EB,400445441,400445441,9.0,1.0976885,1.0976885,0.839,0.92276251,0.97653347,4.88749981,14475.0,0.9082336164584977,23.681270384460742,0.00021948471109813365,2.438719012201485e-05,16393,290.60796299378654,14.674722837282896,0.45,False,,,,,
EB,335564109,335564109,20.0,4.3894303,4.3894303,0.237,0.88837987,0.88384986,10.44509983,5879.0,0.9103645219873491,5.624484137269579,0.00144488877891741,0.00014982798679953832,17631,507.85351422821003,435.81954990061223,0.055,True,,,,,
EB,48499902,48499902,14.0,7.5811853,7.5811853,0.572,0.95415747,0.67533261,11.64050007,4909.0,0.5297952325083539,14.001675975874894,0.0026012552146694014,0.00029266407692452707,14290,1363.254912006731,440.2216267951071,0.31,False,,,,,
EB,18433724,18433724,25.0,0.4076033,0.4076033,0.819,0.96176749,0.84080112,11.54710007,6745.0,4.902996138968612,37.3793209527287,0.004694652807690018,0.0005651697831952644,13864,365.1076469187382,335.59425549211807,0.45,False,,,,,
EB,357358259,357358259,23.0,2.4961588,2.4961588,0.523,0.99942523,0.97122186,6.39831018,6775.0,0.7991226265947236,8.120471758961077,0.0004317892295157424,5.236213533227861e-05,13455,8311.731468927137,154.2118582662554,0.315,False,,,,,
EB,142618244,142618244,20.0,4.7796864,4.7796864,0.236,0.97473025,0.91152203,10.61240005,6756.0,0.8343659941719901,4.676973921161037,0.0014385641195892287,0.0001491721501786433,17631,420.8565276430941,31.35885650871224,0.245,True,,,,,
EB,410245402,410245402,8.0,3.0005282,3.0005282,0.413,0.92870134,0.87716705,10.32769966,6015.0,0.6661191399306916,5.283954003488111,0.00131248339390721,0.00016279352941602434,12975,1072.7377780108773,161.14300922390612,0.11,True,,,,,
EB,341327281,341327281,16.0,4.3183028,4.3183028,0.248,0.58680487,0.87210846,11.23980045,,0.9298503205428509,3.663099392535659,0.0027927058434313342,0.00035184786412743787,14920,93.0159203904835,13.737089922865113,0.065,True,,,,,
EB,390651552,390651552,23.0,1.467189,1.467189,0.42,0.9986921,0.93762922,8.82229996,3297.0,0.6782194026745416,4.126936854311204,0.0006415774456330155,7.957788818751339e-05,13153,19.99847990105633,3.7398331667224536,0.03,True,,,,,
EB,122891349,122891349,26.0,0.3302671,0.3302671,0.832,0.98794729,0.88268393,10.8071003,5978.0,6.05790153725507,63.963458888366716,0.004847268243584038,0.0005257600596252594,16940,331.6859889003303,321.71420280240085,0.455,False,,,,,
EB,345535359,345535359,5.0,0.4247954,0.4247954,0.875,0.92791259,0.74205929,11.98999977,6310.0,4.708276802935376,57.196856277401736,0.004091529282954382,0.00043865798309112875,17294,316.00342634522343,297.51230875373756,0.46,False,,,,,
EB,269762258,269762258,1.0,1.3245939,1.3245939,0.327,0.98957127,0.78065401,13.02460003,3358.0,3.0179215884030746,12.57434312963492,0.006568391444302551,0.0006885545152716346,18272,162.102772527502,147.97641033205883,0.08,True,,,,,
EB,219403686,219403686,6.0,0.7602518,0.7602518,0.435,0.96863639,0.92959368,9.99090004,5883.0,2.6311901468060004,9.436808811773066,0.0009674542902790269,0.00011323195999407562,14617,16.784303423807835,10.43016086085832,0.08,True,,,,,
EB,30122338,30122338,8.0,7.0401695,7.0401695,0.349,0.97938472,0.907493,9.50409985,6661.0,0.5659899431340545,5.803610370612538,0.0008709887271456989,0.00010057311521573974,13099,2641.4575963264656,2538.5675839906967,0.08,True,,,,,
EB,146879345,146879345,6.0,3.013558,3.013558,0.434,0.98967421,0.94603008,7.88810015,,0.665345657311945,8.077937058517273,0.00043022801815881495,4.96784524193822e-05,14623,1591.4671184687872,1587.2115834256776,0.12,True,,,,,
EB,28230919,28230919,14.0,4.8880424,4.8880424,0.227,0.97977072,0.93422943,8.50769997,4777.56005859,0.8128466964842676,3.42771322827846,0.0005175768596423196,5.486303739612082e-05,18424,73.89606475168713,5.477394171244841,0.04,True,,,,,
EB,335720078,335720078,15.0,0.3779939,0.3779939,0.908,0.99985874,0.94083267,9.38449955,6567.0,5.289035338169586,43.18275209610307,0.000774901985475013,8.947797398191484e-05,14995,88.67220019100056,51.44855826316241,0.475,False,,,,,
EB,164883253,164883253,14.0,0.3152043,0.3152043,0.785,0.66731936,0.7897321,11.47739983,7466.0,6.347345723693829,53.141423137060265,0.0029907308906898986,0.00031351378434260575,18138,85.48940005952934,67.4349692669854,0.435,False,,,,,
EB,272324340,272324340,17.0,0.4333571,0.4333571,0.885,0.6800319,0.73600525,11.98890018,7018.0,4.617195068181256,40.23742329201258,0.003994435911227512,0.00047074878664067334,14602,104.87584107721996,48.87124891951841,0.47,False,,,,,
EB,196896001,196896001,17.0,0.6108151,0.6108151,0.341,0.58710617,0.78622168,15.41559982,9242.0,1.6403859747469456,10.772229696427578,0.04420316050072737,0.005569074754666569,12611,12.926673806001162,2.9567187952890164,0.185,True,,,,,
EB,9473243,9473243,25.0,2.2669595,2.2669595,0.536,0.99519235,0.91626465,10.55830002,7093.0,0.8784233068476941,8.425407410256401,0.0017030673430933842,0.00021456631694383857,12305,4069.506416954928,465.0809732937395,0.225,True,,,,,
EB,46627823,46627823,6.0,6.004967,6.004967,0.333,0.98931092,0.85676932,11.03950024,6301.0,0.6653508013838394,5.519816435930069,0.0017065496450374457,0.0002116714322855275,14474,68.69275383865873,6.180039185051035,0.045,True,,,,,
EB,352378412,352378412,17.0,0.6760259,0.6760259,0.668,0.98677689,0.86706007,10.22210026,5003.0,2.9567809044525095,27.469134033510482,0.002889623157183918,0.00036405829793342625,12695,911.0788550698009,751.7889001762408,0.4,False,,,,,
EB,232524483,232524483,21.0,0.372987,0.372987,1.008,0.99895716,0.94368243,9.58487988,6431.0,5.364660750270406,63.93005398513997,0.0015781356032140061,0.00016364503882671856,18605,295.5195680110303,288.8669793790112,0.47,False,,,,,
EB,156376126,156376126,22.0,0.3518407,0.3518407,0.665,0.86024219,0.91084129,10.17590046,5369.00976563,5.68680926733165,39.71232062506908,0.0030059546049577518,0.00032604155431779143,16888,907.030476181885,263.8122236989912,0.42,False,,,,,
EB,371480725,371480725,16.0,1.4716278,1.4716278,0.539,0.94997305,0.87837625,9.87471008,6524.0,1.3583277196075128,13.039062587990188,0.0013971974774160626,0.00016943508174214623,13552,2097.321942284486,1783.5693932577635,0.2,True,,,,,
EB,308451526,308451526,1.0,0.7896583,0.7896583,0.596,0.82543409,0.88262534,11.16660023,3844.0,1.2675724135893223,22.638560368184333,0.002179135651053586,0.00022719059671516033,18275,177.24622109600236,162.3396090122467,0.1,True,,,,,
EB,185060842,185060842,14.0,0.8248662,0.8248662,0.502,0.45504642,0.81978816,11.86760044,5819.18994141,2.4217680703070883,15.605073488544766,0.004462044936202225,0.000462692505855821,18424,78.72252057646709,22.174050116351207,0.2,True,,,,,
EB,96799506,96799506,6.0,6.5457001,6.5457001,0.213,0.9823184,0.84434181,11.49769974,6571.0,0.9133636296899418,4.039908794495759,0.002498073139696507,0.00029646673830185455,14682,94.09238080990599,14.670935327280624,0.14,True,,,,,
EB,302771290,302771290,18.0,1.1952389,1.1952389,0.564,0.98909611,0.9687131,6.08249998,7892.0,1.6770250281028751,11.486904387710565,0.0008887037645111457,0.00010401490811590437,14731,6718.613277150823,904.1114962247674,0.27,True,,,,,
EB,156921656,156921656,20.0,4.3493176,4.3493176,0.549,0.99917626,0.84727371,10.74600029,6483.0,0.6899840134347186,8.256555778946119,0.0015525782757602896,0.00017467870332984898,16519,138.86939874306807,14.99694456811678,0.385,False,,,,,
EB,73386477,73386477,9.0,2.1803939,2.1803939,0.549,0.99094206,0.9315055,9.47070026,6484.0,0.9139824182841756,14.36029460003244,0.0011675634661960997,0.00013136115293804824,15869,3589.730792720989,3528.549918210492,0.22,True,,,,,
EB,32000625,32000625,1.0,0.7017512,0.7017512,0.535,0.99390018,0.88469994,11.05319977,4963.0,2.8528895594027466,25.538232475926975,0.001873795654067455,0.00019642715712743424,18278,407.7418281094369,303.91280170890076,0.205,True,,,,,
EB,158579379,158579379,15.0,1.0144775,1.0144775,0.587,0.99127996,0.93168211,8.69909,6315.0,1.969158455446855,15.124336184645426,0.0005693194249122275,6.405343967309091e-05,15718,52.77573393053409,17.202064440983055,0.265,True,,,,,
EB,469460566,469460566,15.0,0.7612417,0.7612417,0.587,0.90403223,0.85160512,11.11130047,4936.0,1.3139855325913117,16.393192892583656,0.0021944124821517727,0.00023392515658722556,17613,86.45683188627778,2.4379669590897706,0.195,True,,,,,
EB,284892951,284892951,21.0,1.4609218,1.4609218,0.517,0.8181622,0.92880082,9.97830009,6572.0,1.3662783757262251,10.116069656330607,0.001190018802882463,0.00012907566186105092,17110,633.53871851962,55.30974397213393,0.245,True,,,,,
EB,355703913,355703913,1.0,2.1061527,2.1061527,0.244,0.93690693,0.74348837,13.18299961,5435.56005859,6.640442544318534,3.810036499164142,0.007000078883864386,0.0007338076549812326,18274,16.6586786543747,2.6295688414942333,0.03,True,,,,,
EB,143100813,143100813,25.0,0.3877488,0.3877488,0.806,0.98469102,0.9331395,9.83654022,6439.60986328,5.159187770506258,60.442198438127505,0.004799873829740181,0.0005175837060874922,17244,402.8265357572978,385.5124904284598,0.45,False,,,,,
EB,20239565,20239565,23.0,6.0211645,6.0211645,0.257,0.99529201,0.95722789,8.27330971,5909.33007813,0.994298175964796,4.806748548576429,0.00044631053963726624,5.021385882016529e-05,15290,630.3546807656203,428.7403039062712,0.225,True,,,,,
EB,346429188,346429188,6.0,0.3311382,0.3311382,0.534,0.7689209,0.64178228,13.94009972,3425.0,3.016958030324626,20.303234033085882,0.013073571024858706,0.0015301457506995556,14617,20.702631910304774,2.1982988871704507,0.22,True,,,,,
EB,261335113,261335113,1.0,8.1305944,8.1305944,0.065,0.92565,0.69214869,13.65270042,3347.0,1.5975587658984312,3.9259620939344697,0.009542028449829161,0.001017183650494596,18277,294.7198749527471,274.24532474651863,0.03,True,,,,,
EB,38541473,38541473,4.0,6.0613451,6.0613451,0.147,0.98314685,0.87598896,10.77060032,6053.04980469,0.5,4.290387205452467,0.001594640723091257,0.0001962867041816641,14784,66.026223310252,7.238941437802654,0.115,True,,,,,
EB,318649597,318649597,13.0,0.926883,0.926883,0.588,0.94990432,0.82781595,11.01220036,6068.0,2.15986598023879,25.212434432528827,0.002593774817384037,0.00026201082317759306,19438,1661.788018730737,1180.804251626294,0.275,True,,,,,
EB,336485975,336485975,26.0,0.318923,0.318923,0.736,0.79358685,0.87764215,9.40377998,5458.0,6.27503174608395,44.392588067922816,0.009252888100338558,0.0010410312450313292,15661,398.82850532608586,369.67178476064066,0.435,False,,,,,
EB,257273424,257273424,25.0,0.3985663,0.3985663,0.762,0.99362469,0.96294749,8.46903038,6422.0,5.019940312682014,35.50594197715832,0.006081852757975169,0.0007217831301000631,14088,429.72095208791745,424.85404080938525,0.445,False,,,,,
EB,373128383,373128383,18.0,2.0868325,2.0868325,0.542,0.99818414,0.96296471,7.26738977,8930.0,0.957143072585845,10.733335142804444,0.0004326953465769287,4.996335496465763e-05,15076,5985.307663041687,4485.144981676688,0.185,True,,,,,
EB,378275454,378275454,14.0,7.6560697,7.6560697,0.395,0.64257085,0.90587717,7.71150017,,0.522346192304894,8.030211271631124,0.0004984590014368621,6.660938588322134e-05,13803,1045.2195763525033,638.7214076907284,0.105,True,,,,,
EB,1450518,1450518,5.0,0.3337474,0.3337474,0.65,0.94231617,0.82983565,11.25739956,4171.0,5.9933085292063515,55.05469439541779,0.004870861082572274,0.0005252384584224706,17180,576.594904956502,548.4664843711766,0.405,False,,,,,
EB,63370066,63370066,15.0,5.5541695,5.5541695,0.262,0.71599859,0.70127457,11.86680031,5414.18994141,1.0836301091561698,3.669653890326102,0.004127696433141226,0.0004644021315622698,15123,284.8845817373387,31.670306951734304,0.395,False,,,,,
EB,33834253,33834253,4.0,3.2320815,3.2320815,0.55,0.9658764,0.84582102,11.42179966,7140.0,0.6176109046224427,11.889903701349933,0.002276434582227963,0.000271119413306796,14673,2169.546746332717,415.5380059814643,0.26,True,,,,,
EB,255904363,255904363,14.0,0.4190036,0.4190036,0.593,0.22858545,0.62948483,14.00930023,3350.0,4.775614698586388,20.913478770148703,0.026649937169785833,0.003231779584326505,13692,27.24260307041112,20.08721094763073,0.28,True,,,,,
EB,298734307,298734307,14.0,0.9442714,0.9442714,0.659,0.98662382,0.96172863,7.20992994,8014.0,2.116392834203815,18.225573327781227,0.0009893907865937488,0.00011660082240732203,14290,1912.9937773090896,570.2641766630359,0.405,False,,,,,
EB,167719897,167719897,9.0,0.5133215,0.5133215,0.941,0.87651402,0.78323656,11.6573,7174.95019531,3.896853052696632,45.30963063307392,0.002847962593059948,0.000322468263822467,15565,211.14684043952803,182.63321820694887,0.46,False,,,,,
EB,12824209,12824209,18.0,1.0711624,1.0711624,0.527,0.49418139,0.40270251,14.90629959,3446.0,1.8671065262231608,13.03026612007366,0.040035271369553364,0.004654005763178611,14720,20.557176381242627,5.110522325305276,0.215,True,,,,,
EB,373414766,373414766,5.0,0.6851178,0.6851178,0.691,0.99921876,0.94354302,8.72891998,6136.0,2.9239372812804243,33.34550217816969,0.0007327950795064783,7.856387902063537e-05,17371,924.9618670465467,347.593086581073,0.425,False,,,,,
EB,219016721,219016721,21.0,4.2348652,4.2348652,0.688,0.99044198,0.90184522,11.00450039,4367.0,0.5,7.64472030879073,0.0017749059693747485,0.00018606070143027665,18542,59.87406623025642,0.0,0.475,False,,,,,
EB,359552377,359552377,20.0,3.4390835,3.4390835,0.554,0.820081,0.86465496,10.91119957,6487.0,0.5835932051118966,13.96181891622124,0.0017664300221201287,0.0001812318963168552,17633,105.66944280162178,21.626217413155196,0.26,True,,,,,
EB,377296926,377296926,14.0,0.4313879,0.4313879,0.844,0.97212672,0.75980216,11.97649956,6509.0,4.63407328893754,49.362311831122874,0.004818982917409764,0.0005051666720742608,17971,405.31154635636784,350.76431204826866,0.45,False,,,,,
EB,280738935,280738935,9.0,1.5132067,1.5132067,0.541,0.9128958,0.81587934,10.19740009,5880.0,1.3241575882272962,15.908020152624257,0.001284447301068355,0.0001418434756196963,16429,64.18826811275319,54.342439636699545,0.21,True,,,,,
EB,258918831,258918831,23.0,5.9856044,5.9856044,0.177,0.93949717,0.74374169,11.70650005,5639.0,1.6662381160893074,2.6951024828364845,0.00262799082186512,0.00033109572201977866,12176,64.27399268281603,10.50222921969241,0.04,True,,,,,
EB,393672471,393672471,23.0,1.3114508,1.3114508,0.556,0.9656195,0.79337907,11.18500042,4763.0,1.5214367021183506,8.239133470716999,0.0021316114362719477,0.00026041778475288955,13419,12.791767706046253,1.917109370319415,0.155,True,,,,,
EB,41536849,41536849,14.0,1.9144331,1.9144331,0.441,0.47816327,0.69670939,13.37419987,3682.0,0.5223461477380797,5.5067249601484605,0.013703823597515428,0.0016741885144652836,13156,12.274820066469283,2.4816578959524738,0.11,True,,,,,
EB,259006174,259006174,14.0,1.939628,1.939628,0.322,0.92593676,0.89072704,11.05749989,4190.0,1.0363056512335653,6.377829021552104,0.0018640493676037788,0.0001948708426087921,18423,12.498145515847137,3.0563990278108975,0.035,True,,,,,
EB,311103813,311103813,12.0,0.5278588,0.5278588,0.681,0.90607196,0.89102334,10.32820034,5936.0,3.7902781909891634,25.504637109863545,0.0026043145623501946,0.000323025465527917,13044,929.0021666471886,263.15065883489854,0.44,False,,,,,
EB,47380518,47380518,9.0,1.0953775,1.0953775,0.525,0.94434243,0.71556431,13.99670029,5933.52978516,1.8282002441419039,14.382926956937421,0.013378800554721203,0.0015052326633019203,15781,160.06219260636345,46.50437554885008,0.3,False,,,,,
EB,229503517,229503517,24.0,3.9757512,3.9757512,0.345,0.72385651,0.72374982,12.07800007,6477.0,2.017831522866792,4.374697340297432,0.0043416296779399755,0.00046547155993432256,18217,15.417216339554967,3.6801473243719465,0.03,True,,,,,
EB,431486590,431486590,17.0,3.158618,3.158618,0.443,0.99114323,0.94782919,8.56579971,5622.0,0.6461586940316938,3.8612093078632834,0.0005487402732056521,6.754525838929011e-05,13123,11.332213550189795,2.3250437600775076,0.05,True,,,,,
EB,106470229,106470229,9.0,5.0203952,5.0203952,0.247,0.69473559,0.74231404,13.08399963,6114.0,1.5883183398272867,3.991935073848232,0.0071205788966559064,0.0008362695805532092,15653,43.99036412319708,2.197672110695729,0.025,True,,,,,
EB,35857242,35857242,4.0,3.6344345,3.6344345,0.363,0.98878658,0.8137784,11.31610012,6336.0,0.5468725126052139,4.187051870045709,0.0021032536814307168,0.00025889263155507743,14806,34.10496445589335,3.357602825116847,0.045,True,,,,,
EB,153742549,153742549,4.0,6.0704815,6.0704815,0.309,0.99465293,0.94660634,9.66460037,5726.0,0.9901368406069324,5.379803637454345,0.0008496904953459849,0.00010458966994310506,14965,1045.3502414289042,872.7644713801222,0.065,True,,,,,
EB,229461186,229461186,14.0,0.4026659,0.4026659,0.756,0.95796663,0.87653291,10.85140038,6354.0,4.969221865530049,55.0246517284545,0.004826070820459891,0.0005031526646630701,18424,494.39716021761575,418.0678987622403,0.44,False,,,,,
EB,268482699,268482699,14.0,5.0841848,5.0841848,0.373,0.56222898,0.76925999,12.26720047,4968.91015625,12.648881917375391,11.830433526274804,0.004931957434041046,0.0005170096193463169,18424,7.309217936383772,4.244552016307397,0.04,True,,,,,
EB,322390461,322390461,16.0,0.3868962,0.3868962,0.619,0.13275747,0.61081767,16.09149933,,5.1702031566172675,33.79144158777585,0.12274026117600889,0.014365660975192767,14625,28.188102553368658,27.465554157324373,0.21,True,,,,,
EB,121108244,121108244,14.0,0.3951054,0.3951054,0.703,0.92837727,0.81612742,11.70530033,5990.33984375,5.05869945139707,57.83925084783483,0.0029647659265653026,0.00030909821499707223,18423,279.5885722079172,243.6793506917235,0.42,False,,,,,
EB,308404140,308404140,8.0,2.3758614,2.3758614,0.758,0.94726378,0.84985888,10.72959995,6502.0,0.8481028334363565,20.73329639107192,0.0013920850102426086,0.00017007025219808094,13015,26.733658978228544,25.39666352751695,0.43,False,,,,,
EB,43712632,43712632,5.0,0.9264966,0.9264966,0.743,0.86650258,0.889292,10.86450005,6482.0,2.1566734669471748,33.41721309084298,0.0027429499966987697,0.0002940751073894039,17303,1129.5770150165426,521.4589936361757,0.45,False,,,,,
EB,67807856,67807856,5.0,3.3733443,3.3733443,0.587,0.98626071,0.92939889,9.55599976,6511.0,0.593786498537475,15.873814211315326,0.0008067497656491731,8.233855316459927e-05,17219,923.8254718739353,381.23093062028244,0.23,True,,,,,
EB,295804815,295804815,14.0,1.528515,1.528515,0.535,0.96433324,0.8712123,10.33199978,10438.0,0.6564222730388973,11.227891346049653,0.0015677504077026647,0.00016344927882493062,18420,2889.5158487726403,11.079385267129393,0.425,False,,,,,
EB,268387175,268387175,14.0,2.1639195,2.1639195,0.621,0.97693014,0.82803345,10.84329987,6279.49023438,0.924577316931539,22.439304715936235,0.0018515245177801376,0.00018996240735973252,18424,1017.0618021124303,933.5065742901547,0.27,True,,,,,
EB,306410072,306410072,10.0,2.3620345,2.3620345,0.551,0.98888785,0.94403422,5.87200022,4859.0,0.8468111861268914,5.779572935933054,0.00018510894955272092,2.0197042217597755e-05,16450,43.54585138667728,16.652255330574206,0.275,True,,,,,
EB,142852841,142852841,4.0,3.4208469,3.4208469,0.185,0.99790514,0.93901366,9.63798046,6198.0,0.5940207220183602,4.734199095622778,0.0008589755177584815,0.00010654280036380118,14694,207.57566496713568,23.283956697019082,0.035,True,,,,,
EB,149837469,149837469,2.0,0.3855918,0.3855918,0.748,0.96280593,0.81470251,11.85239983,5578.0,5.185226689074323,59.60657769538903,0.006624318492140772,0.0006925173489004212,18300,516.5099918628047,490.8282058289381,0.44,False,,,,,
EB,285161229,285161229,18.0,1.4976793,1.4976793,0.578,0.9619202,0.91421819,9.55344009,5586.0,1.337218259708623,14.14961093506615,0.0008629391301258586,9.931313394280422e-05,15156,29.82161374921976,14.336791692793486,0.245,True,,,,,
EB,105992935,105992935,9.0,0.7061056,0.7061056,0.306,0.77599061,0.63443577,12.25819969,6217.20019531,2.833274963545123,8.404976252186755,0.003813186580262095,0.0004290170085426364,15680,9.793748855229934,3.516424290154602,0.07,True,,,,,
EB,50849800,50849800,18.0,1.4283347,1.4283347,0.587,0.9947359,0.94544935,8.27332973,10893.0,1.4041475064323792,12.222215426244881,0.0007337126091404838,8.646886022755183e-05,14684,4721.289171176039,926.1346246197021,0.29,True,,,,,
EB,305466446,305466446,15.0,6.5998431,6.5998431,0.194,0.87436914,0.83027685,10.87250042,4987.0,1.214151121368958,3.851906559222303,0.0020421136225550664,0.0002458415905493622,13318,164.57381413031248,139.17794158359658,0.05,True,,,,,
EB,381948745,381948745,9.0,1.5957514,1.5957514,0.535,0.99953496,0.93184417,9.84560013,7084.74023438,0.6258764424950803,11.457602360801122,0.0009380179901947064,0.00010689707089209974,15252,639.9896519936241,44.33980878540646,0.445,False,,,,,
EB,159220329,159220329,14.0,1.7304031,1.7304031,0.616,0.87244654,0.76322722,11.20370007,5279.83007813,1.1554955343937818,19.999830553461695,0.0026995305444632405,0.0002814455148539643,18272,565.1068960315533,196.28421529581962,0.405,False,,,,,
EB,10891640,10891640,14.0,6.1819688,6.1819688,0.522,0.96180433,0.81627154,9.37380028,14706.0,6.80169349649528,19.491637693416017,0.0011691644138479655,0.0001439141909005237,13782,537.4262735568198,136.47647661822813,0.105,True,,,,,
EB,322650462,322650462,6.0,0.9792734,0.9792734,0.469,0.99523193,0.97372854,5.69780016,3514.0,2.043242558877769,10.982756385126823,0.00018463977987330505,2.1610451654412642e-05,14638,99.56000378237933,63.20127303482737,0.2,True,,,,,
EB,417277789,417277789,15.0,6.0104709,6.0104709,0.544,0.85890347,0.82748425,10.75759983,6860.0,0.6612602821160911,10.195030591980544,0.0020724493470289083,0.00025905616837861354,12643,2932.148858778911,390.4364873634832,0.235,True,,,,,
EB,294092960,294092960,2.0,0.9022575,0.9022575,0.671,0.50812882,0.70858377,10.2755003,5766.0,2.2149667093350858,26.945220211820363,0.0029444284868692288,0.00030865997355970743,18274,136.59611953518592,29.795654544939755,0.425,False,,,,,
EB,92349924,92349924,1.0,8.799394,8.799394,0.115,0.98155373,0.85235363,10.81989956,6334.64990234,2.7265769031379126,3.3338193655594135,0.0015921121637036135,0.0001642138312070965,18062,102.10671261678176,28.04875514560989,0.03,True,,,,,
EB,168675489,168675489,4.0,0.4606649,0.4606649,0.815,0.98243898,0.94893038,9.81400013,7114.0,4.340384527312267,32.791938359732505,0.0024662406767335552,0.0002886516380666567,14666,460.2325176988498,363.121761552313,0.455,False,,,,,
DSCT,403779926,BT Cir,11.0,0.03546277101113731,,,0.96954501,0.92497081,7.2743001,8399.0,28.19858605200207,30.417584944757667,0.00047985838419353164,5.504353168185051e-05,15212,,,,,,,,,
DSCT,272021842,ASASSN-V J154742.58-524521.5,39.0,0.10444023511739567,,,0.71530569,0.66198808,11.66020012,,9.574853971517333,51.607518318728,0.003262342955331935,0.00033124074090469584,19336,,,,,,,,,
DSCT,56882581,AN Lyn,21.0,0.09826235551605438,,,0.98934489,0.90828353,10.37090015,7074.79003906,10.176837251134462,61.10800622620118,0.0030684095070084246,0.00033281573956522734,17274,,,,,,,,,
DSCT,189569123,AK Ant,8.0,0.06881173982275458,,,0.98444527,0.94489932,8.44110012,6874.0,14.53240395571747,24.05413907096494,0.00048710494529926647,6.0417932607285425e-05,13042,,,,,,,,,
DSCT,89464315,WX PsA,2.0,0.12485098517069874,,,0.57289082,0.9216029,5.29400015,7430.0,8.00954833181957,30.912022093954874,0.002799520349429244,0.0002934694732401123,18197,,,,,,,,,
DSCT,103692670,EN UMa,14.0,0.15554029496613586,,,0.9992215,0.97008991,5.64548016,7309.31982422,6.4292021576641565,26.330703744190863,0.0005847645327273558,6.12999792710865e-05,18424,,,,,,,,,
DSCT,12784674,EPIC 205926273,2.0,0.09485903047634285,,,0.99366224,0.92879295,9.68980026,7072.0,10.54195889393359,38.30663314235083,0.0008509041414737349,8.919899090107984e-05,18299,,,,,,,,,
DSCT,20816780,V0544 Lyr,14.0,0.11318183893227943,,,0.99373674,0.9510026,7.20978022,7583.0,8.835339745613554,14.402959161505322,0.0003467113608387305,4.4760244215643786e-05,11992,,,,,,,,,
DSCT,282265535,HD 40317,6.0,0.025509514133082067,,,0.99586678,0.9392513,8.24271011,7756.0,39.20106023121577,18.42030388307655,0.0005973071878227636,6.990951849127088e-05,14601,,,,,,,,,
DSCT,275488593,KID 09773512,40.0,0.1085884997519491,,,0.94993645,0.90744978,9.82050037,7859.06005859,9.209078330433886,34.550699766840395,0.0010022972910642106,0.0001044967161786236,18511,,,,,,,,,
DSCT,71134596,HD 28548,5.0,0.01625600639504994,,,0.96462327,0.94280106,9.11808014,8453.0,61.5157238314391,23.269984305166027,0.0017018205873191848,0.00018351203342533202,17221,,,,,,,,,
DSCT,8719504,TIC 8719504,80.0,0.05714217596859836,,,0.9748103,0.86747539,9.32460022,7126.0,17.500208612103524,29.355957066178327,0.0008712559019837828,0.00011155288731312459,12628,,,,,,,,,
DSCT,296723245,HD 81729,8.0,0.191518650902991,,,0.99711663,0.95695335,7.50570011,7507.0,5.221423580863282,15.565767860504069,0.00043297647757717535,5.370412247965532e-05,13052,,,,,,,,,
DSCT,427347409,MarSEC_V59,32.0,0.015173523519841895,,,0.99399263,0.89419705,10.28600025,9059.0,65.90427059953045,32.02967900077274,0.0013624524408322861,0.0001477787158729467,17125,,,,,,,,,
DSCT,405687247,KIC 11127190,40.0,0.05337920728735988,,,0.97101301,0.84529001,11.16699982,7387.52001953,18.733886298022988,29.50767188195892,0.0020692208052569363,0.00020902286616706687,19610,,,,,,,,,
DSCT,392979958,QT Vir,23.0,0.13133998633592783,,,0.98163325,0.95257002,8.23176003,7235.0,7.613827501415322,18.56679637666562,0.0007227497024343473,8.829792955508915e-05,13449,,,,,,,,,
DSCT,50377999,HIP 10137,1.0,0.08414426144869401,,,0.99980658,0.97104466,6.33039999,7057.0,11.884351740489617,57.03920498232955,0.0003410718829617007,3.575404831409437e-05,18277,,,,,,,,,
DSCT,399952126,KIC 11021188,40.0,0.041958445554653445,,,0.97616589,0.84758472,11.00349998,7355.0,23.833104081452177,17.55678457860976,0.001828413013824048,0.00019166976376567727,18293,,,,,,,,,
DSCT,381022741,VW Ari,42.0,0.16046204877753895,,,0.98963809,0.95119941,6.39385986,7047.0,6.232003190900161,16.6943890862126,0.0007293554622109645,9.046541117652644e-05,12978,,,,,,,,,
DSCT,123413993,KIC 10253943,40.0,0.05223207312382334,,,0.97927749,0.89415568,9.95429993,7660.72021484,19.1453247055571,35.57943128913764,0.0012075766592103845,0.00012324777668167562,19608,,,,,,,,,
DSCT,456310885,ASASSN-V J085655.34+502134.9,47.0,0.05707057173406848,,,0.98774421,0.88053727,10.88720036,7384.64013672,17.522165445611726,43.12669592026033,0.0019228134414121906,0.00021497707815239836,16488,,,,,,,,,
DSCT,156198986,V0572 Cam,14.0,0.08632836856725495,,,0.99647379,0.84464478,11.26500034,7476.0,11.583677724906156,67.57835521596681,0.004799940804001897,0.00050042842212755,18409,,,,,,,,,
DSCT,149852256,HD 77532,34.0,0.03135202072209329,,,0.97753817,0.94114184,8.99666977,7391.0,31.89587072757053,35.10503675253159,0.0006812769384347635,7.433340808583508e-05,16860,,,,,,,,,
DSCT,252829836,V0461 Per,18.0,0.035660484450235536,,,0.96772796,0.90785825,8.67512035,7133.0,28.042243828613916,22.006804316432675,0.0005985525744118404,6.958032343941062e-05,14693,,,,,,,,,
DSCT,185259483,ASAS J114026-0606.2,9.0,0.15546524833717756,,,0.39299244,0.88151413,10.91829967,5419.0,6.432305680502763,49.729621873940445,0.0067887670110983594,0.0007590072260112,16032,,,,,,,,,
DSCT,219332123,DR Gru,1.0,0.03540931158987194,,,0.99721915,0.96289039,7.16800022,7575.0,28.241159036992634,34.85041247643868,0.0020363978521957126,0.00021347249899898477,18276,,,,,,,,,
DSCT,456723328,TAOS 121.00214,55.0,0.037394100951598154,,,0.97773093,0.87264723,10.94830036,7486.0,26.74218592109946,20.104007933593085,0.0018646691890697525,0.00020467403366381738,16573,,,,,,,,,
DSCT,139845816,RS Gru,1.0,0.1470877223618229,,,0.9966563,0.95612681,8.0237999,6933.0,6.798663980533247,55.25032277987247,0.003549680712203925,0.0003721076465807634,18218,,,,,,,,,
DSCT,120962639,KIC 3219256,14.0,0.05314409411258686,,,0.99110812,0.94919056,8.05171967,7520.0,18.816766316149437,11.067772876385515,0.0005448325019337827,7.033757354873535e-05,12000,,,,,,,,,
DSCT,434130990,EPIC 210438520,42.0,0.03967541515924594,,,0.96645105,0.80047369,10.43980026,7182.0,25.20452516971232,27.920161952666554,0.0015880199216579674,0.00020674258421650402,11723,,,,,,,,,
DSCT,89975166,V0704 CrA,13.0,0.06851555710544956,,,0.99456805,0.94029945,7.84030008,7546.0,14.595225409332073,18.513052718737757,0.0005989531581944372,6.515751381113623e-05,17353,,,,,,,,,
DSCT,452310756,NU Vul,14.0,0.18773057840745636,,,0.9963755,0.97786623,4.99989986,7621.0,5.3267827142660185,18.503542312768975,0.00031559584464837544,3.7454335983088875e-05,14177,,,,,,,,,
DSCT,11083205,V1359 Ori,5.0,0.18220594321715733,,,0.9978826,0.95484138,8.06190014,7067.41015625,5.4882951804057045,34.39468262437656,0.0005816800963523479,6.272417790691693e-05,17280,,,,,,,,,
DSCT,308456254,ASAS J080353-6238.5,11.0,0.15917348928282343,,,0.99185616,0.88969398,10.39280033,7070.0,6.282453218218865,39.015060242646406,0.001810908518477028,0.00021051383925402254,14854,,,,,,,,,
DSCT,144309524,DW Phe,2.0,0.11137553965956035,,,0.98310536,0.87170541,11.39439964,7304.0,8.97863214002538,62.0210486582624,0.004345428928024612,0.00046061454514243985,17841,,,,,,,,,
DSCT,270265624,VY Crt,10.0,0.1363087257793207,,,0.99699795,0.95715213,6.55341005,6942.0,7.336287492107928,40.234726298290646,0.0012365254976669118,0.00014674857805201173,14598,,,,,,,,,
DSCT,373564878,CC Lyn,20.0,0.17739498753947364,,,0.83149225,0.97062981,6.24707985,6936.43994141,5.637137857559147,38.2116670164071,0.0008229508571413877,9.03305918420058e-05,16551,,,,,,,,,
DSCT,459309927,V0644 Her,79.0,0.10163518457629545,,,0.99984598,0.97034645,6.0151,6758.87988281,9.839112352369671,14.728488265311073,0.00021553155457651045,2.7372534803765317e-05,12495,,,,,,,,,
DSCT,274038922,HD 20203,4.0,0.04599193734760551,,,0.99240404,0.94675893,8.65458012,8144.0,21.742941429973556,37.655653028633225,0.0009849162641044258,0.00011372833404198615,14871,,,,,,,,,
DSCT,135428006,HD 108668,10.0,0.04302506227370479,,,0.99585021,0.94469261,8.68389988,7501.0,23.242267347307486,15.079952221636216,0.0005464755858248709,6.207545521926658e-05,15414,,,,,,,,,
DSCT,410038602,ASAS J094303-1707.3,8.0,0.07651568717895225,,,0.98695821,0.8409183,11.7730999,7552.0,13.069215436322677,27.60365725858866,0.004891708753218642,0.000606741796893182,12987,,,,,,,,,
DSCT,271538485,KIC 7212040,40.0,0.026427255933827453,,,0.83076257,0.84746426,10.6218996,7634.0,37.839721328008885,21.486094167944962,0.0015665557652244123,0.0001582460292424376,19611,,,,,,,,,
DSCT,438196480,EPIC 202072274,33.0,0.04924293417413104,,,0.8052913,0.84513521,10.62660027,8528.0,20.3074820128272,15.405544382829907,0.0015519877392403815,0.00016639055091541838,17387,,,,,,,,,
DSCT,102210411,Gaia DR3 3322799833642696960,6.0,0.07817984658696718,,,0.99638712,0.94502169,8.52742958,7397.0,12.791020239309386,27.61846099544863,0.00066598637645446,7.794780951722408e-05,14598,,,,,,,,,
DSCT,278535185,HT Peg,56.0,0.03971978494834557,,,0.99990767,0.97707057,5.14279985,8185.0,25.176369945116043,37.91097259092922,0.00016881758868312404,1.7412204770995216e-05,18798,,,,,,,,,
DSCT,30307085,VSSP J085637.18-423309.6,35.0,0.014980505463125375,,,0.93110198,0.85246468,10.29380035,9931.0,66.75342180285621,26.31823442862463,0.001747188952117579,0.0002103368325027059,13772,,,,,,,,,
DSCT,411262502,ASASSN-V J115544.27-711236.0,37.0,0.12175416742213122,,,0.92830086,0.79659539,11.04759979,7001.0,8.213271226543908,31.385177028283035,0.0019059433831496123,0.00021047623641346763,16455,,,,,,,,,
DSCT,123494120,KIC 10451090,40.0,0.0278244886539043,,,0.97008985,0.94456339,9.00024986,7811.68017578,35.939564332646995,27.31286172305433,0.0008297786536993052,8.382030184494609e-05,19609,,,,,,,,,
DSCT,357208862,HD 105515,11.0,0.03423008274639303,,,0.99583203,0.96658158,6.62669992,7574.0,29.21406902252885,39.398107806911696,0.0010084977088074798,0.00011418987946701533,15533,,,,,,,,,
DSCT,178616716,V0554 Vel,10.0,0.10239840353653847,,,0.96321219,0.79003936,11.6722002,7330.0,9.765777252993729,51.329483147961284,0.004931436400739933,0.0006024708449568554,13456,,,,,,,,,
DSCT,118425866,HD 73675,34.0,0.05167936579120601,,,0.98524511,0.93277603,9.19972038,7133.0,19.350082662395298,19.453327142163918,0.0007191749968601861,7.846842526265313e-05,16897,,,,,,,,,
DSCT,327996759,HD 220811,2.0,0.02584211343531945,,,0.99974519,0.96224564,6.77860022,7527.0,38.696525441036876,45.45838706437387,0.00042553458455992757,4.4608145249493304e-05,18300,,,,,,,,,
DSCT,105485591,ASASSN-V J093627.15+425816.0,48.0,0.06653375057229366,,,0.93650436,0.89040107,10.91940022,7908.0,15.02996586542087,38.02349525771251,0.0020116986723311297,0.00022925434036194384,15390,,,,,,,,,
DSCT,8152515,BD+42 2113,21.0,0.12011125903584305,,,0.99973375,0.94715136,8.49559975,6501.75976563,8.32561416829029,20.395327827334714,0.0006028639377485707,6.463379844619146e-05,17346,,,,,,,,,
DSCT,14330619,TAOS 49.00056,43.0,0.04582172025477681,,,0.99233729,0.89257103,10.36400032,7166.0,21.82371142855014,14.795639349783869,0.001303430193871365,0.0001495136972380239,15682,,,,,,,,,
DSCT,160298091,MW Cam,40.0,0.13283049145987832,,,0.99927807,0.93950599,8.87220001,7238.0,7.528391930267395,43.75930265758357,0.0010992799771707225,0.00011104404661143015,19610,,,,,,,,,
DSCT,397025357,IQ Vir,46.0,0.09247615275252696,,,0.99997818,0.96356577,6.10590982,7646.58984375,10.81359864392363,53.489629147443665,0.0008020989741639923,8.699984884063466e-05,16950,,,,,,,,,
DSCT,464401254,ASAS J102422-5842.0,10.0,0.11999129888721768,,,0.57097912,0.59487927,11.9598999,8198.0,8.333937621093016,59.95569924849493,0.005855039547800923,0.0006465809524922353,16307,,,,,,,,,
DSCT,34197596,HD 25674,5.0,0.015129448604818985,,,0.909684,0.93439949,8.6257,8618.0,66.09626207272902,29.08050456708613,0.0011066917150401655,0.00011933763671405046,17221,,,,,,,,,
DSCT,25671619,ASAS J093958-3039.5,8.0,0.09943899780397461,,,0.9753927,0.88105106,10.38199997,7323.0,10.056416718632995,46.92173592458884,0.0037154050237100745,0.0004644256279637593,12856,,,,,,,,,
DSCT,52209643,ASASSN-V J053356.29+121206.0,43.0,0.13282791259663634,,,0.9205029,0.78959697,10.85369968,7757.0,7.5285380945248965,51.459844293271324,0.001853368442384863,0.00020592982693165145,16302,,,,,,,,,
DSCT,183595451,AI Scl,2.0,0.09337566191681977,,,0.9996894,0.97618139,5.69150019,7147.0,10.70942876839591,20.05443647112716,0.00037669151997090267,3.948800085072289e-05,18299,,,,,,,,,
DSCT,148839101,TIC 148839101,14.0,0.05085261538665772,,,0.99928898,0.93112308,8.3260603,7432.0,19.664671962228546,29.811824115555957,0.0008201819989538837,8.870072630411241e-05,17090,,,,,,,,,
DSCT,78492107,HD 50153,6.0,0.022124617817392,,,0.99471796,0.96069825,6.87750006,7991.0,45.198520862760724,39.46156425531556,0.0003659974304134876,4.2836759126430554e-05,14639,,,,,,,,,
DSCT,333375443,V0340 And,16.0,0.04492703178804664,,,0.99962717,0.97492683,5.49410009,8564.0,22.258314431225383,42.33836709107916,0.00027936627881034376,3.3631747797980084e-05,13884,,,,,,,,,
DSCT,164654307,KIC 9138872,40.0,0.04672767772665757,,,0.95939034,0.93098921,9.92370033,7649.0,21.40059272471639,21.74836310296426,0.00113088589748819,0.00011423672669459057,19609,,,,,,,,,
DSCT,401744720,V0526 Vel,8.0,0.07743879565353763,,,0.9662658,0.90083241,9.53369999,8182.0,12.913423969995808,43.94937462676058,0.005499657733968265,0.0006821485873642415,13076,,,,,,,,,
DSCT,144387364,BF Phe,2.0,0.06241208243813885,,,0.99267364,0.9584136,7.16309977,7382.0,16.022538600457253,46.68915725531185,0.00041271289865715653,4.302829411864694e-05,18299,,,,,,,,,
DSCT,67984107,EPIC 202863081,12.0,0.03905200940311887,,,0.9419173,0.91078627,9.52579021,6861.0,25.606876964444638,18.67340740470421,0.0009189055159088262,0.00010944005432993875,14170,,,,,,,,,
DSCT,327322205,HD 122141,99.0,0.12089336881223063,,,0.98400128,0.92657584,6.80950022,7407.0,8.271752287366413,18.36708124884061,0.0007296726817489971,8.721256646761514e-05,14078,,,,,,,,,
DSCT,175264756,BV Cnc,72.0,0.030722618852174997,,,0.95180571,0.9141078,8.38683033,7333.35986328,32.54930853426271,23.806432177291462,0.0006325452386601544,7.403382038623468e-05,14695,,,,,,,,,
DSCT,83207850,TU Crv,10.0,0.09411676376502104,,,0.99998116,0.97368568,5.85349989,6986.0,10.625099716525261,21.393308209193577,0.00035181664491361705,4.062428692925355e-05,14890,,,,,,,,,
DSCT,258388363,CN Dra,14.0,0.19797522290914013,,,0.99969745,0.97461331,6.0236702,7124.0,5.051137133756105,17.811492651933808,0.00047555862104107214,4.958041360808482e-05,18424,,,,,,,,,
DSCT,177363174,V0396 And,17.0,0.10476465011861556,,,0.99847567,0.96251076,7.50824022,6916.0,9.545204406904334,38.066695532676015,0.0007509081208621215,9.243040018540752e-05,13134,,,,,,,,,
DSCT,394015973,BE Ind,1.0,0.0456798329011001,,,0.99414283,0.95554602,7.97359991,7027.60009766,21.891498643724617,16.67466772520382,0.0005280454736471176,5.535420631239167e-05,18276,,,,,,,,,
DSCT,67634153,GrAGVar017,58.0,0.06733271622643477,,,0.95861524,0.92347348,9.20217991,7356.0,14.851621262939647,26.7701565916447,0.0008353931501543666,8.482132313881298e-05,19327,,,,,,,,,
DSCT,23672783,GSC 02980-01600,47.0,0.04598050486877999,,,0.96066737,0.8924886,10.01609993,8001.0,21.748347541068075,39.40988400171568,0.0012263699849724267,0.0001354299089728917,16609,,,,,,,,,
DSCT,81709032,AI Vel,34.0,0.11160541358701737,,,0.98510861,0.95319217,6.27180004,7402.0,8.960138830723587,39.290095456663785,0.004459613277439176,0.0004837129749845191,16966,,,,,,,,,
DSCT,176019421,GSC 05226-01154,42.0,0.042857152526205686,,,0.99799103,0.80550891,11.04609966,7688.0,23.33332806906698,35.99213620318488,0.0058056788349221105,0.000856000644228,9390,,,,,,,,,
DSCT,85914188,GSC 01951-01755,45.0,0.12073187648210658,,,0.25048938,0.82527077,11.50479984,7524.37988281,8.28281667723609,50.74278216087782,0.01572340573635675,0.0017579302032151912,16073,,,,,,,,,
DSCT,265566844,BX Ind,1.0,0.17764143432011475,,,0.99936736,0.96278423,7.52050018,6762.0,5.629317303292949,58.14593176289427,0.0009700639951088695,0.00010169033767225131,18276,,,,,,,,,
DSCT,202278022,GrAGVar023,14.0,0.10310228011090512,,,0.99983585,0.94568801,8.18953991,7909.0,9.699106546667245,57.56266947547458,0.0004380630213686977,4.567122711038291e-05,18414,,,,,,,,,
DSCT,437039231,EX Cnc,44.0,0.05101727890612588,,,0.80181301,0.71763206,10.70810032,7385.79980469,19.601202209158306,13.05558962825106,0.0019622621328454454,0.00022218243479924893,15508,,,,,,,,,
DSCT,171729860,NSV 19903,23.0,0.032341841174055426,,,0.99958742,0.97253507,6.24819994,7494.68017578,30.919699179099254,24.881531768494956,0.00024319367007130812,2.8660648874844318e-05,13208,,,,,,,,,
DSCT,38566645,ASASSN-V J091417.51-282845.1,62.0,0.11448344062810141,,,0.98607492,0.83515435,10.85639954,7441.0,8.73488772274492,40.643120656998484,0.001952592640028818,0.00021562778504089587,16132,,,,,,,,,
DSCT,11361473,V1790 Ori,6.0,0.044388330733842234,,,0.9895792,0.87501913,10.47780037,9692.0,22.52844347754639,40.10653886169489,0.001482885796688584,0.0001735586548052799,14606,,,,,,,,,
DSCT,438528002,EPIC 202071747,44.0,0.0333183983507036,,,0.82757133,0.86775714,10.30970001,7451.0,30.013447509516393,15.478392115687653,0.0013582652910021395,0.00015529371710336332,15753,,,,,,,,,
DSCT,314042667,V1183 Cas,17.0,0.05063815751469526,,,0.99091214,0.94582719,7.02285004,7380.0,19.747953896422842,48.574703556360966,0.0014201038715883517,0.00016289708593643384,15129,,,,,,,,,
DSCT,438069802,EPIC 202063217,33.0,0.017583089307752285,,,0.98177248,0.89650983,9.27161026,8428.0,56.87282720898799,33.61816278753439,0.0009177419496241677,9.839226479385462e-05,17446,,,,,,,,,
DSCT,7988331,VSSP J183433.78+180100.2,40.0,0.014755780227336503,,,0.61448359,0.82902002,10.80959988,8403.0,67.77005245357367,34.81143941082493,0.0026840650929244405,0.00027113151833613896,19611,,,,,,,,,
DSCT,459664313,MarSEC2_V4,10.0,0.04507572357863481,,,0.90437382,0.87540668,8.89109993,7233.0,22.18489068190986,26.708620037025653,0.0007173132012604579,7.734987174735133e-05,16374,,,,,,,,,
DSCT,165524371,GrAGVar042,55.0,0.10407945166120187,,,0.99124748,0.94255537,8.25259018,7289.0,9.608044470249396,29.697874441088974,0.0006180988432094004,6.998591249973453e-05,15647,,,,,,,,,
DSCT,166179517,ER Dra,15.0,0.08787423890722845,,,0.99724466,0.96965986,6.02226019,7527.0,11.379899415751764,18.493392364971175,0.0002985928947778914,3.35943253217083e-05,15713,,,,,,,,,
DSCT,103307231,NGCA-V43,19.0,0.039928718377710205,,,0.99067163,0.96062315,7.36003017,8563.0,25.044630547376638,37.40925251646772,0.0004724724626644608,5.124683381625471e-05,16698,,,,,,,,,
DSCT,272519217,ASAS J154600+0407.6,51.0,0.07878906776250803,,,0.9996025,0.94957227,8.52886963,6842.0,12.692116157717155,15.387362291931906,0.0011116762716973632,0.00019065090773259701,6826,,,,,,,,,
DSCT,28360165,KIC 10815466,41.0,0.022278285336053805,,,0.80219615,0.75474745,10.97539997,8120.0,44.88675788623919,24.738719519191214,0.002405720845209397,0.00025081373621186405,18321,,,,,,,,,
DSCT,34737955,HD 44930,6.0,0.05510768308171309,,,0.99189758,0.93532085,9.16257954,7282.0,18.14629002851037,29.227923545670198,0.0008319287480583346,9.736989505818817e-05,14623,,,,,,,,,
DSCT,269732494,TAOS 121.00043,55.0,0.05801678568034287,,,0.89906418,0.9343037,8.96860027,8197.0,17.236390956054258,23.055986281560703,0.000661623162138768,6.824121864468517e-05,18744,,,,,,,,,
DSCT,298112357,ES Cir,12.0,0.10159176532231048,,,0.88168013,0.74666584,10.67129993,9764.0,9.843317485697739,54.90521413252344,0.005204901845850257,0.0005679013498434328,16829,,,,,,,,,
DSCT,26541086,HD 183489,14.0,0.04193847772679806,,,0.99003375,0.95378691,7.86475992,7300.0,23.844451544339552,19.68853120011903,0.00040730166093751007,4.246413358742913e-05,18414,,,,,,,,,
DSCT,459942890,HD 25248,5.0,0.03072122071416231,,,0.99487966,0.95077372,8.23361015,7085.0,32.550789869460026,21.073760900546894,0.00045874494744140514,4.918262084454358e-05,17255,,,,,,,,,
DSCT,127962386,HD 35467,43.0,0.030304410384377676,,,0.96228683,0.91213536,9.11863041,8372.0,32.998497159856086,30.743814359492482,0.0007188005654568023,7.986672949520025e-05,16268,,,,,,,,,
DSCT,138160886,V2084 Cyg,14.0,0.08796759484020135,,,0.92080325,0.93905544,7.03484011,7086.0,11.36782245571864,25.969714609702958,0.0007752122066503749,0.00010007946553778682,11999,,,,,,,,,
DSCT,160527775,tau Cen,10.0,0.05148121702098899,,,0.99816054,0.98358935,3.8433001,8746.6796875,19.42456021566658,30.365294293938746,0.00017650697524342355,2.011483664788759e-05,15386,,,,,,,,,
DSCT,86388817,EPIC 202063312,43.0,0.05859933703544289,,,0.97964936,0.89798188,9.23408031,7783.0,17.065039479801037,19.34375827818007,0.0007834713714943209,8.842769473886828e-05,15695,,,,,,,,,
DSCT,66693422,DK Vir,23.0,0.13195455129081665,,,0.99909496,0.96740842,6.35918999,7031.0,7.578366871151603,41.853287228694704,0.0003867556604773733,4.760633089285646e-05,13428,,,,,,,,,
DSCT,162499828,del Sct,80.0,0.19386119499877053,,,0.98192996,0.96028012,4.37919998,6983.0,5.158329907160337,31.205389463678344,0.0011420077974569874,0.00014387945844608618,12590,,,,,,,,,
DSCT,175264376,BW Cnc,44.0,0.06736460557038243,,,0.99418032,0.93157482,8.23270035,7415.83007813,14.844590739200596,17.08037108454806,0.0006342024810827061,7.22740803363178e-05,15276,,,,,,,,,
DSCT,277227048,FG Vir,46.0,0.07866111224934688,,,0.9968127,0.95837075,6.29979992,7361.0,12.71276201676519,43.325791620938375,0.0010717323105904287,0.00011982331500815581,15988,,,,,,,,,
DSCT,440701454,EPIC 210747473,42.0,0.02938039005589028,,,0.99589133,0.84450501,10.97729969,7548.0,34.036307826332504,15.52730114035151,0.0018794182452419408,0.00023311314323070002,13009,,,,,,,,,
DSCT,143858644,HD 209953,1.0,0.07758792504440419,,,0.99802613,0.95617259,7.61100006,7331.0,12.888603470548954,31.2679242217396,0.0005498306353068779,5.7637911775737916e-05,18277,,,,,,,,,
DSCT,260353074,HD 44596,2.0,0.08337626411979915,,,0.99616909,0.94577795,8.96829987,7229.0,11.993821149903653,17.16556788087596,0.0006782109231881831,7.032719661846727e-05,18300,,,,,,,,,
DSCT,450329146,HD 94479,48.0,0.04962716824745855,,,0.99993157,0.95255733,8.02859974,7356.0,20.15025308342494,36.46388217994959,0.0005537299406533626,6.310338323981831e-05,15314,,,,,,,,,
DSCT,149952437,HD 106832A,46.0,0.04276714862836309,,,0.93218851,0.93103403,8.74860001,7758.0,23.382433294531168,54.50922809165891,0.0006247394651567249,6.899093253644054e-05,16478,,,,,,,,,
DSCT,254079940,V0701 CrA,13.0,0.11192010293876913,,,0.99894321,0.97245294,5.40290022,6993.0,8.934945320297771,19.52202179883646,0.000601229169087833,6.445853284891778e-05,17243,,,,,,,,,
DSCT,229838097,HD 79034A,8.0,0.08858009527135983,,,0.9935087,0.9346655,8.5556097,6911.0,11.289217932500069,28.303608756194734,0.0005714118813440738,7.033594043794759e-05,13043,,,,,,,,,
DSCT,26699907,HD 57927,44.0,0.11230104548307358,,,0.99959302,0.97358513,5.43989992,6886.0,8.904636601541911,15.46488450449155,0.00020009759528758801,2.2512738346245747e-05,15788,,,,,,,,,
DSCT,358311374,NSV 16684,43.0,0.08775127562196983,,,0.9729811,0.92976582,7.53143978,7284.0,11.395845734573404,32.57418598368861,0.0005733056341667529,6.331101608834221e-05,16302,,,,,,,,,
DSCT,147574768,DL UMa,14.0,0.07644763141063515,,,0.9996953,0.95590615,6.89288998,7234.0,13.08085000866205,26.02739342458775,0.0006287309331052768,6.554973105800233e-05,18424,,,,,,,,,
DSCT,344714181,HD 6121,42.0,0.06539923222591512,,,0.99913478,0.95336539,8.2855196,7254.0,15.290699385362808,14.606423460335224,0.0005350822416139005,6.586407091681857e-05,13075,,,,,,,,,
DSCT,36592732,EPIC 206139498,42.0,0.042131516938517286,,,0.99139237,0.93615913,8.82629967,,23.73520045478791,14.252640879345085,0.0006073569958705198,9.053943529176942e-05,9432,,,,,,,,,
DSCT,262834160,gam TrA,12.0,0.14736662689523586,,,0.99656343,0.6410622,1.32529998,9419.0,6.78579690034507,35.84255136080334,4.6035176907352654e-05,4.82579779077888e-06,18203,,,,,,,,,
DSCT,69106276,TIC 69106276,92.0,0.09085240327480974,,,0.99782062,0.94276452,8.00199032,6576.0,11.006863483569132,45.09608369772636,0.0004589585972614249,5.1966827930233015e-05,15696,,,,,,,,,
DSCT,17654683,DT CVn,22.0,0.1875220344466885,,,0.99999118,0.97723907,5.70326996,8340.59960938,5.332706649384686,26.592672741667634,0.0004068604871507754,4.493022449561562e-05,17106,,,,,,,,,
DSCT,436546358,GP And,17.0,0.07869229816150021,,,0.7754162,0.87343723,10.61369991,7212.29003906,12.707723924235887,47.15065345194176,0.007760299150904199,0.0009700373938630249,12868,,,,,,,,,
DSCT,284741353,VSSP J072316.03-394924.3,33.0,0.014486244001332776,,,0.97098649,0.87231696,10.50370026,8328.0,69.03100623653702,46.93281985995645,0.0018114857477608398,0.0001942116576854412,17458,,,,,,,,,
DSCT,124381332,TYC 5945-497-1,6.0,0.016473036435890275,,,0.97286731,0.92774576,9.61709976,8261.0,60.7052624385187,19.95598405400789,0.0013303899564070618,0.00015571036671609267,14639,,,,,,,,,
DSCT,67533256,CO Cru,37.0,0.14585649863033326,,,0.97092652,0.91615796,8.89830017,7115.0,6.856053788418815,21.8956730791893,0.0007082313238506751,8.071044993279547e-05,15442,,,,,,,,,
DSCT,161172103,CC Gru,1.0,0.1259626367856793,,,0.99617898,0.9731071,6.32989979,7038.0,7.938862074644107,32.05559680670235,0.0006467307159288453,6.779580029505189e-05,18276,,,,,,,,,
DSCT,352619386,GSC 03949-00811,16.0,0.1300731657093725,,,0.98110479,0.84954405,10.39260006,6402.0,7.6879807956265065,31.535443171594505,0.0035477482967412963,0.00041810614642813243,14441,,,,,,,,,
DSCT,166979292,V2855 Ori,6.0,0.05807677444817633,,,0.89790028,0.79299933,9.95736027,7656.0,17.218587111657353,51.86579597511472,0.0065448359981160956,0.0007608217307465437,14673,,,,,,,,,
DSCT,346793769,CC Oct,13.0,0.12492893785167593,,,0.99800891,0.96174127,7.63549995,7355.0,8.004550564475842,39.451163107412455,0.0006236077939799587,6.299389998914461e-05,19438,,,,,,,,,
DSCT,175262196,BQ Cnc,44.0,0.06403255754982008,,,0.99574453,0.93815207,7.89973021,7255.0,15.617055420938904,12.300752914394979,0.00042529950729796906,4.8785199290775954e-05,15277,,,,,,,,,
DSCT,26961610,KID 10801714,14.0,0.05445990335105196,,,0.99607396,0.96257067,6.52740002,7425.77978516,18.362133211179923,41.48239791229212,0.00024010349686032028,2.5032519980442188e-05,18401,,,,,,,,,
DSCT,191466237,CC And,17.0,0.12485784222701361,,,0.97966069,0.94499648,9.05459976,7057.37988281,8.00910845617389,34.81682730559429,0.0021149147760070246,0.0002623228929208266,13073,,,,,,,,,
DSCT,405484574,V0534 Tau,42.0,0.025828665636929093,,,0.99853969,0.93891823,8.06750011,7323.97998047,38.716672942261035,24.06946336320065,0.0004928618796384628,6.113199243009514e-05,13081,,,,,,,,,
DSCT,9147509,HD 25369,5.0,0.05102306051560905,,,0.43329331,0.96428794,9.31400013,7387.56005859,19.598981125290955,23.462311229358527,0.0015209740498976546,0.0001630655344058281,17317,,,,,,,,,
DSCT,63037771,HD 212765,106.0,0.06093318470880087,,,0.99825734,0.88267875,10.38189983,7251.0,16.411418585438966,15.308232347737317,0.0012438089259302408,0.00015427551000744586,12847,,,,,,,,,
DSCT,298892207,KIC 10788451,40.0,0.06445781187810028,,,0.97966814,0.82695472,10.97990036,8591.0,15.514023372235396,19.264768951261875,0.0017606629323569328,0.00019562921470632586,16222,,,,,,,,,
DSCT,346505765,V0922 Sco,12.0,0.046571194012365744,,,0.97303367,0.88221341,7.27880001,9039.0,21.472500785238115,20.741465634253274,0.001006042822058469,0.00011178253578427434,16209,,,,,,,,,
DSCT,278179191,HD 59104,4.0,0.03453381489406916,,,0.99608666,0.94668263,8.22949982,7715.0,28.95712515595084,13.839729337113978,0.0005142488923925017,6.0188280309957903e-05,14671,,,,,,,,,
DSCT,28833184,AR Ari,18.0,0.19418095649244252,,,0.99979925,0.95454133,7.40731001,7057.0,5.149835586678242,24.494565473685572,0.0010176975915764327,0.00011911249361684483,14545,,,,,,,,,
DSCT,294598376,V2109 Cyg,14.0,0.18616965278289804,,,0.99255902,0.95097339,7.1599102,7035.0,5.371444728245538,60.822256415064714,0.0014534487757112257,0.00015236283125301143,18424,,,,,,,,,
DSCT,342500794,LW Mus,11.0,0.15355165866398826,,,0.9554655,0.90604669,8.68610001,6558.0,6.512466284641478,52.650516837785275,0.001328587346623982,0.000150432894043744,15532,,,,,,,,,
DSCT,255635577,ASAS J063144-4755.9,6.0,0.06747222661986313,,,0.99388504,0.95948708,7.72240019,7213.0,14.820912990377145,52.339328888232565,0.0011679806065373686,0.00013670179009196603,14651,,,,,,,,,
DSCT,85752358,ASASSN-V J211424.53+191652.1,55.0,0.06427768044329443,,,0.95994121,0.78403991,11.58950043,7275.0,15.557499790027379,39.01519649033309,0.0030935528569961033,0.00033166367951687945,17389,,,,,,,,,
DSCT,80951366,CO Lyn,20.0,0.07890133654045016,,,0.99993956,0.97007293,6.50196981,7147.0,12.67405653499079,20.9842175652769,0.0008320597014406225,8.869786219888803e-05,17633,,,,,,,,,
DSCT,248159810,HD 197105,81.0,0.13331151279632314,,,0.99307543,0.94707215,8.32120037,6246.47998047,7.501227606109508,30.8685256186932,0.000567266419673932,6.804475789911649e-05,13872,,,,,,,,,
DSCT,140349824,GU Vel,8.0,0.0666005957497005,,,0.99713814,0.97501373,4.8586998,7450.0,15.014880704043808,16.68203741015827,0.0003943386268364103,4.891168691792707e-05,13030,,,,,,,,,
DSCT,166179291,EI Dra,15.0,0.06760599558381672,,,0.99146104,0.94883335,8.40299988,8090.0,14.791587511794242,52.0445916032023,0.001026966591093373,0.00011554276862943974,15722,,,,,,,,,
DSCT,259761784,LW Vel,9.0,0.11132836191918927,,,0.99686337,0.97534865,5.02460003,7396.0,8.982437024680893,25.156545772851647,0.0006011325179903131,6.598286599294594e-05,16524,,,,,,,,,
DSCT,34512862,V1162 Ori,32.0,0.0786683087251187,,,0.92271137,0.93171054,9.64750004,7515.0,12.711599069635282,61.00007183539736,0.0029473666768537157,0.0003141903434339336,17607,,,,,,,,,
DSCT,463556278,HR 4043,9.0,0.0212938359121174,,,0.97149396,0.92827123,6.08199978,,46.96194730377082,26.34815824533024,0.000290545170227319,3.1891475603580285e-05,16524,,,,,,,,,
DSCT,167602316,alf Pic,1.0,0.17410053235209055,,,0.41324314,0.77078456,3.04299998,7510.54003906,5.743807824651906,24.132981466294765,0.00041921852670452305,4.394604248172541e-05,18194,,,,,,,,,
DSCT,423085168,V0538 Gem,20.0,0.08856653678085476,,,0.96860403,0.77549809,11.94190025,7807.97998047,11.29094617840096,54.79521384115843,0.00613422171470246,0.0006733183071270049,16561,,,,,,,,,
DSCT,270611536,KID 7368590,40.0,0.0363361254447849,,,0.90801054,0.80656344,11.44540024,7933.83007813,27.52082088442712,20.925110084756305,0.0023508264648427453,0.00023746933352615773,19611,,,,,,,,,
DSCT,129277739,NSV 25054,27.0,0.07387299650696065,,,0.99009174,0.9285509,9.36660004,7575.0,13.536746135724648,32.30377546222039,0.001957474667171068,0.0002592738534803207,11375,,,,,,,,,
DSCT,266017039,TAOS 124.00003,43.0,0.04054788968786146,,,0.99805784,0.94101948,8.68570042,7738.0,24.66219592925851,13.44862320129229,0.0005874653748590147,7.072252031075367e-05,13766,,,,,,,,,
DSCT,299948201,ASAS J135240-6315.3,11.0,0.14127945087441704,,,0.75879008,0.88674784,8.43480015,7982.0,7.078170206712493,47.687362117603,0.0015948136020709793,0.00018293766645293387,15212,,,,,,,,,
DSCT,12470841,HD 923,2.0,0.053578945269437794,,,0.99985582,0.95301306,8.43949986,8163.0,18.66404788245084,31.579678477135193,0.00043137836326527724,4.497430332657962e-05,18297,,,,,,,,,
DSCT,165188672,V0647 Pup,5.0,0.11668149615051877,,,0.99979532,0.96737331,6.47209978,7377.0,8.570339196799491,23.689152656571846,0.0006158437820024078,6.564916774303087e-05,17276,,,,,,,,,
DSCT,273131011,ASAS J194930+4640.0,41.0,0.056826840658440764,,,0.80790567,0.7914741,11.40839958,7861.0,17.59731824632882,60.70884480574444,0.0037229470754332607,0.0003902708967094899,18322,,,,,,,,,
DSCT,89122237,CzeV3724,41.0,0.01884542661549932,,,0.86882359,0.81039745,10.30389977,8580.0,53.06327208202097,46.99511428878843,0.00213192354943342,0.00022348631299214255,18322,,,,,,,,,
DSCT,384063636,LT Vul,40.0,0.0935326955471699,,,0.99136454,0.9607054,6.30179977,7193.0,10.69144852663511,30.42315421474419,0.0005210277784813643,5.263175362153358e-05,19610,,,,,,,,,
DSCT,231053092,ASASSN-V J015924.20-555435.7,29.0,0.1759672106148505,,,0.99872875,0.88572681,11.07059956,5595.0,5.682876920682441,47.61117835663173,0.0019632289330341257,0.0002237307009308089,15381,,,,,,,,,
DSCT,105579901,NSV 19697,23.0,0.056269084342251245,,,0.99982589,0.95780051,8.21240044,7834.0,17.77174822887817,28.74815317097981,0.0012434314064431141,0.00015190932402033437,13414,,,,,,,,,
DSCT,318568428,HD 209930,101.0,0.06525044489311595,,,0.99012208,0.95003724,8.74240017,7051.0,15.325566004002862,18.03670768954449,0.0005731379083162074,6.66259285163307e-05,14922,,,,,,,,,
DSCT,175291778,BX Cnc,44.0,0.041916976266036264,,,0.99892431,0.94088036,7.77147007,7865.0,23.856682639827294,22.317061672446954,0.000570080985099373,6.539277378111271e-05,15280,,,,,,,,,
DSCT,11199304,NSV 16602,6.0,0.025836234506585568,,,0.98924172,0.92333621,9.71500015,8670.0,38.705330675997054,29.18169463876772,0.0009819747550617233,0.00011493145185006342,14619,,,,,,,,,
DSCT,219788401,ASASSN-V J173801.42+631420.5,19.0,0.13722375644876364,,,0.98284483,0.83542103,11.11709976,4579.0,7.287367915579385,57.44999226921119,0.004176131693017254,0.0004611765959494279,16218,,,,,,,,,
DSCT,409319306,V0462 CMa,7.0,0.13553398893642093,,,0.98031515,0.83637708,10.14490032,7503.0,7.378223040931087,18.863037414901587,0.0011105432900892207,0.00012263899029673364,16343,,,,,,,,,
DSCT,80423617,HD 224657,57.0,0.047726599147704385,,,0.98926234,0.94471127,7.38516998,7328.0,20.95267665951219,21.432732833990062,0.0004224393370354104,4.428367514490806e-05,17991,,,,,,,,,
DSCT,197686479,BZ Gru,1.0,0.12100029338575977,,,0.99996024,0.97245336,5.86049986,7066.0,8.26444277132379,27.193911556375163,0.0007089229910373009,7.431532219079509e-05,18141,,,,,,,,,
DSCT,122673431,KIC 1718594,40.0,0.024055590337331796,,,0.97742683,0.9042601,10.13129997,7849.0,41.57037869272753,52.81442273860604,0.001193057770044505,0.00012051703422082429,19611,,,,,,,,,
DSCT,32146574,HX Vir,10.0,0.04490972091686042,,,0.99996662,0.96517378,5.84019995,7962.0,22.26689410631743,23.199888532292245,0.00039862576743833125,4.602933882728834e-05,15061,,,,,,,,,
DSCT,341149986,bet TrA,65.0,0.06578552634327725,,,0.99523771,0.98934793,1.41040003,7107.54003906,15.200912048371745,52.73873808589309,5.761786089501233e-05,5.820282879475203e-06,19506,,,,,,,,,
DSCT,270617514,V2367 Cyg,14.0,0.17661606931091703,,,0.841986,0.86416447,11.16460037,7083.68994141,5.661998955709903,61.6351636655865,0.0036322334783884277,0.0003786865177323268,18424,,,,,,,,,
DSCT,47132007,EPIC 202071704,43.0,0.026910081052460188,,,0.98140925,0.87915695,10.11019993,7664.0,37.16079479844515,29.563830098944184,0.00125008302296825,0.00014154402976810005,15647,,,,,,,,,
DSCT,348927782,ASASSN-V J185016.46+201240.7,40.0,0.06332800397887638,,,0.93430829,0.71431595,11.0927,7094.0,15.790802443948163,21.171315963137683,0.0021391344792665097,0.0002160852137370433,19610,,,,,,,,,
DSCT,402318229,HD 221576,2.0,0.039517818940176724,,,0.99949002,0.94154406,8.93959999,7563.0,25.305040278509054,17.835139842136595,0.0006135584742977045,6.414243042814795e-05,18299,,,,,,,,,
DSCT,229390715,V0756 Hya,37.0,0.04986751655811518,,,0.99888474,0.94212568,8.64220047,7552.0,20.053134164694335,26.805290526839492,0.0011385496264551364,0.0001297497717587328,15367,,,,,,,,,
DSCT,62394683,VSSP J051945.60+274347.3,43.0,0.014313845773073245,,,0.40169525,0.86113328,10.53299999,8103.0,69.86242662200318,30.80470884936079,0.0035130599325056398,0.0003903399925006266,16268,,,,,,,,,
DSCT,390633441,FM Vir,23.0,0.0718947750639835,,,0.99999273,0.97876859,4.93330002,7173.0,13.909216617063477,14.137987426957437,0.0005873726837888841,7.230057940810588e-05,13129,,,,,,,,,
DSCT,242991208,EPIC 210348175,32.0,0.04873784140233642,,,0.97815496,0.8628906,10.6342001,7357.0,20.517937832840943,35.56669142900258,0.0014856175316746898,0.0001601982583601288,17236,,,,,,,,,
DSCT,364566564,HD 235334,15.0,0.10039453629328537,,,0.96765733,0.93726164,8.33273983,6862.0,9.960701417840827,25.175493704319425,0.000595272748246775,6.345628817659268e-05,17610,,,,,,,,,
DSCT,310381204,iot Boo,22.0,0.02720923730174715,,,0.94536304,0.98100913,4.54559994,7727.79980469,36.752224581311154,45.80869428829805,0.0005296307281089125,5.614074489816721e-05,17838,,,,,,,,,
DSCT,147085268,HD 203880,1.0,0.07164568599658742,,,0.99751908,0.95105338,8.02289963,7301.0,13.957574501382139,13.270662147339772,0.0004739837688117495,4.968699976976643e-05,18274,,,,,,,,,
DSCT,326201430,V0459 Cep,18.0,0.17869011258601972,,,0.95910269,0.89191407,7.26592016,6863.0,5.596280541368004,29.131101405538114,0.0009536695344122583,0.0001093933980535926,15124,,,,,,,,,
DSCT,333558811,HD 4630,97.0,0.05242717289459722,,,0.99253619,0.92881131,9.33889961,7252.0,19.07407828399332,20.355224687054946,0.0007343389014486614,5.975965228256125e-05,29939,,,,,,,,,
DSCT,98660068,BG Cet,3.0,0.03277205814678948,,,0.99997056,0.97177923,5.81020021,7357.0,30.513799149290385,17.56719092670609,0.00015581711748312714,1.9477139685390892e-05,12866,,,,,,,,,
DSCT,7245720,CV Phe,3.0,0.12614482521501938,,,0.99907768,0.96407545,7.53410006,7212.0,7.92739613611146,16.404377713696903,0.0006936847010739497,8.671058763424372e-05,12863,,,,,,,,,
DSCT,244045372,ASASSN-V J201629.41-045916.7,54.0,0.08881844494690579,,,0.96250767,0.82901919,10.80630016,7198.0,11.25892263254309,19.95882292602295,0.001854823607121155,0.0002597272556436747,10285,,,,,,,,,
DSCT,442837381,V0954 Cen,11.0,0.10944002088674666,,,0.97938091,0.93344635,6.93149996,7317.0,9.137425156696963,33.82603097638913,0.0011370905770167708,0.0001304332346018015,15212,,,,,,,,,
DSCT,122615966,HD 17341,3.0,0.04090205834328942,,,0.99151576,0.94982934,9.12150002,7850.0,24.448647342073546,15.077044341127781,0.0009276865910263761,0.00011506536009992413,12895,,,,,,,,,
DSCT,156194000,HD 38379,6.0,0.038514828570899225,,,0.98879176,0.95168149,7.52355003,7397.0,25.96402572996452,35.87051296693563,0.0007289723884590575,8.531976461955143e-05,14601,,,,,,,,,
DSCT,61176522,EPIC 211053882,43.0,0.13480600445364682,,,0.99626595,0.82803804,11.18330002,6465.0,7.418067199995168,39.73375130052569,0.0020783168360535864,0.00023532304231395346,15606,,,,,,,,,
DSCT,137054713,iot Ser,24.0,0.0627543924280335,,,0.99994177,0.98522884,4.50260019,8851.0,15.935139538587617,19.591240232961542,0.00011643908478601247,1.2937676087334719e-05,16218,,,,,,,,,
DSCT,17329905,EO UMa,21.0,0.0839644317966184,,,0.99997556,0.95968068,6.82782984,7288.0,11.909804885266599,53.026919166574054,0.001156826708134668,0.0001199573415509663,18718,,,,,,,,,
DSCT,355687188,EZ Tuc,1.0,0.1221018537540585,,,0.988428,0.93140453,9.70419979,6876.5,8.189883849054677,37.440265100918246,0.0031810020189314368,0.0003334596182027634,18260,,,,,,,,,
DSCT,209362175,UW PsA,28.0,0.06366008414803914,,,0.98456049,0.9577986,7.18340015,6981.0,15.708430382758173,37.67802097985285,0.0004219647661242521,5.316256348553825e-05,12581,,,,,,,,,
DSCT,284348793,HD 54711,6.0,0.029538685568572996,,,0.9719553,0.87724543,8.85960007,8008.0,33.85390990667259,23.78538116733319,0.0007275463625284076,8.515286090869674e-05,14651,,,,,,,,,
DSCT,264482621,ASAS J052556+0349.6,32.0,0.05323963759351124,,,0.6826424,0.8453961,10.40340042,7595.0,18.782997879044135,51.92838606855258,0.004164715301055963,0.00045440769321499413,17066,,,,,,,,,
DSCT,388541575,V0381 Sge,54.0,0.06772119684514634,,,0.98877692,0.94282734,7.27066994,7499.0,14.766425382094694,12.117612033877945,0.0004915437408402523,5.210353232210631e-05,17899,,,,,,,,,
DSCT,321923142,ASASSN-V J183243.92+295751.5,40.0,0.08506340026602736,,,0.96117967,0.81859851,10.94680023,7259.0,11.755937299386092,40.40818970699581,0.0019792467815624827,0.00019993411726921157,19608,,,,,,,,,
DSCT,390730807,ASAS J135248+1150.2,23.0,0.1863438721714145,,,0.96456182,0.91742903,9.75800037,6346.33984375,5.366422777133865,41.20211037033645,0.001134959037022095,0.00013970380006751736,13200,,,,,,,,,
DSCT,422451821,SERIV 165,17.0,0.05242246663740764,,,0.99331874,0.95354778,8.99588966,7518.0,19.075790670376804,38.666820534562355,0.001276972048310236,0.00015262735254607354,14096,,,,,,,,,
DSCT,55382503,CzeV1312,45.0,0.1326619663740294,,,0.99781126,0.79696894,10.80910015,7037.31005859,7.537955507010826,44.84028106841052,0.0019157398105252006,0.0002128599789472445,16244,,,,,,,,,
DSCT,226654101,HD 174966,80.0,0.03709189658952698,,,0.97748715,0.90007609,7.46238995,7473.0,26.96006653599787,21.436302935226827,0.0005861315798903311,7.504645871929695e-05,12182,,,,,,,,,
DSCT,31628270,ASASSN-V J191603.13-315336.8,27.0,0.040070501111093906,,,0.68501967,0.68173867,11.63399982,7991.0,24.956014331528795,47.255271857562846,0.004151226958369125,0.0004529359943730432,16780,,,,,,,,,
DSCT,23555158,HD 98009,9.0,0.029383473351214332,,,0.97792137,0.94263029,8.32960033,7427.0,34.03273629523696,20.492475386921345,0.0005332870115500233,5.925411239444703e-05,16089,,,,,,,,,
DSCT,103020281,ASASSN-V J173534.41-344628.6,12.0,0.16221278331446135,,,0.59548318,0.68265963,10.93260002,10691.0,6.164742257467013,36.70054260173856,0.00367890853849639,0.00040876761538848777,16209,,,,,,,,,
DSCT,294057763,EPIC 202072113,33.0,0.02787571415429425,,,0.95793802,0.84158844,10.39089966,7941.0,35.87352038641672,17.43342975666167,0.0012655010996862747,0.00013567595918246688,17384,,,,,,,,,
DSCT,392021659,EPIC 202062473,44.0,0.021559786130062427,,,0.96235645,0.91547924,9.42916012,8354.0,46.382649343892375,24.52738707269675,0.0008099615486141025,9.112779385610322e-05,15807,,,,,,,,,
DSCT,23137953,HD 19108,4.0,0.0678952406341162,,,0.97945493,0.95454866,7.9958601,7412.0,14.728572881697941,20.667567451937316,0.00046954678039413456,5.45837045005808e-05,14736,,,,,,,,,
DSCT,9632550,BS Aqr,2.0,0.1978729389313738,,,0.99982876,0.92341071,9.06840038,7190.0,5.053748154753084,59.397476962465724,0.0017251348822181613,0.0001808432738329351,18276,,,,,,,,,
DSCT,381320713,VX Psc,17.0,0.1578352224032682,,,0.99869013,0.96946293,5.87294006,7834.0,6.335721423732689,19.243002488044127,0.00033242590168052437,4.188172691443219e-05,12675,,,,,,,,,
DSCT,257429415,BD+03 111,42.0,0.08278680012906488,,,0.99937981,0.85183549,10.85770035,7056.0,12.07922033996962,24.044718460618284,0.0017997578692285434,0.00024491602445381253,10756,,,,,,,,,
DSCT,222629426,ASASSN-V J162302.96-465036.2,103.0,0.1458020900091712,,,0.75842315,0.73975956,10.70779991,7028.0,6.858612245799072,41.95563113065157,0.0024183206441234064,0.0002703764675825507,16035,,,,,,,,,
DSCT,429863444,EPIC 202060461,43.0,0.14034252655086768,,,0.96115577,0.85989082,9.37300014,,7.12542395079047,34.75646294631476,0.0007521343413493757,8.516244413013701e-05,15537,,,,,,,,,
DSCT,143463658,QQ Tel,13.0,0.06432357733462193,,,0.99855489,0.9684453,5.97340012,7380.0,15.546399025629963,31.208448218409913,0.0008224740250712174,8.86896550112237e-05,17224,,,,,,,,,
DSCT,152308886,NSV 15410,3.0,0.09261215599368333,,,0.99977148,0.97052044,6.7184,7396.0,10.7977186069203,27.58866765563577,0.0006875005780857677,8.593757226072096e-05,12863,,,,,,,,,
DSCT,386329471,ASASSN-V J065725.10+172900.5,44.0,0.1497308309442796,,,0.81658721,0.74653435,10.94559956,7302.0,6.678651241654681,33.63874984897157,0.002350371722184049,0.0002644374787307936,15793,,,,,,,,,
DSCT,308640489,HD 77105,8.0,0.070992906903214,,,0.99489874,0.94716036,8.31437016,6799.0,14.085914264129503,14.600169525393907,0.0005000776557364448,6.202699930326349e-05,12992,,,,,,,,,
DSCT,38515566,UZ Ret,27.0,0.12279540048483464,,,0.99643368,0.9451142,8.84589958,6845.0,8.143627497867895,50.72809365854483,0.0007913510264506001,8.634347571406848e-05,16780,,,,,,,,,
DSCT,443910170,ASASSN-V J081039.44+083260.0,46.0,0.09621464357327521,,,0.98260421,0.86379623,11.12139988,7166.10009766,10.393428306351511,28.48825555585727,0.0019224444501207145,0.0002122984744209497,16439,,,,,,,,,
DSCT,122452155,KIC 2571868,14.0,0.03695144292040934,,,0.98806018,0.92763573,8.52311993,7914.91992188,27.062542649658514,14.586492085287635,0.0005225184751393904,6.74568450766851e-05,12000,,,,,,,,,
DSCT,440691730,IA_V1,42.0,0.05627147808362149,,,0.99918431,0.94412011,7.58288002,8385.0,17.770992233649224,25.96255754292574,0.00041293641986965383,5.121845924075046e-05,13081,,,,,,,,,
DSCT,410540533,HR Lib,91.0,0.05883867678458746,,,0.99912071,0.97246969,5.84070015,7316.0,16.99562353621701,33.25527092919788,0.0002296978954549632,2.893921466898791e-05,12535,,,,,,,,,
DSCT,388351327,HIP 40824,8.0,0.046168040275677925,,,0.98609757,0.95733559,6.49429989,7400.0,21.660005363641485,25.45631185127851,0.00040794361172064356,5.059917760713314e-05,13043,,,,,,,,,
DSCT,470196152,rho Cep,18.0,0.07386887130923096,,,0.99948043,0.97545612,5.42019987,8511.0,13.537502093592105,11.364977877663796,0.0001659040708300354,1.928595649197896e-05,14847,,,,,,,,,
DSCT,336444537,DQ Cep,15.0,0.07887031297021985,,,0.99548727,0.95545822,6.93973017,7089.0,12.679041864301766,54.79760501491309,0.0008659401456554398,9.23095296874107e-05,17615,,,,,,,,,
DSCT,438816206,V0743 Cen,11.0,0.10219280842056866,,,0.91367358,0.90794957,8.38239956,7466.0,9.785424389987964,48.34409090337841,0.0025236030076094054,0.0002914005751542079,14984,,,,,,,,,
DSCT,328073484,V0437 Sge,41.0,0.11465852497866698,,,0.93363899,0.79199463,11.09570026,7627.0,8.72154948954783,60.997454189384094,0.004067439983293399,0.0004195244016651323,18322,,,,,,,,,
DSCT,245860427,rho Tau,5.0,0.06259733873060305,,,0.99963123,0.98311329,4.43209982,7549.64013672,15.9751200335153,37.07194775616486,0.00023748713724505748,2.5461293670316982e-05,17373,,,,,,,,,
DSCT,427148365,GSC 04257-00471,16.0,0.17389838171888472,,,0.92237306,0.79991388,10.6857996,6956.0,5.750484795290097,31.758904239675456,0.0033782159066400703,0.00039539026518937016,14569,,,,,,,,,
DSCT,296688052,lam Mus,10.0,0.07622439797390972,,,0.99550885,0.98421431,3.49670005,7905.35986328,13.119159043306352,31.42764342437869,0.00014956376943062633,1.6516555303730545e-05,16422,,,,,,,,,
DSCT,14878438,DD Lyn,20.0,0.0505968233152137,,,0.99981838,0.97455746,5.93120003,6968.0,19.764086645718628,20.72211881555153,0.000356987753910674,3.9912444243961665e-05,16563,,,,,,,,,
DSCT,368127841,PP Com,23.0,0.05642433614220752,,,0.99953729,0.95916051,7.09106016,7118.0,17.722849188330326,13.4611937568082,0.0004132612760071367,4.9932053430746294e-05,13408,,,,,,,,,
DSCT,366632312,VZ Cnc,7.0,0.17846519989909887,,,0.99922985,0.94767028,7.35266018,6909.0,5.603333314088028,42.5692831667236,0.0027978720383358556,0.00030897327895557005,16340,,,,,,,,,
DSCT,150287922,VSSP J074904.03-340517.8,34.0,0.01450171453907648,,,0.95888525,0.74772352,11.42809963,,68.9573634417771,28.442646837833568,0.0029813903239290116,0.0003233771839530161,16885,,,,,,,,,
DSCT,218699480,ASAS J173205-4651.9,12.0,0.10102980208399927,,,0.85114259,0.75047278,10.0600996,7602.0,9.898069474278188,52.339992557706346,0.0025734347365450176,0.00030119775379960093,14466,,,,,,,,,
DSCT,125989316,HD 126685,11.0,0.0576349392393597,,,0.99457449,0.91949385,9.45020008,7157.0,17.350586522646772,26.46334592550054,0.000869437394105696,0.00010318323522725006,13805,,,,,,,,,
DSCT,384620975,V0411 Sge,40.0,0.13668850620074469,,,0.87654102,0.82751179,10.07680035,6600.0,7.315904078513896,70.89951971546871,0.002777524188687679,0.0002805723126758174,19610,,,,,,,,,
DSCT,88118183,HD 112340,23.0,0.0322184952562257,,,0.99835569,0.94042212,9.27280045,8625.0,31.038072760606852,29.462815370871297,0.0008070993540907224,0.00010010835417176433,12899,,,,,,,,,
DSCT,192374290,V0509 Per,18.0,0.1456987691046711,,,0.99659181,0.9628641,6.18602991,7336.0,6.863475965823653,19.666662224028418,0.0004653790580076726,5.4468498830272594e-05,14693,,,,,,,,,
DSCT,395320456,NN Peg,42.0,0.1699919143407013,,,0.94525629,0.96044827,6.96106005,6937.0,5.882632735082796,22.310199551029417,0.0008405209365685382,0.00011333581996639678,11101,,,,,,,,,
DSCT,354493993,VY Equ,55.0,0.17639964887572843,,,0.98784864,0.89069575,9.98900032,6841.0,5.668945524401178,28.003600939839625,0.0020102570476471775,0.0002465135356778776,13079,,,,,,,,,
DSCT,259675399,HD 31640,3.0,0.05025072634259081,,,0.9986307,0.95046347,7.86089993,7686.0,19.900209863283784,26.503704577285973,0.0004881942831511934,6.055304833862716e-05,12983,,,,,,,,,
DSCT,407012535,OP Aps,12.0,0.13892077073869322,,,0.99274802,0.95299381,7.73559999,7248.0,7.198347624207881,44.48278293464816,0.0009804347653709616,0.00010511364015449602,17332,,,,,,,,,
DSCT,142945544,BM For,4.0,0.05411140434877969,,,0.94017375,0.89706969,10.47480011,7117.0,18.480392664629704,45.67412584032576,0.006056173040736753,0.0007137268375240186,14533,,,,,,,,,
DSCT,377730260,KIC 5768203,14.0,0.1280843207308615,,,0.98813909,0.91832238,10.4126997,6934.41015625,7.807356859090194,34.899784982231985,0.0013623991971207408,0.00014281824199037884,18423,,,,,,,,,
DSCT,44645679,NSV 15851,4.0,0.028388105712593505,,,0.99993306,0.96698278,7.04029989,7693.0,35.226020718824536,20.37337942498878,0.00046957648381927764,5.4587157453616285e-05,14686,,,,,,,,,
DSCT,17153995,V1307 Sco,12.0,0.1169777346079876,,,0.80429524,0.8595584,9.97579956,6968.0,8.548635373656115,51.76884837877174,0.0043460900753046,0.0005086713682313679,14587,,,,,,,,,
DSCT,317723746,V0668 Lyr,40.0,0.09206643277553272,,,0.99604011,0.96259052,6.88365984,7343.0,10.86172201803562,23.046311766509806,0.0004051254809593731,4.0923853545404895e-05,19605,,,,,,,,,
DSCT,101444696,ASASSN-V J063822.78+240544.2,43.0,0.14088957597341945,,,0.76099616,0.79331428,10.95540047,6937.0,7.097757183886069,32.504897329543255,0.002477819172244571,0.00027877643713749027,15759,,,,,,,,,
DSCT,99091734,BO Lyn,21.0,0.09336467336457428,,,0.98730546,0.76878631,11.68610001,7344.52978516,10.710689214272278,60.307546330867694,0.0042879566062022255,0.0004623822522227901,17285,,,,,,,,,
DSCT,343264872,V2129 Cyg,15.0,0.1548157871429634,,,0.97269917,0.95723194,7.95839977,7312.0,6.459289575400718,34.73284825200505,0.001110805898624208,0.0001357065394226258,13321,,,,,,,,,
DSCT,70490868,XX Scl,3.0,0.04662169807082267,,,0.99912918,0.9540388,8.69519997,7673.0,21.449240190284524,18.48277052659621,0.000838997647530428,0.00010406485053240691,13016,,,,,,,,,
DSCT,359127550,V1026 Cas,17.0,0.1599562757057236,,,0.96110982,0.93717796,8.40067005,7539.0,6.2517084471242015,20.948983278671083,0.0006817316241090889,8.00653187918909e-05,14601,,,,,,,,,
DSCT,347876068,ASASSN-V J170439.66-380944.3,12.0,0.10072895776663487,,,0.64201933,0.64501792,11.34220028,9257.0,9.927631757262525,22.124234353169907,0.002976400821407341,0.00034836136665302055,14594,,,,,,,,,
DSCT,33149129,ASAS J065937-0047.0,33.0,0.10886807035158458,,,0.86245054,0.89348394,9.65715981,7580.0,9.185429637638883,62.29722021353006,0.0034707808868193572,0.00037210676944344703,17400,,,,,,,,,
DSCT,70032020,HD 144277,39.0,0.014782864054523325,,,0.9745782,0.92961174,7.82730007,8640.0,67.64589028971119,23.57307154212592,0.0012718237526662605,0.00013117860399965698,18795,,,,,,,,,
DSCT,308821501,HD 87869,9.0,0.07247393121044896,,,0.98618978,0.94622195,8.87199974,7173.0,13.798064811693623,18.377194009533927,0.0006533814861515532,7.35111604758177e-05,15695,,,,,,,,,
DSCT,81003138,CQ Lyn,20.0,0.11278014496760755,,,0.99654287,0.95984596,7.64118004,6870.0,8.86680896080793,41.213022319556636,0.0013145635539225466,0.00014013294569563203,17633,,,,,,,,,
DSCT,137217986,KIC 3850810,40.0,0.06913554868492204,,,0.92252886,0.89370227,9.7917099,7100.0,14.46433881008733,18.229969467787907,0.0010592166627126588,0.00010699704070712931,19609,,,,,,,,,
DSCT,154360594,rho Pup,7.0,0.14083755775854875,,,0.99495858,0.98899662,2.38499999,6740.22021484,7.100378733593175,59.28137263368005,0.0009951216244563656,0.00010955928504201405,16342,,,,,,,,,
DSCT,194025647,V5505 Sgr,13.0,0.08437411633831614,,,0.37905097,0.68580389,10.87889957,7794.0,11.85197597792059,59.95520532613259,0.01014495358112693,0.0011135533224621564,17402,,,,,,,,,
DSCT,279361762,V0383 Car,2.0,0.09292702219168879,,,0.98772639,0.95329702,8.03960037,6838.0,10.761132514686757,14.699761308332512,0.0005157645799267006,5.377217458740464e-05,18298,,,,,,,,,
DSCT,56897490,QS Gem,44.0,0.13459232577740232,,,0.99243492,0.93549538,8.54259968,7403.0,7.4298441179615695,37.35222691603114,0.0013401689812456406,0.00015078079059958256,15779,,,,,,,,,
DSCT,16283570,V0377 Boo,50.0,0.09068882975687682,,,0.95007247,0.8785311,11.69629955,7239.0,11.026716329683053,33.99706714137708,0.005186597712100495,0.0007124339867091042,10496,,,,,,,,,
DSCT,300539557,V1208 Aql,54.0,0.14961079122659446,,,0.97771382,0.96080577,5.28226995,7461.0,6.684009835129075,30.293726826453216,0.00026938794826753736,2.855506540628526e-05,17895,,,,,,,,,
DSCT,49936071,HD 24925,5.0,0.052058158384144695,,,0.97459829,0.92663777,8.65495968,6715.75,19.209284981248377,40.43919873704149,0.0005412670994866512,5.802992420549345e-05,17371,,,,,,,,,
DSCT,458689740,HD 99302,22.0,0.025524900460375734,,,0.99907917,0.95927316,7.07601976,7688.85009766,39.177429959124694,25.10541217010855,0.0004160358050668038,4.6514217060161236e-05,15941,,,,,,,,,
DSCT,148228220,HD 48985,6.0,0.021030376463834776,,,0.98913455,0.93657601,8.83049965,7754.0,47.550266240819134,24.016674885915553,0.0005886570412614276,6.842999107656395e-05,14683,,,,,,,,,
DSCT,54253999,AZ Ant,9.0,0.10532116067935776,,,0.99818957,0.96055818,7.55480003,7309.0,9.494768131585861,30.207554368955464,0.0005659974967247853,6.288861074719836e-05,16084,,,,,,,,,
DSCT,589826,EX Eri,5.0,0.020794698189629424,,,0.99815011,0.97368658,6.02050018,7943.0,48.08918075563667,24.020292762350493,0.0005213336066678494,5.557434920091977e-05,17241,,,,,,,,,
DSCT,166280661,HD 185596,13.0,0.14195826277681795,,,0.99670899,0.95338267,7.45489979,7190.0,7.044324017772511,18.418210147492953,0.0003418921215967251,3.6867175608182046e-05,17212,,,,,,,,,
DSCT,95747759,HD 74784,34.0,0.13263472773399262,,,0.99905622,0.94967467,8.97039986,7000.0,7.539503545448245,36.25095583892092,0.0010263052261043383,0.00011197908058933092,16864,,,,,,,,,
DSCT,143349118,HD 184288,13.0,0.10034395433295099,,,0.98738009,0.940099,9.02620029,7018.0,9.965722465769117,36.082360273070414,0.0007845656136569384,8.509808887968729e-05,17009,,,,,,,,,
DSCT,54003108,HD 9659,30.0,0.05681881440103087,,,0.99524045,0.90288723,10.04329967,7894.0,17.59980405331824,35.38381684989381,0.0015452736087105585,0.00017843282679213306,15753,,,,,,,,,
DSCT,387241049,V0342 Pav,27.0,0.0307691576764568,,,0.98319912,0.9585765,8.23659992,7704.0,32.50007720442591,12.970045691627773,0.0005183981331346889,5.6730967626814e-05,16742,,,,,,,,,
DSCT,257456864,V0620 Her,25.0,0.08832736623502829,,,0.99973947,0.97664797,5.99560022,7603.0,11.321519508904212,35.71543868687428,0.0004963341127022991,5.352108380815686e-05,17243,,,,,,,,,
DSCT,461267690,HD 117682,101.0,0.0709770411952368,,,0.99142796,0.94159359,9.16419983,7050.79980469,14.089062930212833,21.956345198995958,0.0008007120396907374,9.008714279818469e-05,15726,,,,,,,,,
DSCT,220313579,HD 261711,33.0,0.016261933044485415,,,0.99560255,0.70322531,11.39970016,,61.493304471519146,36.166074716054624,0.0026824337704271254,0.0002900988122185586,17391,,,,,,,,,
DSCT,26584880,KIC 10920447,40.0,0.0349231161773226,,,0.78869039,0.744353,10.9861002,7875.0,28.634329047914463,17.291300830291004,0.0019604883472691954,0.00021649972004089094,16331,,,,,,,,,
DSCT,184679514,V0419 And,18.0,0.05152962168726517,,,0.85048401,0.94978189,8.62985992,7279.0,19.40631363585454,35.268442436531906,0.000784260825239671,9.116846909339086e-05,14833,,,,,,,,,
DSCT,285008070,ASASSN-V J102825.47+550610.1,75.0,0.06951191900169687,,,0.99849463,0.77313232,11.83329964,7389.0,14.386022057247317,35.64838126345047,0.004101700990622688,0.0005481128503536204,11332,,,,,,,,,
DSCT,242944780,HD 24572,5.0,0.01831265645946491,,,0.99889112,0.94008785,9.19122028,7928.0,54.607041977416074,21.250661857969117,0.0009500172983950493,0.000101852545392207,17286,,,,,,,,,
DSCT,107729518,V0976 Sco,39.0,0.08140667925932266,,,0.51145232,0.57831788,11.38070011,,12.284004323705176,10.617324015771782,0.004093140263276259,0.0004338720001641509,17748,,,,,,,,,
DSCT,280680714,AZ CMi,7.0,0.09521615155623768,,,0.99896353,0.96909863,6.26418018,7677.0,10.50241984847884,58.512574663454224,0.000951243142255318,0.00010569368247281312,16343,,,,,,,,,
DSCT,91555019,ASASSN-V J025532.83-340704.4,106.0,0.08132947478437441,,,0.95075613,0.80857915,11.41539955,7081.0,12.295665288030694,23.47948948987845,0.00233935652146662,0.00029016146524964614,12896,,,,,,,,,
DSCT,343270453,NGCA-V26,15.0,0.053809222310931444,,,0.97305197,0.92717677,9.04617023,7899.0,18.584174924915207,21.299921645364453,0.0006830597515203074,8.344903030539187e-05,13322,,,,,,,,,
DSCT,10988057,V1644 Cyg,14.0,0.026721338906609833,,,0.99186379,0.97702378,4.79059982,7918.0,37.423274465960176,20.80122647188096,0.0012959938820753915,0.0001560193290875838,13818,,,,,,,,,
DSCT,181789088,HD 95562,9.0,0.02436093492371099,,,0.99898607,0.9523713,7.94137001,7570.0,41.049327668729156,43.76916133762013,0.0004920846896400198,5.501674083609854e-05,16025,,,,,,,,,
DSCT,123357376,KIC 9812351,14.0,0.05399916811875392,,,0.98972583,0.9592154,7.74601984,7987.93994141,18.51880380454787,21.738810610755852,0.0006993577347599202,7.252001882821305e-05,18424,,,,,,,,,
DSCT,239233211,KID 09612468,14.0,0.06675429984352951,,,0.90052748,0.82298893,11.22469997,8223.50976563,14.980308419741892,18.79458801345281,0.0022597922777289284,0.00023432954321297403,18424,,,,,,,,,
DSCT,453717216,ASAS J103340-7550.4,37.0,0.11973766894004792,,,0.91471332,0.86491954,9.96090031,6609.0,8.351590680295399,38.99886134792812,0.0014938686572036329,0.0001670195933481827,15994,,,,,,,,,
DSCT,308719469,V0365 And,18.0,0.14279033265767155,,,0.99950701,0.96084106,7.05179024,6886.0,7.003275231506186,33.325361963810735,0.0007274262778681814,8.344151668692999e-05,15157,,,,,,,,,
DSCT,280129361,V0663 Cas,18.0,0.05839644982728856,,,0.99171638,0.9418084,8.49413013,7958.0,17.124328669937427,47.7334473615318,0.0009086967334824922,0.00010563384960156138,14764,,,,,,,,,
DSCT,60657338,ASAS J091209-0820.9,8.0,0.14986833535188923,,,0.930305,0.83622557,10.61880016,5047.0,6.672523569785511,37.786658976127065,0.002132453793182646,0.00026449834026116034,12930,,,,,,,,,
DSCT,172308570,HD 47563,6.0,0.05041238449085728,,,0.8616336,0.95295161,8.12886047,7561.0,19.836395562311846,26.16629270126683,0.0008620184349592996,0.00010089162653184949,14639,,,,,,,,,
DSCT,263599890,TIC 263599890,14.0,0.08028775048968834,,,0.922674,0.95693791,7.40719986,8174.0,12.455200125807906,29.162083777028517,0.00038535765299474954,4.017631260830487e-05,18423,,,,,,,,,
DSCT,139156518,KIC 5632093,40.0,0.021166802106447006,,,0.88661617,0.84647071,10.73729992,8276.0,47.24379218792899,23.451876219810423,0.0018107408821937444,0.00018291245096727259,19611,,,,,,,,,
DSCT,462426434,V0336 Vel,9.0,0.08049441226308482,,,0.99224961,0.95227754,6.5012002,6857.0,12.423222580116974,29.000495744073426,0.0008171694408209062,8.969599895789583e-05,16523,,,,,,,,,
DSCT,6925553,HD 70570,44.0,0.0862913657179033,,,0.99722582,0.9327867,8.3980999,8083.0,11.588644955152507,36.378789613928404,0.0004909192133425617,5.631229580007133e-05,15235,,,,,,,,,
DSCT,186297798,V0361 And,17.0,0.1140606122799581,,,0.96218324,0.9587509,7.37916994,6787.0,8.767268384861307,13.168410545083379,0.0005984402930605627,7.480503663257034e-05,12788,,,,,,,,,
DSCT,229150702,BD Phe,2.0,0.03731213168182451,,,0.99984521,0.97573388,5.77799988,9204.0,26.800934573435804,24.888848076061187,0.0014722103045790305,0.00015348853451404207,18299,,,,,,,,,
DSCT,379078910,ASAS J133737+0715.9,50.0,0.14948589061607565,,,0.99313104,0.84496397,10.44769955,5528.0,6.689594555571123,32.254178392596245,0.0038020758990875746,0.0005173969953387857,10781,,,,,,,,,
DSCT,46937596,FP Cir,12.0,0.1267688063242766,,,0.8483097,0.76429403,11.0085001,8873.0,7.8883759261879005,53.40673454492977,0.003692629927865034,0.0004053187914478891,16609,,,,,,,,,
DSCT,240926293,GSC 03276-00333,17.0,0.09098428312566408,,,0.9495604,0.86058348,10.78759956,7158.45019531,10.990909260875723,10.31968728981457,0.001785714204795758,0.0002305347125419997,12014,,,,,,,,,
DSCT,420755646,V0407 Cep,19.0,0.07366968641548384,,,0.9918012,0.95620453,7.78352022,7549.0,13.574104202917045,48.91312234738625,0.0020229493838398185,0.00022072187329786298,16732,,,,,,,,,
DSCT,440958702,HY Lib,11.0,0.14657996070412765,,,0.99793643,0.95486873,7.24462986,6746.0,6.822214954870296,39.14815702804889,0.0010947825767431522,0.00012992678817889776,14185,,,,,,,,,
DSCT,393420032,ASAS J105851-2619.5,9.0,0.1663253459321883,,,0.98672163,0.85463822,10.83170033,6521.0,6.012312762047133,51.882569591926284,0.002529032642197298,0.0002827544452634531,15897,,,,,,,,,
DSCT,430665759,V0896 Cen,11.0,0.050358038649491496,,,0.96211481,0.90675932,7.95860004,7320.0,19.857802782199855,15.217882154501652,0.0005215171003455618,5.9822114150912224e-05,15211,,,,,,,,,
DSCT,147893556,KZ UMa,14.0,0.07537453891793806,,,0.99947202,0.94071388,7.90259981,7597.0,13.26707949867159,14.21148092714486,0.00043181785634795596,4.5020123647888063e-05,18420,,,,,,,,,
DSCT,421542600,HD 124467,102.0,0.04989186783777072,,,0.96888292,0.94482547,9.05270004,7303.0,20.043346608140983,23.029010237348977,0.0006761542318887633,7.631518162535301e-05,15714,,,,,,,,,
DSCT,306517089,RV Ari,42.0,0.09314867370381924,,,0.92784518,0.82273269,11.66460037,7243.0,10.73552590968344,36.248410434350454,0.006497650048579394,0.0008153976485474756,12685,,,,,,,,,
DSCT,294157254,HD 55863,6.0,0.0481815255116106,,,0.99811381,0.93593633,8.84220028,8003.0,20.754843052012205,30.756210118994005,0.000678591213378962,7.942309409108795e-05,14591,,,,,,,,,
DSCT,31631570,HD 180018,13.0,0.09273030898592644,,,0.98528999,0.93545026,7.85890007,7010.0,10.78396061585181,26.596204103617634,0.0005662312438678375,6.070636141675048e-05,17285,,,,,,,,,
DSCT,1099837,MarSEC_V66,4.0,0.04641020882591937,,,0.99857259,0.96725327,6.70779991,7215.0,21.54698341804305,19.234907514536157,0.00028759925928531385,3.3432734796389175e-05,14816,,,,,,,,,
DSCT,9524429,MO Hya,10.0,0.0665729425830161,,,0.55267566,0.91533077,5.875,,15.021117607247199,22.017345825792287,0.0024572138775907563,0.0002837346187367014,15064,,,,,,,,,
DSCT,432049507,V0376 Per,18.0,0.0993891266183111,,,0.99808842,0.96666968,5.69810009,7194.0,10.061462798041768,35.687670668590286,0.0012945161490762111,0.0001504844456458515,14695,,,,,,,,,
DSCT,461545977,V0377 Cep,18.0,0.06518789157082057,,,0.96533847,0.96899498,6.35138988,7355.0,15.340272187106914,21.62973808778009,0.000640879115958798,7.400234602336427e-05,14855,,,,,,,,,
DSCT,456332840,iot UMa A,21.0,0.028721908809066495,,,0.99997061,0.98738778,2.92280006,7907.0,34.81662749671899,32.363217772425024,0.00029640194646826564,3.057152650198307e-05,18640,,,,,,,,,
DSCT,272636176,GSC 04411-02152,21.0,0.11315291534825415,,,0.99960196,0.95691234,9.22340012,7038.0,8.837598191105105,46.824527640088654,0.000847630818340247,8.789522135836564e-05,18700,,,,,,,,,
DSCT,412773968,ASAS J072448-1924.0,7.0,0.10743045008526095,,,0.94062996,0.82528573,10.53950024,7188.0,9.308347858603975,62.26869255262945,0.0038917207643720583,0.00042976866306677463,16343,,,,,,,,,
DSCT,16247300,Galati V29,48.0,0.023823005641023725,,,0.98144478,0.87514549,11.06939983,8660.0,41.97623150783202,28.63232279405697,0.0018114639615718355,0.0002064354772965858,15450,,,,,,,,,
DSCT,27804376,NGCA-V24,15.0,0.03304249936252723,,,0.99954486,0.95741093,7.4446702,8540.0,30.264054453885468,35.960600031679164,0.0008728470123201727,0.0001066352345032166,13368,,,,,,,,,
DSCT,329153513,GW Dra,14.0,0.1261612259675188,,,0.97791934,0.94823503,8.90550041,6956.0,7.926365587612932,50.344754472318165,0.0009532181334150175,9.937986027880545e-05,18422,,,,,,,,,
DSCT,268513957,ASASSN-V J043534.85+280445.4,43.0,0.11176002642758671,,,0.91757548,0.81644541,10.91499996,5985.0,8.947743052368867,30.097498650391998,0.0018041611655349142,0.0002062740581721983,15312,,,,,,,,,
DSCT,233168801,HD 125917,14.0,0.046644285790815705,,,0.99991971,0.94742614,7.98311996,7408.0,21.43885329244125,32.590392133032104,0.00048585837083534527,5.0654236754728486e-05,18422,,,,,,,,,
DSCT,454961439,EE Cha,11.0,0.029523128223665093,,,0.99888659,0.96756059,6.56080008,7737.08007813,33.87174937642353,33.88274623167818,0.0012973954207006848,0.00014690110390637513,15533,,,,,,,,,
DSCT,441517251,HD 20308,4.0,0.04009179757093791,,,0.99092621,0.93773675,8.63352966,7421.0,24.94275788534083,19.91380169884616,0.0005713944137470815,6.642325138950714e-05,14802,,,,,,,,,
DSCT,18658256,HD 79111,8.0,0.06276691441558645,,,0.98067278,0.94168395,8.56060028,7373.0,15.931960481263951,32.69389181340451,0.0005561230555091441,6.897857558901634e-05,12964,,,,,,,,,
DSCT,419666736,CG Oct,12.0,0.1221705799001643,,,0.99180335,0.96647382,6.27790022,7446.0,8.185276691141048,32.820627580127415,0.0005154788745117227,5.9129482145439034e-05,15104,,,,,,,,,
DSCT,51370456,HD 73144,99.0,0.12399458546857035,,,0.99296981,0.9473933,9.0170002,6830.0,8.064868286151704,33.72850214874339,0.0006194095443931036,8.204279838235824e-05,11343,,,,,,,,,
DSCT,16005878,EO V1 Tau,43.0,0.05458752462476693,,,0.98913771,0.9521504,7.32520008,6462.0,18.319204009963286,39.6980882315647,0.00042309844829938156,4.760229450822091e-05,15695,,,,,,,,,
DSCT,7323477,HD 35290,31.0,0.18989381742116912,,,0.98643774,0.94987679,8.40219975,7827.0,5.266100885117712,37.77229374591569,0.0005493094979597602,6.02945505488614e-05,16591,,,,,,,,,
DSCT,402739614,NSV 26087,56.0,0.109792805953684,,,0.99992466,0.96989018,6.42432022,7533.0,9.108064880151156,29.390451320880985,0.0006941811708924661,7.574137527685242e-05,16664,,,,,,,,,
DSCT,2004993,1SWASP J051630.19+330946.1,19.0,0.01752547180217854,,,0.92314482,0.89461869,9.06468964,8885.0,57.059804796564336,47.77362498482409,0.002754371301600792,0.00030052654718094456,16665,,,,,,,,,
DSCT,9263764,HD 26386,5.0,0.04823458701048436,,,0.99635905,0.93563288,9.32635021,7568.0,20.73201123879506,40.44132799050722,0.0007822466914257458,8.386564832129346e-05,17369,,,,,,,,,
DSCT,20576095,HD 212108,56.0,0.04223384055235871,,,0.99511105,0.95179564,7.89776993,7355.0,23.677695111820732,17.897598704974556,0.0003814020124060584,3.8725507067073645e-05,19611,,,,,,,,,
DSCT,122686610,HD 17693,3.0,0.027509247724300922,,,0.99935853,0.95821714,7.6300602,7940.0,36.351412078659905,33.33553350991282,0.00036977572889097837,4.6221966111372296e-05,12896,,,,,,,,,
DSCT,65484200,VV For,31.0,0.08484330608415831,,,0.99983662,0.9444887,9.38430023,7441.0,11.786433675840891,17.98574918656391,0.0009040877898472177,9.864406504429055e-05,16684,,,,,,,,,
DSCT,425280732,EPIC 201602854,45.0,0.04690227994538977,,,0.9987095,0.85772789,10.36859989,7591.54980469,21.320925148294297,24.531792185544088,0.0015552471432711105,0.0001728052381412345,16186,,,,,,,,,
DSCT,120733015,BPS BS 17584-050,83.0,0.04941856601309846,,,0.99405235,0.91451943,9.99170017,8248.0,20.235309938676664,41.21484490645563,0.0012471399850621622,0.00013370744106825643,17329,,,,,,,,,
DSCT,316806320,HD 222496,2.0,0.05651735005371876,,,0.99953014,0.94209874,9.27890015,7656.0,17.69368165792482,21.347907307050605,0.0008229462560346608,8.533555148672e-05,18300,,,,,,,,,
DSCT,262652067,ASAS J151723-6645.4,12.0,0.177511884504918,,,0.85301024,0.79738545,10.3508997,6587.0,5.633425631128911,51.49398949685083,0.0022621478723087634,0.0002561378083654274,15621,,,,,,,,,
DSCT,165859518,FL Cnc,21.0,0.07461050001865747,,,0.99926829,0.96184963,6.77540016,7426.0,13.402939261229116,23.518640943450723,0.0008300925033571285,8.899525779240617e-05,17354,,,,,,,,,
DSCT,59325655,IO Lup,65.0,0.06411533674910452,,,0.99731386,0.95269901,6.4625001,8067.0,15.596892267963744,27.12378970456066,0.0006600961664039412,6.958024535273242e-05,18100,,,,,,,,,
DSCT,270786214,KIC 8565229,40.0,0.046681797116617685,,,0.95415145,0.8777222,10.94299984,7436.70996094,21.42162602484775,19.7335949367991,0.0017900003274717844,0.00018081733855449135,19611,,,,,,,,,
DSCT,43173526,V1430 Sco,12.0,0.08379662833711862,,,0.92289877,0.79863352,9.16110039,6341.0,11.933654370638195,51.98150953577175,0.004058147029643456,0.0004427801415381271,15574,,,,,,,,,
DSCT,246902545,HD 31322,5.0,0.019840530491005866,,,0.99093246,0.9504537,9.16928959,8300.0,50.40187813795207,29.673412167796428,0.001424069115043252,0.00015267623487132362,17323,,,,,,,,,
DSCT,138104708,KIC 4269337,40.0,0.028396394909913674,,,0.68237269,0.86316651,10.65149975,7601.04003906,35.215737884067906,41.78058382619573,0.001925820300716189,0.00019453722771187618,19611,,,,,,,,,
DSCT,125754823,V1228 Tau,42.0,0.030731681967401624,,,0.99729395,0.94261891,7.46818018,8050.0,32.53970938072123,18.758430331230976,0.00038686705227447126,4.835838153430891e-05,13080,,,,,,,,,
DSCT,204750449,EPIC 205120406,91.0,0.04763670604747218,,,0.94693816,0.887712,9.9835701,6734.0,20.992215519760197,18.947370225934584,0.0010808330078040868,0.00013782279129721822,12310,,,,,,,,,
DSCT,359678383,V0411 Dra,14.0,0.06335149722808141,,,0.99861109,0.95805538,8.40439987,7356.0,15.784946587761723,41.52441773958323,0.0005396755698498128,6.404770676730735e-05,14288,,,,,,,,,
DSCT,137803552,V0398 UMa,15.0,0.09131349799834661,,,0.98272741,0.7962417,11.33940029,7273.49023438,10.951283456670412,50.67903966294492,0.004888901737920981,0.0005607954900131032,15096,,,,,,,,,
DSCT,392791819,ASASSN-V J143242.80-334743.7,65.0,0.06347945039644891,,,0.952663,0.81426334,11.23009968,7630.0,15.753129457717247,38.781310702098736,0.0021474372491882697,0.00025485391394589014,14188,,,,,,,,,
DSCT,200624064,V0974 Oph,12.0,0.19105344844219682,,,0.83342332,0.76626289,10.73320007,8527.0,5.23413740057432,33.68843824267649,0.003738093025050602,0.0004232556883760895,15524,,,,,,,,,
DSCT,139825582,CF Ind,1.0,0.16862356405045967,,,0.99741662,0.96199089,7.40380001,7244.0,5.930369255513752,31.342386650560723,0.00046703990674311845,4.895908523828299e-05,18275,,,,,,,,,
DSCT,233685517,V1116 Her,52.0,0.09464815411959616,,,0.96395642,0.88718021,11.06070042,7770.12988281,10.565446408351642,32.732491120965754,0.0046010855489722205,0.0006261284365486312,10876,,,,,,,,,
DSCT,194903738,HD 47379,43.0,0.07488078877939813,,,0.99436915,0.93640476,8.12108994,6898.60009766,13.35456017892708,25.74534786317739,0.00045418695137363843,5.046521681929316e-05,16198,,,,,,,,,
DSCT,369666165,rho Phe,29.0,0.09301920553157722,,,0.99872535,0.98345321,4.89510012,6817.45019531,10.75046808113761,12.918603505102935,0.0005562800422979653,6.380969707066742e-05,14824,,,,,,,,,
DSCT,438305999,EPIC 202063066,33.0,0.019807095296246618,,,0.95236796,0.89700496,8.93768978,7958.0,50.486958589505896,50.67761452552413,0.0007993554724013811,8.473151061169465e-05,17446,,,,,,,,,
DSCT,83860356,MP Hya,11.0,0.03526851399549923,,,0.99876887,0.95328289,7.62057018,8202.0,28.353902297318633,18.341669083009936,0.0005272193964854533,6.346975680926569e-05,13807,,,,,,,,,
DSCT,159191044,NSV 6238,15.0,0.0375508824107954,,,0.9998486,0.98545998,3.85540009,7975.95019531,26.630532647949515,23.990711089015942,0.0004178819212018061,4.777743882849541e-05,15248,,,,,,,,,
DSCT,67991192,gam Boo,16.0,0.07354845987286074,,,0.99988747,0.9861275,2.83380008,,13.596477774363272,44.81880774579395,0.00012654566496769434,1.4421216928186658e-05,15349,,,,,,,,,
DSCT,316848255,PMAK V49,18.0,0.03193596597667052,,,0.99754721,0.96610916,5.88509989,8892.0,31.312658609747643,36.137613204232544,0.0005338412292368136,6.335529792459106e-05,14734,,,,,,,,,
DSCT,402305954,PR Aps,12.0,0.09599695247787471,,,0.98801589,0.95034903,7.68060017,7126.0,10.416997354478301,17.157141398148873,0.0006426361339058044,6.97036753694987e-05,16851,,,,,,,,,
DSCT,147311797,VSSP J065819.41-170424.5,33.0,0.01442949160299745,,,0.98311722,0.8758989,10.2784996,9160.0,69.30251096249775,37.346333448316464,0.002257383203597759,0.0002420168828509455,17458,,,,,,,,,
DSCT,411121229,GM Leo,45.0,0.09266855317480187,,,0.99947721,0.94945699,6.91193008,7694.0,10.791147220283966,22.76947519700894,0.0010930103286050413,0.00011925720395717045,16504,,,,,,,,,
DSCT,38298693,EPIC 206281401,42.0,0.12104313132554265,,,0.99863195,0.8848359,10.06529999,5601.0,8.261517932071037,33.49796033717747,0.0011960126281116716,0.00017262955319861635,9652,,,,,,,,,
DSCT,206605688,HD 215396,28.0,0.0537903730721272,,,0.99938232,0.95416701,8.29870033,7178.0,18.590687197114356,16.270539375936007,0.0005035797340199841,6.34450829289967e-05,12581,,,,,,,,,
DSCT,192533869,V0521 Per,18.0,0.06733637667613912,,,0.99821633,0.96625644,6.25890017,8570.0,14.85081391904405,19.209307769402653,0.00029514095837725575,3.430943950794383e-05,14693,,,,,,,,,
DSCT,284596378,HQ UMa,14.0,0.11557439600970028,,,0.9999131,0.94734961,6.79075003,7158.0,8.652435440078518,26.80181911432916,0.0004698009683399341,5.065994126975586e-05,17088,,,,,,,,,
DSCT,284388308,EPIC 202071718,43.0,0.033794746648389745,,,0.87242466,0.8549819,10.2112999,7504.72998047,29.59039789243835,14.654464944676953,0.0012968405366632874,0.00014590595972302763,15856,,,,,,,,,
DSCT,275449979,ASASSN-V J115414.53-461353.1,64.0,0.0764978993576265,,,0.96072114,0.78574055,11.23820019,6982.0,13.072254380803521,43.56813778612567,0.002204121419601342,0.0002336364032054031,17840,,,,,,,,,
DSCT,257507560,HD 202865,55.0,0.04743889831459646,,,0.99759716,0.95876604,6.94737005,7661.0,21.079747539000294,22.76683365805998,0.0007668020867200018,7.908959639185875e-05,18882,,,,,,,,,
DSCT,267991311,ASAS J195342+4758.5,14.0,0.09629774919560956,,,0.93990505,0.81032073,10.76990032,7253.0,10.384458705973497,33.857175858813946,0.0016419335320551616,0.00017307499092997997,18422,,,,,,,,,
DSCT,67670494,HD 144499,12.0,0.15763994052130165,,,0.99634755,0.93645656,8.07612038,7157.0,6.343570015905148,21.906679547083463,0.0006232125420605613,7.396172140738395e-05,14332,,,,,,,,,
DSCT,431695696,TYC 85-867-1,5.0,0.018132462118757502,,,0.99588907,0.91038841,9.53973961,8072.0,55.149708486942274,22.420458416798947,0.0009421263373609967,0.00010218794884336736,17192,,,,,,,,,
DSCT,160212071,GrAGVar063,11.0,0.05127043918237139,,,0.99276394,0.94788104,7.56799984,,19.50441650095784,26.69149778658837,0.0004966934667083746,5.894666960342183e-05,14207,,,,,,,,,
DSCT,13722489,NGCA-V22,15.0,0.04728281072243478,,,0.98711312,0.94909406,8.32141018,7324.0,21.149334921528244,30.646570491200016,0.0004967988553555838,6.0693640115640117e-05,13363,,,,,,,,,
DSCT,18590773,TAOS 060.00072,43.0,0.08122851983134857,,,0.99885273,0.89890653,10.23709965,6584.0,12.310946968826451,45.396131675685155,0.0018544235245825445,0.00021133117386174034,15376,,,,,,,,,
DSCT,364399376,V0393 Car,1.0,0.14127324383227904,,,0.98481405,0.95489079,7.18459988,7471.0,7.078481196249799,58.67889464530502,0.0019406519174793592,0.00020343559784489278,18278,,,,,,,,,
DSCT,62901995,ASASSN-V J074751.63+203116.6,45.0,0.12976920151618143,,,0.71114218,0.71561098,11.33969975,7170.72021484,7.705988696210835,42.47749543892977,0.004361909844782653,0.000497085760376401,15450,,,,,,,,,
DSCT,91424870,EPIC 202071829,44.0,0.06944673657880411,,,0.96353376,0.82638621,10.53709984,7312.06982422,14.399524718706664,20.711103919219493,0.0015061340870979505,0.00016482398117470635,15735,,,,,,,,,
DSCT,241787384,V1393 Cen,11.0,0.09082376656401395,,,0.98677653,0.90942943,8.97099972,6951.0,11.010333944862165,38.84463543762959,0.0037609575425853114,0.0004286008895932454,15403,,,,,,,,,
DSCT,245151597,V0381 Vul,14.0,0.09588472938448982,,,0.87841737,0.84101862,9.89710045,7827.0,10.4291893653898,13.624731498430588,0.0010633700060821043,0.00012619880190917277,14212,,,,,,,,,
DSCT,247165103,V0344 Gem,7.0,0.11821458587289764,,,0.99654698,0.9448275,7.73320007,7314.0,8.459193022722115,38.00426183264006,0.0006972379399032749,7.699704974080077e-05,16334,,,,,,,,,
DSCT,120310701,CzeV3700,14.0,0.04654726382165255,,,0.79622871,0.95321202,8.09912014,7567.0,21.483539909704135,17.373098679935726,0.0005809284963056077,7.499754638429785e-05,11998,,,,,,,,,
DSCT,216982075,V1276 Cyg,14.0,0.0825579113149776,,,0.98326474,0.95051813,6.20440006,7036.0,12.112709540152583,10.024994317767968,0.0003439540099752444,4.4404271749846045e-05,11991,,,,,,,,,
DSCT,383604347,ASAS J085916-5747.1,8.0,0.10540864745047657,,,0.93588609,0.90842271,9.93540001,7251.0,9.486887690782895,45.532775028276106,0.0025754274454732403,0.0003194424596530365,12999,,,,,,,,,
DSCT,388978367,EPIC 210429154,42.0,0.03815024327324341,,,0.99957103,0.9182238,10.12639999,7297.0,26.21215264179843,30.505418688177606,0.0011320621363245336,0.0001415077670405667,12689,,,,,,,,,
DSCT,158077519,ASASSN-V J181523.96+223459.8,40.0,0.10613330245476434,,,0.98919272,0.85282803,10.99989986,7291.0,9.422113294045623,40.12658589870621,0.002032426141842748,0.00020530604387968842,19609,,,,,,,,,
DSCT,32763133,HD 38629,6.0,0.01750882502246072,,,0.98784989,0.95299935,8.8375597,8422.0,57.11405526739671,30.810527025070684,0.0007772190206921421,9.096660580446146e-05,14631,,,,,,,,,
DSCT,358392837,HD 248174,71.0,0.0545992069640518,,,0.92185503,0.83521926,10.3501997,7531.72021484,18.315284334778003,31.758137924659387,0.0013113363334949998,0.000151420077028295,15022,,,,,,,,,
DSCT,257582738,del Her,25.0,0.1647320082567761,,,0.98712099,0.98841196,3.04139996,8481.20996094,6.070465664700993,19.59650449006995,0.00018891622898900253,2.0371360875019946e-05,17199,,,,,,,,,
DSCT,54581966,EPIC 202071767,71.0,0.14794563643778832,,,0.97033703,0.83039135,10.38879967,7533.0,6.759239569870678,16.3771101256663,0.0013151503595890282,0.00015392670682170352,14671,,,,,,,,,
DSCT,334177803,rho 1 Sgr,92.0,0.07047179982430551,,,0.99642158,0.98528999,3.77320004,7511.0,14.190073227775047,11.6753778776643,0.00039813170540570653,4.537131865489307e-05,15467,,,,,,,,,
DSCT,5456605,V0571 Mon,7.0,0.1904100006990941,,,0.99832451,0.97375351,5.13679981,7104.0,5.251824989908513,15.20067087457676,0.0005681244972528015,6.273885523213183e-05,16343,,,,,,,,,
DSCT,241843363,V1429 Cen,11.0,0.1670845097573868,,,0.98509884,0.91818619,9.4399004,7281.0,5.984995266479452,48.52769984178759,0.0017926073857365507,0.00021425756327364605,14049,,,,,,,,,
DSCT,172041148,ASASSN-V J063037.67+333946.4,43.0,0.051498287967428176,,,0.94640148,0.87784028,10.84150028,7836.0,19.418121251574103,29.94922605053961,0.0019902733439589823,0.00022251932454490523,15972,,,,,,,,,
DSCT,90322352,V0756 CrA,13.0,0.10721386959360515,,,0.93002546,0.64045662,11.43319988,7397.0,9.327151457087654,50.96781956742235,0.00546124078386927,0.0005855064700153629,17353,,,,,,,,,
DSCT,332516661,HD 78198,8.0,0.02764886362991754,,,0.99530858,0.93325168,9.35151958,7600.0,36.16785172024021,19.921143043513027,0.0008178544963281416,0.00010144236538465181,12974,,,,,,,,,
DSCT,86490647,EPIC 202071522,43.0,0.03674074853102732,,,0.94722956,0.81461269,9.7530098,7655.0,27.217736164398136,12.100398865025491,0.0010585296384555214,0.00011909388889979056,15708,,,,,,,,,
DSCT,467050003,V0899 Car,10.0,0.11081556269450737,,,0.47724408,0.74950635,11.82059956,7185.0,9.024003268897948,49.31464565901912,0.006507156851521396,0.0007142532564440894,16373,,,,,,,,,
DSCT,390607729,GG Vir,23.0,0.03189676382121317,,,0.99689418,0.96718347,6.02640009,7656.0,31.351142880988537,11.344209242332537,0.0006753646150564666,8.376867077947178e-05,13170,,,,,,,,,
DSCT,229059574,NSV 25839,1.0,0.03310499888739331,,,0.99967366,0.96988636,6.14610004,7574.0,30.20691839928771,11.652620592838197,0.0004943320106707867,5.1820075109244326e-05,18141,,,,,,,,,
DSCT,159647185,KIC 9020199,15.0,0.13381817713693178,,,0.94563931,0.93829459,8.49730015,6590.37011719,7.472826348372184,23.86815656888005,0.0006958502761602674,7.98195008846704e-05,15118,,,,,,,,,
DSCT,164530781,KIC 6668729,14.0,0.11868586705249935,,,0.97709823,0.94844979,8.38586044,7800.0,8.425603021104958,21.966680885230208,0.0005049928340927183,5.208603382916716e-05,18422,,,,,,,,,
DSCT,360736543,V0388 Tel,13.0,0.14901580131358302,,,0.92475063,0.69616199,11.58640003,7207.0,6.71069773262259,43.365095143257825,0.003683894014362088,0.00037404276602412396,19437,,,,,,,,,
DSCT,76688398,BD+34 4321,55.0,0.1717190573163833,,,0.97152573,0.8973285,9.78279972,6916.0,5.823465465207819,11.766588647735585,0.0010764233408566588,0.00013053550388918372,13542,,,,,,,,,
DSCT,270525542,KIC 7287118,40.0,0.032432963492598034,,,0.81818634,0.81840122,10.47869968,7843.0,30.83282846565111,42.568304388243966,0.0015854762241598278,0.00016015728421620812,19611,,,,,,,,,
DSCT,71461240,ASASSN-V J201505.26-112003.1,54.0,0.13120257356311213,,,0.68606937,0.76398748,11.33069992,7148.0,7.621801713508095,27.32474276318873,0.003362341504627343,0.000485312193201012,9505,,,,,,,,,
DSCT,130474019,ASAS J065955-4201.2,7.0,0.08139778993896873,,,0.9569183,0.67191386,11.97729969,7573.0,12.285345839853763,61.45207397671459,0.006488765711818872,0.0007165642998982959,16339,,,,,,,,,
DSCT,405620295,ASASSN-V J124448.03-141436.8,46.0,0.1287129362076357,,,0.97460562,0.80547065,11.33740044,7251.0,7.769226850569482,48.19517329993267,0.0026643788488395818,0.00030363414952062527,16030,,,,,,,,,
DSCT,210548440,V1553 Sco,12.0,0.18425793598546558,,,0.98538995,0.89828473,8.79839993,6152.0,5.427174654115744,38.562405763900195,0.0016528527152112852,0.00019479056053808288,14357,,,,,,,,,
DSCT,376007943,ASASSN-V J115634.74-582102.8,37.0,0.0871025165878254,,,0.76740938,0.75323677,11.13860035,7418.0,11.480724543609492,39.11433661991723,0.0026624009767006315,0.00030539833696373786,15391,,,,,,,,,
DSCT,27284046,TAOS 21.00011,43.0,0.02186953159437794,,,0.98279321,0.91960913,8.71453953,7501.0,45.72571642353203,22.235203732237785,0.0008125193104501944,8.972774741829696e-05,16302,,,,,,,,,
DSCT,392614288,V1431 Aql,54.0,0.020186752147453874,,,0.996696,0.96454626,5.73269987,9376.0,49.537438845809014,19.94047381065762,0.0006167847240206799,8.902520661134715e-05,9632,,,,,,,,,
DSCT,389841253,BD+38 2361,22.0,0.07074146540776702,,,0.99704295,0.9344126,9.57759953,7525.0,14.135980845686658,43.44606993599624,0.0009212065933218651,9.93362616511888e-05,17119,,,,,,,,,
DSCT,277839376,RX Sex,45.0,0.09753405520912999,,,0.99892783,0.95654333,6.5352602,8249.0,10.252829105237407,37.81772696815348,0.0002579871957868381,2.9025827257360488e-05,15912,,,,,,,,,
DSCT,190158777,HZ Vel,8.0,0.06975217805037265,,,0.99342096,0.96149772,6.11859989,7399.0,14.336469884536566,41.290801629643866,0.000304560343503313,3.7776061372831586e-05,12967,,,,,,,,,
DSCT,6029735,HD 124915,51.0,0.028107964819490457,,,0.99994153,0.96063834,6.1631999,7090.0,35.57710444075218,16.748399018700695,0.0004428597615555054,6.916307495121436e-05,8137,,,,,,,,,
DSCT,71334169,HD 209430A,1.0,0.0435434894329935,,,0.88537508,0.94323385,8.51109982,7115.0,22.96554578012956,26.22285091044668,0.0006216848509419278,6.553133719329223e-05,18065,,,,,,,,,
DSCT,126006658,V4333 Sgr,92.0,0.05806373063698054,,,0.99626839,0.96716142,5.87830019,7371.87988281,17.222455206195523,15.569732688661546,0.00029161347385436837,3.3232439583841376e-05,15467,,,,,,,,,
DSCT,402646773,NP TrA,12.0,0.06535367132128435,,,0.8085779,0.67973655,7.70940018,7889.0,15.30135920113673,33.38462451273027,0.001684637417967766,0.00019452517335012115,15088,,,,,,,,,
DSCT,72645279,HD 121352,102.0,0.06456837536185353,,,0.99092752,0.92452252,9.81690025,6925.0,15.487457976072784,22.669510618236313,0.0010030900908104786,0.00011431272498971271,15439,,,,,,,,,
DSCT,175264749,BN Cnc,72.0,0.04135572206880852,,,0.96390766,0.92163014,7.60499001,7744.0,24.180450732698585,18.711633659247358,0.0006050609908156422,7.081703248869019e-05,14696,,,,,,,,,
DSCT,154925091,NGCA-V35,14.0,0.05137623871450725,,,0.99475998,0.93570089,8.8559103,7719.0,19.464250887592268,43.39893684698695,0.0006323462147723543,6.557124790645623e-05,18423,,,,,,,,,
DSCT,452464329,NSV 18170,37.0,0.07012645323020568,,,0.98308289,0.93994886,8.63920021,6242.0,14.259954039273563,55.61806467983594,0.0013671698293032594,0.0001528542337554436,15996,,,,,,,,,
DSCT,65138566,ASAS J071058-2721.0,33.0,0.05454557396218127,,,0.71956688,0.8347736,11.05830002,7487.0,18.3332931961325,39.325481172739636,0.004376257120840608,0.0004719039415915377,17458,,,,,,,,,
DSCT,307678320,BR Cnc,44.0,0.040035232660520455,,,0.95732516,0.92970854,8.03190041,7652.0,24.977998966048723,29.77156622911937,0.0006786184923850151,7.784287972432123e-05,15277,,,,,,,,,
DSCT,149471914,HD 94499,22.0,0.02935312500942477,,,0.99935329,0.93475354,9.3980999,8049.0,34.06792291038578,28.174095981757333,0.0009725810215792301,0.00010873786389386741,15983,,,,,,,,,
DSCT,152288704,ASAS J015619-4040.3,30.0,0.1911221256576897,,,0.98499471,0.8507067,11.49409962,6063.0,5.232256582322945,53.95633197033574,0.0030739642244096517,0.0003394625604010399,16488,,,,,,,,,
DSCT,17417633,ups Tau,43.0,0.1468573968281424,,,0.99901247,0.98554152,4.02689981,7278.0,6.809326745524671,41.69234468228707,0.00023317395736339945,2.6401751688318832e-05,15599,,,,,,,,,
DSCT,172193026,HD 46722,6.0,0.04815979504243321,,,0.96801853,0.95321143,9.0838604,7786.0,20.76420796888583,36.79776880111146,0.002085835382397065,0.00024412856601803217,14639,,,,,,,,,
DSCT,348157809,ASASSN-V J184706.92+211421.6,40.0,0.1012564955515361,,,0.8422538,0.67863172,10.9392004,6890.0,9.875909634765447,35.72251470153004,0.002305728666005914,0.00023291376790128486,19611,,,,,,,,,
DSCT,308407544,V0830 Her,40.0,0.17724379496957152,,,0.9981547,0.94842547,8.92959976,6869.0,5.641946451054469,50.961400781458224,0.0012834768929657649,0.00012965074493033327,19611,,,,,,,,,
DSCT,118250469,AS Tri,58.0,0.08601012630334626,,,0.99759704,0.94622809,7.97904015,7460.0,11.626537978483292,32.26495594617816,0.0006589494124637781,6.796544242248896e-05,18876,,,,,,,,,
DSCT,468294062,V0402 Cep,52.0,0.12292669935515915,,,0.99437433,0.90194237,10.01220036,7022.0,8.13492923218255,43.22452004239745,0.001371664955640783,0.00015055978880970197,16748,,,,,,,,,
DSCT,222608053,V1438 Aql,54.0,0.1611948673837447,,,0.98566639,0.92710024,7.29559994,6617.0,6.2036714706267535,28.963827447109004,0.0007969879891277276,8.448055788659231e-05,17898,,,,,,,,,
DSCT,392021544,EPIC 202062482,44.0,0.021559786751569093,,,0.9483431,0.66228878,11.2748003,8153.50976563,46.38264800681395,23.7570421989179,0.0022438503646041784,0.00025245288967046085,15802,,,,,,,,,
DSCT,122683109,V0723 Lyr,14.0,0.0744950048771915,,,0.98018056,0.94895911,7.71875,7525.0,13.423718833880832,16.48868536882256,0.0006394768433683663,8.187661981422284e-05,12000,,,,,,,,,
DSCT,144101735,V0456 Aur,20.0,0.13868971224374194,,,0.99557614,0.94927692,7.46759987,6826.0,7.210340145796378,36.128614344923236,0.0010398404757913145,0.0001144826685357992,16556,,,,,,,,,
DSCT,49647726,TIC 49647726,91.0,0.046118522385321575,,,0.95891839,0.92882299,7.84211016,9379.0,21.683261914702545,25.243992235342734,0.0005224399615304317,6.530499519130397e-05,12721,,,,,,,,,
DSCT,33911462,HD 222828,2.0,0.11706658929974233,,,0.99939263,0.95507813,8.05130005,6987.0,8.542146875395481,44.66070147182682,0.00043865837032021896,4.573329652927589e-05,18295,,,,,,,,,
DSCT,340358522,TYC 8564-537-1,8.0,0.029790028883340182,,,0.98747611,0.8909542,10.28120041,7917.0,33.56827896730377,16.435541147360375,0.0011465876883172844,0.00014221669960368845,13043,,,,,,,,,
DSCT,80432574,CN Phe,29.0,0.07789650306180092,,,0.99663454,0.95482409,9.17350006,7319.0,12.837546753628052,15.904489308207282,0.000729251413610868,8.594310329235342e-05,14358,,,,,,,,,
DSCT,1542182,HD 98299,100.0,0.04071905045281107,,,0.99817502,0.95115811,8.91878033,7240.0,24.55852945684209,17.599230669473144,0.0006305108936340663,6.75978632416862e-05,17345,,,,,,,,,
DSCT,205871617,EPIC 202691120,39.0,0.10625576780536751,,,0.98562795,0.88473636,10.05850029,10513.0,9.411253813832824,36.06351511590705,0.0014171974100585338,0.00014695652561277662,18331,,,,,,,,,
DSCT,137815696,KIC 3347643,14.0,0.03827716632761665,,,0.98914105,0.94703948,7.57591009,8500.0,26.125235902807894,27.1191914584419,0.0003839809711583616,4.9571730218562826e-05,11995,,,,,,,,,
DSCT,37498433,HD 42608,6.0,0.018597795220547383,,,0.9635458,0.91568118,9.74020004,8114.0,53.76981454743469,28.890673041164177,0.0010332194434081105,0.00012092918896183276,14629,,,,,,,,,
DSCT,157336254,HD 102594,100.0,0.05843044794240794,,,0.9336949,0.92781937,10.08899975,6979.0,17.114364774092635,11.581160176290778,0.0010944875803410702,0.00012313947343555376,15870,,,,,,,,,
DSCT,159895674,HD 20232,3.0,0.021999839662655115,,,0.99991345,0.96426535,6.72009993,7963.0,45.45487673246579,28.4526781950237,0.0007659910387359211,9.289005767602329e-05,13541,,,,,,,,,
DSCT,435916016,V0696 Tau,32.0,0.04036797859492666,,,0.99993783,0.9767139,5.05870008,7703.35986328,24.772109845640802,15.762998543257616,0.0002644185917479611,2.8512990034730464e-05,17279,,,,,,,,,
DSCT,67265166,V0474 Mon,6.0,0.13617226776106778,,,0.99970669,0.97279054,5.82609987,6990.0,7.343639174421564,33.64897244494506,0.0019264471195400879,0.00022547358088365318,14610,,,,,,,,,
DSCT,229139161,HD 10779,2.0,0.02223592358959659,,,0.96028608,0.95623803,8.61610031,7862.0,44.972271827191605,31.358892276434712,0.0005827124878046336,6.108486651341031e-05,18299,,,,,,,,,
DSCT,122783725,KIC 1571717,40.0,0.02425004394700688,,,0.77240765,0.81516856,11.01309967,8385.0,41.237038670333106,28.28572019452462,0.001998664099076109,0.00020189556253868835,19609,,,,,,,,,
DSCT,16381609,ASAS J074451+1315.0,46.0,0.17979519150684237,,,0.9763428,0.90639216,9.85229969,7101.81982422,5.561884006013273,57.20075783062118,0.0021953852293901924,0.00024393169215446582,16156,,,,,,,,,
DSCT,143166570,V0873 Her,52.0,0.12728051212944497,,,0.99895328,0.95128387,8.04829979,7227.0,7.856662290791183,21.958334718984815,0.001138667670304446,0.00016103192623803233,10070,,,,,,,,,
DSCT,261286433,HD 183219,13.0,0.09117628069781307,,,0.97480947,0.91537398,8.48330021,7679.0,10.967764777709185,18.7095583786972,0.0006706003651652158,7.23126970870037e-05,17213,,,,,,,,,
DSCT,458658640,GP Cnc,34.0,0.08495581239720283,,,0.99850112,0.75388438,11.29889965,7334.16992188,11.77082499458183,35.61212805487555,0.0022097963399736187,0.0002382884675541635,16841,,,,,,,,,
DSCT,448565911,VSSP J140611.22-692545.9,38.0,0.01480691608102367,,,0.87448001,0.81038648,10.44919968,8296.0,67.53600780391979,26.53762373883695,0.0017453875189530582,0.00018196922790851422,18494,,,,,,,,,
DSCT,141201605,DP UMa,22.0,0.05533709076723322,,,0.99998707,0.98096204,4.97370005,7389.0,18.071062033353776,20.561364714842576,0.0003610098627789349,3.9272695699416904e-05,16886,,,,,,,,,
DSCT,281499618,HD 2280,1.0,0.04191737677927066,,,0.99595207,0.95287514,8.93179989,7575.0,23.856454693379774,28.04802500163774,0.0006487160903079726,6.800392408073743e-05,18277,,,,,,,,,
DSCT,32633693,V0753 Hya,36.0,0.11106834921610755,,,0.99794894,0.94275302,8.79137039,7184.0,9.00346504704309,29.967036446351837,0.0009533529668018404,0.0001086446536662438,15492,,,,,,,,,
DSCT,166177270,IT Dra,15.0,0.059352788367343146,,,0.99956912,0.95551115,7.43339014,8446.0,16.848408095182535,34.57046029597185,0.0005139392209572794,5.782267993103815e-05,15721,,,,,,,,,
DSCT,304501606,V0383 Vul,14.0,0.13531624360266856,,,0.99234897,0.95615351,6.83323002,6933.0,7.390095773987914,14.290622338175888,0.0005795153652912112,6.877582061691202e-05,14209,,,,,,,,,
DSCT,248354858,HD 7133,3.0,0.06724339101094333,,,0.99109995,0.94435483,8.49520016,7023.0,14.871349956715566,16.58608195295249,0.000553058091302092,6.85984135670692e-05,13002,,,,,,,,,
DSCT,354622660,ASASSN-V J211041.69+060214.9,55.0,0.07247150858854562,,,0.99575317,0.87619644,10.61369991,7320.0,13.798526061841267,33.2308441260498,0.0017347507492751167,0.0002135330562057887,13204,,,,,,,,,
DSCT,274510661,V0927 Her,50.0,0.13058989782951774,,,0.99722344,0.9385342,9.76159954,7062.0,7.657560168287122,34.3329346628037,0.001681732342770193,0.00021358022111214243,12435,,,,,,,,,
DSCT,120857354,V0548 Vel,36.0,0.04880721572149834,,,0.87562704,0.82994395,10.9715004,8565.0,20.48877374415614,51.90900626427963,0.0044185100935360275,0.0005002977504046933,15562,,,,,,,,,
DSCT,220628281,V0344 Vel,9.0,0.14986354502299984,,,0.99495471,0.94350123,7.58990002,7287.0,6.672736854359933,33.07622308255896,0.0005691819428049425,6.247583475147877e-05,16522,,,,,,,,,
DSCT,117766204,HD 45424,6.0,0.020805161125650538,,,0.44817838,0.95907527,7.46430016,8197.0,48.06499665927158,19.40799517413541,0.0011043581459699117,0.0001292553443197103,14683,,,,,,,,,
DSCT,334849779,gam Crt,9.0,0.03646241832225506,,,0.97559875,0.98501122,3.89960003,7745.0,27.425498527332838,57.09413855298217,0.0001371645146565011,1.533545894363513e-05,16021,,,,,,,,,
DSCT,441618236,FH Cam,20.0,0.13624328681779044,,,0.9984535,0.9670195,6.62069988,7042.54003906,7.339811181576849,59.60439695360386,0.0007145213251372812,7.616822918531419e-05,17632,,,,,,,,,
DSCT,357165560,EF Cha,11.0,0.05570659575820497,,,0.95881218,0.95970619,7.23110008,7667.0,17.95119565985525,18.43102011744516,0.0004106415888368275,4.649600403045875e-05,15529,,,,,,,,,
DSCT,395425079,V1035 Cen,12.0,0.08558342787581215,,,0.95098609,0.89374644,8.33640003,7369.0,11.684505105954315,29.497911951531464,0.0007345468162363538,7.70014289322931e-05,18218,,,,,,,,,
DSCT,155128092,ASAS J081147-2559.6,7.0,0.06811343376106627,,,0.8463217,0.75781405,11.30290031,7419.0,14.68139168417026,60.14521431178343,0.00798083217335646,0.0008760101376103839,16343,,,,,,,,,
DSCT,54492122,EPIC 202063833,43.0,0.04943650005480011,,,0.55205035,0.73463935,10.45370007,7731.0,20.227969190608256,14.851872139321166,0.0024036790269560794,0.0002712949100367133,15693,,,,,,,,,
DSCT,12433458,HD 719,29.0,0.07074626300159034,,,0.99978322,0.94318545,9.12069988,7167.0,14.13502222693403,14.951111924805799,0.0006983627453787904,8.347031329700409e-05,14086,,,,,,,,,
DSCT,77669416,X Cae,5.0,0.13530410029893947,,,0.99814016,0.97353786,6.04150009,6867.0,7.390759022014931,48.68085487343652,0.001068822916482224,0.00011458984462824817,17396,,,,,,,,,
DSCT,248345301,ASAS J010725-0129.9,3.0,0.055500546321209036,,,0.99976951,0.94549239,9.21401024,7291.0,18.017840657144287,27.502452121068295,0.0018321985664234374,0.0002272562629010593,13002,,,,,,,,,
DSCT,298894202,KIC 11183539,40.0,0.04412501291132406,,,0.97554785,0.87474316,10.51340008,7365.0,22.662882887074783,15.994554743672994,0.0014535352407395318,0.00016251018029925574,15946,,,,,,,,,
DSCT,93997237,VSSP J084204.90-481143.3,35.0,0.013618857604910604,,,0.75560921,0.71569413,11.71430016,14088.0,73.42759789480625,16.84205628744619,0.003758506898318056,0.0004524710592827675,13829,,,,,,,,,
DSCT,18754028,V0480 Tau,43.0,0.08905391950947102,,,0.99972081,0.97854531,4.90110016,7706.08984375,11.229152018330295,17.39553974205796,0.0004685126442899839,5.271179075215189e-05,15697,,,,,,,,,
DSCT,439844921,HD 211802,42.0,0.04033081269074687,,,0.98986602,0.95468587,7.56683016,7931.0,24.794937996115085,33.9005730286276,0.0013663698852831294,0.00019721850527020324,9653,,,,,,,,,
DSCT,48031665,KIC 11013201,14.0,0.029925364488884283,,,0.99579006,0.95095348,9.06583977,7800.0,33.4164685068898,32.86879845958767,0.0006968107368805301,7.264754125466112e-05,18421,,,,,,,,,
DSCT,175233832,BS Cnc,44.0,0.05869442459733978,,,0.99948001,0.92672539,8.26420975,7476.08984375,17.037393361640063,32.5773309816464,0.0007707759251575447,8.841406225988964e-05,15279,,,,,,,,,
DSCT,14422256,EK Cap,54.0,0.06617958745382402,,,0.71413934,0.84956545,11.85709953,7319.0,15.110399421841933,30.062024534394613,0.007392897966506422,0.00106707290776348,9685,,,,,,,,,
DSCT,143381070,SAO 150524,5.0,0.03428134300768194,,,0.99198467,0.94372785,9.29656029,8178.0,29.170385762772334,23.146426701427654,0.0009012804352935536,9.662740520822828e-05,17323,,,,,,,,,
DSCT,436315743,HD 194989,14.0,0.06494594865079396,,,0.9860608,0.94998187,7.31730986,7926.0,15.397419250535116,17.053392121726745,0.0005546955734916371,6.583025325011955e-05,14212,,,,,,,,,
DSCT,67564286,HD 61580,20.0,0.05774300567295356,,,0.99704266,0.93974072,8.91567039,7557.0,17.31811478023551,22.125111862546756,0.0010026629561708526,0.00011005655740316897,16563,,,,,,,,,
DSCT,343216782,V0336 Sge,40.0,0.16086825608813687,,,0.90900248,0.90201205,8.85820007,7467.0,6.2162668031418065,19.27233784933278,0.0007096965185505383,7.169017440736716e-05,19605,,,,,,,,,
DSCT,71135647,GrAGVar013,20.0,0.04982785925305586,,,0.99166435,0.95579875,7.65250015,7553.0,20.069094177243258,25.409218419030168,0.0003690362953810132,3.9564843808808724e-05,17627,,,,,,,,,
DSCT,233931219,V2917 Cyg,14.0,0.09574923441641926,,,0.99093354,0.90225822,10.5152998,7366.0,10.443947735925898,47.04225559173959,0.00289766224461582,0.0003037575392972362,18424,,,,,,,,,
DSCT,82683989,PV Gem,71.0,0.1029718800160051,,,0.97578955,0.93031073,7.19092989,7172.0,9.7113891660963,19.889495555596888,0.0007063631623292519,8.211304971639266e-05,14858,,,,,,,,,
ROT,283892713,Gaia DR3 1224635849155924736,24.0,8.492038990208712,,,0.99853259,0.9372068,9.8365202,5823.99023438,0.11775734910696903,15.165138523033274,0.000998964684379892,0.00010589004476439081,16050,,,,,,,,,
ROT,67770186,Gaia DR3 1276178858323308288,24.0,7.980239456809495,,,0.99959308,0.90875947,10.23799992,4732.56005859,0.1253095230302526,11.199540211868394,0.0012871528804266597,0.0001387972646332005,18215,,,,,,,,,
ROT,428424101,Gaia DR3 573055534729626752,52.0,5.139643597479279,,,0.99679989,0.88067114,11.16149998,6097.0,0.19456602019845243,17.93973842055419,0.0019563176634152385,0.00020396021564826706,16748,,,,,,,,,
ROT,129634571,Gaia DR3 2852692852525434880,57.0,7.771200437762229,,,0.99811947,0.89766765,11.11999989,5002.0,0.12868024805289374,17.872931609363338,0.0018019362017681604,0.00019660735814485273,17991,,,,,,,,,
ROT,165658743,Gaia DR3 1599754650655253120,16.0,5.282745281402532,,,0.96502846,0.89781511,10.24969959,5866.10009766,0.18929551714719567,16.88474408049828,0.0011455958603268195,0.00013140885750797743,15090,,,,,,,,,
ROT,70722212,Gaia DR3 3890444564275827840,45.0,6.465260385254686,,,0.99985719,0.92080694,8.80580044,5227.72998047,0.15467281136591177,14.00971839862801,0.0006118932635052672,6.345037565859174e-05,16173,,,,,,,,,
ROT,381413520,HAT 307-0001583,42.0,6.796321695153585,12.96863671,,0.99909908,0.81774461,11.13790035,5102.77978516,0.14713841469762884,10.065107564412598,0.0019007120168509108,0.00022400105936633976,14093,,,,,,,,,
ROT,387352120,Gaia DR3 2271357754722115072,16.0,5.84421791050722,,,0.94333106,0.90826499,10.36279964,5425.0,0.17110929388894225,12.187438990854563,0.0013438421594814927,0.00016930819787200143,12178,,,,,,,,,
ROT,307857872,Gaia DR3 1214643075164215040,24.0,9.741414544115747,,,0.87904936,0.93841159,9.54590034,4594.97021484,0.10265449596373506,18.0189071928873,0.0009196341668575192,0.00010991730663495064,16215,,,,,,,,,
ROT,367003799,Gaia DR3 2279597842754633984,52.0,5.139704123379118,,,0.99361849,0.87505931,10.79930019,5849.0,0.19456372896083096,13.784871325391551,0.001557143971199592,0.00016234348137859474,16749,,,,,,,,,
ROT,308786213,Gaia DR3 405882213429824256,18.0,11.294133459086636,,,0.95853305,0.88200146,10.31719971,4248.0,0.08854154270644422,17.193195316525117,0.0012514024499082129,0.0001390447166564681,14741,,,,,,,,,
ROT,103563417,Gaia DR3 6155535686835495424,10.0,7.7435010662490305,,,0.98866343,0.94570535,9.36810017,5390.0,0.12914055172777322,15.89664435699865,0.0007198481058069889,7.901359463888445e-05,15105,,,,,,,,,
ROT,159614403,Gaia DR3 1668819958157778816,48.0,5.769047673724609,,,0.99895787,0.87309569,11.35550022,5547.0,0.1733388345106846,32.14654120128295,0.0019789305436746013,0.00021853631993411197,15842,,,,,,,,,
ROT,356499704,Gaia DR3 1065110490219147008,14.0,12.5,,,0.99960256,0.83623964,10.37559986,4429.0,0.08,14.619182164332326,0.0013015147085456494,0.0001371916962404822,18424,,,,,,,,,
ROT,17817323,Gaia DR3 3152013796309416064,7.0,5.612938409926588,,,0.99679631,0.94530612,7.96479988,6177.0,0.17815980275705162,26.86254072239399,0.0003884985193325519,4.316650214806132e-05,16307,,,,,,,,,
ROT,59127833,ASAS J045923+1229.6,5.0,3.451239033784524,3.651,,0.99704844,0.89479709,10.37409973,4620.0,0.2897510112197098,15.281219522559725,0.001260278848908971,0.0001351160751306255,17358,,,,,,,,,
ROT,219843891,Gaia DR3 1281732869509349888,23.0,10.38527388287593,,,0.9992457,0.89451498,10.5618,5622.0,0.09629019044446001,13.93765754605333,0.0013290530106299205,0.0001544992742510924,13355,,,,,,,,,
ROT,94822660,Gaia DR3 871646540229640832,44.0,10.358436365607494,,,0.99588454,0.81215984,11.25189972,5377.0,0.09653966725327782,14.450199283097275,0.002024118714340032,0.00023372509691919533,15777,,,,,,,,,
ROT,55440537,Gaia DR3 3194816237789820544,5.0,12.5,,,0.76566917,0.92861879,9.46761036,3627.0,0.08,11.250504769085422,0.0008921470557261705,9.404055679692877e-05,17370,,,,,,,,,
ROT,31050904,Gaia DR3 2955044843768286080,5.0,3.1783658685496685,,,0.99005049,0.95240927,9.47603989,6109.0,0.3146270886857697,19.84300106367964,0.0007625689154636164,8.038182152364745e-05,17148,,,,,,,,,
ROT,71520845,Gaia DR3 1098556259545934336,20.0,7.102533122021015,,,0.871759,0.85962784,10.90499973,5386.0,0.14079483795711628,10.975616195788373,0.0017631298683261074,0.00018902736323793304,16386,,,,,,,,,
ROT,35085814,HAT 259-0001305,18.0,6.049126241004562,6.09264812,,0.97279865,0.82910913,10.65250015,4032.0,0.16531313121247287,31.267351570740587,0.0016404771426644837,0.00017899073052630638,14532,,,,,,,,,
ROT,148622782,Gaia DR3 1048232883653951232,21.0,6.851762127632393,,,0.99965459,0.91995937,10.17959976,5539.0,0.14594785711650898,34.92969914638477,0.0012558059265016688,0.00012685555521194073,18229,,,,,,,,,
ROT,289987804,Gaia DR3 3528712870895124352,10.0,8.251339674464733,,,0.99900961,0.84323084,10.55249977,5069.0,0.12119244140374942,10.070271241695087,0.001411698868631935,0.00015542293016336387,14890,,,,,,,,,
ROT,230955191,ASAS J190922-5417.1,13.0,0.5258656297505251,0.5261,,0.99262047,0.93172836,9.12390041,4894.0,1.9016264677240993,32.93276505286553,0.000732412145873858,7.436518636103066e-05,19373,,,,,,,,,
ROT,97061540,Gaia DR3 5578760027530221696,61.0,3.2881581562127074,,,0.96770495,0.90558982,10.18809986,5879.91015625,0.3041216244755689,27.656207045998325,0.0011931138631277665,0.00013256820701419627,15870,,,,,,,,,
ROT,172116269,Gaia DR3 2924166124855959296,33.0,6.05536202292348,,,0.98681182,0.92064327,9.62559986,5170.0,0.16514289256601838,18.94125325102583,0.0008571226126565149,9.189318969219695e-05,17457,,,,,,,,,
ROT,440685861,HAT 260-0001402,42.0,4.930172607931595,5.05740707,,0.97544646,0.87334299,10.44400024,5493.39990234,0.20283265506591264,11.494716779014245,0.0014508955592961801,0.00017218962377276188,12975,,,,,,,,,
ROT,235037765,Gaia DR3 6486330533215553408,1.0,8.630563243418827,,,0.92677349,0.89086396,10.40880013,5402.0,0.11586729299070286,16.31365242223377,0.0012448471508191572,0.00012908463627222662,18277,,,,,,,,,
ROT,350499367,Gaia DR3 3911814676568801280,45.0,8.83678005816821,,,0.99852192,0.85521895,11.33670044,5108.77978516,0.11316339135041135,10.708707041545606,0.002521610402844219,0.00026008425442807225,16233,,,,,,,,,
ROT,317297606,Gaia DR3 5193273110552306176,11.0,3.891054371627603,,,0.99604434,0.94190991,9.09259987,5552.0,0.256999749808612,11.116604499320179,0.0006266045582843793,7.489356948008307e-05,15064,,,,,,,,,
ROT,88380942,Gaia DR3 5071607613454034432,4.0,5.503867862529771,,,0.99939889,0.95357263,9.34424973,5353.0,0.18169040845038836,11.096407711306835,0.0007122594767108761,8.064750478315725e-05,14760,,,,,,,,,
ROT,317783944,Gaia DR3 5237387853556172288,10.0,6.2740887592084995,,,0.95421356,0.88120145,9.98750019,5466.0,0.15938569541788788,15.67327106759666,0.0013952066314909153,0.0001470676920694166,16280,,,,,,,,,
ROT,397188848,ASAS J084657-7246.7,9.0,9.540816703432059,9.417,,0.99343181,0.91265023,9.70049953,3958.0,0.10481283008406148,33.764770273195325,0.0009186161060658821,0.00011058838358706866,15922,,,,,,,,,
ROT,319813350,Gaia DR3 5334118827787761280,37.0,10.438725915856967,,,0.36220139,0.81171429,11.30690002,5562.0,0.09579713157148308,15.601020467490612,0.0037236003323569025,0.0004271262514441632,17336,,,,,,,,,
ROT,53303458,Gaia DR3 3679233951153441280,46.0,5.04534769845738,,,0.99880248,0.9219262,8.65989971,5396.0,0.19820239550700358,11.181812456335006,0.0005679853873263675,5.98709167214752e-05,16622,,,,,,,,,
ROT,408414239,Gaia DR3 2759424545317270272,42.0,5.7058843410354845,,,0.99960852,0.86651254,10.5472002,5197.0,0.17525767089392552,10.323714394943977,0.0013896482625341741,0.00017792622773904558,11102,,,,,,,,,
ROT,468431920,Gaia DR3 911067502418148480,47.0,3.3485567500377003,2.32628,,0.99863046,0.92684221,9.61262989,6286.85009766,0.29863612136444795,12.68531495864808,0.0008494031567400662,9.26774824118046e-05,16551,,,,,,,,,
ROT,34624353,Gaia DR3 115386327927867776,43.0,5.10323087189347,,,0.98730683,0.84865105,11.1704998,4585.52001953,0.19595429348642546,23.142600906903812,0.00209717688124872,0.0002454559880545535,14593,,,,,,,,,
ROT,238172668,Gaia DR3 6386943409438310912,1.0,9.200145721186535,,,0.99557167,0.88528877,10.8906002,5289.0,0.10869393054255132,13.525250834073614,0.001655745467504968,0.00016725554971309332,18277,,,,,,,,,
ROT,88975354,Gaia DR3 3069501388582075008,7.0,11.34057627488862,,,0.96955675,0.83991641,11.39780045,4701.10986328,0.08817894044893422,17.285454535485982,0.002136105078981314,0.00023589334372813709,16342,,,,,,,,,
ROT,10044210,Gaia DR3 1015254166249180928,47.0,4.332022495261628,6.3284,,0.99772453,0.87585235,10.74129963,4406.87011719,0.23083905983724723,12.776387772515395,0.0014167492573690557,0.00015839738232747766,16488,,,,,,,,,
ROT,360148431,Gaia DR3 6528018104266951680,1.0,5.77189964240459,6.552,,0.50426531,0.963947,9.25329971,5599.0,0.17325318559825081,17.98312356348306,0.0009433375811334244,9.729784235753922e-05,18260,,,,,,,,,
ROT,350230694,Gaia DR3 581341621858075264,34.0,5.951024402330425,,,0.98344982,0.78288436,11.2191,5036.79980469,0.16803829599629927,14.789059819054634,0.0019251553968778902,0.000207594845292909,16842,,,,,,,,,
ROT,284122100,Gaia DR3 2475568919772651648,3.0,5.305244195527776,,,0.99863338,0.85073781,10.72229958,4531.0,0.18849273721329957,11.701192457539609,0.001413548370926575,0.000163222506493403,12945,,,,,,,,,
ROT,160549804,ASAS J150754-4730.5,11.0,1.9109634174073928,1.87,,0.84024268,0.86131662,10.46220016,4790.0,0.5232962551196828,15.305549896850016,0.0015634657735798792,0.00018686990222978008,14209,,,,,,,,,
ROT,258066222,HAT 259-0001233,18.0,11.29545053010846,10.6175973,,0.98772317,0.86568207,10.60000038,4728.66992188,0.08853121859411109,10.27360679908957,0.001407723108964298,0.0001564136787738109,14545,,,,,,,,,
ROT,72483592,Gaia DR3 3728406859926341632,23.0,4.436480086258007,,,0.99728161,0.88293707,10.45240021,5208.47998047,0.22540391944900168,14.697778226502903,0.001309281171224706,0.00016366014640308826,13128,,,,,,,,,
ROT,186664012,Gaia DR3 143831965049297280,18.0,5.024926213772303,,,0.99321282,0.8943935,9.96543026,5524.0,0.19900789732179608,18.020997951939755,0.0010401369845079085,0.00012258131918474485,14604,,,,,,,,,
ROT,21444353,Gaia DR3 4808663462121224960,5.0,6.3351507931970925,,,0.99207377,0.93414915,9.66069984,5094.79980469,0.1578494392073248,16.444766501087905,0.0008199102972007989,8.594995320277589e-05,17322,,,,,,,,,
ROT,218785817,Gaia DR3 5958939125141672320,12.0,9.579476551298194,,,0.91107452,0.82230616,9.21090031,4966.0,0.1043898374451871,13.763089652477598,0.000804128706909589,9.680572037206734e-05,14595,,,,,,,,,
ROT,34395445,Gaia DR3 3013811678688288000,98.0,9.268882285504832,,,0.92218065,0.85683382,11.20170021,5428.0,0.10788787355341138,29.589660011012487,0.002114997815553242,0.0001833935691387952,27804,,,,,,,,,
ROT,327094410,Gaia DR3 398685909826434048,17.0,5.980966274488106,,,0.98635375,0.84768766,10.68430042,5575.00976563,0.16719706383657668,20.556708232545756,0.0015589139331196604,0.00019486424163995755,12918,,,,,,,,,
ROT,736901,Gaia DR3 4880338082515141376,32.0,9.00999180410041,,,0.99771541,0.83516419,11.2972002,5030.0,0.11098789230251065,14.169953256212958,0.0021314331549565145,0.0002164142480123748,17389,,,,,,,,,
ROT,148973802,Gaia DR3 5588639246885679104,61.0,10.348736125752637,,,0.8868866,0.74849135,11.00139999,5487.0,0.0966301573301805,15.57608350194572,0.0019434257209582852,0.00022591865113540528,15731,,,,,,,,,
ROT,26177538,HAT 259-0000962,42.0,4.273753587010918,4.25201204,,0.99719334,0.84855294,10.41399956,5543.70996094,0.23398634938599827,26.315529634098404,0.0013948652969401124,0.00017859420054688446,12054,,,,,,,,,
ROT,46628636,HAT 259-0012310,42.0,0.36582340780445377,0.36626367,,0.95773798,0.75234824,13.9744997,3430.0,2.733559358603256,15.565032613450926,0.016355158787653198,0.002028607779390925,12939,,,,,,,,,
ROT,159187561,Gaia DR3 1455059057878501632,23.0,5.159558181084151,,,0.99030876,0.87387651,10.65009975,4631.64990234,0.19381504479708672,13.396377608741082,0.0014595384996578468,0.00017082606037687362,13400,,,,,,,,,
ROT,310855609,Gaia DR3 5778025383123779200,12.0,9.478670508281331,,,0.97235185,0.93158239,9.82380009,4581.0,0.10550002757520893,14.564648444444446,0.0009490637822698997,0.00011509088881608818,13051,,,,,,,,,
ROT,411127937,Gaia DR3 5236031979590098432,11.0,6.010911719469709,,,0.87514192,0.7797178,10.33640003,5249.0,0.1663641135771366,14.074000418724284,0.0013614565283435597,0.00014723827522376435,15811,,,,,,,,,
ROT,200788100,Gaia DR3 4737715893790100480,30.0,10.488028605035648,,,0.99902284,0.8612653,11.29990005,5511.0,0.09534680326099292,12.456782530471802,0.0019626041716864656,0.00022512613817243823,16775,,,,,,,,,
ROT,137349557,KIC 3119227,74.0,0.21971975378599168,19.994,,0.52135825,0.80567455,10.66009998,6598.95019531,4.551252141735084,22.267511906928608,0.002427105252311468,0.0002617214902133767,17109,,,,,,,,,
ROT,440626986,Gaia DR3 960340982147258752,73.0,1.1700429266090178,,,0.87715632,0.80143768,11.17150021,5511.0,0.8546694973817491,14.964134090536271,0.002111702243172715,0.0002660494751643927,12572,,,,,,,,,
ROT,192313972,Gaia DR3 432511835299447424,18.0,4.1275082615041265,,,0.98013383,0.86191255,10.37489986,5791.0,0.24227692269611228,22.167339543350298,0.0012534395482621222,0.0001457093877935912,14519,,,,,,,,,
ROT,307994528,Gaia DR3 5220653935085226368,10.0,7.763680570796498,,,0.48940057,0.88659275,11.03530025,5540.0,0.12880488717703736,14.74756084139484,0.0022666263457106093,0.0002487945635100611,15456,,,,,,,,,
ROT,318219254,Gaia DR3 836333937597548160,21.0,6.232460365578294,,,0.9970482,0.95606077,9.06820011,5143.0,0.160450278275811,17.829582880322747,0.0006831893517068548,7.201448081891682e-05,18713,,,,,,,,,
ROT,285345435,Gaia DR3 326603989092288896,58.0,8.110725863311982,,,0.36237201,0.91346198,9.99160004,5193.0,0.12329352721972704,20.42538451989263,0.002145039084700475,0.0002286619347344621,18867,,,,,,,,,
ROT,281564528,Gaia DR3 4906307172772653056,28.0,10.315764669846228,,,0.99402732,0.91865933,10.48359966,4633.0,0.09693900859556022,14.825576229979697,0.0012516018457093393,0.0001454957592111167,14753,,,,,,,,,
ROT,346544716,ASAS J235816+5140.6,57.0,1.223782040435457,1.22654,,0.91610801,0.89004159,10.02089977,5060.0,0.8171389732473694,18.11600463854393,0.0010323234014563932,0.00010821689683399305,17990,,,,,,,,,
ROT,248983984,Gaia DR3 2483871435153002496,3.0,5.30526820067223,,,0.99970239,0.90727365,10.32610035,4977.0,0.1884918843260912,11.3450485666659,0.001174102673298008,0.00013557369889697282,12968,,,,,,,,,
ROT,85241844,Gaia DR3 1086251796719178880,20.0,10.5043430907948,,,0.99901843,0.89814341,10.2979002,5707.0,0.09519871841165616,21.11644599181436,0.0012020981508991085,0.0001378901147364821,17632,,,,,,,,,
ROT,319313293,Gaia DR3 5096359372541935872,5.0,7.003264858653712,,,0.97980952,0.93710154,9.5394001,5474.0,0.14279054415089437,25.913616769107136,0.0007906404093197653,7.906404093197653e-05,17143,,,,,,,,,
ROT,23082649,Gaia DR3 167319217046686720,44.0,7.260810818961815,,,0.79444259,0.90229148,10.17080021,5346.97998047,0.13772566520924515,12.476308643140195,0.0012623065636552305,0.00014292807320768006,15662,,,,,,,,,
ROT,405191093,Gaia DR3 2753538241097105920,42.0,5.982365265792362,,,0.99532825,0.8868354,10.08689976,5465.18994141,0.16715796437875152,17.6043302714789,0.0011131553784947633,0.00013914442231184541,11032,,,,,,,,,
ROT,199673452,Gaia DR3 1986391661095718528,56.0,8.630451180151839,,,0.97020292,0.9412142,7.96549988,5409.0,0.11586879748532529,35.37507646736273,0.0004163469129015278,4.3173163692902e-05,19488,,,,,,,,,
ROT,51677228,Gaia DR3 4469693270051751168,80.0,5.85657973277483,,,0.9338541,0.89133835,10.37100029,5634.0,0.17074812358547076,10.39854074357718,0.0012269373617551183,0.00015457957778370162,11629,,,,,,,,,
ROT,55122464,ASAS J063740+2032.7,43.0,6.840638324866052,22.52,,0.98598921,0.91635787,9.1274004,6344.0,0.14618518806424124,10.697252162917557,0.0006412765724170819,6.477871613888354e-05,15884,,,,,,,,,
ROT,96343169,Gaia DR3 6031203977120124160,91.0,2.6706327806008274,2.69284,,0.9332695,0.87070328,9.36647034,5832.0,0.37444309351097843,18.819917468968605,0.0007735293047052902,9.450164534916442e-05,13248,,,,,,,,,
ROT,279426943,Gaia DR3 5485099576923951360,2.0,7.226394543344639,,,0.95334166,0.91518718,10.23019981,6041.0,0.1383815945838412,39.106998863970574,0.0015991714552271703,0.00015834156871916155,18292,,,,,,,,,
ROT,458512370,Gaia DR3 1378639735573111936,24.0,9.741422794051449,,,0.99580967,0.91754955,10.48989964,5060.79003906,0.10265440902643554,12.2623805155743,0.0013078141738251429,0.00015744232499360027,14158,,,,,,,,,
ROT,56664154,Gaia DR3 3761982234186911360,9.0,7.166940331408046,,,0.99278182,0.88956875,10.72840023,5385.0,0.1395295556763113,14.916910519425683,0.001527414256511588,0.00017406500916472987,14868,,,,,,,,,
ROT,147758074,Gaia DR3 1109616109572299392,20.0,7.507741154820926,,,0.98399186,0.91837579,9.5493803,5688.0,0.1331958547022992,29.192367447559946,0.0013728857422845389,0.00013832996898162947,17631,,,,,,,,,
ROT,429036195,Gaia DR3 2750117278170551168,42.0,5.945363711250194,,,0.98094296,0.90746087,10.19149971,5379.0,0.16819828837514794,20.475724400710824,0.0014207174950438652,0.00017899357976974796,10801,,,,,,,,,
ROT,129783433,Gaia DR3 4859846587386876928,4.0,6.636883860372629,,,0.99952245,0.89964479,10.74849987,4986.0,0.1506731202531326,15.624580969777844,0.001523783402484952,0.00017957959615943665,14605,,,,,,,,,
ROT,343601108,Gaia DR3 6418838523772002688,12.0,6.866427997828541,,,0.97239757,0.94100803,8.29039955,5806.70019531,0.14563612992319191,26.92706121234523,0.0005704339023421083,6.76980492511558e-05,14235,,,,,,,,,
ROT,348968489,Gaia DR3 5938948835513763200,12.0,9.48944377370121,,,0.69410616,0.74039418,10.71090031,5257.0,0.10538025450673655,14.858027379006511,0.0020218751325223553,0.000245188374505864,13183,,,,,,,,,
ROT,410868831,Gaia DR3 5491520892330604928,6.0,4.793811818074524,,,0.93483746,0.88889098,10.86849976,5538.0,0.20860226432535656,13.83972112605571,0.0016255965413374278,0.0001942959493441534,14637,,,,,,,,,
ROT,301100722,Gaia DR3 355659683370692736,58.0,3.2929293392956036,,,0.85029155,0.8924861,9.85632038,5992.0,0.30368097731909177,22.78106007349262,0.0010129654363199335,0.00010392806090747446,19474,,,,,,,,,
ROT,390228789,ASASSN-V J121454.58-553405.2,100.0,2.4673851490242016,2.4632,,0.7113868,0.68270278,10.71749973,4237.0,0.40528735466997473,31.293025400308412,0.0020338758325990523,0.00022529192793031475,16577,,,,,,,,,
ROT,448843807,Gaia DR3 5847524894664906496,99.0,4.56006683883973,,,0.77238131,0.75754243,10.45680046,6052.0,0.21929503126634903,14.170247272574896,0.0015594380313782728,0.00019195355237222706,13047,,,,,,,,,
ROT,188042437,Gaia DR3 5469667896867070080,99.0,5.306656467164687,,,0.81440687,0.82643634,11.13440037,5706.0,0.18844257324505004,15.17680244846668,0.002158139211368298,0.00024755554548544674,14075,,,,,,,,,
ROT,442965660,Gaia DR3 2985865219847810944,5.0,8.990180693265522,,,0.93469882,0.9017235,10.70769978,5334.0,0.11123246952634584,17.34288448029134,0.0015575609822052541,0.0001589679020696276,17218,,,,,,,,,
ROT,245795188,Gaia DR3 3314088372952952064,43.0,2.403523814312601,2.30529,,0.9639315,0.94492644,8.88407993,6193.16992188,0.4160557902714171,20.02982521532948,0.0006162791532270745,6.977987318210947e-05,15695,,,,,,,,,
ROT,55934767,Gaia DR3 3199421026846532608,32.0,4.41623868213941,3.80374,,0.99127293,0.91191339,10.26420021,5489.0,0.2264370365769176,29.711616320107435,0.0011969672827895441,0.00013382501055803173,17086,,,,,,,,,
ROT,381003547,Gaia DR3 2517429560824952832,4.0,5.074567227635659,,,0.99956977,0.89442199,10.11149979,5722.0,0.19706113943157272,16.979171726131142,0.0010644259274259161,0.00012458163165123446,14841,,,,,,,,,
ROT,68435447,Gaia DR3 5869980461212011648,11.0,2.1901734064824354,2.37271,,0.7685197,0.84325713,9.31499958,6187.0,0.4565848517017959,24.017046801996948,0.0009880582080406591,0.00011187556173625013,15210,,,,,,,,,
ROT,219852882,Gaia DR3 1636979235288735744,14.0,9.770734291310783,,,0.78314602,0.87581182,10.72609997,4965.0,0.10234645321276525,23.833873991323117,0.001956507949360588,0.00019278045654661698,18424,,,,,,,,,
ROT,91105531,Gaia DR3 2840770126390066432,56.0,4.951779132148833,,,0.98856592,0.91501302,10.34570026,5461.87988281,0.20194761787891946,12.201081195684838,0.001167853833677334,0.0001376328942046582,15633,,,,,,,,,
ROT,430173956,OU Gem,43.0,6.854838280113965,,,0.95792592,0.96469373,5.86240005,4958.02001953,0.14588236208300082,27.62764343485474,0.0002367269366382202,2.4160841797325157e-05,16192,,,,,,,,,
ROT,101180943,Gaia DR3 6665683522773979136,13.0,8.183350909474353,,,0.69398028,0.90183467,9.87769985,5320.0,0.12219933020863623,15.753757548333727,0.0013977924553441826,0.0001473402618362272,19432,,,,,,,,,
ROT,344792784,Gaia DR3 5915318032852564608,100.0,9.643865775434579,,,0.56853408,0.87633342,10.20390034,5580.0,0.103692857541346,13.610184858087406,0.0015115730098661214,0.0001806675306489688,16777,,,,,,,,,
ROT,291755696,Gaia DR3 2882042700521697024,57.0,5.6382792787327105,,,0.9574126,0.86354786,10.92450047,5319.37011719,0.17735907544912627,10.431507801729774,0.0016588065820655631,0.0001693012378346175,17991,,,,,,,,,
ROT,41840710,ASAS J190240+3231.5,14.0,0.3467018010736417,0.6948,,0.96774238,0.90418226,9.85383987,3920.0,2.884323060633866,14.668008577518869,0.0010401850632590784,0.0001402585253171179,10994,,,,,,,,,
ROT,232634632,Gaia DR3 1417428134979685760,14.0,6.4729587813664615,,,0.72816885,0.92528415,9.44939995,5184.79003906,0.15448885645289046,24.15351714797406,0.001437402974630047,0.00017304298332886046,13999,,,,,,,,,
ROT,57351992,Gaia DR3 5399797471975068032,10.0,6.489263678225315,,,0.9979257,0.89361185,10.53310013,5590.0,0.1541006883963575,24.567849386807534,0.0016785253642046792,0.00019920431150512706,14892,,,,,,,,,
ROT,403632344,Gaia DR3 3047310946134815616,7.0,5.367050416898809,,,0.9849683,0.93306929,8.80459976,4728.0,0.1863220805326104,32.59214287968724,0.0005910811140953045,6.735994449670593e-05,16343,,,,,,,,,
ROT,229838185,Gaia DR3 5679599404304252672,35.0,9.535423855705938,,,0.99170393,0.8696931,10.60669994,5731.0,0.10487210795581009,20.7660691350614,0.0013294314185148827,0.00016004473543693843,13662,,,,,,,,,
ROT,289571603,Gaia DR3 1634948437313221888,14.0,4.858112858835787,5.7528,,0.99353361,0.92097765,10.08150005,5977.0,0.20584124516194197,29.04920238478361,0.001129152927190827,0.0001224738307213909,16618,,,,,,,,,
ROT,35027082,HAT 258-0001015,44.0,4.896522519735009,7.14806748,,0.99943531,0.88782233,10.49240017,5488.00976563,0.2042265701770158,16.657727742823663,0.0013425595508842927,0.00015933250500224557,15590,,,,,,,,,
ROT,192846446,Gaia DR3 4821728817058498432,32.0,12.5,,,0.99588042,0.8537392,11.36450005,5280.0,0.08,19.865718233237594,0.002064011327272154,0.00021756589701890725,17594,,,,,,,,,
ROT,408518353,Gaia DR3 159726127183079552,19.0,7.360631154808799,,,0.87446606,0.78659916,10.92029953,5317.0,0.13585791475866665,15.428231741345034,0.0018188150884586593,0.00020334970881479277,16884,,,,,,,,,
ROT,207396477,Gaia DR3 1443749137677744640,23.0,4.129624089289439,,,0.99966502,0.89340514,10.29119968,4865.93994141,0.24215279124160294,13.293424662118243,0.001193358806005545,0.00014471601195358344,13448,,,,,,,,,
ROT,10059490,Gaia DR3 1015919233346324992,21.0,4.419353276749696,,,0.99005228,0.89961314,10.96450043,5382.08984375,0.22627745223741663,14.69929374012567,0.0018299171709448825,0.0001877455403498358,18464,,,,,,,,,
ROT,353204077,Gaia DR3 225721804382233472,19.0,5.20590957194211,4.7275,,0.98539829,0.85246736,10.60480022,5839.75976563,0.1920893911391821,21.49600856938068,0.0015255795088339162,0.00016262732207041563,16780,,,,,,,,,
ROT,17238632,Gaia DR3 800045106079090560,21.0,2.8521937148727803,5.1532,,0.96674347,0.88301289,10.12119961,6108.04980469,0.3506073219310085,17.77115686093985,0.0011424639973833851,0.00012144255275398181,17348,,,,,,,,,
ROT,63219161,ASASSN-V J102908.29+125003.2,45.0,5.552287318492138,10.602,,0.99952394,0.85847282,10.63729954,4781.14990234,0.1801059532112929,17.314797286328517,0.0014884071432615963,0.00016640897752645987,15983,,,,,,,,,
ROT,270024204,Gaia DR3 3852326866962925696,8.0,6.129663500257346,,,0.99855125,0.86913878,10.73050022,4997.0,0.16314109248542213,11.602695481958058,0.001526366231083362,0.00018788269516455575,12963,,,,,,,,,
ROT,61877290,Gaia DR3 5378215742351187072,37.0,3.406107158744114,,,0.95445806,0.81044561,11.12909985,6011.0,0.2935902933743036,16.4836780389998,0.0017827137059517513,0.00020723625887313446,15801,,,,,,,,,
ROT,398523562,ASAS J194557+0414.8,81.0,1.759654570083042,3.511,,0.94922483,0.9538222,6.44290018,5879.0,0.5682933554128228,16.544723684217303,0.00020100036104502667,2.2472523539934015e-05,16001,,,,,,,,,
ROT,17201340,Gaia DR3 800686052639204096,48.0,5.510377265178368,,,0.9808175,0.89001453,10.50450039,5573.93994141,0.18147577776920698,16.584278647132944,0.001284670048285373,0.00014453667280079241,15123,,,,,,,,,
ROT,281114303,Gaia DR3 500551504612504576,19.0,2.8989156776618685,,,0.6758523,0.94183683,9.42142963,6822.0,0.3449565669349009,12.874478881101714,0.0009669921260170284,0.00010614117512811652,16693,,,,,,,,,
ROT,300204306,Gaia DR3 5572645712087122048,5.0,8.409592346790808,,,0.97373122,0.94698048,8.44880009,4943.54003906,0.11891182815557177,11.8312657546062,0.00046959855322489244,4.9500033803682296e-05,17275,,,,,,,,,
ROT,31192320,Gaia DR3 2956857732284121856,5.0,5.504443431464825,,,0.7888552,0.91542679,9.64719963,5027.0,0.18167141009820192,11.579098889981406,0.0012191683248546558,0.00013630716251947784,17148,,,,,,,,,
ROT,314112359,Gaia DR3 5859448170567819648,38.0,8.51359354312369,,,0.96065015,0.91246843,8.35719967,5634.0,0.11745921330807318,41.46639319350205,0.0005244977559016649,5.468267112304315e-05,18491,,,,,,,,,
ROT,179441174,Gaia DR3 4660498940221718656,27.0,1.9728412953629144,2.07503,,0.89219463,0.87607926,10.24670029,5397.0,0.5068831448076744,23.075985509690437,0.0013160486979323467,0.00014274552327705515,16780,,,,,,,,,
ROT,289581571,Gaia DR3 1634978536443985280,14.0,6.721845147961114,3.60439,,0.91019094,0.89672697,9.94048977,5454.0,0.14876867556273926,16.64291778927619,0.0011250817202689456,0.00011482817223298481,17675,,,,,,,,,
ROT,53567662,Gaia DR3 1548328430241799168,22.0,10.461200570979047,3.14176,,0.99881768,0.93272853,9.84156036,5759.37011719,0.09559132273729186,14.953688046743512,0.0009801809921139099,0.00011318155193030406,15536,,,,,,,,,
ROT,16279997,Gaia DR3 3165532841527947776,44.0,4.196560034530449,,,0.99496895,0.92549139,8.40509987,5892.62988281,0.23829040732688805,22.479955711400173,0.0004738520678753882,5.435455994885771e-05,15236,,,,,,,,,
ROT,97486313,ASASSN-V J025533.49-210755.3,4.0,6.020916413424575,12.343,,0.99956167,0.87348598,10.74190044,5233.0,0.16608767359240256,16.538072074150683,0.0014222480227703174,0.00017506662966520632,14741,,,,,,,,,
ROT,264468069,Gaia DR3 2297664536786020096,18.0,5.721434593084566,,,0.98775154,0.91616607,10.18430042,6056.0,0.17478133914327865,17.96217364162648,0.0011085921996133545,0.00012317691106815052,14398,,,,,,,,,
ROT,304690618,Gaia DR3 6433223400044059776,13.0,4.680901560143297,,,0.89642262,0.89074045,10.17630005,5564.0,0.21363405898443782,17.908899623147438,0.0012007410448775775,0.00012007410448775775,19439,,,,,,,,,
ROT,125880827,Gaia DR3 6119901653153151744,38.0,9.062238460094273,,,0.99013627,0.87335539,10.59020042,5305.0,0.11034801218302935,10.629059969754925,0.0014300995956245323,0.00014520461401765084,18252,,,,,,,,,
ROT,311115357,Gaia DR3 1241575028371339136,50.0,5.355736877636819,,,0.94619107,0.8447898,10.91650009,4257.0,0.18671567010238244,17.953176551599825,0.0015993501540519698,0.00021183910293187964,10540,,,,,,,,,
ROT,97906258,Gaia DR3 6192740858216057088,37.0,4.902940128625211,,,0.99616629,0.79343778,11.33110046,5139.0,0.20395925174807322,11.589609610856174,0.002126298511590317,0.00025058668272872936,15442,,,,,,,,,
ROT,100887555,ASASSN-V J193302.18-112304.8,54.0,0.8544076321097707,0.855025,,0.95893109,0.81521201,10.68949986,6683.0,1.1704015301580595,16.86949693224811,0.0015554419043973112,0.00022220598634247303,9708,,,,,,,,,
ROT,240789200,Gaia DR3 390299797202899072,17.0,5.433255590726341,,,0.98694319,0.93091518,9.09379959,4985.0,0.1840517132503085,12.41163499059497,0.0006839745595095061,8.90459030411313e-05,13072,,,,,,,,,
ROT,219389540,ASAS J050805-5316.0,3.0,1.5336374208942596,1.553,,0.99388725,0.8986696,10.2116003,5744.0,0.6520446008789371,18.203249188545186,0.001036605257319717,0.00012857505796542924,12948,,,,,,,,,
ROT,312552945,Gaia DR3 423659598465176064,58.0,1.6883082102327343,1.63843,,0.99015999,0.93960601,7.7178998,6115.0,0.5923089125190888,22.82490760828958,0.0003467226124175454,3.538722844615687e-05,19063,,,,,,,,,
ROT,169321335,Gaia DR3 2987592346455235072,5.0,8.412534148007106,,,0.99645805,0.94147825,9.32019997,6013.0,0.1188702455652909,27.580841021352303,0.0007847154586979303,8.271627215430824e-05,17321,,,,,,,,,
ROT,459985588,Gaia DR3 1632035453054095744,14.0,8.01968438208022,,,0.99489135,0.94829357,9.60013008,5814.0,0.12469318645936671,43.26915128151494,0.0009011908165356097,9.661779706885345e-05,18422,,,,,,,,,
ROT,258800513,Gaia DR3 2255756066978943104,14.0,2.645860907622291,,,0.92768478,0.91661859,10.34809971,6035.0,0.3779488170066552,34.265884951768115,0.0011882547379358577,0.00012525304707879318,18424,,,,,,,,,
ROT,199245053,Gaia DR3 1962219069757182592,56.0,5.771857125999379,,,0.96728414,0.8398034,10.6189003,5282.0,0.17325446180839987,12.098768494113887,0.0014869911006341991,0.00016321847777236802,16929,,,,,,,,,
ROT,76313563,NSV 24042,13.0,4.019256797449288,3.969,,0.37367064,0.95064211,7.90399981,,0.24880221652784734,36.74853402525895,0.0008591593241836921,8.63487610137159e-05,19419,,,,,,,,,
ROT,332232037,Gaia DR3 4097930487317186432,80.0,3.938052926919272,,,0.83687174,0.72821325,10.21860027,4772.0,0.2539325952590224,11.670980188642739,0.0014862191766548472,0.00017763716796792805,12934,,,,,,,,,
ROT,34550964,Gaia DR3 3010091309296933760,32.0,4.40405930101377,,,0.99857682,0.91712147,10.31849957,5834.0,0.22706324589448879,14.606052529090025,0.0012263055964467319,0.0001264837646581221,17536,,,,,,,,,
ROT,149422364,Gaia DR3 4757498547522422272,1.0,5.771861285579771,,,0.98470694,0.92527139,10.07129955,4875.0,0.17325433694991377,11.262931419687703,0.0010719589803105673,0.00011056412674102307,18279,,,,,,,,,
ROT,372442556,Gaia DR3 6375832535202261760,13.0,8.183353779692023,,,0.82920521,0.94752741,9.26879978,5343.0,0.12219928734861986,35.346377300708966,0.0009718553774506977,0.00010272830547140415,19094,,,,,,,,,
ROT,196270829,Gaia DR3 1871485720975401600,56.0,8.630505949165931,,,0.53433591,0.88628662,10.56229973,5532.0,0.1158680621843082,11.006803241663595,0.002136552922700529,0.0002215502174075557,19612,,,,,,,,,
ROT,157935234,Gaia DR3 1255248898571252736,23.0,6.523961624441698,,,0.9985283,0.89770252,10.38049984,5288.0,0.15328109783073365,11.241195686496054,0.0012746688718454687,0.00015235207030577,13358,,,,,,,,,
ROT,141247550,Gaia DR3 1569325872515392768,15.0,6.012660593703441,,,0.99956775,0.89941257,9.60270023,5915.0,0.16631572403192302,15.70411898166857,0.0008824677161892708,0.00010945664896108115,13383,,,,,,,,,
ROT,65414948,Gaia DR3 5069845646070737536,4.0,12.5,,,0.99716514,0.85881227,11.03649998,4927.0,0.08,16.730874131766903,0.0016838977383802631,0.00017849280328305833,14700,,,,,,,,,
ROT,398784568,Gaia DR3 5229523145636348672,11.0,12.5,,,0.95438486,0.92707479,8.84130001,5851.47998047,0.08,12.709685795845177,0.0005929597415114437,6.250344479869517e-05,16828,,,,,,,,,
ROT,103806853,Gaia DR3 1072094171466222848,14.0,12.5,,,0.99530673,0.83465791,10.99419975,4333.0,0.08,15.686412480481122,0.0019967002975625507,0.00021047069150112032,18310,,,,,,,,,
ROT,775434,Gaia DR3 4877135514381674496,5.0,5.751863123849264,,,0.99667019,0.93522877,9.4616003,5679.0,0.17385671015946907,31.957734625287262,0.0007681258670084683,8.431276737112383e-05,17147,,,,,,,,,
ROT,206352088,Gaia DR3 6522474023042654080,1.0,4.7819386621007425,,,0.99958652,0.9532814,9.20199966,6228.79980469,0.20912020639777346,27.120488314451414,0.0006826778570556293,6.7928985670321e-05,18277,,,,,,,,,
ROT,364180215,Gaia DR3 2275047028550064768,16.0,7.437421239101069,,,0.98341322,0.84461707,11.17179966,5637.0,0.13445520535298683,11.557889502424157,0.0020380903114440214,0.000277348961819328,12452,,,,,,,,,
ROT,210327371,Gaia DR3 5868050783906590208,99.0,6.893427321220562,,,0.80754477,0.67719477,10.86359978,5830.0,0.14506572034517923,19.50431541132848,0.002228823131761446,0.0002590954262448725,14076,,,,,,,,,
ROT,120258369,Gaia DR3 2100103978272525440,40.0,6.328561472370771,,,0.50478292,0.88202769,9.23960018,5432.0,0.15801379260765647,51.51840425817736,0.001698984749236352,0.00017713140473946202,19611,,,,,,,,,
ROT,332946715,Gaia DR3 6124983321029232128,37.0,5.825975612795966,,,0.7223981,0.74599808,10.82849979,5826.0,0.17164507139433188,25.626387888159986,0.0021153102621852726,0.00023079927130430705,15102,,,,,,,,,
ROT,86132944,Gaia DR3 3919822419754328320,22.0,10.523661506549002,,,0.99950039,0.87520248,10.54209995,4999.5,0.09502396094531242,11.393423276979183,0.0013844188240481738,0.00015880373025161594,16145,,,,,,,,,
ROT,422668902,Gaia DR3 6251602324156899968,91.0,5.120134867147547,,,0.9270522,0.79536092,11.00380039,5163.0,0.19530735536212646,14.509541627308717,0.0017501322658371146,0.00023387126143931627,12578,,,,,,,,,
ROT,270002865,Gaia DR3 135543262283513472,58.0,8.110759539987008,,,0.99253505,0.82070994,11.04269981,5976.02001953,0.12329301529281951,37.105685652171765,0.0019510324311045198,0.00020798075597225588,19382,,,,,,,,,
ROT,164985100,Gaia DR3 6891182740470671104,92.0,9.621993259789736,,,0.98022377,0.90596044,9.82629967,5371.0,0.1039285699958859,19.14534326175325,0.0010504510885918235,0.00012555291937914052,16182,,,,,,,,,
ROT,329604894,Gaia DR3 6092598133736096640,101.0,1.032716293048106,1.06356,,0.8724001,0.82615328,11.07800007,4323.0,0.9683201540748986,29.97107118102392,0.002314615560058719,0.00026041459619171773,15931,,,,,,,,,
ROT,219037483,Gaia DR3 1510109062461475456,16.0,5.434533703267504,,,0.99982077,0.9189173,9.49536037,5514.0,0.18400842732813522,24.901333749894288,0.0008486214011781332,9.670938407424573e-05,14196,,,,,,,,,
ROT,197936168,Gaia DR3 6511712930941836416,28.0,5.735837433059191,,,0.9748711,0.92128885,8.62240028,5717.24023438,0.17434245856348357,18.36635368446944,0.0005628888423178607,6.273713758510141e-05,14520,,,,,,,,,
ROT,248274507,Gaia DR3 5949033766654275200,12.0,1.755469254683441,1.73424,,0.87495464,0.8249293,9.77050018,6318.0,0.5696482563463222,25.464214616563655,0.0010537836219858062,0.00012333604401371237,14450,,,,,,,,,
ROT,258915544,Gaia DR3 6086250068991472896,11.0,5.369291267688319,5.4283,,0.94657546,0.86686808,10.32649994,6194.0,0.18624431980769363,24.390608007416635,0.001350210795777711,0.00015487980029664936,14322,,,,,,,,,
ROT,277776527,Gaia DR3 3859785167866932096,35.0,5.846075293898148,,,0.99618626,0.91516906,9.80749989,4153.16015625,0.17105492997049693,10.648820614918593,0.0009504260697168778,0.00011974242952492358,13689,,,,,,,,,
ROT,347363874,Gaia DR3 3942980608536678912,23.0,4.098653708430682,,,0.99885899,0.91756266,9.9819603,5755.97021484,0.2439825540623402,17.470147834699635,0.001357938852785174,0.0001684315851935833,12876,,,,,,,,,
ROT,57144416,Gaia DR3 5402660114921141120,10.0,5.878404360963499,,,0.99901468,0.88503474,10.39179993,5587.0,0.17011419061959446,28.59995469895331,0.0012048307558902528,0.00013145781282090346,15099,,,,,,,,,
ROT,344319320,Gaia DR3 2372451943316743808,3.0,6.709528679968857,,,0.99964887,0.8925547,10.49199963,5318.0,0.14904176547981335,29.518928637180178,0.0012264247902395397,0.00014554984462105295,12866,,,,,,,,,
ROT,262818604,Gaia DR3 6499205981879776640,1.0,6.917510505062171,,,0.95882982,0.8816247,10.62849998,5413.0,0.14456067674464812,17.626509452935682,0.0014284063525908098,0.00014540793815313494,18277,,,,,,,,,
ROT,286963424,Gaia DR3 1479700659646247296,23.0,5.63747970043425,,,0.99320894,0.95665914,8.86380005,6008.0,0.1773842307446306,26.813888588635677,0.0006970432598796289,8.713040748495362e-05,13423,,,,,,,,,
ROT,462746129,Gaia DR3 5258401754126740736,9.0,5.630874513388578,,,0.98168951,0.92081308,8.14280033,5482.0,0.17759230784175556,15.699411932647852,0.00042697383777051115,4.74415375300568e-05,16524,,,,,,,,,
ROT,51660816,Gaia DR3 2730963343233415168,56.0,7.679600946102997,,,0.99641621,0.92135894,9.72700024,4852.20019531,0.13021509932849423,14.769567714597438,0.0008811696279227761,9.61434885726713e-05,18782,,,,,,,,,
ROT,158312320,ASASSN-V J181740.39+192334.3,40.0,0.8329283207726877,0.834256,,0.7954641,0.77536339,11.43529987,7194.0,1.20058350167794,26.577315684856767,0.0026318845459147346,0.00026451434940406285,19611,,,,,,,,,
ROT,289493378,Gaia DR3 6063803161172376448,65.0,5.725742566636607,8.2783,,0.94343543,0.89498669,9.83870029,6186.0,0.17464983595785655,25.742994185172265,0.0010962005892798797,0.00012105510395832318,16126,,,,,,,,,
ROT,255829381,Gaia DR3 1591350155571306368,16.0,0.8744991809393946,,,0.94878596,0.95623076,7.52645016,6899.0,1.1435116484909584,20.32557778812521,0.00034599605511212553,3.9688469449933805e-05,15454,,,,,,,,,
ROT,350739998,Gaia DR3 2129964377620471168,14.0,6.175258840271294,,,0.94931346,0.87232518,10.27939987,5465.0,0.16193653187111873,32.6015156469094,0.0014310691893200638,0.0001516930306821688,18422,,,,,,,,,
ROT,169320029,Gaia DR3 2976755113177312000,5.0,8.373700247514085,1.5679,,0.97972918,0.93403023,10.36139965,4812.0,0.11942151861679927,31.869344482820157,0.001364317909464859,0.0001438117348822783,16955,,,,,,,,,
ROT,334156943,Gaia DR3 211637507106202240,19.0,6.933498687749433,,,0.9831242,0.89457101,10.86310005,5000.0,0.14422732952511647,12.321957218735259,0.001602278631392278,0.00016353187802816893,16705,,,,,,,,,
ROT,133010063,ASAS J151801-5317.2,12.0,1.6022897473670594,1.602,,0.88575709,0.89495379,9.37919998,5299.0,0.6241068456209223,29.290098217384003,0.0009840021733336858,0.00010315145576071156,17934,,,,,,,,,
ROT,452639138,Gaia DR3 1840277629595914624,15.0,7.0704363852016385,,,0.96555054,0.87929809,10.39239979,5165.0,0.1414339858983798,11.165455422879484,0.0012735467948018077,0.00017833222128386776,12661,,,,,,,,,
ROT,367837677,Gaia DR3 2266609140096698112,14.0,9.77075912998203,,,0.97453207,0.89201748,11.08510017,5003.0,0.10234619303340037,16.03848862130107,0.001829070667836612,0.00018022368808509308,18423,,,,,,,,,
ROT,3577558,Gaia DR3 679530179179212800,44.0,11.322895762813491,,,0.99672449,0.85438526,10.56529999,5850.0,0.08831663038744798,20.769658922536248,0.0013907857348850461,0.00015453174832056067,15251,,,,,,,,,
ROT,103564784,Gaia DR3 550216612340627072,19.0,1.7307126971493851,,,0.80074358,0.92884803,9.09500027,6842.0,0.5777966508520309,20.43848365974053,0.0007201406890094868,7.857379091437206e-05,16698,,,,,,,,,
ROT,233498788,Gaia DR3 1654579560295942272,14.0,5.215618696672802,,,0.97761422,0.86882722,10.60910034,5595.0,0.1917318075107618,18.432480250552107,0.001440883393645891,0.00014941264769500332,18421,,,,,,,,,
ROT,283704502,Gaia DR3 3298530347844483584,32.0,7.465587204909106,,,0.99705863,0.8498987,11.29590034,5377.0,0.13394793638502211,17.29803864210739,0.0021270579055948074,0.00023633976728831192,17187,,,,,,,,,
ROT,119514195,V0446 Lac,16.0,4.254850780930679,9.083,,0.99786299,0.96654171,6.51259995,5460.89013672,0.23502586847035478,11.180054669012284,0.00022547767724635144,2.8635693645994595e-05,14392,,,,,,,,,
ROT,219502247,Gaia DR3 1385845453745351424,24.0,8.49203151820975,,,0.75645363,0.94544154,9.46280956,5698.49023438,0.11775745271972511,25.401261929623118,0.0010168416336744086,0.00010659396659284262,18203,,,,,,,,,
ROT,32034497,Gaia DR3 4667111716685308800,27.0,5.758741626730812,,,0.99826926,0.88202929,10.85540009,5697.0,0.17364904779860585,18.82699251529125,0.0014739365478862157,0.00016178555445048925,15834,,,,,,,,,
ROT,70896806,Gaia DR3 1006540910260916992,19.0,10.377285017874527,,,0.9941479,0.89454192,10.34430027,5442.0,0.09636431863223698,17.01005624148069,0.0020564394844476827,0.00023745717798360894,15994,,,,,,,,,
ROT,459246945,Gaia DR3 1611371849995774592,15.0,4.111168403916747,,,0.99954456,0.94448537,9.11674023,5952.0,0.2432398534312754,13.215384967533497,0.0006491709169488527,7.495980073009925e-05,15718,,,,,,,,,
ROT,271640350,ASAS J071502-7202.9,1.0,2.3565552472562943,2.343,,0.50835007,0.96765453,9.31000042,5467.79980469,0.424348209601403,29.071956283583376,0.001508724131153359,0.00015644740446801639,18275,,,,,,,,,
ROT,117646995,Gaia DR3 3178219693884652672,5.0,6.629570750352844,,,0.99919271,0.87795955,10.64290047,5541.0,0.1508393284658403,12.156330476680266,0.0014228852943440292,0.00014598495094972867,17000,,,,,,,,,
ROT,148444947,Gaia DR3 285473148883922816,19.0,8.917636105385867,,,0.978679,0.84988159,10.74470043,4171.0,0.1121373409031619,12.316500343991144,0.0015798600938698925,0.00016382386017753538,16667,,,,,,,,,
ROT,321159710,Gaia DR3 484723450616002048,19.0,5.898093601505008,,,0.98487031,0.91781944,10.41429996,5310.0,0.1695463089539358,15.278456649969234,0.0012973677649803532,0.00014155442826709874,16218,,,,,,,,,
ROT,156079851,Gaia DR3 1397870984217415296,23.0,4.67300052905611,,,0.9951061,0.91334778,10.31200027,5229.0,0.21399526787598888,18.218816673768462,0.001207781581803196,0.00014646503042500453,14948,,,,,,,,,
ROT,229070841,Gaia DR3 2326080830688418560,2.0,6.864342235180745,,,0.99069029,0.93524641,9.35219955,5293.0,0.1456803821457001,29.41727640491865,0.0007816654291692496,7.936609959245222e-05,18298,,,,,,,,,
ROT,266359311,Gaia DR3 3089022603357180672,34.0,5.93549848840928,,,0.98869395,0.91310143,9.83856964,6066.0,0.16847784595561427,27.765348347049528,0.0010991428125115008,0.00011921877676310262,16668,,,,,,,,,
ROT,376804195,ASAS J101335-6416.9,10.0,1.07030440442802,1.078,,0.93160033,0.90970063,9.1093998,6357.0,0.9343136362541725,18.760103127269222,0.0008589642332555756,9.428357342091002e-05,16364,,,,,,,,,
ROT,366225994,Gaia DR3 184672564252033024,59.0,9.636308332791245,,,0.98128057,0.78820866,11.30459976,4577.0,0.1037741804708672,13.028244284172887,0.0022592563619753462,0.00027003278396536747,16586,,,,,,,,,
ROT,385254626,Gaia DR3 461701979233050624,18.0,6.740413545718072,,,0.46242186,0.947537,9.0741396,3549.0,0.14835884967848328,10.510397508371987,0.0008729560512837387,0.00010252348881230515,14731,,,,,,,,,
ROT,176878208,Gaia DR3 3580402596144292352,10.0,3.3064130294996,,,0.99393988,0.93805468,9.1887598,6149.0,0.30244255363079736,27.95609157427358,0.0007537257042284134,8.882742610241954e-05,14888,,,,,,,,,
ROT,167309586,Gaia DR3 5266418602628805888,1.0,7.278643304094269,,,0.99673682,0.92747265,10.15509987,5259.25,0.1373882409428548,16.656641305787073,0.001083052154938678,0.00010750195188134333,18279,,,,,,,,,
ROT,414987423,Gaia DR3 632454348315997824,45.0,5.347486078043588,,,0.99945414,0.80448085,10.94690037,5559.0,0.18700375941247074,12.10975126471608,0.0017200781347255947,0.00019602109578894755,16245,,,,,,,,,
ROT,25909530,HAT 259-0000479,42.0,11.267700057214848,20.63192203,,0.98261082,0.88901567,9.72828007,3514.0,0.08874925627432616,12.529012489506549,0.0009634856948769697,0.00010772097545467625,13081,,,,,,,,,
ROT,288269034,Gaia DR3 1711151602503749632,14.0,9.770774429981325,,,0.9895677,0.89799762,10.62539959,4959.0,0.10234603277008733,22.918165641139996,0.00140033592886894,0.00013764551241761427,18424,,,,,,,,,
ROT,244175217,Gaia DR3 2543516161389433472,42.0,0.36615952918097266,0.373892,,0.99678928,0.80905288,11.38080025,4628.0,2.731050048695454,15.262006066136049,0.0023832285900496574,0.00032135447752598906,10962,,,,,,,,,
ROT,257457533,Gaia DR3 4571943831342222464,25.0,8.74658148842507,,,0.97485948,0.96481639,8.84179974,5461.0,0.11433038168378883,14.918793476343984,0.0006331943166875823,8.04157586351218e-05,13885,,,,,,,,,
ROT,19272162,Gaia DR3 5623840523964249856,35.0,5.847145081484504,,,0.99206191,0.92746359,9.30010033,5101.14013672,0.17102363393831074,18.94172512651224,0.0007312723335198108,9.213165405501437e-05,13690,,,,,,,,,
ROT,408345455,Gaia DR3 159194925628227328,19.0,5.689688615039842,,,0.99868238,0.8665123,10.4751997,5412.0,0.17575654269666874,15.487113724140626,0.001317584071151437,0.00014550281970916238,16894,,,,,,,,,
ROT,47423224,2MASS J22480446-2422075,2.0,0.31793470923321593,0.318,,0.99792278,0.90827036,9.78166008,3172.0,3.1452998711960887,29.670666286825625,0.0009954520134954764,0.00010492985546821257,17982,,,,,,,,,
ROT,264130674,Gaia DR3 4501913324432668160,26.0,7.796825965503237,,,0.9123683,0.85342741,10.90540028,5379.89013672,0.12825731963551096,26.595988505371484,0.002449233721460785,0.00026883832697793846,16942,,,,,,,,,
ROT,18800468,Gaia DR3 3406839085063570176,43.0,1.446540541798485,,,0.9973594,0.8747738,10.49300003,5713.0,0.691304509693658,20.792945284601085,0.0013199049937818506,0.0001494498111711955,15505,,,,,,,,,
ROT,283367251,V0433 Peg,55.0,4.547574056165155,4.5407,,0.97402114,0.89273542,9.93410015,4319.0,0.21989746349359568,35.861837454442785,0.0010380387275316899,0.00010485774619598754,18880,,,,,,,,,
ROT,184892201,Gaia DR3 661029384212747392,44.0,4.887625755447443,,,0.97841662,0.81615937,11.37360001,5321.5,0.20459831624495028,14.611005470622588,0.0022184781230481605,0.0002632849145537883,15277,,,,,,,,,
ROT,238437211,Gaia DR3 2807673417645121408,17.0,11.297676041002273,,,0.99890494,0.94783449,8.56589985,4829.37988281,0.08851377897283777,13.483710630890133,0.0005288288609013416,5.949789530605907e-05,13023,,,,,,,,,
ROT,159333969,Gaia DR3 1708189204645004416,19.0,7.79194911121414,,,0.99780166,0.86372143,11.29969978,5439.0,0.12833759380702375,11.668547075089553,0.0020134329622169857,0.00021968354657329758,16578,,,,,,,,,
ROT,102717281,Gaia DR3 490660882124721408,19.0,4.62248431641255,,,0.99516773,0.8756457,10.48209953,6247.0,0.21633388705060808,22.76364449110004,0.0014549195513793875,0.00015969816790169073,16727,,,,,,,,,
ROT,284814735,Gaia DR3 524413861877704064,58.0,5.73181452545818,,,0.94730461,0.92123044,9.38438988,6120.0,0.17446482183930467,27.109050682641083,0.0009418245222632567,9.371504263036963e-05,18896,,,,,,,,,
ROT,355811861,Gaia DR3 1215606247350342784,24.0,9.073916741316161,,,0.99235153,0.88370621,10.43900013,5262.0,0.11020599246262767,13.911317397544364,0.0013328037685149006,0.00016405680304937254,15894,,,,,,,,,
ROT,121745431,Gaia DR3 186658350971239552,59.0,9.6314408834375,,,0.84624791,0.78558207,10.61240005,5440.0,0.10382662491545044,15.379969664773755,0.001539089681746799,0.0001839564019955141,16501,,,,,,,,,
ROT,435285381,Gaia DR3 40929255920164864,42.0,5.18577125298175,,,0.99427789,0.8995316,9.68469048,5824.20996094,0.1928353471867879,17.338568402887773,0.0009146479010904129,0.00010632565878375087,13169,,,,,,,,,
ROT,137993497,Gaia DR3 125650165894403584,18.0,9.42119842967577,,,0.98149443,0.87009269,10.65839958,5123.83007813,0.10614360874197351,14.16660539779706,0.001508478225325149,0.00018292985461646665,14027,,,,,,,,,
ROT,5493696,Gaia DR3 4502268397968567680,26.0,4.614049694032245,,,0.95377272,0.84774512,10.77670002,5290.0,0.21672935193857745,18.675639627105223,0.0018006767026959552,0.00019764994575209718,16942,,,,,,,,,
ROT,166230802,ASAS J134527-3616.8,11.0,4.824705251272086,4.774,,0.98263097,0.90571821,10.11620045,4776.0,0.20726654747175266,19.559548289162652,0.001235895336229479,0.00015098864650970445,10934,,,,,,,,,
ROT,373875501,ASASSN-V J230157.98+395426.7,16.0,4.21323125755749,4.21004,,0.82752949,0.82002819,10.55980015,5509.29003906,0.2373475223336598,28.650328288681244,0.001794577882677505,0.0002279116190117761,13595,,,,,,,,,
ROT,426895619,Gaia DR3 5819980032433610368,39.0,12.5,,,0.93586779,0.72971278,11.05990028,5239.0,0.08,10.310914764590954,0.002018499947644845,0.00021276857638294455,19335,,,,,,,,,
ROT,357956244,Gaia DR3 558392516380193664,40.0,6.952708547579586,,,0.99613464,0.91115242,10.51780033,6100.0,0.14382883924396994,12.830017423457704,0.0013309584836268655,0.00013309584836268654,17594,,,,,,,,,
ROT,24346178,Gaia DR3 2990053014821717504,5.0,7.020927913335968,,,0.97498387,0.89986968,10.76280022,5207.0,0.14243131568129913,11.210007147413824,0.0015869738226270697,0.00015949687035666705,17228,,,,,,,,,
ROT,72882384,Gaia DR3 3023526241877005568,6.0,4.405703921631891,,,0.95101625,0.88398653,10.52009964,5210.0,0.22697848466167375,15.080577713094716,0.0013276625140118108,0.00015130118544063809,14648,,,,,,,,,
ROT,296321403,ASAS J202631+5051.5,14.0,2.247176476530253,2.2437,,0.96777928,0.91923964,9.42907047,3582.0,0.44500287825371304,38.04515739120963,0.0008882911890963595,9.162024052984725e-05,18404,,,,,,,,,
ROT,24053730,Gaia DR3 1379675269368629760,24.0,1.266078875163334,,,0.97550929,0.96456051,6.6602602,8497.0,0.7898402063386393,19.757844865785156,0.0002684169264518001,3.019926363546707e-05,15712,,,,,,,,,
ROT,99053633,Gaia DR3 3486809005292902272,37.0,6.098620483031632,,,0.99826044,0.86899668,11.3689003,5949.0,0.16397150843905256,19.964688251016707,0.0021206095533798054,0.0002610289917105371,14880,,,,,,,,,
ROT,186298292,Gaia DR3 369515763260725120,17.0,10.279871559050873,,,0.50923491,0.94117427,9.92817974,5665.0,0.0972774800011537,15.524072579987195,0.0013228593359139317,0.000154828974254478,12788,,,,,,,,,
ROT,31282413,Gaia DR3 2905882036757974528,5.0,7.875166597447822,,,0.96411413,0.91576177,10.35840034,4898.0,0.12698144066235745,14.307453436086876,0.0012379560241951712,0.0001350720759024037,17125,,,,,,,,,
ROT,258086752,Gaia DR3 1452066908782378112,23.0,5.649301945531815,,,0.99961954,0.91080981,9.92693996,5563.0,0.17701302030615074,29.14774459912985,0.0012277547522247026,0.00014943754952836347,13510,,,,,,,,,
ROT,212348895,Gaia DR3 6799271058813652864,92.0,7.814061453796481,,,0.98020482,0.89472765,9.89099979,4606.0,0.1279744222531226,14.359214613741406,0.000975489160463256,0.00010643459327218559,15520,,,,,,,,,
ROT,307986889,Gaia DR3 1631096160885448192,14.0,1.011365831492381,,,0.63289708,0.91527432,10.6281004,4754.0,0.9887618988713417,26.974615239375783,0.001706096558744933,0.00017787286213574567,18418,,,,,,,,,
ROT,256666028,Gaia DR3 2238155909475982208,14.0,6.175304410026376,,,0.98889977,0.88038862,10.67539978,6119.0,0.16193533688418266,28.089007995614338,0.001631287913839561,0.00017291617303499324,18423,,,,,,,,,
ROT,155970472,Gaia DR3 1397343905830395136,50.0,6.400987486355117,,,0.99681401,0.89423072,11.04469967,5490.89990234,0.1562258951656575,11.953801802239637,0.0017465709981607565,0.0002575178445322332,12441,,,,,,,,,
ROT,357098470,Gaia DR3 2149092169088674176,14.0,6.327883802902486,,,0.95677757,0.89077592,10.59090042,4990.0,0.1580307147140278,13.548517853662352,0.0014716094728410328,0.00017978571160646423,12635,,,,,,,,,
ROT,255930569,Gaia DR3 1331371249659232768,24.0,3.2621882857538043,,,0.84040779,0.82043386,10.5717001,5455.85986328,0.306542698460131,13.050271594819726,0.0018851864220908272,0.000212100043448441,15530,,,,,,,,,
ROT,126277261,Gaia DR3 692641168144905472,21.0,10.567574858931057,,,0.95018357,0.92771578,9.64690018,4522.0,0.09462909071846907,31.15147360185618,0.0009062616948909496,0.00010395534590609316,17348,,,,,,,,,
ROT,318124027,Gaia DR3 6362217999973849856,13.0,9.247853308564395,,,0.98041159,0.83009547,11.2347002,4966.24023438,0.10813320309416073,11.914994936831294,0.0020010242875758786,0.00020111050782658824,19439,,,,,,,,,
ROT,62630926,Gaia DR3 5759013551469520128,8.0,3.35492623865733,,,0.98448479,0.87330341,10.33129978,5501.0,0.29806914634290393,17.375013979773506,0.0011910178546539162,0.00015249421005425882,12820,,,,,,,,,
ROT,219790615,Gaia DR3 1439161489835049216,14.0,9.770725242825376,,,0.98174202,0.86878288,10.99020004,5614.0,0.10234654799389616,16.061814914149174,0.0016731672317916138,0.00016486206607493794,18420,,,,,,,,,
ROT,201233408,Gaia DR3 6523519418083625472,28.0,1.511742065622506,,,0.99418348,0.84943312,10.85379982,4749.0,0.6614885057049857,14.077621919300498,0.0016692038459507127,0.00020094852896882342,13599,,,,,,,,,
ROT,277103752,Gaia DR3 4660277496061207040,1.0,2.836148611711298,,,0.98736525,0.92443883,9.81000042,6629.0,0.35259083246579664,21.39751094607511,0.0009269388356752872,9.664005409378981e-05,18276,,,,,,,,,
ROT,183640381,Gaia DR3 3785402415974398592,9.0,4.22763446844704,,,0.99396926,0.91628057,9.34004021,6034.0,0.23653889839897518,18.84843918952801,0.0007317256509673186,7.73458046721011e-05,16028,,,,,,,,,
ROT,364801667,Gaia DR3 6897246680242067712,55.0,5.461947393632448,,,0.99123877,0.88351887,10.68309975,5190.93017578,0.18308488308873178,10.05406984626796,0.0014873554869806655,0.00016840984595171586,13899,,,,,,,,,
ROT,262579260,Gaia DR3 581087806471021312,34.0,4.997700296949041,,,0.93731153,0.81108803,10.86760044,5245.02978516,0.20009203045057994,22.92328465616631,0.0016689569431135175,0.0001759235085663595,16836,,,,,,,,,
ROT,469187508,Gaia DR3 5259413992007721856,9.0,9.566652011012431,,,0.84629118,0.78832752,10.46710014,6051.0,0.10452977685912197,21.62353867487326,0.002225183247777931,0.0002659602678755806,16343,,,,,,,,,
ROT,272235688,Gaia DR3 5263454216200753280,1.0,8.630513483014166,,,0.97470009,0.94103426,9.45170021,5452.0,0.11586796103941137,21.746783378032642,0.000767996586950235,7.963753623852286e-05,18278,,,,,,,,,
ROT,159033047,Gaia DR3 3319820539384646784,33.0,4.258790658489864,,,0.99401116,0.92557991,9.54740047,5184.0,0.23480844215869318,27.584291724998295,0.0008153499330904031,8.547189714809003e-05,17457,,,,,,,,,
ROT,210348879,Gaia DR3 1814703160935690880,14.0,3.7563365885075615,3.6295,,0.92913616,0.80902517,10.29469967,5879.0,0.2662168249404168,18.097521265648126,0.0013835784044770089,0.00016903100489833948,13180,,,,,,,,,
ROT,271254687,Gaia DR3 2080091011220721792,14.0,9.770750313474396,,,0.90846229,0.86265928,10.44439983,5626.20019531,0.10234628538413734,26.226912559482834,0.001430649669773517,0.00014062519058917665,18424,,,,,,,,,
ROT,411527645,Gaia DR3 2800824143103598592,17.0,3.059030168323134,,,0.96834713,0.87894106,9.95800018,5361.29980469,0.3269009931170993,18.915722282322204,0.0010793362886853998,0.00013285711304238535,13018,,,,,,,,,
ROT,346340426,Gaia DR3 1915604449660273408,16.0,6.680222958810501,6.3947,,0.99615264,0.91336179,9.91456032,6004.0,0.14969560240217833,26.462986967313466,0.0013263029268610362,0.00018947184669443375,13834,,,,,,,,,
ROT,201641317,NSV 24642,13.0,0.45659989599189305,0.4587,,0.9930315,0.95002586,7.88929987,5857.0,2.1901012435135443,27.47924104746518,0.000449041059983904,4.559321182421923e-05,19423,,,,,,,,,
ROT,375838965,ASAS J115544-5637.6,10.0,6.892388596366411,7.43,,0.44001076,0.87187934,10.09899998,,0.14508758263096028,29.29801325969062,0.0024389912801235517,0.00024700624853549077,15441,,,,,,,,,
ROT,300814115,Gaia DR3 5270719681661157376,1.0,8.630518545329236,,,0.98869842,0.86477053,10.95330048,5065.16992188,0.11586789307592549,19.206379969024024,0.0016609790364654029,0.00017223550267745085,18279,,,,,,,,,
ROT,155995595,Gaia DR3 4924783812843268864,2.0,6.864330707000296,,,0.9998616,0.96176142,8.94639969,5453.35009766,0.1456806268060763,15.313723567043631,0.000572163535846475,5.809440519510105e-05,18299,,,,,,,,,
ROT,1031795,Gaia DR3 5151773933947168640,4.0,10.45813274073982,,,0.96176177,0.87023324,10.25409985,5387.0,0.09561936387597035,15.09350385563005,0.0012274549390943188,0.00014220911096587732,14818,,,,,,,,,
ROT,439871764,Gaia DR3 5187027575268503936,31.0,3.952094156011485,,,0.99947488,0.90654045,10.00819969,5573.0,0.2530304088223484,15.186645981192532,0.0010513426720824826,0.00011471088990845506,16161,,,,,,,,,
ROT,363115795,Gaia DR3 5256076836799028352,10.0,8.91205156025793,,,0.96021271,0.87240928,9.78820038,5505.0,0.1122076093521903,16.31901251914948,0.0009810593939269601,0.00012168544154198021,15872,,,,,,,,,
ROT,246887691,Gaia DR3 2319110064407766528,29.0,1.6421916727889143,1.56352,,0.99899006,0.90490556,10.41069984,6208.0,0.608942315668738,14.203468924683051,0.0012301968133864303,0.0001459975014095542,14087,,,,,,,,,
ROT,435875897,Gaia DR3 2804657903926792064,17.0,11.283312582363846,,,0.95226979,0.84142029,10.87909985,4652.81982422,0.08862645545803896,14.196857652268983,0.0016832870362572677,0.00018938458782786772,12805,,,,,,,,,
ROT,31406797,Gaia DR3 2905634818441206784,32.0,9.687284078058582,,,0.98170918,0.92951477,10.18249989,4845.0,0.10322810727363421,16.217483698869597,0.0011231438046742132,0.00011203464309539752,17496,,,,,,,,,
ROT,87403283,ASAS J065148+2711.9,45.0,3.001183264544576,3.058,,0.91410309,0.87338036,10.38169956,3934.0,0.3332019113307125,18.044787980206696,0.0013302896643309985,0.00015259468980145964,15926,,,,,,,,,
ROT,282716421,Gaia DR3 3102942283128066816,6.0,5.818732036664783,,,0.80945152,0.92166209,8.80809975,4873.0,0.17185874752417474,19.01790415232887,0.0007002588112639218,7.78065345848802e-05,14651,,,,,,,,,
ROT,18869995,Gaia DR3 4032662514973974272,22.0,6.717908911169455,,,0.9955433,0.87982529,10.87479973,4219.97998047,0.1488558438679276,12.112953302208588,0.001611503295344435,0.00016621387372343094,16615,,,,,,,,,
ROT,421348470,Gaia DR3 5847982493338730880,11.0,3.6724823987484596,,,0.89115334,0.7911737,9.83139992,4969.0,0.27229538263839975,16.143868478095374,0.001226212717927806,0.00013884124994856798,15211,,,,,,,,,
ROT,236317074,Gaia DR3 1315356450483935360,24.0,5.384457591234654,,,0.98282421,0.88590503,10.41250038,4981.0,0.1857197281352717,20.52495657652821,0.0013373812734287884,0.0001514286101798471,16139,,,,,,,,,
ROT,23947664,Gaia DR3 6326774113076536832,91.0,4.025788266660948,,,0.99950409,0.94519669,8.48069954,4858.0,0.24839855793742865,16.426533730428268,0.000499165176548665,6.554359874039883e-05,11702,,,,,,,,,
ROT,175255600,Gaia DR3 5535851556198085120,7.0,6.510150680601249,,,0.96800953,0.9083426,9.58180046,6060.0,0.15360627565499674,33.131404247266815,0.0009259623469981492,9.601782249762929e-05,16342,,,,,,,,,
ROT,229787083,Gaia DR3 2262452191573341696,14.0,3.378233360037982,,,0.96046621,0.85455567,11.3281002,5709.0,0.29601270647234296,17.032636525948572,0.0021328795581375412,0.00021882882542540664,18422,,,,,,,,,
ROT,350543620,ASAS J123915+0342.2,23.0,2.5780816919671907,5.194,,0.99740529,0.88170767,10.47249985,4968.37988281,0.38788530367978974,11.828669041809343,0.0013074685779367844,0.00016217151804811888,13135,,,,,,,,,
ROT,113798896,HAT 306-0000488,70.0,0.25106698640522024,0.13157541,,0.91154766,0.91176027,9.81480026,8137.0,3.9830007693086635,12.991265133841752,0.000945332036966259,0.00010773058387843864,15446,,,,,,,,,
ROT,357288218,Gaia DR3 3951846383107774976,22.0,7.110342863494207,,,0.99921602,0.85475814,11.02130032,5416.81982422,0.1406401940382062,17.453643970403476,0.0017578991971899534,0.00020033120586970184,15960,,,,,,,,,
ROT,25063656,Gaia DR3 4666574532239285504,4.0,11.385125964750392,,,0.97883642,0.83405346,11.19999981,4445.0,0.08783389864074499,15.839821280399548,0.0017811023644004236,0.00019790026271115818,14705,,,,,,,,,
ROT,463480254,Gaia DR3 5355701283294790528,9.0,11.341835245207108,,,0.83675653,0.76457477,10.88630009,5454.0,0.08816915237968963,21.263554642075327,0.0018564737961981818,0.00020501323443212886,16385,,,,,,,,,
ROT,354791191,V0689 Per,86.0,0.7435522793102416,0.645,,0.9518283,0.82969987,11.32240009,5172.0,1.3448953460645066,16.86970796296297,0.002226314865735923,0.0002948826076682149,11361,,,,,,,,,
ROT,282924402,Gaia DR3 1619151547597387008,16.0,5.314869482932824,,,0.99953359,0.92195976,9.65410042,5250.0,0.18815137478186672,14.012031467818849,0.0008432115615682743,9.6722999602664e-05,15691,,,,,,,,,
ROT,92397580,Gaia DR3 5373375520371262336,10.0,3.7469162055551397,,,0.79233968,0.92506313,8.67860031,5715.0,0.2668861391982586,22.54683322341633,0.0007420115579737622,8.295941418599292e-05,15497,,,,,,,,,
ROT,73481367,Gaia DR3 1092203212642591360,20.0,9.727829466888616,,,0.96811467,0.88791996,10.40960026,4892.0,0.10279785469140668,17.592366045535776,0.0013346002002309358,0.00013279768332914794,17630,,,,,,,,,
ROT,189792420,Gaia DR3 6338519302442811008,51.0,4.262674736942212,,,0.9995169,0.82137299,10.71749973,5076.0,0.23459448860443438,13.7151533709726,0.0015582062927180257,0.0002798621118236423,6857,,,,,,,,,
ROT,10044356,Gaia DR3 1015153767095664256,47.0,4.194966041102241,,,0.84144849,0.95431799,8.1395998,6584.0,0.23838095236099854,22.122810965138452,0.00044683604925636937,5.092169375620303e-05,16498,,,,,,,,,
ROT,202299336,Gaia DR3 1612297020311497856,22.0,12.5,,,0.99475473,0.85970426,11.07919979,4975.0,0.08,12.030993339984532,0.0018560771446029566,0.0001956477096642348,16645,,,,,,,,,
ROT,142564004,Gaia DR3 1128652985175526656,20.0,4.4565968555089075,,,0.95810544,0.8726027,10.96560001,5022.0,0.22438646178280086,11.837307404021395,0.001673366785582636,0.00017168380971061044,17633,,,,,,,,,
ROT,438942374,ASAS J093203-5751.6,9.0,1.7013804177043457,1.694,,0.90698165,0.83017415,10.27130032,5148.0,0.5877580284774226,23.092218932030264,0.0013988529051278335,0.000156396509319445,16271,,,,,,,,,
ROT,470802090,Gaia DR3 412922317672082176,58.0,6.274666729462339,,,0.9636184,0.80959612,10.27019978,6113.0,0.15937101412965204,17.15392953927828,0.0012435186596671194,0.0001303561755109805,19060,,,,,,,,,
ROT,284598983,Gaia DR3 840650551528270208,15.0,11.405222177583052,,,0.99915266,0.80931437,10.82390022,4916.89013672,0.087679133683647,12.596460779848822,0.0016453839987109853,0.00018282044430122059,15003,,,,,,,,,
ROT,380699666,Gaia DR3 3702150414880455808,46.0,9.645847526538494,,,0.99860823,0.78873819,11.45489979,5240.52978516,0.10367155371767105,18.338071638619898,0.002424934388608464,0.0002898350957023643,16476,,,,,,,,,
ROT,257569026,Gaia DR3 2550738887631760512,42.0,6.593096639096455,,,0.95120472,0.8484385,10.22490025,5407.0,0.1516737968119703,13.269176291111817,0.0011951051794029585,0.00017249857425955353,10517,,,,,,,,,
ROT,139351283,Gaia DR3 2835796794780262912,56.0,6.292950307326486,,,0.96125221,0.93547773,9.40320015,4069.77001953,0.1589079765711423,15.754503391565608,0.0007430672091622399,8.726881793568571e-05,16598,,,,,,,,,
ROT,97007957,Gaia DR3 6020078779192125184,93.0,1.9923734411404177,1.96623,,0.93806458,0.77964276,10.15270042,6422.0,0.5019139380956656,20.746475842108158,0.001248645266461475,0.00014048356818443567,16025,,,,,,,,,
ROT,51640379,Gaia DR3 2734513734998908160,56.0,9.200113577557234,,,0.60082793,0.92351717,10.14280033,5539.0,0.10869431030062508,17.888502537653817,0.001365140683402773,0.00013720180099685908,18791,,,,,,,,,
ROT,53353712,Gaia DR3 4259180219744893184,80.0,7.9761909513038045,,,0.88176471,0.73716378,10.36209965,5140.0,0.12537312686032648,11.586966159541156,0.0014151873361898492,0.00018582320094334204,12102,,,,,,,,,
ROT,144384178,Gaia DR3 4026031356050983680,22.0,6.414456308711235,,,0.99984241,0.93539351,9.51626968,5714.0,0.15589785819289737,11.943455765357685,0.0007711169452345968,9.21661034086933e-05,15928,,,,,,,,,
ROT,236639269,Gaia DR3 1898186295693743232,15.0,2.4638604159829445,2.64034,,0.91499859,0.91514844,9.98071003,6173.0,0.4058671479573469,18.173392749330635,0.001066228362707647,0.0001343321470727623,12911,,,,,,,,,
ROT,7738623,ASAS J042616-3757.4,31.0,0.7888510911936752,0.7869,,0.99098212,0.94490719,9.36250019,4206.0,1.2676663709583238,30.95765843805729,0.0008561262371510141,9.397206287863921e-05,16722,,,,,,,,,
ROT,351189861,Gaia DR3 2086692612176206976,14.0,9.77075724744008,,,0.9713878,0.91936052,9.54780006,4965.10986328,0.10234621275254772,15.044033163282794,0.0008487594219132478,8.342849964785928e-05,18423,,,,,,,,,
ROT,47504488,Gaia DR3 6610721582199750528,29.0,4.228362269426639,,,0.99921691,0.9064272,9.9939003,5002.0,0.2364981844697992,11.382565870204745,0.0010136645432807004,0.00011704789938621828,14724,,,,,,,,,
ROT,385346872,Gaia DR3 3571159963962082816,36.0,3.672442385466776,,,0.9873262,0.83097011,10.73670006,5849.0,0.2722983494465081,31.529485796920437,0.0016312231404669445,0.00018352694190499111,15520,,,,,,,,,
ROT,130088953,Gaia DR3 334476286189609856,18.0,6.794018712397472,,,0.99657279,0.95003152,8.06229973,5681.0,0.14718829051430743,24.800016636636116,0.0005176305581626911,6.037765441764967e-05,14831,,,,,,,,,
ROT,46296563,Gaia DR3 608206028114810752,44.0,6.4603961532254655,,,0.99626529,0.83189064,10.52890015,4482.45996094,0.15478926930831208,14.140549896982423,0.0013954501036119206,0.00014548573035026195,15505,,,,,,,,,
ROT,357168912,Gaia DR3 4024244482152729088,22.0,3.2499965879991053,,,0.9937278,0.89289159,10.16279984,5509.68017578,0.30769263072231734,12.029894826974605,0.001110389412860543,0.0001226219973995426,15937,,,,,,,,,
ROT,251881253,Gaia DR3 5004275411153955456,2.0,12.5,,,0.98999012,0.93492377,9.91650009,5006.0,0.08,17.456658446623166,0.0009497672754053771,0.00010067512984291164,18299,,,,,,,,,
ROT,264868331,Gaia DR3 5294332076122031232,8.0,4.207902866908774,,,0.97969192,0.8374964,11.2258997,6066.0,0.2376480711720002,12.292105695328264,0.0018152070624571739,0.00021101353484175096,12997,,,,,,,,,
ROT,322407435,Gaia DR3 5334918207100686208,10.0,5.47521327920594,,,0.78277618,0.721322,10.99269962,4952.0,0.18264128701576865,19.9389410811572,0.0024034167401586278,0.00027040550952355376,16402,,,,,,,,,
ROT,397809370,Gaia DR3 5969427164741494656,12.0,10.426173529275616,,,0.91012651,0.87066728,7.96120024,5573.54003906,0.0959124646441097,15.529209066892996,0.0005676683661259112,6.554869679864597e-05,16199,,,,,,,,,
ROT,142487802,Gaia DR3 1078195224050072960,47.0,5.173573345267296,,,0.99091017,0.86221427,11.08220005,5738.0,0.19329000156435094,12.121300716803018,0.0017651672718799105,0.00018606496767754015,17443,,,,,,,,,
ROT,317798405,Gaia DR3 2998317803209361280,107.0,9.051767183245504,,,0.96133512,0.85231394,10.55049992,5982.0,0.11047566511111377,20.51934379100018,0.001408765235857618,0.00016545108620899868,15037,,,,,,,,,
ROT,30696934,ASASSN-V J131854.53-373002.1,11.0,6.672618389683511,7.0007,,0.98854452,0.85883826,10.55889988,5075.0,0.14986620567813275,14.566325750501464,0.0013715153260520753,0.00019796118567346578,12280,,,,,,,,,
ROT,139116505,Gaia DR3 4015180108294073984,22.0,8.487907737345454,,,0.99992704,0.95152813,8.12520027,5496.0,0.1178146642193291,32.78577929413059,0.0007521328896463259,7.884495034160834e-05,17082,,,,,,,,,
ROT,140633568,Gaia DR3 4652853589200936704,1.0,9.200145285819383,,,0.99446237,0.88000131,10.74129963,4870.0,0.10869393568614043,20.18399338902283,0.0014628354545600376,0.00014776869566850118,18276,,,,,,,,,
ROT,23162505,Gaia DR3 5585960149363727872,8.0,4.88400838911007,,,0.9595477,0.8431235,11.09029961,5104.0,0.20474985305711424,11.55367114466413,0.0018806904961473337,0.00022478550862985885,12957,,,,,,,,,
ROT,232568235,Gaia DR3 1411414596649598208,23.0,8.376455556063494,,,0.98364419,0.93470752,9.75874043,5432.0,0.11938223671181858,24.04840461155552,0.0022594413645434072,0.0002415444420464695,15039,,,,,,,,,
ROT,162494287,Gaia DR3 1428030622526979968,23.0,5.4826150920632095,,,0.99821377,0.96171933,8.42457008,3795.0,0.18239471186799683,12.736648488258272,0.0005092458008531084,5.803394502487022e-05,15034,,,,,,,,,
ROT,347558640,Gaia DR3 4563298577570661760,25.0,12.5,,,0.96701467,0.84288383,11.0571003,4346.85009766,0.08,15.239001230862613,0.00210071279763611,0.00022393673665670858,17246,,,,,,,,,
ROT,133700394,Gaia DR3 5543983338043689984,7.0,5.883645209132078,,,0.92554998,0.83589619,10.27960014,5861.0,0.16996266165877705,17.240852645605166,0.001219191906144078,0.0001330247427757794,16343,,,,,,,,,
ROT,399719111,Gaia DR3 572350159364298368,18.0,0.6639054867454627,,,0.62743533,0.86171371,10.75380039,5188.0,1.5062384932260604,12.604254061727728,0.0019084350152948684,0.0002423714893140588,13934,,,,,,,,,
ROT,302666752,Gaia DR3 854174304031934464,21.0,7.622187125009518,,,0.99939519,0.89963764,10.23579979,5091.64990234,0.1311959393805556,31.94753983668751,0.0013110988511384578,0.0001279501464468759,18409,,,,,,,,,
ROT,39173352,Gaia DR3 765113930900326016,48.0,6.3572046381106295,4.17249,,0.99076277,0.84132189,11.14999962,5929.54003906,0.1573018420714551,20.607527299559337,0.001803543108725559,0.00021712107572088662,15313,,,,,,,,,
ROT,198107405,Gaia DR3 1509024153722085632,49.0,3.262729442562369,,,0.99859971,0.89756382,10.87880039,5641.0,0.3064918552408853,10.222745379679287,0.0015961815538785703,0.0001907801858887495,13272,,,,,,,,,
ROT,168255289,Gaia DR3 4476873630744050688,80.0,5.856605469339482,,,0.77267468,0.75958502,10.87940025,5547.0,0.17074737324124067,16.280647520081253,0.0022298240246881123,0.00028093142079818547,11762,,,,,,,,,
ROT,262230072,Gaia DR3 1740035360649088768,55.0,3.4944564666355125,,,0.99670994,0.84622252,10.40200043,5837.0,0.2861675369396738,13.655882187591121,0.001308514616971171,0.00016230126322211896,13144,,,,,,,,,
ROT,287083670,Gaia DR3 1014478662659398528,47.0,5.190405399303173,,,0.99874091,0.91058111,10.29049969,5386.81005859,0.19266317812752218,13.808020985863088,0.0011480508647323613,0.00013169046582665384,16598,,,,,,,,,
ROT,295593712,Gaia DR3 6432780709176553600,13.0,10.63074564561322,4.33781,,0.96352834,0.88728189,10.08189964,5343.0,0.094066778882312,16.16304915021327,0.0010886558406952452,0.00010309869621510473,19437,,,,,,,,,
ROT,285178834,Gaia DR3 324961593598073600,58.0,8.47966598028866,,,0.99895418,0.81452698,10.8192997,5295.37988281,0.11792917342788527,12.286799272955859,0.0014805763175477441,0.0001552065703294876,16982,,,,,,,,,
ROT,150651659,Gaia DR3 1882181976234423296,83.0,4.620207030410068,,,0.40939671,0.86575395,10.9762001,5299.0,0.21644051736600312,29.104112986183704,0.0029121579696544495,0.0003196508645121998,17330,,,,,,,,,
ROT,377679477,Gaia DR3 2094658268978826496,26.0,8.914942557754335,,,0.98062408,0.93416572,9.35739994,5389.0,0.11217122191440108,12.26851625399373,0.0007724573799685646,7.967289535289792e-05,16941,,,,,,,,,
ROT,389752643,Gaia DR3 6528900943383880704,2.0,2.247716372033255,2.69993,,0.99005872,0.94017816,8.88189983,6125.0,0.44489598974421,29.096251036367452,0.0006035586398302521,6.258611544411702e-05,18299,,,,,,,,,
ROT,260305086,Gaia DR3 5495256002049699072,1.0,10.599192530446405,,,0.99470878,0.8869065,10.54839993,5057.0,0.09434680963927004,15.730834349923228,0.0013469340845117005,0.00015059180870898045,18278,,,,,,,,,
ROT,142160963,Gaia DR3 3467214780373050112,37.0,4.926064831802268,,,0.9973895,0.82183194,11.30900002,5525.0,0.20300179436212096,12.693119338555388,0.002045251649823091,0.0002410352184704803,15853,,,,,,,,,
ROT,47720259,Gaia DR3 2924619639044131456,87.0,9.531919037214411,,,0.94585121,0.87914389,10.28069973,4742.0,0.1049106686802323,18.667344869511233,0.0011774368844525778,0.00014278519535576925,14503,,,,,,,,,
ROT,177766657,ASASSN-V J030940.48+415111.2,18.0,3.9819670209568896,3.90221,,0.90863311,0.84547675,10.85179996,5545.87988281,0.2511321652683337,23.601428030254805,0.0019781323759253937,0.00023476112212276855,14481,,,,,,,,,
ROT,8410246,Gaia DR3 276899294656433408,59.0,4.00529299998547,,,0.91905278,0.81921148,10.73670006,6116.0,0.24966962467006226,14.343567418099273,0.001569798183816056,0.00016927569153060628,15840,,,,,,,,,
ROT,201234567,Gaia DR3 6521792325832957440,28.0,5.546039370751703,,,0.98567855,0.91940409,10.66709995,4387.0,0.1803088534267764,18.569377438618,0.0015348325132004009,0.00019814602542809426,12487,,,,,,,,,
ROT,455111137,Gaia DR3 3091291239440789632,61.0,8.82305485487952,,,0.98191965,0.82984734,11.08759975,5110.0,0.11333942908072912,16.37721060493562,0.0018248252601201895,0.00022810315751502368,15676,,,,,,,,,
ROT,71315149,Gaia DR3 6561641135483433984,1.0,11.471379707528694,,,0.99925011,0.91194999,10.04160023,5491.0,0.0871734721973938,23.685204989528632,0.001023490492741474,0.00011234267654225144,18277,,,,,,,,,
ROT,86338257,Gaia DR3 1064026096876528768,20.0,5.841446400755294,,,0.98649275,0.93348128,9.97309017,6163.0,0.17119047773351148,21.96337531016316,0.001059372939176741,0.00011558706388012535,17632,,,,,,,,,
ROT,329153618,Gaia DR3 1657015017206503296,14.0,12.5,,,0.9977777,0.90077066,10.74209976,4912.0,0.08,10.287899327760824,0.0015286609879774787,0.0001611350164084035,18422,,,,,,,,,
ROT,154429221,Gaia DR3 1934598616110436352,16.0,7.079635283262792,,,0.83245355,0.91196257,9.83600044,5263.0,0.14125021416910194,31.193695824497556,0.0012182302698389245,0.0001705863584615514,13554,,,,,,,,,
ROT,165794568,Gaia DR3 1458307702424037888,50.0,2.9483426243497735,,,0.99898958,0.83526915,11.16129971,5809.97021484,0.339173606127456,13.95289134742331,0.0019790853707038025,0.00029835834557754263,9716,,,,,,,,,
ROT,279833448,Gaia DR3 4700778762727453440,2.0,6.239238111695843,,,0.98430735,0.86793494,10.96039963,4617.0,0.16027597955036166,17.086122932091325,0.0016150122191669943,0.00017119095285013809,18299,,,,,,,,,
ROT,370323564,Gaia DR3 6503321080241152640,1.0,6.590445768523429,,,0.99649221,0.87759101,10.4822998,5687.0,0.15173480446134485,32.05461137576951,0.001336344013509221,0.0001385724189551245,18277,,,,,,,,,
ROT,269052073,Gaia DR3 5344425860256895744,100.0,10.440223994287992,,,0.57826191,0.81826091,10.98999977,5498.0,0.09578338554298409,15.08193724857859,0.0021553916414028575,0.0002488831888746018,16756,,,,,,,,,
ROT,279199795,Gaia DR3 3248518584712698496,4.0,4.8683916838818675,,,0.99961412,0.90582502,10.01889992,5580.0,0.2054066445209763,15.87166555455565,0.001011260181059224,0.00012086870998826633,14671,,,,,,,,,
ROT,302958540,Gaia DR3 5222164565281839616,9.0,3.958220067924987,,,0.82661122,0.85323822,10.63259983,5700.0,0.25263880806006545,12.33726039785969,0.0015571708261817607,0.0001688988901127322,16116,,,,,,,,,
ROT,198082951,Gaia DR3 1121118371292356480,14.0,9.770776402627622,,,0.9989441,0.86315322,10.66530037,4850.0,0.10234601210719277,17.292045848980006,0.0015095235692995867,0.00014837807194630233,18424,,,,,,,,,
ROT,65416676,ASASSN-V J024426.43-265951.8,4.0,0.6375451188683433,0.638255,,0.99883091,0.90763265,10.3494997,5593.0,1.5685164397070785,21.22056951261409,0.0011667607549027664,0.00013563318273640266,14704,,,,,,,,,
ROT,321124422,Gaia DR3 4842380776460341632,4.0,4.245699543298593,,,0.86897254,0.81974941,9.89470005,6034.0,0.23553244637350723,12.948344883537093,0.001250683196635868,0.000144416456049732,14969,,,,,,,,,
ROT,47338867,Gaia DR3 6608642126538345088,28.0,5.286974445759559,,,0.99460495,0.81714725,11.32190037,5489.0,0.18914409559933743,12.68776218061038,0.002107673547702426,0.0002791681812061937,12584,,,,,,,,,
ROT,300844620,Gaia DR3 6686976699318115200,13.0,8.962448012382728,,,0.98225754,0.86588866,10.20909977,5415.0,0.111576658365926,18.874311636009597,0.0011525511653135447,0.00011824925452822147,17223,,,,,,,,,
ROT,236779626,Gaia DR3 2153250036731921024,15.0,5.9054043535619885,,,0.82417381,0.85031807,10.98509979,4653.0,0.16933641460077592,14.986659425482804,0.001965225166609937,0.0002475950981473985,12241,,,,,,,,,
ROT,468605404,Gaia DR3 538788120980691456,18.0,8.174758740646913,,,0.96238309,0.9576388,8.4989996,5323.0,0.12232776913987123,23.209636367899108,0.0005327474754665263,5.7447637696686296e-05,15133,,,,,,,,,
ROT,144666015,Gaia DR3 3339469602449143040,98.0,4.699525726018713,,,0.37276214,0.95183343,8.70170021,5464.0,0.21278742968966952,28.124348131192736,0.000931773305919991,8.01942776948612e-05,28049,,,,,,,,,
ROT,357114158,Gaia DR3 988415117479647872,47.0,5.348331021570435,,,0.99389565,0.86652178,11.38440037,5121.93017578,0.1869742160623351,20.58713974574625,0.0024040362487813714,0.0002739653567409907,16261,,,,,,,,,
ROT,440726047,HAT 260-0002009,70.0,1.7440707264853716,1.76444037,,0.97669119,0.80361146,11.05609989,4906.0,0.5733712428137515,21.645348706158966,0.001857918400174205,0.00021311785662379262,15362,,,,,,,,,
ROT,120127143,Gaia DR3 6637510324022073728,103.0,5.333889525486221,,,0.35260022,0.86253142,10.3902998,5872.0,0.18748044840858288,21.523466405529547,0.0034036666264841164,0.0003891493404925347,15255,,,,,,,,,
ROT,200613733,Gaia DR3 3333461114999480192,6.0,7.9408676199340364,,,0.87065417,0.94211107,8.94130039,5458.0,0.12593082366587882,13.655587132737619,0.0007207322588932691,8.008136209925212e-05,14478,,,,,,,,,
ROT,270455283,Gaia DR3 583329852414386048,8.0,6.115881444790069,,,0.9843803,0.87874389,10.37660027,5523.0,0.16350872871348238,18.51956024126118,0.001235875201341499,0.00015212572119750815,12887,,,,,,,,,
ROT,233081670,Gaia DR3 2159364420895489920,14.0,12.5,,,0.41370448,0.92054141,11.09389973,4046.0,0.08,21.428441878468917,0.002689480626805409,0.00028349615012007983,18424,,,,,,,,,
ROT,25404430,Gaia DR3 1848057705157320192,15.0,4.669365939346484,,,0.97763342,0.84937304,10.47210026,5911.0,0.2141618397421981,18.34059035382675,0.0013450411988366038,0.0001655631265934267,12228,,,,,,,,,
ROT,117763596,Gaia DR3 3173149777049460224,32.0,5.793058358514475,,,0.99679184,0.89798319,10.14239979,5100.0,0.17262039118425726,17.008627707777364,0.0010816606275142685,0.00011801885004375165,17593,,,,,,,,,
ROT,150172037,Gaia DR3 1023509471350549376,21.0,12.5,,,0.99326676,0.91675639,10.17440033,4327.37011719,0.08,10.475308125206274,0.0011702707151086727,0.00012335736462458098,18434,,,,,,,,,
ROT,34086707,Gaia DR3 3193486103596822784,5.0,5.065205422507504,,,0.99960327,0.83947021,11.0848999,5134.0,0.1974253592078315,17.214430678546332,0.0017518803185509132,0.00018466439982140723,17170,,,,,,,,,
ROT,245787593,NSV 16002,5.0,12.5,,,0.95774817,0.8976292,9.35890007,4602.0,0.08,21.36723631423898,0.0007647164214369845,8.060818852913612e-05,17347,,,,,,,,,
ROT,220480048,Gaia DR3 4764696706544921600,3.0,3.258962826473563,,,0.98001856,0.9182933,10.27169991,5556.0,0.3068460897671771,17.02716460633686,0.001068616704601908,0.00012958881018744508,12883,,,,,,,,,
ROT,242938258,Gaia DR3 43816710896182400,42.0,1.8672685538263138,,,0.99915749,0.84179676,11.19919968,6110.70996094,0.5355416059199678,14.778124505010512,0.0021288713432042997,0.00026008302910533043,13020,,,,,,,,,
ROT,460323913,ASAS J152024-3037.5,11.0,1.4762376358846756,1.47338,,0.99018937,0.89156109,10.00259972,4364.0,0.6773977140887095,27.830646657445705,0.0011790185580428532,0.00014193715491394237,13922,,,,,,,,,
ROT,453809076,Gaia DR3 5201092631093285376,11.0,5.934685057456913,,,0.90307099,0.82958186,11.08300018,5702.0,0.16850093818264258,11.711878097577527,0.001905625925452817,0.00021044117907554632,15061,,,,,,,,,
ROT,220511824,Gaia DR3 6499850884105083392,1.0,9.85025222027787,,,0.98906648,0.93116689,9.74540043,5931.0,0.10152024310010922,20.1394584567276,0.0008683177473428642,8.514556034038836e-05,18275,,,,,,,,,
ROT,273511239,Gaia DR3 6354132745514870912,1.0,10.59915405119366,,,0.98109394,0.87810898,10.92619991,5160.0,0.0943471521566744,23.05077584992967,0.0016434609057814833,0.00018374451518453867,18276,,,,,,,,,
ROT,436664231,Gaia DR3 3406431406767566464,43.0,11.33411072150553,,,0.99594462,0.90804964,10.09609985,4249.0,0.08822924220270616,14.234078782310794,0.0010794240085516995,0.00011920244054619238,15578,,,,,,,,,
ROT,202361437,Gaia DR3 3976218157849027712,22.0,12.5,,,0.99974227,0.87272513,11.07209969,4372.72021484,0.08,17.51721453631025,0.0018750991485875549,0.00019765280493930579,16087,,,,,,,,,
ROT,355410949,Gaia DR3 5504146000237747712,7.0,8.271810467598366,,,0.98668033,0.95208794,9.2954998,5906.0,0.12089251850210002,39.179711393315785,0.0007167282146593501,7.597303880796545e-05,16340,,,,,,,,,
ROT,85539893,Gaia DR3 1839950490526172032,15.0,6.080069677428586,,,0.98239309,0.88373846,10.70899963,5129.0,0.16447179934670175,12.489133034976579,0.0014702114113365951,0.00018235728219516016,12716,,,,,,,,,
ROT,79395814,Gaia DR3 6466592684589341952,1.0,8.630521692698846,,,0.99719989,0.89855456,10.14169979,5781.0,0.11586785082134364,36.30939129994568,0.001098739990430123,0.00011393402951446072,18277,,,,,,,,,
ROT,219663253,Gaia DR3 1816764569141676672,14.0,6.800935523350571,,,0.86714923,0.63526863,11.14420033,5250.0,0.14703859440610265,14.987786784646731,0.002331157883852981,0.000329675509537785,12964,,,,,,,,,
ROT,389922104,Gaia DR3 4657360521728422912,1.0,8.127377015875087,,,0.86577743,0.81973964,11.41030025,5242.50976563,0.12304092674016655,20.178511733291664,0.002308264118494577,0.0002460617818004977,18279,,,,,,,,,
ROT,247246260,Gaia DR3 1842677584306428288,15.0,6.377840409420326,,,0.9666217,0.88525534,10.30449963,4736.0,0.15679288533513003,20.226524532558436,0.0012488756323367433,0.00015372596363208668,12732,,,,,,,,,
ROT,196435578,Gaia DR3 376498314933422080,17.0,6.596065202903095,,,0.9895044,0.88573563,10.59039974,5532.25,0.15160553591251263,14.846629014277243,0.0013936499727517197,0.00020115604673108002,12387,,,,,,,,,
ROT,60410246,Gaia DR3 2937215747330161920,6.0,5.014597341162797,4.30302,,0.99156988,0.91790378,9.9616003,4873.0,0.19941780605022968,32.60837073912512,0.0010042658946832937,0.00011835387070748869,14618,,,,,,,,,
ROT,157264042,Gaia DR3 1564551552508700544,15.0,11.309074021287197,,,0.99854261,0.85240734,10.34029961,4789.0,0.08842456934296201,13.504967064171188,0.0011911082851460003,0.00013316995470748298,14410,,,,,,,,,
ROT,469349456,Gaia DR3 3844879462390839168,61.0,4.662901511705323,,,0.96594697,0.77478421,11.3973999,4864.0,0.2144587436577185,16.50565408514698,0.002324544224696285,0.0002657706970910687,15388,,,,,,,,,
ROT,445759112,Gaia DR3 999550975542874112,19.0,8.893406459636655,,,0.97269708,0.90344697,10.25259972,5853.04003906,0.11244285353858162,14.939397747844108,0.001196167687778223,0.0001253924449274629,16337,,,,,,,,,
ROT,46533458,HAT 259-0000955,42.0,4.35278315987795,4.33319604,,0.91949916,0.87689716,10.24600029,5560.0,0.22973806947645875,28.998851628764566,0.0013519299474747978,0.0001703271633809014,12849,,,,,,,,,
ROT,82321632,Gaia DR3 5346749471930427904,90.0,8.634064141025828,,,0.804097,0.71408731,11.23750019,5357.0,0.11582031169404636,11.863899328921294,0.0024713647742067415,0.00025626858909107554,19274,,,,,,,,,
ROT,23973168,Gaia DR3 820613567020070016,21.0,10.56775464015051,3.24069,,0.99915612,0.93415147,9.22216988,5807.08007813,0.09462748086529739,16.561455662454783,0.0007023211468370874,8.003692275334851e-05,18659,,,,,,,,,
ROT,398647863,Gaia DR3 5238972352855105152,10.0,6.239603465021808,,,0.87547421,0.82773203,10.70040035,5699.0,0.1602665947613235,30.961252596618504,0.0017355028542322746,0.0001839629346231198,15981,,,,,,,,,
ROT,210845898,ASAS J162337-3440.4,12.0,1.1232974071349928,1.114,,0.95132667,0.89288837,8.85560036,6378.0,0.8902361864704497,23.8366210003785,0.000736077242292165,8.674753491698054e-05,14335,,,,,,,,,
ROT,233294845,ASAS J200244+5920.3,14.0,5.426323443433782,5.55,,0.9822495,0.93166482,9.5795002,4965.0,0.18428683996160744,38.544851382357535,0.0009698199592136521,9.898183510167671e-05,18422,,,,,,,,,
ROT,207109021,Gaia DR3 4939344782767042688,2.0,9.814216178997253,,,0.99609548,0.93661332,9.51159954,5925.0,0.10189300722150721,14.491524490857737,0.0007585592353663619,7.510855631002681e-05,18295,,,,,,,,,
ROT,65203528,Gaia DR3 248004472671505152,18.0,3.155210214417326,0.53818,,0.87530059,0.9501406,7.48899984,5788.0,0.31693609364936415,22.054361774544905,0.00044428576310195933,5.348572060489134e-05,14671,,,,,,,,,
ROT,142877884,Gaia DR3 1074817940941954432,20.0,4.456628518887333,,,0.99902356,0.95203763,9.60369968,5005.0,0.22438486756568743,11.045149159200397,0.0008082129423391075,8.292089827149711e-05,17633,,,,,,,,,
ROT,4197040,Gaia DR3 892466411376468352,20.0,11.415618943737474,,,0.99910539,0.83915925,10.80039978,4960.85986328,0.08759927998022331,10.898809195926349,0.0015827672260049306,0.000174787400188976,16558,,,,,,,,,
ROT,363382435,Gaia DR3 5456968228329179904,9.0,7.241786786293757,,,0.99053597,0.8947823,10.68529987,5552.0,0.13808746784601011,11.78872737462577,0.0014295896508331547,0.00016186915298891725,15784,,,,,,,,,
ROT,238614644,Gaia DR3 5514586241099767936,8.0,6.145869990989502,,,0.92781085,0.86117101,10.37590027,5717.0,0.16271089389559268,14.27953368582103,0.0013268937452551016,0.00016332932947460134,13052,,,,,,,,,
ROT,385231844,Gaia DR3 3559055818409932800,9.0,8.250243010501121,,,0.88781273,0.93811828,9.41730022,5042.0,0.12120855091506691,36.086052995553324,0.0009312154826696897,9.926790399330668e-05,16022,,,,,,,,,
ROT,18941118,Gaia DR3 654467017782614784,7.0,4.742042049827101,,,0.99443913,0.88014168,10.1928997,4551.14990234,0.21087961462434962,19.84351095631495,0.0011255287609141479,0.00012208073469658547,16334,,,,,,,,,
ROT,70489688,Gaia DR3 5015101683678658048,3.0,5.305200974139406,,,0.99977255,0.8969065,10.46889973,5054.0,0.18849427286064635,11.071736183526733,0.0012412554352594076,0.000143327831936021,12905,,,,,,,,,
ROT,13819169,Gaia DR3 5749574935636091008,8.0,5.30917543338497,,,0.97155577,0.906434,10.17549992,4697.0,0.18835316567462343,23.69256388474378,0.0010905825372864303,0.00014320050271018653,12919,,,,,,,,,
ROT,257300338,Gaia DR3 3078493473848824576,34.0,5.433267440448996,0.8071,,0.94704229,0.82504904,11.08479977,5643.0,0.1840513118414362,20.300909594940656,0.0018331404056652382,0.00020495132796845064,16848,,,,,,,,,
ROT,119034562,Gaia DR3 3424779507056942720,43.0,8.84706128704148,,,0.99136096,0.80706888,10.69229984,4671.0,0.11303188341926894,12.500091104234704,0.0015147949529220363,0.00015541468295458594,16037,,,,,,,,,
ROT,39514713,Gaia DR3 4599278171444497280,25.0,5.8940513097355245,,,0.98625439,0.878708,10.69139957,4394.0,0.1696625881671993,11.552372886736078,0.0014937328533157481,0.00018970426207545694,12478,,,,,,,,,
ROT,452389979,Gaia DR3 5215824781234900224,10.0,6.534167221876149,,,0.16980101,0.96035802,9.50959969,5178.0,0.15304169086031916,14.74121873942991,0.004659141933502711,0.0004831305123935227,15545,,,,,,,,,
ROT,434121425,Gaia DR3 2820254682526173824,56.0,4.081845583092244,,,0.99153197,0.9061327,10.2489996,6287.0,0.24498721954161717,17.980655478501102,0.0011826832913312772,0.0001264341620921083,16771,,,,,,,,,
ROT,197245424,HD 76310,44.0,4.697100505791383,4.618,,0.999533,0.93123484,8.27962971,7033.0,0.2128972966976181,20.14340623225785,0.0004876398585968829,5.913501894871201e-05,15278,,,,,,,,,
ROT,179986593,Gaia DR3 5001271717186849920,2.0,5.967571026812677,,,0.77264953,0.90171099,10.95559978,4839.0,0.16757236663073405,13.215066274835822,0.0018477931907620747,0.0001992526640663046,18298,,,,,,,,,
ROT,241934364,Gaia DR3 6870347922843123072,92.0,5.688780441296955,,,0.99807203,0.93301487,8.57839966,5296.0,0.17578460099121268,22.91801864116603,0.000809761736240033,8.942322429000421e-05,15468,,,,,,,,,
ROT,357208227,Gaia DR3 5788613886258092928,11.0,3.028016996134434,,,0.77215105,0.8037799,11.19040012,5558.0,0.3302491370677905,16.819009436323533,0.0021105039153375034,0.00024209140228692363,14952,,,,,,,,,
ROT,357388128,Gaia DR3 1615533948184094720,15.0,5.343120088474885,,,0.99341381,0.92473012,9.67980003,5348.0,0.18715656459921254,28.363232066602855,0.0008425382159668293,9.664576156501199e-05,14995,,,,,,,,,
ROT,328859466,Gaia DR3 4002226108971919360,22.0,3.834393090596075,,,0.99803782,0.92892623,10.0873003,5598.70996094,0.2607974655630691,13.269577718421118,0.0010610283461248893,0.000117170979471242,16083,,,,,,,,,
ROT,149175859,Gaia DR3 4759536664116443520,1.0,8.12742123937229,,,0.99282461,0.91263276,10.2322998,5797.0,0.12304025724120503,13.183635043252538,0.001118215256270825,0.00011988525928948085,16456,,,,,,,,,
ROT,102304478,Gaia DR3 6142062172565850112,10.0,7.738315945897465,,,0.49752563,0.94959772,9.50300026,,0.12922708338500427,21.93841062829964,0.001924239067121837,0.00021249665671510353,15029,,,,,,,,,
ROT,17201662,Gaia DR3 801419731836593280,21.0,3.9133036603250075,,,0.82273829,0.93541306,9.31649971,5601.91015625,0.255538564548029,20.943826561813296,0.0007974768322702284,8.70118559250458e-05,17341,,,,,,,,,
ROT,273127131,ASASSN-V J115557.71-525400.9,10.0,5.1445129925354705,10.39,,0.85962862,0.81957024,10.10770035,4573.0,0.1943818591674215,17.420246989764227,0.0012619182358086603,0.0001457137666278855,15169,,,,,,,,,
ROT,443994145,Gaia DR3 583063530083204096,34.0,3.5725846027821144,,,0.96531332,0.93227482,9.39449024,5713.0,0.27990939646922847,31.726338561134185,0.0007743861298677379,8.20847655966132e-05,16876,,,,,,,,,
ROT,375229344,Gaia DR3 6437962329517667072,13.0,12.5,,,0.98465258,0.87322235,10.65890026,5035.0,0.08,20.944480582471993,0.0015129415245749922,0.00015947803947681955,19439,,,,,,,,,
ROT,231924855,Gaia DR3 5571811805533166208,5.0,8.998513669337873,,,0.9905352,0.92531115,10.05020046,5104.0,0.11112946390329613,15.154476695123508,0.001019579219945814,0.0001040603683838394,17274,,,,,,,,,
ROT,307989476,Gaia DR3 643912045456194944,21.0,4.894002565880495,,,0.97534466,0.88145173,10.15279961,4405.35009766,0.2043317277705773,12.448118644100992,0.0011138657522351202,0.00011941894350978018,17352,,,,,,,,,
ROT,231825008,Gaia DR3 4768140617481637120,1.0,4.20497997868967,,,0.98556083,0.90326345,10.38969994,5969.0,0.23781326072130637,25.01697820261706,0.0012021543270537942,0.00012671819241723216,18278,,,,,,,,,
ROT,350855752,Gaia DR3 5828315120853499904,66.0,10.396985587203917,,,0.41003308,0.7105214,11.08040047,5957.0,0.09618172417500985,10.751930780625393,0.0028818280734811963,0.00033276484279651784,14541,,,,,,,,,
ROT,365929354,Gaia DR3 1130067094568038784,40.0,5.807232168450031,,,0.99395055,0.81222028,11.37240028,5919.0,0.17219907367108128,15.60534006273235,0.002181578246822069,0.00021392134713413974,19610,,,,,,,,,
ROT,60553461,Gaia DR3 5511226275305898880,7.0,10.37807259791397,,,0.98365802,0.91154832,9.78689957,5626.0,0.09635700565449924,24.66662511983335,0.0014020094787661314,0.00016189010999440655,16342,,,,,,,,,
ROT,193323680,Gaia DR3 3575055568020639488,9.0,5.860755654481033,,,0.99832714,0.90490133,9.3427,5196.0,0.17062646166376466,16.829763439864177,0.0007238289989471747,7.897621852094141e-05,16033,,,,,,,,,
ROT,139226053,Gaia DR3 6540247422345632640,1.0,9.850272145670953,,,0.95969778,0.86674327,10.75969982,5079.0,0.10152003774225517,10.829667398965622,0.0016338751775848157,0.0001602146425630741,18277,,,,,,,,,
ROT,352316122,Gaia DR3 6423426854516544000,13.0,5.603310270885592,,,0.97877163,0.88164598,10.29669952,5923.0,0.17846593382414144,33.64888980762823,0.0013144724336298134,0.00013312179804831842,18343,,,,,,,,,
ROT,124078045,Gaia DR3 6179326923732834176,10.0,2.6677879921110477,,,0.99495268,0.94129694,8.41100025,5971.0,0.37484237988817465,13.842384408281909,0.00045993715837959443,5.2414703704146376e-05,15100,,,,,,,,,
ROT,55650180,Gaia DR3 4664802737970859520,4.0,10.450157448020954,,,0.95510948,0.84770197,11.30860043,5474.22021484,0.09569233812734367,11.790007932757895,0.0019952152087360296,0.0002303876075709964,14636,,,,,,,,,
ROT,78288530,Gaia DR3 3602111731680752128,46.0,2.8374047536746847,2.61677,,0.99989265,0.89798158,10.1274004,6075.89990234,0.3524347376612073,26.350319633647473,0.001071543140362828,0.00011833214424530058,16948,,,,,,,,,
ROT,72653259,Gaia DR3 5117481712465223168,3.0,8.37158597914706,,,0.99975675,0.9302429,9.77159977,5323.0,0.1194516788683672,15.80873529653015,0.0008688016434890485,0.0001121618098796906,12983,,,,,,,,,
ROT,231052617,Gaia DR3 4718174273629684480,2.0,2.917835453603086,2.44933,,0.9991954,0.89758998,10.48639965,5566.0,0.3427198057947891,22.985725166916705,0.0012706166498603296,0.00013701411703290165,18297,,,,,,,,,
ROT,251067554,Gaia DR3 226317499165492608,19.0,8.935023334609003,3.29428,,0.92787284,0.83246642,10.34840012,5069.0,0.11191912573150097,20.13304251326847,0.0013104514329332101,0.00013516274501175932,16888,,,,,,,,,
ROT,253434221,Gaia DR3 6063252821253530752,38.0,3.7411579235827546,,,0.82820368,0.80235219,10.08650017,5257.0,0.26729692261756777,17.53801547922888,0.001276354811112186,0.00013164594699457377,18491,,,,,,,,,
ROT,35664974,ASASSN-V J013424.64-024513.3,3.0,8.371598005215285,8.3171,,0.71525246,0.87904888,10.7869997,4439.89013672,0.11945150727221092,32.51011902480223,0.003143361935951786,0.0004058062809681191,12988,,,,,,,,,
ROT,323493308,Gaia DR3 591453452341629696,34.0,8.333373345472939,,,0.99541742,0.80222791,11.18999958,5519.0,0.11999942382795614,13.710721650397312,0.0018997295193003587,0.00020024907397486462,16850,,,,,,,,,
ROT,140599471,Gaia DR3 4628262358806962688,1.0,6.292929284323733,,,0.95175618,0.84805369,11.04880047,5402.33984375,0.15890850744042082,33.80519651915167,0.0017142786556442584,0.00018120488447785044,18279,,,,,,,,,
ROT,168407408,Gaia DR3 3532037209943515136,9.0,5.570208668171254,,,0.98060673,0.88481873,10.41520023,5648.0,0.17952648806751226,32.680737911480605,0.0013097517556596783,0.00014643469796523677,15810,,,,,,,,,
ROT,341197165,Gaia DR3 6449505208743903744,13.0,5.010914713454815,,,0.9591949,0.86455929,10.75969982,5187.0,0.19956436243364878,20.777105210849566,0.0016584207651256402,0.00019544676151348714,15367,,,,,,,,,
ROT,367600737,Gaia DR3 857144669054073728,21.0,3.260253994453137,,,0.99628651,0.9371587,9.63840008,5321.0,0.30672456860764813,15.817772594290938,0.0008801340116308681,9.126564549505166e-05,18656,,,,,,,,,
ROT,204545527,Gaia DR3 6592885235854596352,1.0,8.113047097128273,17.893,,0.99958843,0.90249056,9.87510014,4862.0,0.12325825155803226,17.08851805844811,0.0009290804003378622,9.960787430743386e-05,18178,,,,,,,,,
ROT,345034792,Gaia DR3 3859715005281137920,35.0,5.104950579060839,,,0.98956215,0.88050443,10.70020008,5347.0,0.19588828226892857,13.898570809215869,0.0015057264622306266,0.00017623195250304372,13689,,,,,,,,,
ROT,436778406,Gaia DR3 1885231677893169536,56.0,3.157340023369669,3.49429,,0.99802327,0.91161436,10.21290016,6304.0,0.31672230187382566,26.24360996261479,0.0010681305425598326,0.00010628296138462071,19612,,,,,,,,,
ROT,184612991,Gaia DR3 344707757282614272,18.0,7.643317649085008,,,0.99567789,0.89495844,10.30840015,5818.0,0.13083323838041866,24.37062391833673,0.0014537811338911375,0.00016103498020550992,14662,,,,,,,,,
ROT,142755976,Gaia DR3 5759786233266029184,8.0,6.800710264267176,6.9896,,0.93412626,0.8824054,10.24769974,5591.0,0.14704346474724533,16.73967040876212,0.0011508550071012424,0.0001346973902875404,12830,,,,,,,,,
ROT,425046718,Gaia DR3 4554200015774950144,25.0,4.104975376095586,,,0.95636779,0.90440357,10.31760025,4698.89990234,0.24360682059709254,13.304721982789529,0.001321584305255083,0.00014168870995088728,17245,,,,,,,,,
ROT,206626307,Gaia DR3 6602638934785212288,28.0,6.546091128577847,,,0.99342769,0.94985145,9.03730011,5551.0,0.15276292070459646,13.979602685492232,0.0006267323198915039,9.04610183997996e-05,12582,,,,,,,,,
ROT,56558989,Gaia DR3 3819778681376243328,8.0,7.246359530507542,,,0.99541306,0.91911387,9.61590004,5202.0,0.1380003291017992,16.398581929300683,0.0008272155209239626,9.748828405801607e-05,13018,,,,,,,,,
ROT,51578015,ASAS J204536-0852.6,54.0,1.670852335658276,0.627,,0.63494664,0.92373508,9.71039963,4994.0,0.5984969339651572,15.08389992357756,0.0011558333908017735,0.00015728900195195804,10741,,,,,,,,,
ROT,369767527,Gaia DR3 5189117918673828992,12.0,4.290858652514878,,,0.97602582,0.87718266,10.90540028,6169.0,0.23305358693507622,22.458036607008225,0.0016293056982147856,0.0001868941812277165,15103,,,,,,,,,
ROT,285050200,Gaia DR3 3992111942025452928,49.0,5.472716077676072,,,0.99913746,0.87397003,10.42660046,5151.5,0.18272462627453512,17.170475034820676,0.0013066909876342932,0.00017011667666856582,12805,,,,,,,,,
ROT,3811238,Gaia DR3 2522392962471755776,3.0,5.305198098716342,7.9893,,0.50809616,0.90661162,10.43299961,,0.1884943750247446,18.928318404751934,0.0026032201300182595,0.0003005939685651789,12910,,,,,,,,,
ROT,154304782,Gaia DR3 1984154807768023808,16.0,4.877518403999512,,,0.44900814,0.94220984,10.0067997,5377.0,0.20502229149561196,13.402044409872092,0.001572255083984769,0.00018792042575500458,13141,,,,,,,,,
ROT,1199142,Gaia DR3 4868005925737892864,31.0,12.5,,,0.99596542,0.90422332,10.29269981,4583.0,0.08,20.203044235684583,0.0011281833334679436,0.00011892096506666571,16734,,,,,,,,,
ROT,4579177,Gaia DR3 4079772636896852480,92.0,11.37382729266715,,,0.86907524,0.84100264,9.46380043,4047.0,0.08792115215647002,10.403738819921063,0.0008672324698070575,9.576980510245164e-05,15087,,,,,,,,,
ROT,283894291,Gaia DR3 1222764927041794304,24.0,4.7990480677169405,,,0.98646581,0.96487093,7.80380011,5814.0,0.2083746580341571,29.62585995561644,0.0005170762487933497,5.608479368894736e-05,16218,,,,,,,,,
ROT,446176120,FH CVn,16.0,2.16306767465419,2.1838,,0.99886614,0.89186329,9.82380009,4293.22021484,0.4623063863038266,24.30417406402734,0.0009819261461751314,0.00011736262221619828,13869,,,,,,,,,
ROT,35229937,Gaia DR3 607960527784061440,72.0,5.670824030398937,,,0.99833775,0.88273549,10.56690025,5563.0,0.17634121507551892,14.412455481952268,0.0014414554891923064,0.00018306503019254464,13931,,,,,,,,,
ROT,99090736,Gaia DR3 910292071844267008,21.0,5.261025942470223,,,0.99925762,0.88242888,10.54389954,5892.0,0.19007699466512562,18.278419589459197,0.001394517354541393,0.00014699503589944514,17228,,,,,,,,,
ROT,453128833,Gaia DR3 266985479339548288,59.0,4.495108953519108,,,0.9977482,0.94986504,7.5802002,5174.0,0.2224640181896203,14.919155257388208,0.00031271370004606354,3.191620836210867e-05,16682,,,,,,,,,
ROT,160703933,ASASSN-V J150854.73-430313.8,11.0,3.6984241065446866,3.6253,,0.65598172,0.7655592,10.37849998,4924.0,0.27038543206291893,23.82279627011103,0.006258314108296586,0.0007226478670196533,14004,,,,,,,,,
ROT,53569840,MZ UMa,15.0,7.931786710720959,7.44,,0.62576354,0.8960768,7.13679981,4949.0,0.1260749987954612,13.715202934219432,0.0013621529192271978,0.0001477462281934875,17639,,,,,,,,,
ROT,411607470,Gaia DR3 2790547149652883072,17.0,10.269951862880877,,,0.99841768,0.85795152,10.29349995,5418.0,0.09737143984231732,10.365425119296987,0.0012367115612259276,0.00014524440689189216,12710,,,,,,,,,
ROT,121357059,Gaia DR3 6199117995597281408,11.0,3.783399338559464,,,0.98596829,0.86040235,10.17679977,5006.0,0.2643125693363238,16.985887012015873,0.001104106133060278,0.00013291875872569137,13634,,,,,,,,,
ROT,165553836,Gaia DR3 1418157553568753152,14.0,3.6540177425212215,,,0.9950996,0.88491267,11.48050022,5780.66015625,0.2736713586152469,11.70262097641918,0.00253020774995863,0.0002951294252682937,14007,,,,,,,,,
ROT,403209357,Gaia DR3 1944146328414069632,57.0,11.500315359002443,,,0.71453732,0.83835965,11.0010004,6055.0,0.08695413723739327,16.36875059427199,0.0019985697610493632,0.0002193715308593556,17991,,,,,,,,,
ROT,284240036,Gaia DR3 3383195148363772416,43.0,7.234325718982158,,,0.9917413,0.84467232,10.18659973,5533.20019531,0.13822988331533076,13.896465086670963,0.0011603260623368721,0.00013138105525034707,15762,,,,,,,,,
ROT,144480741,Gaia DR3 5060171382558956800,4.0,3.6290087394868595,8.42,,0.92845231,0.93343937,9.83372021,6057.0,0.2755573413530549,16.676618412673328,0.0009360430497253625,0.00011521893461153655,14761,,,,,,,,,
ROT,206435788,ASASSN-V J034431.44-510409.1,3.0,9.124852814427962,19.704,,0.99454969,0.88646406,10.78899956,5193.0,0.10959080878749386,15.705049683334423,0.0014321374110048551,0.00017763478366926335,12933,,,,,,,,,
ROT,307210790,Gaia DR3 5271067681388889472,5.0,3.833731576894173,,,0.96154112,0.89273036,10.27530003,4929.0,0.2608424663914868,17.33392329208756,0.0011440661087751508,0.000125577569808989,17025,,,,,,,,,
ROT,154904497,Gaia DR3 1729187132253515520,19.0,8.28670108376151,,,0.99868923,0.8623597,11.11100006,5133.0,0.12067528319074816,14.429983496777053,0.0017843593821062398,0.00019021334925045235,16233,,,,,,,,,
ROT,209458677,Gaia DR3 5051815850101711360,4.0,11.384637821234794,,,0.97763884,0.87426591,10.98200035,5400.0,0.08783766472876153,16.240750821786026,0.0017049882071564285,0.00018944313412849205,14679,,,,,,,,,
ROT,237915249,Gaia DR3 4674331522350850944,1.0,5.7718943135023215,,,0.99960017,0.91046667,9.9691,4714.0,0.17325334555427974,13.746409707005055,0.0009671409143902908,9.975296872283027e-05,18274,,,,,,,,,
ROT,440689443,HAT 260-0003805,42.0,4.724321633614137,7.064627,,0.97990632,0.79632258,11.88809967,3987.0,0.21167060110490266,14.246440557426341,0.003437956388776637,0.0004169134507997979,12947,,,,,,,,,
ROT,431476096,Gaia DR3 1889602683290670208,56.0,6.021154867812926,,,0.99919212,0.94985312,8.59829998,5679.0,0.16608109606110028,16.783950652617097,0.00048127691877872144,4.641846791146617e-05,19611,,,,,,,,,
ROT,90953729,Gaia DR3 6674855683132313216,27.0,5.13004060591893,,,0.99134785,0.89535767,10.05459976,4664.0,0.19493023093154888,12.426501601653923,0.0011052438052215955,0.0001284819825932442,15048,,,,,,,,,
ROT,297961481,Gaia DR3 854776424087139456,21.0,7.219236637102922,,,0.99913305,0.91725302,9.85420036,5485.41992188,0.1385188005696541,16.977667598951548,0.0009809835806440593,9.713184820751756e-05,18283,,,,,,,,,
ROT,45499983,Gaia DR3 5419157226044439040,62.0,2.736589624040978,,,0.96436709,0.9419294,9.5635004,5994.06005859,0.36541832623166665,21.40010860291321,0.0008345467726888511,9.389384767090872e-05,16015,,,,,,,,,
ROT,161024760,Gaia DR3 1606191329163536640,16.0,3.019121267783504,,,0.91810024,0.92211223,9.61540031,5510.0,0.3312222038481259,13.111267206872407,0.0008733694287822839,0.00010018234422210049,15458,,,,,,,,,
ROT,346720608,Gaia DR3 6360115634958477184,13.0,11.489850784768024,,,0.99479812,0.90446174,10.46780014,3756.0,0.08703333217570498,10.280126719520267,0.001449055473749361,0.00015905450176010878,19435,,,,,,,,,
ROT,416043401,Gaia DR3 352108604408146048,18.0,7.184778500422409,,,0.97471237,0.8909657,10.59850025,5436.43994141,0.139183135560993,20.924090538962137,0.001409491066436835,0.00016062641444585156,14706,,,,,,,,,
ROT,424731749,Gaia DR3 1437997592353119232,14.0,5.020521765952528,,,0.99960947,0.95994139,9.18299961,5825.0,0.1991824847332921,34.633382107144364,0.0007069410637126854,7.451813109447654e-05,18423,,,,,,,,,
ROT,267063175,Gaia DR3 6386826139651149824,1.0,5.54235202620783,,,0.99868232,0.87857658,10.55109978,5666.0,0.18042881348412232,17.727320478873846,0.0013147551664226206,0.0001348910339041723,18274,,,,,,,,,
ROT,277894906,Gaia DR3 3856775460944493696,35.0,8.840891669727835,,,0.99659956,0.8651526,10.48099995,5477.0,0.11311076273268993,28.872941372417273,0.0012786422649402618,0.00015983028311753272,13689,,,,,,,,,
ROT,202903825,Gaia DR3 339621583994182656,18.0,4.146130048709063,,,0.9789173,0.88212961,10.57489967,5024.43994141,0.2411887683820626,12.887896974690756,0.0014216790054725514,0.0001652668274378454,14642,,,,,,,,,
ROT,56187039,Gaia DR3 2867701564202000512,57.0,6.687032451766556,,,0.75284767,0.81400549,11.09309959,5573.50976563,0.1495431654045321,18.390447539130314,0.0025072549344378747,0.00026576849151396326,17991,,,,,,,,,
ROT,99389689,Gaia DR3 1578079187662804992,15.0,3.852806074117811,,,0.92602938,0.82337135,10.3987999,5579.68994141,0.259551085822292,17.359071107630704,0.0013203810172958774,0.00015895519516541997,13920,,,,,,,,,
ROT,16989530,Gaia DR3 296490422896525184,17.0,5.993734157228941,,,0.97549266,0.83908129,10.72679996,5492.0,0.1668408998076628,17.88730710607205,0.0015366911814950208,0.0001920863976868776,12697,,,,,,,,,
ROT,281703663,Gaia DR3 4906902214721692544,1.0,6.917537766406566,,,0.99461949,0.91342348,10.19789982,5506.0,0.1445601070450631,27.789052592060244,0.0011193453561095384,0.00011365230147859452,18277,,,,,,,,,
ROT,130376100,Gaia DR3 5557668714448447616,61.0,7.215448686730489,,,0.97521317,0.88582212,10.51049995,5005.0,0.13859151986473714,26.639384043366256,0.0013235407902783007,0.00014986148405857086,15513,,,,,,,,,
ROT,372611670,ASAS J064645+1557.6,6.0,2.490488123466174,5.084,,0.9848035,0.92124695,9.22381973,3720.0,0.4015277128116696,25.317391799347842,0.0009002805292421197,0.0001039554411808233,14675,,,,,,,,,
ROT,290557635,Gaia DR3 5767254391121339648,12.0,3.838646487463569,,,0.99136996,0.86565673,11.13290024,5205.0,0.2605084899757888,11.186717253794075,0.0018775292366119646,0.00020861435962355162,15845,,,,,,,,,
ROT,102779733,Gaia DR3 490366900203469824,19.0,5.6749097478203705,,,0.99177051,0.92065418,9.81410027,4374.0,0.17621425616223796,15.503161620395367,0.0010115663211895276,0.00011239625790994752,16742,,,,,,,,,
ROT,142205558,Gaia DR3 4945064373536923520,30.0,6.699190545760796,,,0.99006146,0.90102011,10.61989975,5686.0,0.14927176547214252,34.621053672175215,0.0016221435125225493,0.0001655593289685942,16692,,,,,,,,,
