kind,tic,vet_status,crowdsap,split_pass,vet_pass,vet_reason,refold_correlation,split_depth_ratio,split_sigma_half1,split_sigma_half2,oddeven_sigma,oddeven_ratio,oddeven_pass,no_secondary_smooth_dip,centroid_snr,centroid_shift_arcsec,centroid_flag,signal_depth_or_amp,source_offset_arcsec,split_amp_ratio
Noise,205107025,ok,0.94567156,True,True,,0.9999999999999886,,,,,,,,,,,,,
Noise,1155027028,ok,0.01199053,True,True,,0.9999999999999871,,,,,,,,,,,,,
Noise,396608361,ok,0.90067047,True,True,,0.9999999999999959,,,,,,,,,,,,,
Noise,261876267,ok,0.04885608,True,True,,0.9999999999999908,,,,,,,,,,,,,
Noise,122451513,ok,0.92807895,True,True,,0.9999999999999919,,,,,,,,,,,,,
Noise,422245371,ok,0.99824113,True,True,,0.9999999999999883,,,,,,,,,,,,,
Noise,66664587,ok,0.99737573,True,True,,0.9999999999999907,,,,,,,,,,,,,
Noise,18804862,ok,0.96775752,True,True,,0.9999999999999877,,,,,,,,,,,,,
Noise,120963137,ok,0.90537405,True,True,,0.999999999999992,,,,,,,,,,,,,
Noise,122515955,ok,0.60143554,True,True,,0.999999999999987,,,,,,,,,,,,,
Noise,189295854,ok,0.91926533,True,True,,0.9999999999999958,,,,,,,,,,,,,
Noise,123496782,ok,0.95724082,True,True,,0.9999999999999957,,,,,,,,,,,,,
Noise,277716609,ok,0.99713624,True,True,,0.9999999999999949,,,,,,,,,,,,,
Noise,67230525,ok,0.99468178,True,True,,0.9999999999999885,,,,,,,,,,,,,
Noise,238784349,ok,0.93169701,True,True,,0.9999999999999861,,,,,,,,,,,,,
Noise,155143014,ok,0.48492321,True,True,,0.9999999999999838,,,,,,,,,,,,,
Noise,610752826,ok,0.3325161,True,True,,0.9999999999999885,,,,,,,,,,,,,
Noise,261875527,ok,0.47572681,True,True,,0.9999999999999967,,,,,,,,,,,,,
Noise,189338968,ok,0.84736097,True,True,,0.9999999999999903,,,,,,,,,,,,,
Noise,272084721,ok,0.40329275,True,True,,0.9999999999999896,,,,,,,,,,,,,
Noise,2000430381,ok,0.18721753,True,True,,0.9999999999999906,,,,,,,,,,,,,
Noise,381025396,ok,0.98698658,True,True,,0.9999999999999918,,,,,,,,,,,,,
Noise,303360173,ok,0.93771321,True,True,,0.9999999999999918,,,,,,,,,,,,,
Noise,270618293,ok,0.15962847,True,True,,0.9999999999999851,,,,,,,,,,,,,
Noise,422897062,ok,0.52431512,True,True,,0.9999999999999926,,,,,,,,,,,,,
Noise,125736707,ok,0.25133413,True,True,,0.9999999999999906,,,,,,,,,,,,,
Noise,835959548,ok,0.16729659,True,True,,0.9999999999999901,,,,,,,,,,,,,
Noise,629968092,ok,0.57136017,True,True,,0.9999999999999913,,,,,,,,,,,,,
Noise,293411883,ok,0.99920404,True,True,,0.9999999999999952,,,,,,,,,,,,,
Noise,189349072,ok,0.97830486,True,True,,0.9999999999999952,,,,,,,,,,,,,
Noise,121963436,ok,0.87258387,True,True,,0.9999999999999892,,,,,,,,,,,,,
Noise,430681407,ok,0.21774691,True,True,,0.9999999999999868,,,,,,,,,,,,,
Noise,158514451,ok,0.96156788,True,True,,0.9999999999999902,,,,,,,,,,,,,
Noise,57292184,ok,0.49168199,True,True,,0.999999999999993,,,,,,,,,,,,,
Noise,261291326,ok,0.83900052,True,True,,0.9999999999999974,,,,,,,,,,,,,
Noise,381002309,ok,0.9868598,True,True,,0.9999999999999805,,,,,,,,,,,,,
Noise,468336385,ok,0.99653137,True,True,,0.9999999999999842,,,,,,,,,,,,,
Noise,35156762,ok,0.40755647,True,True,,0.9999999999999953,,,,,,,,,,,,,
Noise,264978615,ok,0.99612612,True,True,,0.9999999999999933,,,,,,,,,,,,,
Noise,415976841,ok,0.95761138,True,True,,0.999999999999987,,,,,,,,,,,,,
Noise,233753653,ok,0.85117948,True,True,,0.9999999999999903,,,,,,,,,,,,,
Noise,123447881,ok,0.66008943,True,True,,0.9999999999999923,,,,,,,,,,,,,
Noise,388038727,ok,0.98736846,True,True,,0.9999999999999852,,,,,,,,,,,,,
Noise,419911881,ok,0.98713505,True,True,,0.9999999999999855,,,,,,,,,,,,,
Noise,121968973,ok,0.86426902,True,True,,0.9999999999999933,,,,,,,,,,,,,
Noise,385508853,ok,0.32001308,True,True,,0.9999999999999891,,,,,,,,,,,,,
Noise,387145100,ok,0.93721205,True,True,,0.9999999999999933,,,,,,,,,,,,,
Noise,29835724,ok,0.9961518,True,True,,0.999999999999989,,,,,,,,,,,,,
Noise,85991241,ok,0.68958437,True,True,,0.9999999999999907,,,,,,,,,,,,,
Noise,27864637,ok,0.92377758,True,True,,0.9999999999999912,,,,,,,,,,,,,
Noise,164726626,ok,0.49162087,True,True,,0.9999999999999934,,,,,,,,,,,,,
Noise,272084132,ok,0.3872146,True,True,,0.9999999999999963,,,,,,,,,,,,,
Noise,121818064,ok,0.9233188,True,True,,0.9999999999999877,,,,,,,,,,,,,
Noise,293650295,ok,0.97499126,True,True,,0.999999999999992,,,,,,,,,,,,,
Noise,2026905842,ok,0.12242857,True,True,,0.9999999999999962,,,,,,,,,,,,,
Noise,620160812,ok,0.49391851,True,True,,0.9999999999999939,,,,,,,,,,,,,
Noise,254057252,ok,0.90483457,True,True,,0.9999999999999957,,,,,,,,,,,,,
Noise,66672485,ok,0.50580019,True,True,,0.9999999999999933,,,,,,,,,,,,,
Noise,202189374,ok,0.87343812,True,True,,0.9999999999999896,,,,,,,,,,,,,
Noise,1102287919,ok,0.39523447,True,True,,0.9999999999999855,,,,,,,,,,,,,
Noise,121697458,ok,0.8045004,True,True,,0.9999999999999964,,,,,,,,,,,,,
Noise,383729309,ok,0.90873194,True,True,,0.9999999999999948,,,,,,,,,,,,,
Noise,125736426,ok,0.46902421,True,True,,0.999999999999989,,,,,,,,,,,,,
Noise,194669823,ok,0.9807055,True,True,,0.9999999999999866,,,,,,,,,,,,,
Noise,265568587,ok,0.99977821,True,True,,0.9999999999999879,,,,,,,,,,,,,
Noise,1876771400,ok,0.00664784,True,True,,0.9999999999999839,,,,,,,,,,,,,
Noise,430354554,ok,0.28787756,True,True,,0.9999999999999919,,,,,,,,,,,,,
Noise,265564880,ok,0.98612392,True,True,,0.9999999999999973,,,,,,,,,,,,,
Noise,261384699,ok,0.29567513,True,True,,0.9999999999999888,,,,,,,,,,,,,
Noise,123492892,ok,0.6621297,True,True,,0.9999999999999889,,,,,,,,,,,,,
Noise,382538997,ok,0.30148482,True,True,,0.9999999999999882,,,,,,,,,,,,,
Noise,11499710,ok,0.97287369,True,True,,0.9999999999999942,,,,,,,,,,,,,
Noise,27864617,ok,0.4684853,True,True,,0.9999999999999875,,,,,,,,,,,,,
Noise,121084892,ok,0.96524996,True,True,,0.9999999999999846,,,,,,,,,,,,,
Noise,265568693,ok,0.96888673,True,True,,0.9999999999999885,,,,,,,,,,,,,
Noise,321590713,ok,0.9289096,True,True,,0.9999999999999943,,,,,,,,,,,,,
Noise,52418314,ok,0.83807528,True,True,,0.999999999999992,,,,,,,,,,,,,
Noise,312132818,ok,0.98263651,True,True,,0.9999999999999875,,,,,,,,,,,,,
Noise,422452121,ok,0.96994537,True,True,,0.9999999999999853,,,,,,,,,,,,,
Noise,430367407,ok,0.78876591,True,True,,0.9999999999999841,,,,,,,,,,,,,
Noise,202189206,ok,0.97902435,True,True,,0.9999999999999897,,,,,,,,,,,,,
Noise,628633817,ok,0.03981029,True,True,,0.9999999999999951,,,,,,,,,,,,,
Noise,248347338,ok,0.99958974,True,True,,0.9999999999999876,,,,,,,,,,,,,
Noise,271880653,ok,0.56332493,True,True,,0.9999999999999915,,,,,,,,,,,,,
Noise,305024656,ok,0.89342064,True,True,,0.9999999999999936,,,,,,,,,,,,,
Noise,12660528,ok,0.99517494,True,True,,0.9999999999999953,,,,,,,,,,,,,
Noise,381023498,ok,0.99977154,True,True,,0.9999999999999946,,,,,,,,,,,,,
Noise,189270486,ok,0.92176551,True,True,,0.9999999999999951,,,,,,,,,,,,,
Noise,121817798,ok,0.99269015,True,True,,0.9999999999999883,,,,,,,,,,,,,
Noise,139770793,ok,0.96509415,True,True,,0.9999999999999892,,,,,,,,,,,,,
Noise,385558677,ok,0.98718131,True,True,,0.999999999999986,,,,,,,,,,,,,
Noise,314737965,ok,0.08910512,True,True,,0.9999999999999818,,,,,,,,,,,,,
Noise,321448113,ok,0.93866658,True,True,,0.9999999999999857,,,,,,,,,,,,,
Noise,99010721,ok,0.99966007,True,True,,0.999999999999985,,,,,,,,,,,,,
Noise,120892388,ok,0.73282641,True,True,,0.9999999999999855,,,,,,,,,,,,,
Noise,35156538,ok,0.37909296,True,True,,0.99999999999999,,,,,,,,,,,,,
Noise,66927543,ok,0.9966085,True,True,,0.9999999999999863,,,,,,,,,,,,,
Noise,293436851,ok,0.9874208,True,True,,0.9999999999999934,,,,,,,,,,,,,
Noise,325954484,ok,0.96902275,True,True,,0.9999999999999915,,,,,,,,,,,,,
Noise,189296611,ok,0.90963411,True,True,,0.9999999999999976,,,,,,,,,,,,,
Noise,24656474,ok,0.95509487,True,True,,0.9999999999999917,,,,,,,,,,,,,
Noise,718861290,ok,0.03376523,True,True,,0.9999999999999959,,,,,,,,,,,,,
Noise,255698001,ok,0.99859619,True,True,,0.99999999999998,,,,,,,,,,,,,
Noise,121754263,ok,0.28103602,True,True,,0.9999999999999939,,,,,,,,,,,,,
Noise,293464061,ok,0.98687243,True,True,,0.9999999999999851,,,,,,,,,,,,,
Noise,189270521,ok,0.8095212,True,True,,0.9999999999999922,,,,,,,,,,,,,
Noise,164458714,ok,0.88869178,True,True,,0.9999999999999842,,,,,,,,,,,,,
Noise,321600045,ok,0.89573586,True,True,,0.999999999999997,,,,,,,,,,,,,
Noise,325545671,ok,0.95719171,True,True,,0.9999999999999947,,,,,,,,,,,,,
Noise,139772216,ok,0.9939391,True,True,,0.9999999999999942,,,,,,,,,,,,,
Noise,875110763,ok,0.17259569,True,True,,0.9999999999999816,,,,,,,,,,,,,
Noise,441810717,ok,0.9785316,True,True,,0.9999999999999896,,,,,,,,,,,,,
Noise,352176774,ok,0.98858839,True,True,,0.9999999999999888,,,,,,,,,,,,,
Noise,422452481,ok,0.99688327,True,True,,0.9999999999999908,,,,,,,,,,,,,
Noise,248348940,ok,0.97422659,True,True,,0.9999999999999962,,,,,,,,,,,,,
Noise,716180171,ok,0.04526979,True,True,,0.9999999999999876,,,,,,,,,,,,,
Noise,326143680,ok,0.91819209,True,True,,0.9999999999999865,,,,,,,,,,,,,
Noise,628732595,ok,0.01657346,True,True,,0.9999999999999957,,,,,,,,,,,,,
Noise,357819620,ok,0.02866797,True,True,,0.9999999999999891,,,,,,,,,,,,,
Noise,379376842,ok,0.96639282,True,True,,0.9999999999999925,,,,,,,,,,,,,
Noise,92133980,ok,0.99791473,True,True,,0.9999999999999968,,,,,,,,,,,,,
Noise,394005654,ok,0.87379825,True,True,,0.9999999999999953,,,,,,,,,,,,,
Noise,451628433,ok,0.95324308,True,True,,0.9999999999999869,,,,,,,,,,,,,
Noise,61043167,ok,0.92966729,True,True,,0.9999999999999855,,,,,,,,,,,,,
Noise,26144525,ok,0.8926205,True,True,,0.9999999999999932,,,,,,,,,,,,,
Noise,415976852,ok,0.53061152,True,True,,0.9999999999999918,,,,,,,,,,,,,
Noise,125736489,ok,0.99224198,True,True,,0.9999999999999825,,,,,,,,,,,,,
Noise,123447592,ok,0.92867911,True,True,,0.9999999999999964,,,,,,,,,,,,,
Noise,24935441,ok,0.99336034,True,True,,0.9999999999999873,,,,,,,,,,,,,
Noise,25511785,ok,0.99330121,True,True,,0.9999999999999971,,,,,,,,,,,,,
Noise,88117023,ok,0.96820134,True,True,,0.999999999999994,,,,,,,,,,,,,
Noise,257437494,ok,0.86466098,True,True,,0.9999999999999876,,,,,,,,,,,,,
Noise,123444774,ok,0.13674448,True,True,,0.9999999999999962,,,,,,,,,,,,,
Noise,139530200,ok,0.98819727,True,True,,0.9999999999999958,,,,,,,,,,,,,
Noise,123447741,ok,0.30280384,True,True,,0.999999999999987,,,,,,,,,,,,,
Noise,114554549,ok,0.59231085,True,True,,0.9999999999999911,,,,,,,,,,,,,
Noise,164522730,ok,0.97988701,True,True,,0.9999999999999879,,,,,,,,,,,,,
Noise,254068292,ok,0.95702928,True,True,,0.9999999999999849,,,,,,,,,,,,,
Noise,240689661,ok,0.97683728,True,True,,0.9999999999999922,,,,,,,,,,,,,
Noise,254091134,ok,0.97928882,True,True,,0.9999999999999921,,,,,,,,,,,,,
Noise,1941666908,ok,0.00163844,True,True,,0.9999999999999973,,,,,,,,,,,,,
Noise,1881558410,ok,0.05683996,True,True,,0.9999999999999916,,,,,,,,,,,,,
Noise,264836519,ok,0.83500934,True,True,,0.9999999999999866,,,,,,,,,,,,,
Noise,441813927,ok,0.96216375,True,True,,0.9999999999999858,,,,,,,,,,,,,
Noise,122781802,ok,0.35962161,True,True,,0.9999999999999972,,,,,,,,,,,,,
Noise,248346848,ok,0.99570823,True,True,,0.9999999999999848,,,,,,,,,,,,,
Noise,240673258,ok,0.9268477,True,True,,0.9999999999999931,,,,,,,,,,,,,
Noise,139843114,ok,0.99533856,True,True,,0.9999999999999948,,,,,,,,,,,,,
Noise,394005650,ok,0.76870638,True,True,,0.9999999999999868,,,,,,,,,,,,,
Noise,282540011,ok,0.81643867,True,True,,0.9999999999999829,,,,,,,,,,,,,
Noise,1716646530,ok,0.0172751,True,True,,0.99999999999999,,,,,,,,,,,,,
Noise,155018370,ok,0.1554347,True,True,,0.9999999999999974,,,,,,,,,,,,,
Noise,329942326,ok,0.98419738,True,True,,0.9999999999999875,,,,,,,,,,,,,
Noise,158515710,ok,0.99556071,True,True,,0.999999999999997,,,,,,,,,,,,,
Noise,1972130957,ok,0.00251169,True,True,,0.9999999999999899,,,,,,,,,,,,,
Noise,24929515,ok,0.94635588,True,True,,0.9999999999999939,,,,,,,,,,,,,
Noise,1715969532,ok,0.03838648,True,True,,0.9999999999999936,,,,,,,,,,,,,
Noise,396608250,ok,0.90804803,True,True,,0.9999999999999952,,,,,,,,,,,,,
Noise,164786156,ok,0.75363284,True,True,,0.9999999999999918,,,,,,,,,,,,,
Noise,2027717084,ok,0.07270157,True,True,,0.99999999999999,,,,,,,,,,,,,
Noise,1102286776,ok,0.16094652,True,True,,0.999999999999996,,,,,,,,,,,,,
Noise,265568740,ok,0.99117851,True,True,,0.9999999999999843,,,,,,,,,,,,,
Noise,383712635,ok,0.99594015,True,True,,0.9999999999999916,,,,,,,,,,,,,
Noise,240665963,ok,0.9900201,True,True,,0.9999999999999913,,,,,,,,,,,,,
Noise,164457460,ok,0.79909265,True,True,,0.9999999999999974,,,,,,,,,,,,,
Noise,271663670,ok,0.37815103,True,True,,0.9999999999999936,,,,,,,,,,,,,
Noise,187586126,ok,0.97801298,True,True,,0.9999999999999956,,,,,,,,,,,,,
Noise,468503410,ok,0.98202813,True,True,,0.9999999999999863,,,,,,,,,,,,,
Noise,164458628,ok,0.32648975,True,True,,0.9999999999999863,,,,,,,,,,,,,
Noise,366401018,ok,0.99924362,True,True,,0.999999999999997,,,,,,,,,,,,,
Noise,60999970,ok,0.97385788,True,True,,0.9999999999999919,,,,,,,,,,,,,
Noise,348762356,ok,0.99775547,True,True,,0.9999999999999917,,,,,,,,,,,,,
Noise,620031124,ok,0.00280431,True,True,,0.9999999999999938,,,,,,,,,,,,,
Noise,352012126,ok,0.609568,True,True,,0.9999999999999976,,,,,,,,,,,,,
Noise,235111917,ok,0.88974518,True,True,,0.9999999999999952,,,,,,,,,,,,,
Noise,248344724,ok,0.99913359,True,True,,0.9999999999999966,,,,,,,,,,,,,
Noise,122106094,ok,0.81032312,True,True,,0.9999999999999967,,,,,,,,,,,,,
Noise,396559176,ok,0.87802523,True,True,,0.999999999999992,,,,,,,,,,,,,
Noise,260933410,ok,0.93243921,True,True,,0.9999999999999896,,,,,,,,,,,,,
Noise,26076137,ok,0.99966961,True,True,,0.9999999999999886,,,,,,,,,,,,,
Noise,164522634,ok,0.91527069,True,True,,0.9999999999999913,,,,,,,,,,,,,
Noise,192879575,ok,0.86369705,True,True,,0.9999999999999916,,,,,,,,,,,,,
Noise,317166760,ok,0.43523499,True,True,,0.9999999999999931,,,,,,,,,,,,,
Noise,288539329,ok,0.99061966,True,True,,0.9999999999999887,,,,,,,,,,,,,
Noise,24929356,ok,0.75738645,True,True,,0.999999999999989,,,,,,,,,,,,,
Noise,194557528,ok,0.96447402,True,True,,0.9999999999999956,,,,,,,,,,,,,
Noise,396559240,ok,0.98014456,True,True,,0.9999999999999976,,,,,,,,,,,,,
Noise,122768811,ok,0.9422217,True,True,,0.9999999999999953,,,,,,,,,,,,,
Noise,164785771,ok,0.53419119,True,True,,0.9999999999999938,,,,,,,,,,,,,
Noise,92127408,ok,0.98478675,True,True,,0.999999999999997,,,,,,,,,,,,,
Noise,26074427,ok,0.99505228,True,True,,0.999999999999992,,,,,,,,,,,,,
Noise,204946490,ok,0.95978349,True,True,,0.9999999999999966,,,,,,,,,,,,,
Noise,385099351,ok,0.95804054,True,True,,0.9999999999999908,,,,,,,,,,,,,
Noise,19346805,ok,0.80841988,True,True,,0.9999999999999899,,,,,,,,,,,,,
Noise,238662623,ok,0.930246,True,True,,0.9999999999999943,,,,,,,,,,,,,
Noise,272084390,ok,0.12447184,True,True,,0.9999999999999893,,,,,,,,,,,,,
Noise,351911443,ok,0.9547134,True,True,,0.999999999999997,,,,,,,,,,,,,
Noise,57194923,ok,0.9517501,True,True,,0.999999999999996,,,,,,,,,,,,,
Noise,61015099,ok,0.99940544,True,True,,0.9999999999999932,,,,,,,,,,,,,
Noise,122781795,ok,0.35103634,True,True,,0.9999999999999896,,,,,,,,,,,,,
Noise,194657352,ok,0.98937726,True,True,,0.9999999999999962,,,,,,,,,,,,,
Noise,1972117603,ok,0.02162035,True,True,,0.9999999999999934,,,,,,,,,,,,,
Noise,270171371,ok,0.79030615,True,True,,0.9999999999999943,,,,,,,,,,,,,
Noise,158494479,ok,0.957066,True,True,,0.9999999999999865,,,,,,,,,,,,,
Noise,415976826,ok,0.8930943,True,True,,0.9999999999999966,,,,,,,,,,,,,
Noise,164527695,ok,0.97632992,True,True,,0.9999999999999952,,,,,,,,,,,,,
Noise,155093420,ok,0.85374177,True,True,,0.9999999999999942,,,,,,,,,,,,,
Noise,29854293,ok,0.9975546,True,True,,0.9999999999999916,,,,,,,,,,,,,
Noise,379530943,ok,0.69423562,True,True,,0.9999999999999881,,,,,,,,,,,,,
Noise,441813934,ok,0.61263549,True,True,,0.9999999999999932,,,,,,,,,,,,,
Noise,121124617,ok,0.82489848,True,True,,0.9999999999999893,,,,,,,,,,,,,
Noise,216244225,ok,0.39172837,True,True,,0.9999999999999956,,,,,,,,,,,,,
Noise,2054350721,ok,0.07415377,True,True,,0.9999999999999857,,,,,,,,,,,,,
Noise,356822026,ok,0.98310524,True,True,,0.9999999999999911,,,,,,,,,,,,,
Noise,2003020348,ok,0.03917532,True,True,,0.9999999999999842,,,,,,,,,,,,,
Noise,272084096,ok,0.1978963,True,True,,0.9999999999999883,,,,,,,,,,,,,
Noise,6954176,ok,0.93549007,True,True,,0.9999999999999967,,,,,,,,,,,,,
Noise,255682153,ok,0.99747354,True,True,,0.9999999999999883,,,,,,,,,,,,,
Noise,429973965,ok,0.98276985,True,True,,0.99999999999999,,,,,,,,,,,,,
Noise,468529718,ok,0.99734443,True,True,,0.9999999999999933,,,,,,,,,,,,,
Noise,139464079,ok,0.88926888,True,True,,0.9999999999999931,,,,,,,,,,,,,
Noise,235158333,ok,0.90968353,True,True,,0.9999999999999938,,,,,,,,,,,,,
Noise,45976838,ok,0.90082163,True,True,,0.999999999999992,,,,,,,,,,,,,
Noise,45976870,ok,0.10099969,True,True,,0.9999999999999925,,,,,,,,,,,,,
Noise,165110581,ok,0.65221232,True,True,,0.9999999999999863,,,,,,,,,,,,,
Noise,1842975314,ok,0.01696357,True,True,,0.9999999999999869,,,,,,,,,,,,,
Noise,189339842,ok,0.98182249,True,True,,0.9999999999999964,,,,,,,,,,,,,
Noise,24799627,ok,0.79577035,True,True,,0.9999999999999858,,,,,,,,,,,,,
Noise,293436884,ok,0.55116796,True,True,,0.999999999999987,,,,,,,,,,,,,
Noise,403984618,ok,0.2647098,True,True,,0.9999999999999912,,,,,,,,,,,,,
Noise,383744921,ok,0.97228974,True,True,,0.9999999999999966,,,,,,,,,,,,,
Noise,6993954,ok,0.98113698,True,True,,0.9999999999999936,,,,,,,,,,,,,
Noise,122222457,ok,0.96023351,True,True,,0.9999999999999939,,,,,,,,,,,,,
Noise,441497299,ok,0.98001206,True,True,,0.9999999999999921,,,,,,,,,,,,,
Noise,468337385,ok,0.99820673,True,True,,0.9999999999999835,,,,,,,,,,,,,
Noise,123492760,ok,0.55438137,True,True,,0.999999999999986,,,,,,,,,,,,,
Noise,129121234,ok,0.98876888,True,True,,0.9999999999999832,,,,,,,,,,,,,
Noise,164778883,ok,0.95207399,True,True,,0.9999999999999888,,,,,,,,,,,,,
Noise,263882289,ok,0.32018942,True,True,,0.9999999999999893,,,,,,,,,,,,,
Noise,254034352,ok,0.96548092,True,True,,0.9999999999999905,,,,,,,,,,,,,
Noise,15904577,ok,0.97734702,True,True,,0.9999999999999913,,,,,,,,,,,,,
Noise,292849197,ok,0.97968018,True,True,,0.9999999999999877,,,,,,,,,,,,,
Noise,384331886,ok,0.90701717,True,True,,0.9999999999999968,,,,,,,,,,,,,
Noise,164779193,ok,0.53101629,True,True,,0.9999999999999917,,,,,,,,,,,,,
Noise,805598755,ok,0.02793189,True,True,,0.9999999999999925,,,,,,,,,,,,,
Noise,415976665,ok,0.96171969,True,True,,0.9999999999999951,,,,,,,,,,,,,
Noise,2003024977,ok,0.09318592,True,True,,0.9999999999999852,,,,,,,,,,,,,
Noise,129421442,ok,0.94951427,True,True,,0.9999999999999859,,,,,,,,,,,,,
Noise,293436930,ok,0.96954668,True,True,,0.9999999999999855,,,,,,,,,,,,,
Noise,275996822,ok,0.9783892,True,True,,0.9999999999999852,,,,,,,,,,,,,
Noise,403986144,ok,0.71908605,True,True,,0.9999999999999932,,,,,,,,,,,,,
Noise,66928839,ok,0.98323023,True,True,,0.9999999999999911,,,,,,,,,,,,,
Noise,381023319,ok,0.99850291,True,True,,0.9999999999999943,,,,,,,,,,,,,
Noise,165076584,ok,0.91068465,True,True,,0.9999999999999901,,,,,,,,,,,,,
Noise,89559453,ok,0.94114882,True,True,,0.999999999999995,,,,,,,,,,,,,
Noise,260799885,ok,0.7893995,True,True,,0.9999999999999963,,,,,,,,,,,,,
Noise,1047405015,ok,0.02565857,True,True,,0.9999999999999936,,,,,,,,,,,,,
Noise,139772201,ok,0.99657363,True,True,,0.9999999999999885,,,,,,,,,,,,,
Noise,275488116,ok,0.93699342,True,True,,0.9999999999999922,,,,,,,,,,,,,
Noise,352012181,ok,0.96657145,True,True,,0.9999999999999961,,,,,,,,,,,,,
Noise,189349260,ok,0.98927373,True,True,,0.999999999999992,,,,,,,,,,,,,
Noise,235156431,ok,0.83407813,True,True,,0.9999999999999967,,,,,,,,,,,,,
Noise,164408552,ok,0.58167958,True,True,,0.9999999999999859,,,,,,,,,,,,,
Noise,264272104,ok,0.9486956,True,True,,0.9999999999999878,,,,,,,,,,,,,
Noise,164407837,ok,0.33731863,True,True,,0.9999999999999895,,,,,,,,,,,,,
Noise,187585114,ok,0.92726958,True,True,,0.9999999999999962,,,,,,,,,,,,,
Noise,271881365,ok,0.35800332,True,True,,0.9999999999999909,,,,,,,,,,,,,
Noise,122683015,ok,0.15355453,True,True,,0.9999999999999837,,,,,,,,,,,,,
Noise,123492787,ok,0.48793244,True,True,,0.9999999999999954,,,,,,,,,,,,,
Noise,264615033,ok,0.94764304,True,True,,0.9999999999999966,,,,,,,,,,,,,
Noise,394016084,ok,0.87509626,True,True,,0.9999999999999964,,,,,,,,,,,,,
Noise,1259406583,ok,0.04152188,True,True,,0.9999999999999934,,,,,,,,,,,,,
Noise,385552643,ok,0.99607742,True,True,,0.9999999999999882,,,,,,,,,,,,,
Noise,445963321,ok,0.93320227,True,True,,0.9999999999999899,,,,,,,,,,,,,
Noise,434303018,ok,0.96234024,True,True,,0.9999999999999962,,,,,,,,,,,,,
Noise,63205808,ok,0.52921069,True,True,,0.9999999999999944,,,,,,,,,,,,,
Noise,121084635,ok,0.54627901,True,True,,0.9999999999999847,,,,,,,,,,,,,
Noise,24799071,ok,0.84463876,True,True,,0.999999999999993,,,,,,,,,,,,,
Noise,54003009,ok,0.82449603,True,True,,0.9999999999999888,,,,,,,,,,,,,
Noise,187681788,ok,0.52110094,True,True,,0.9999999999999886,,,,,,,,,,,,,
Noise,307708646,ok,0.98287731,True,True,,0.9999999999999976,,,,,,,,,,,,,
Noise,293481212,ok,0.99430835,True,True,,0.9999999999999879,,,,,,,,,,,,,
Noise,120962697,ok,0.19705153,True,True,,0.9999999999999848,,,,,,,,,,,,,
Noise,303688952,ok,0.97652102,True,True,,0.9999999999999875,,,,,,,,,,,,,
Noise,402235350,ok,0.80293459,True,True,,0.9999999999999878,,,,,,,,,,,,,
Noise,282538681,ok,0.97490203,True,True,,0.9999999999999917,,,,,,,,,,,,,
Noise,121752713,ok,0.75956368,True,True,,0.9999999999999944,,,,,,,,,,,,,
Noise,164889870,ok,0.51862371,True,True,,0.9999999999999851,,,,,,,,,,,,,
Noise,122508441,ok,0.13696036,True,True,,0.9999999999999898,,,,,,,,,,,,,
Noise,329153361,ok,0.99671805,True,True,,0.999999999999991,,,,,,,,,,,,,
Noise,396560014,ok,0.95265037,True,True,,0.9999999999999886,,,,,,,,,,,,,
Noise,261875511,ok,0.41291174,True,True,,0.999999999999991,,,,,,,,,,,,,
Noise,121816016,ok,0.97669154,True,True,,0.9999999999999881,,,,,,,,,,,,,
Noise,441813931,ok,0.68397892,True,True,,0.9999999999999961,,,,,,,,,,,,,
Noise,123445166,ok,0.96960163,True,True,,0.9999999999999937,,,,,,,,,,,,,
Noise,457924888,ok,0.99947262,True,True,,0.9999999999999941,,,,,,,,,,,,,
Noise,278669509,ok,0.42328036,True,True,,0.9999999999999952,,,,,,,,,,,,,
Noise,264753261,ok,0.97559106,True,True,,0.9999999999999917,,,,,,,,,,,,,
Noise,15934289,ok,0.99883318,True,True,,0.9999999999999908,,,,,,,,,,,,,
Noise,29852787,ok,0.99759227,True,True,,0.9999999999999852,,,,,,,,,,,,,
Noise,233760657,ok,0.9525311,True,True,,0.9999999999999901,,,,,,,,,,,,,
Noise,603100470,ok,0.13263868,True,True,,0.9999999999999953,,,,,,,,,,,,,
Noise,261223334,ok,0.04217919,True,True,,0.9999999999999941,,,,,,,,,,,,,
Noise,121084117,ok,0.15219541,True,True,,0.9999999999999852,,,,,,,,,,,,,
Noise,63453252,ok,0.17750506,True,True,,0.9999999999999912,,,,,,,,,,,,,
Noise,187494309,ok,0.4996765,True,True,,0.9999999999999827,,,,,,,,,,,,,
Noise,257437391,ok,0.99934566,True,True,,0.9999999999999958,,,,,,,,,,,,,
Noise,290383216,ok,0.97451264,True,True,,0.9999999999999946,,,,,,,,,,,,,
Noise,331990187,ok,0.99723005,True,True,,0.9999999999999958,,,,,,,,,,,,,
Noise,294358903,ok,0.80461091,True,True,,0.9999999999999853,,,,,,,,,,,,,
Noise,16005704,ok,0.65772814,True,True,,0.9999999999999885,,,,,,,,,,,,,
Noise,662812115,ok,0.07899356,True,True,,0.9999999999999934,,,,,,,,,,,,,
Noise,26077868,ok,0.90396476,True,True,,0.9999999999999842,,,,,,,,,,,,,
Noise,432483638,ok,0.34307268,True,True,,0.9999999999999933,,,,,,,,,,,,,
Noise,63453489,ok,0.62530339,True,True,,0.9999999999999941,,,,,,,,,,,,,
Noise,164523901,ok,0.96146566,True,True,,0.9999999999999925,,,,,,,,,,,,,
Noise,430368499,ok,0.0371962,True,True,,0.9999999999999967,,,,,,,,,,,,,
Noise,177776704,ok,0.99575746,True,True,,0.9999999999999823,,,,,,,,,,,,,
Noise,217127330,ok,0.4698028,True,True,,0.9999999999999915,,,,,,,,,,,,,
Noise,290383173,ok,0.87578219,True,True,,0.9999999999999964,,,,,,,,,,,,,
Noise,122515768,ok,0.21425676,True,True,,0.9999999999999966,,,,,,,,,,,,,
Noise,165110506,ok,0.9903754,True,True,,0.9999999999999857,,,,,,,,,,,,,
Noise,122702556,ok,0.97442871,True,True,,0.999999999999998,,,,,,,,,,,,,
Noise,434301356,ok,0.99730909,True,True,,0.9999999999999896,,,,,,,,,,,,,
Noise,129298393,ok,0.91415036,True,True,,0.9999999999999919,,,,,,,,,,,,,
Noise,385589312,ok,0.48274872,True,True,,0.9999999999999863,,,,,,,,,,,,,
Noise,445951245,ok,0.90756667,True,True,,0.999999999999996,,,,,,,,,,,,,
Noise,121753457,ok,0.90602195,True,True,,0.9999999999999926,,,,,,,,,,,,,
Noise,18781274,ok,0.98694789,True,True,,0.9999999999999886,,,,,,,,,,,,,
Noise,112322671,ok,0.94190985,True,True,,0.9999999999999871,,,,,,,,,,,,,
Noise,235165903,ok,0.75333577,True,True,,0.9999999999999969,,,,,,,,,,,,,
Noise,187492221,ok,0.86895376,True,True,,0.9999999999999958,,,,,,,,,,,,,
Noise,235119428,ok,0.23742212,True,True,,0.9999999999999964,,,,,,,,,,,,,
Noise,156882030,ok,0.93654484,True,True,,0.9999999999999936,,,,,,,,,,,,,
Noise,189296146,ok,0.85225528,True,True,,0.9999999999999923,,,,,,,,,,,,,
Noise,25642087,ok,0.34253573,True,True,,0.9999999999999961,,,,,,,,,,,,,
Noise,270618869,ok,0.13973282,True,True,,0.9999999999999926,,,,,,,,,,,,,
Noise,164457389,ok,0.91791856,True,True,,0.9999999999999929,,,,,,,,,,,,,
Noise,122373539,ok,0.8862499,True,True,,0.9999999999999893,,,,,,,,,,,,,
Noise,314171435,ok,0.86026484,True,True,,0.9999999999999933,,,,,,,,,,,,,
Noise,272083995,ok,0.75341111,True,True,,0.9999999999999936,,,,,,,,,,,,,
Noise,123496150,ok,0.98580194,True,True,,0.999999999999989,,,,,,,,,,,,,
Noise,383747729,ok,0.99902385,True,True,,0.9999999999999906,,,,,,,,,,,,,
Noise,337215439,ok,0.99963355,True,True,,0.9999999999999916,,,,,,,,,,,,,
Noise,187702866,ok,0.92077988,True,True,,0.9999999999999947,,,,,,,,,,,,,
Noise,123444997,ok,0.39581722,True,True,,0.9999999999999942,,,,,,,,,,,,,
Noise,25039618,ok,0.58634812,True,True,,0.9999999999999891,,,,,,,,,,,,,
Noise,120763334,ok,0.28504413,True,True,,0.9999999999999889,,,,,,,,,,,,,
Noise,121754635,ok,0.98661774,True,True,,0.9999999999999906,,,,,,,,,,,,,
Noise,468503742,ok,0.98250139,True,True,,0.9999999999999866,,,,,,,,,,,,,
Noise,123447927,ok,0.2439407,True,True,,0.9999999999999885,,,,,,,,,,,,,
Noise,292817929,ok,0.98856133,True,True,,0.9999999999999899,,,,,,,,,,,,,
Noise,446453338,ok,0.99738431,True,True,,0.9999999999999972,,,,,,,,,,,,,
Noise,290356379,ok,0.92841375,True,True,,0.9999999999999947,,,,,,,,,,,,,
Noise,26051007,ok,0.99737316,True,True,,0.9999999999999872,,,,,,,,,,,,,
Noise,122451569,ok,0.77567679,True,True,,0.9999999999999876,,,,,,,,,,,,,
Noise,385508704,ok,0.37067598,True,True,,0.9999999999999886,,,,,,,,,,,,,
Noise,122517231,ok,0.45165858,True,True,,0.9999999999999941,,,,,,,,,,,,,
Noise,471012262,ok,0.51562858,True,True,,0.9999999999999973,,,,,,,,,,,,,
Noise,379480647,ok,0.99666148,True,True,,0.9999999999999825,,,,,,,,,,,,,
Noise,270618404,ok,0.12394455,True,True,,0.9999999999999967,,,,,,,,,,,,,
Noise,18807126,ok,0.98649442,True,True,,0.9999999999999931,,,,,,,,,,,,,
Noise,187679739,ok,0.98285502,True,True,,0.999999999999996,,,,,,,,,,,,,
Noise,800792588,ok,0.37964839,True,True,,0.9999999999999936,,,,,,,,,,,,,
Noise,385147435,ok,0.72071135,True,True,,0.9999999999999942,,,,,,,,,,,,,
Noise,352148876,ok,0.99443364,True,True,,0.9999999999999949,,,,,,,,,,,,,
Noise,35156779,ok,0.26050588,True,True,,0.9999999999999941,,,,,,,,,,,,,
Noise,366403501,ok,0.99619001,True,True,,0.9999999999999916,,,,,,,,,,,,,
Noise,348770717,ok,0.74800777,True,True,,0.999999999999991,,,,,,,,,,,,,
Noise,290325534,ok,0.99414438,True,True,,0.9999999999999962,,,,,,,,,,,,,
Noise,248342667,ok,0.95803398,True,True,,0.9999999999999879,,,,,,,,,,,,,
Noise,621922554,ok,0.08905321,True,True,,0.9999999999999915,,,,,,,,,,,,,
Noise,381022782,ok,0.99946374,True,True,,0.999999999999995,,,,,,,,,,,,,
Noise,122508166,ok,0.201637,True,True,,0.9999999999999967,,,,,,,,,,,,,
Noise,45295226,ok,0.9551416,True,True,,0.9999999999999903,,,,,,,,,,,,,
Noise,18783599,ok,0.99949867,True,True,,0.9999999999999889,,,,,,,,,,,,,
Noise,233406112,ok,0.76416039,True,True,,0.999999999999995,,,,,,,,,,,,,
Noise,352145572,ok,0.85206115,True,True,,0.9999999999999916,,,,,,,,,,,,,
Noise,122782423,ok,0.87037528,True,True,,0.9999999999999969,,,,,,,,,,,,,
Noise,293412000,ok,0.06988493,True,True,,0.999999999999985,,,,,,,,,,,,,
Noise,15938313,ok,0.99086499,True,True,,0.999999999999994,,,,,,,,,,,,,
Noise,348760655,ok,0.99376768,True,True,,0.9999999999999932,,,,,,,,,,,,,
Noise,325758256,ok,0.95835537,True,True,,0.9999999999999907,,,,,,,,,,,,,
Noise,468334106,ok,0.98498416,True,True,,0.9999999999999933,,,,,,,,,,,,,
Noise,296461391,ok,0.94757164,True,True,,0.9999999999999925,,,,,,,,,,,,,
Noise,248345309,ok,0.99946862,True,True,,0.9999999999999931,,,,,,,,,,,,,
Noise,264907740,ok,0.94888455,True,True,,0.9999999999999972,,,,,,,,,,,,,
Noise,66667183,ok,0.99587071,True,True,,0.9999999999999947,,,,,,,,,,,,,
Noise,462136008,ok,0.96724218,True,True,,0.9999999999999882,,,,,,,,,,,,,
Noise,238268371,ok,0.93877041,True,True,,0.9999999999999932,,,,,,,,,,,,,
Noise,388079618,ok,0.47401792,True,True,,0.9999999999999883,,,,,,,,,,,,,
Noise,164883955,ok,0.96625298,True,True,,0.9999999999999934,,,,,,,,,,,,,
Noise,122375361,ok,0.11714247,True,True,,0.9999999999999932,,,,,,,,,,,,,
Noise,240688842,ok,0.89648706,True,True,,0.9999999999999912,,,,,,,,,,,,,
Noise,26051139,ok,0.99459952,True,True,,0.9999999999999869,,,,,,,,,,,,,
Noise,248348983,ok,0.99745214,True,True,,0.9999999999999829,,,,,,,,,,,,,
Noise,122904212,ok,0.87828934,True,True,,0.9999999999999956,,,,,,,,,,,,,
Noise,321448869,ok,0.98882467,True,True,,0.9999999999999882,,,,,,,,,,,,,
Noise,247013870,ok,0.98383719,True,True,,0.9999999999999877,,,,,,,,,,,,,
Noise,642787430,ok,0.02428243,True,True,,0.9999999999999888,,,,,,,,,,,,,
Noise,235120098,ok,0.48276931,True,True,,0.9999999999999863,,,,,,,,,,,,,
Noise,303609393,ok,0.947321,True,True,,0.9999999999999918,,,,,,,,,,,,,
Noise,272074946,ok,0.90318692,True,True,,0.9999999999999898,,,,,,,,,,,,,
Noise,122884294,ok,0.96051651,True,True,,0.9999999999999978,,,,,,,,,,,,,
Noise,99033965,ok,0.99838054,True,True,,0.9999999999999932,,,,,,,,,,,,,
Noise,194145323,ok,0.99754512,True,True,,0.9999999999999905,,,,,,,,,,,,,
Noise,278557175,ok,0.7889635,True,True,,0.9999999999999949,,,,,,,,,,,,,
Noise,248345324,ok,0.89158845,True,True,,0.9999999999999937,,,,,,,,,,,,,
Noise,120824152,ok,0.86608064,True,True,,0.9999999999999856,,,,,,,,,,,,,
Noise,2026639006,ok,0.14689443,True,True,,0.9999999999999846,,,,,,,,,,,,,
Noise,122884876,ok,0.9393037,True,True,,0.9999999999999946,,,,,,,,,,,,,
Noise,288539748,ok,0.84117132,True,True,,0.9999999999999951,,,,,,,,,,,,,
Noise,122105611,ok,0.90821856,True,True,,0.9999999999999954,,,,,,,,,,,,,
Noise,189270525,ok,0.95300579,True,True,,0.9999999999999951,,,,,,,,,,,,,
Noise,2014777968,ok,0.0104858,True,True,,0.9999999999999877,,,,,,,,,,,,,
Noise,139839225,ok,0.06825293,True,True,,0.9999999999999962,,,,,,,,,,,,,
Noise,92129330,ok,0.98826194,True,True,,0.9999999999999958,,,,,,,,,,,,,
Noise,1716634438,ok,0.09423105,True,True,,0.9999999999999906,,,,,,,,,,,,,
Noise,271881388,ok,0.19556808,True,True,,0.9999999999999855,,,,,,,,,,,,,
Noise,356821881,ok,0.99816895,True,True,,0.9999999999999885,,,,,,,,,,,,,
Noise,165076644,ok,0.9990778,True,True,,0.9999999999999934,,,,,,,,,,,,,
Noise,240666114,ok,0.96403468,True,True,,0.999999999999992,,,,,,,,,,,,,
Noise,610750594,ok,0.00510606,True,True,,0.9999999999999961,,,,,,,,,,,,,
Noise,451627388,ok,0.98590904,True,True,,0.9999999999999859,,,,,,,,,,,,,
Noise,164457191,ok,0.25499043,True,True,,0.9999999999999847,,,,,,,,,,,,,
Noise,18781269,ok,0.98584586,True,True,,0.999999999999987,,,,,,,,,,,,,
Noise,158514445,ok,0.99935073,True,True,,0.9999999999999933,,,,,,,,,,,,,
Noise,321447917,ok,0.97448009,True,True,,0.9999999999999891,,,,,,,,,,,,,
Noise,85914248,ok,0.9982087,True,True,,0.9999999999999973,,,,,,,,,,,,,
Noise,123444845,ok,0.71788782,True,True,,0.9999999999999967,,,,,,,,,,,,,
Noise,240704541,ok,0.87755537,True,True,,0.9999999999999877,,,,,,,,,,,,,
Noise,394373155,ok,0.98751879,True,True,,0.9999999999999875,,,,,,,,,,,,,
Noise,202271126,ok,0.22698084,True,True,,0.9999999999999943,,,,,,,,,,,,,
Noise,86368415,ok,0.92667156,True,True,,0.9999999999999961,,,,,,,,,,,,,
Noise,288505010,ok,0.91700196,True,True,,0.999999999999996,,,,,,,,,,,,,
Noise,290267600,ok,0.95024794,True,True,,0.9999999999999953,,,,,,,,,,,,,
Noise,254114662,ok,0.96962214,True,True,,0.9999999999999885,,,,,,,,,,,,,
Noise,381002396,ok,0.99977422,True,True,,0.9999999999999954,,,,,,,,,,,,,
Noise,293460053,ok,0.9992162,True,True,,0.9999999999999966,,,,,,,,,,,,,
Noise,112418270,ok,0.61244333,True,True,,0.9999999999999887,,,,,,,,,,,,,
Noise,19657145,ok,0.9385199,True,True,,0.9999999999999879,,,,,,,,,,,,,
Noise,24656023,ok,0.91408402,True,True,,0.9999999999999858,,,,,,,,,,,,,
Noise,158532856,ok,0.98662841,True,True,,0.9999999999999908,,,,,,,,,,,,,
Noise,271881288,ok,0.28479695,True,True,,0.9999999999999936,,,,,,,,,,,,,
Noise,68559790,ok,0.46123371,True,True,,0.9999999999999959,,,,,,,,,,,,,
Noise,240697117,ok,0.92128557,True,True,,0.9999999999999938,,,,,,,,,,,,,
Noise,45977316,ok,0.96267557,True,True,,0.9999999999999908,,,,,,,,,,,,,
Noise,164416500,ok,0.87413275,True,True,,0.9999999999999889,,,,,,,,,,,,,
Noise,202271481,ok,0.80407739,True,True,,0.9999999999999917,,,,,,,,,,,,,
Noise,187578049,ok,0.8296954,True,True,,0.9999999999999954,,,,,,,,,,,,,
Noise,120823185,ok,0.91033041,True,True,,0.9999999999999926,,,,,,,,,,,,,
Noise,121753488,ok,0.95870876,True,True,,0.9999999999999962,,,,,,,,,,,,,
Noise,122682991,ok,0.61851925,True,True,,0.9999999999999813,,,,,,,,,,,,,
Noise,164527535,ok,0.53039694,True,True,,0.999999999999994,,,,,,,,,,,,,
Noise,60287525,ok,0.98929071,True,True,,0.9999999999999943,,,,,,,,,,,,,
Noise,57285044,ok,0.99425352,True,True,,0.9999999999999876,,,,,,,,,,,,,
Noise,233426248,ok,0.51779366,True,True,,0.9999999999999872,,,,,,,,,,,,,
Noise,122573940,ok,0.88514566,True,True,,0.9999999999999963,,,,,,,,,,,,,
Noise,204792074,ok,0.07837327,True,True,,0.9999999999999859,,,,,,,,,,,,,
Noise,112230107,ok,0.7739225,True,True,,0.9999999999999888,,,,,,,,,,,,,
Noise,25038576,ok,0.97447389,True,True,,0.9999999999999888,,,,,,,,,,,,,
Noise,396488756,ok,0.85490078,True,True,,0.999999999999994,,,,,,,,,,,,,
Noise,25038867,ok,0.92366004,True,True,,0.9999999999999889,,,,,,,,,,,,,
Noise,1102287978,ok,0.53520775,True,True,,0.9999999999999897,,,,,,,,,,,,,
Noise,233797858,ok,0.87891775,True,True,,0.9999999999999943,,,,,,,,,,,,,
Noise,348760553,ok,0.57865304,True,True,,0.9999999999999826,,,,,,,,,,,,,
Noise,24936615,ok,0.96542966,True,True,,0.9999999999999866,,,,,,,,,,,,,
Noise,164555084,ok,0.41299799,True,True,,0.9999999999999906,,,,,,,,,,,,,
Noise,383642141,ok,0.93033755,True,True,,0.9999999999999909,,,,,,,,,,,,,
Noise,1155124899,ok,0.04089531,True,True,,0.9999999999999915,,,,,,,,,,,,,
Noise,318434465,ok,0.71938211,True,True,,0.9999999999999936,,,,,,,,,,,,,
Noise,388079788,ok,0.96362108,True,True,,0.9999999999999902,,,,,,,,,,,,,
Noise,158494541,ok,0.99923658,True,True,,0.9999999999999937,,,,,,,,,,,,,
Noise,6895319,ok,0.50949401,True,True,,0.9999999999999927,,,,,,,,,,,,,
Noise,122278042,ok,0.97167438,True,True,,0.9999999999999879,,,,,,,,,,,,,
Noise,663423188,ok,0.04260502,True,True,,0.9999999999999948,,,,,,,,,,,,,
Noise,808463545,ok,0.06505869,True,True,,0.99999999999999,,,,,,,,,,,,,
Noise,120971520,ok,0.18147141,True,True,,0.999999999999986,,,,,,,,,,,,,
Noise,248346844,ok,0.98834068,True,True,,0.9999999999999892,,,,,,,,,,,,,
Noise,396837491,ok,0.96478647,True,True,,0.9999999999999946,,,,,,,,,,,,,
Noise,92133971,ok,0.9994936,True,True,,0.9999999999999891,,,,,,,,,,,,,
Noise,194668737,ok,0.99036521,True,True,,0.9999999999999937,,,,,,,,,,,,,
Noise,235157990,ok,0.76933932,True,True,,0.999999999999989,,,,,,,,,,,,,
Noise,164676924,ok,0.88042825,True,True,,0.9999999999999873,,,,,,,,,,,,,
Noise,317265390,ok,0.29823357,True,True,,0.9999999999999949,,,,,,,,,,,,,
Noise,432484953,ok,0.97757834,True,True,,0.9999999999999952,,,,,,,,,,,,,
Noise,67081807,ok,0.97903526,True,True,,0.9999999999999934,,,,,,,,,,,,,
Noise,414915693,ok,0.97872978,True,True,,0.9999999999999906,,,,,,,,,,,,,
Noise,164890240,ok,0.85855472,True,True,,0.9999999999999895,,,,,,,,,,,,,
Noise,15932453,ok,0.19678421,True,True,,0.9999999999999951,,,,,,,,,,,,,
Noise,272075171,ok,0.53476417,True,True,,0.9999999999999856,,,,,,,,,,,,,
Noise,194557565,ok,0.96368974,True,True,,0.999999999999992,,,,,,,,,,,,,
Noise,24798440,ok,0.96448201,True,True,,0.9999999999999845,,,,,,,,,,,,,
Noise,148670996,ok,0.77706999,True,True,,0.9999999999999962,,,,,,,,,,,,,
Noise,202271553,ok,0.8451454,True,True,,0.999999999999988,,,,,,,,,,,,,
Noise,264986410,ok,0.97810555,True,True,,0.9999999999999875,,,,,,,,,,,,,
Noise,204745448,ok,0.96233422,True,True,,0.9999999999999891,,,,,,,,,,,,,
Noise,293460056,ok,0.99634618,True,True,,0.9999999999999827,,,,,,,,,,,,,
Noise,260933523,ok,0.69659215,True,True,,0.999999999999996,,,,,,,,,,,,,
Noise,1102286775,ok,0.11887934,True,True,,0.9999999999999829,,,,,,,,,,,,,
EB,364302118,ok,0.99839461,True,True,,0.9999999999999936,1.0210095531760417,770.947296994403,790.8117917980842,7.0107039250324386,1.012794188785858,True,False,5.553377057530065,0.007204532670886438,False,,,
EB,202442974,ok,0.99750644,True,True,,0.9999999999999959,0.9851745375250187,2779.7963398020547,2701.04687932846,13.829567603973977,0.9928807910201128,True,False,6.703321322898728,0.01469296086665872,False,,,
EB,142677613,ok,0.97028095,True,False,odd and even eclipses differ (period may be wrong),0.9999999999999855,1.024852794582197,3628.077259848483,3969.923294048544,,,False,False,26.703629382187422,0.07849031537595658,False,0.11414230576150423,0.68765314361144,
EB,347809861,ok,0.99579686,True,True,,0.9999999999999977,1.0098161779836936,16836.262547176786,16765.62695939111,21.438346920797073,0.9981975527174476,True,False,121.92146839439727,0.28336871711524103,False,,,
EB,160472514,ok,0.95147282,True,True,,0.9999999999999959,0.9358734854478572,10074.017219152553,11262.139591278235,610.0262614877506,1.0844406724156008,True,False,15.125944710506877,0.018111120279502894,False,,,
EB,394596952,ok,0.92660701,True,True,,0.9999999999999891,1.05264893280597,1286.0083517084227,1233.3788518326853,0.8604343302914058,1.000967119109379,True,False,36.16548060177312,0.03891384771072067,False,0.02750796816223966,1.4146391140636088,
EB,279181220,ok,0.97859287,True,True,,0.9999999999999946,1.0077761991369538,7328.068467210345,7127.190783219203,82.58506392214314,1.0162986123937154,True,False,78.63125002048527,0.1113395666391111,False,,,
EB,7851729,ok,0.97935933,True,True,,0.9999999999999936,0.9874260404942432,2951.57392309282,3142.831947622695,4.738961261380137,1.002204241539392,True,False,70.06604603279179,0.11396724600177366,False,,,
EB,171970567,ok,0.30040145,True,True,,0.9999999999999858,0.978798821584398,29.128202914234116,33.30168160653994,1.094078346535187,1.0508629177720685,True,False,10.833296887448634,0.1003402714378005,False,0.08909408708131242,1.1262281788265496,
EB,427147238,ok,0.97828561,True,True,,0.9999999999999968,0.9987264607412296,2050.5471628296664,2059.9492758997017,42.554239047854715,0.9711290249974778,True,False,9.806553468648705,0.022057129526680208,False,,,
EB,300654002,ok,0.98679477,True,True,,0.999999999999997,0.9967110059409622,8303.733802371846,8377.607969899067,26.33363211647248,0.9955445768850545,True,False,78.53390094794366,0.1848447419539243,False,,,
EB,279569707,ok,0.9407202,True,True,,0.9999999999999982,1.0087178490936706,1680.1429218059961,1672.879925924289,1.1562579035888558,0.9989645860175812,True,False,3.4998386549747003,0.012161838153234955,False,,,
EB,37435039,ok,0.99615997,True,True,,0.999999999999994,1.1517325275728327,12218.34190568786,9194.114424204741,351.0610082767966,1.0471667659182042,True,False,619.241803942707,2.389884290681915,False,,,
EB,50380257,ok,0.5793522,True,True,,0.9999999999999792,0.9941663705236999,299.6361429698164,291.6859836679079,2.003434901438745,0.9904599815945563,True,False,12.498344294064761,0.01999071195442822,False,0.007272413646366715,2.7488414337398894,
EB,349059354,ok,0.99574077,True,True,,0.9999999999999871,1.0638834285874343,885.3025135546242,813.6593634039401,93.27112682883714,1.1663472119007205,True,False,2.975708640609108,0.003480007914006597,False,,,
EB,298700310,ok,0.89307976,True,True,,0.9999999999999974,1.0340883846384004,264.5785163993098,259.4687259392198,1.6642623109641763,1.0090268380767529,True,False,89.51682521168222,0.11067779772329565,False,0.007572127311036573,14.616473439634312,
EB,262530873,ok,0.21345684,True,False,odd and even eclipses differ (period may be wrong),0.9999999999999951,0.7831382138792485,31.488883305449733,40.20858993646935,9.300326152161578,1.452255042835034,False,False,9.086589939258287,0.008251045536019637,False,0.02417223570080887,0.34134391365973377,
EB,438790188,ok,0.08334345,True,False,odd and even eclipses differ (period may be wrong),0.9999999999999911,1.6335025886708023,341.37792465158776,210.8913301321981,141.36067722710354,2.2213042316510556,False,False,7.800516346515645,0.007821342300496177,False,0.07749614575416477,0.10092556506367731,
EB,13976604,ok,0.89514923,True,True,,0.9999999999999966,0.985811423413385,1190.9099099992388,1317.3870903873067,1.9257911334767708,0.997752672910771,True,False,12.490077912086313,0.011897587785993417,False,0.05129055103390572,0.23196451483097721,
EB,284863911,ok,0.97980708,True,True,,0.9999999999999841,0.9858429378888721,1389.8745049889128,1403.8078920302885,1.1238501716397309,0.9988639952137349,True,False,38.59917233402774,0.037095016898790655,False,,,
EB,320264006,ok,0.56717181,True,True,,0.9999999999999973,0.8216704068023125,118.98798999213157,103.64656608266034,4.5395695137936105,0.9406753631920873,True,False,37.92586518069943,0.06975245517258302,False,0.030833722655528695,2.2622132251707185,
EB,284891601,ok,0.9251765,True,True,,0.9999999999999899,0.9992986029420207,192.1792958990774,193.1940234103519,0.5112176056876494,0.9962533906458027,True,False,39.23221373259292,0.04280988851824114,False,0.0021059692621683947,20.327879085073768,
EB,106055469,ok,0.89054096,True,True,,0.9999999999999882,1.0301822336969904,2091.1143903701955,2048.0687201383817,69.18570147112177,1.0484903403677979,True,False,36.32374129526297,0.02522165125476152,False,0.08926325008758548,0.2825535842579553,
EB,373702832,ok,0.81519485,True,True,,0.9999999999999964,1.0047315753970703,224.3361389697142,223.27967435586612,3.544177477156129,1.022655209178315,True,False,8.217636037633717,0.022444838444533877,False,0.03973963175450751,0.5647973434476541,
EB,295802147,ok,0.89682436,True,True,,0.9999999999999862,1.0468116021462912,104.8996251625185,100.81055501257534,4.376073190081055,0.9415856984469826,True,False,64.03580193368629,0.0804835588937265,False,0.009601034400857794,8.382800803894192,
EB,77703308,ok,0.94839925,True,True,,0.9999999999999942,1.085070667398739,2641.1280415086435,2440.5327159900053,10.1647767644083,0.9943685882553391,True,False,146.3143828070626,0.1657806804046755,False,0.1820105251154919,0.9108301857789927,
EB,21442712,ok,0.97362506,True,True,,0.9999999999999981,0.9771836488158453,1668.1199195993154,1701.5175469029466,1.4446636638541892,0.9987885536658856,True,False,39.22200421459178,0.030314132338270565,False,,,
EB,309809572,ok,0.96731836,True,True,,0.9999999999999805,0.9690723626300072,1460.4238220002487,1519.089239916459,2.8562007099812683,0.9972936132763889,True,False,39.90639091480703,0.03464528245135983,False,,,
EB,148081650,ok,0.32945788,False,False,eclipse not repeated in both halves; odd and even eclipses differ (period may be wrong),0.9999999999999928,3.9921169941352757,34.480382255949955,8.796224321568978,3.875114503902686,1.2913304715892833,False,False,0.8311350796117477,0.0018563516113828322,False,0.00716226423328019,0.25918502179200614,
EB,198388252,ok,0.99171531,True,True,,0.9999999999999893,0.9536805139411839,1860.9030690279794,1938.8260556964387,3.4631538806648448,1.0025817050351413,True,False,28.8871908512037,0.036321368801527504,False,,,
EB,202839485,ok,0.89479262,True,True,,0.999999999999997,0.9519288505292113,133.30128715647058,139.65053535853403,0.740709874654312,0.9923482211481526,True,False,45.44424835614091,0.060997079241427214,False,0.005401898868561332,11.291784745624522,
EB,156563222,ok,0.88852543,True,True,,0.9999999999999885,0.9868489714912604,843.4157814293841,860.315409929658,1.1248758978775486,1.0018682642588175,True,False,109.09363822098938,0.38661930793405247,False,0.028996546795217303,13.333287948543637,
EB,188630094,ok,0.99585646,True,True,,0.9999999999999952,1.000482590720004,6461.408886952373,6451.055991100475,52.13004848815754,1.011513058312094,True,False,71.15957113053742,0.1727152077301978,False,,,
EB,319936228,ok,0.93744767,True,True,,0.9999999999999967,1.0378518028360444,2640.9093225313677,3638.186129560768,18.70133448657008,1.008849873660006,True,False,10.595059477405586,0.022533615401832047,False,0.045208755990571156,0.4984347591101978,
EB,55753802,ok,0.99955714,True,True,,0.9999999999999862,1.0070945653070842,1908.1358072043436,1895.93579352134,2.9221932554963983,0.9978300543020946,True,False,22.48805198799776,0.029324858283033894,False,,,
EB,279918206,ok,0.95898867,True,True,,0.999999999999986,1.0035712332041058,55.47264333404681,59.15698657850559,1.8307728156876166,0.9557866476199095,True,False,7.404281996154798,0.017215334955097767,False,,,
EB,16617827,ok,0.69451106,True,True,,0.999999999999992,0.9974108592515366,1337.1462970671519,1354.367625314315,1.3545092013245603,0.9985764308522158,True,False,168.7898859715687,0.9210792226478365,False,0.38193406359186605,2.411618419120898,
EB,158431889,ok,0.97601539,True,True,,0.9999999999999879,1.0028486318804901,2054.2119332466546,2002.2498831578796,1.5807763935754195,1.001102996296249,True,False,11.418637327262726,0.012690461296655468,False,,,
EB,200440270,ok,0.86122286,True,True,,0.9999999999999902,1.0423190119630656,1191.3143009023256,1147.7181949604712,3.7829080300389446,1.0045901973305076,True,False,49.3156411538249,0.041038803483185754,False,0.04836392083063548,0.8485416975786271,
EB,31107108,ok,0.96844071,True,True,,0.9999999999999889,0.9270793166854946,5246.147559364566,4644.077460570438,1.7789272310407949,0.9994885462343995,True,False,29.787096641749077,0.04186336246628852,False,,,
EB,95927692,ok,0.98143721,True,True,,0.9999999999999915,1.0175933298576294,1911.8512898686852,1829.539046851888,10.455197866897693,0.9920427766036418,True,False,20.82502045197133,0.04755583649133002,False,,,
EB,265435357,ok,0.99862105,True,True,,0.9999999999999913,0.9601047177104467,12605.908354940391,13177.871306906336,379.3258774241476,1.0425257981056946,True,False,43.43777675609503,0.04480819287429861,False,,,
EB,237234024,ok,0.89167112,True,True,,0.9999999999999871,1.02946627544711,633.3056438402837,729.9939048399573,6.2463654522927055,0.9869559813714288,True,False,57.05465669547412,0.1735098041672981,False,0.17913055633984404,0.9686220358637065,
EB,20176492,ok,0.98041558,True,True,,0.9999999999999962,1.0074574035765709,4767.296388602465,4736.26521390106,8.141201777155205,0.9975322578959462,True,False,43.22209742404302,0.0625238577206627,False,,,
EB,272539879,ok,0.95760834,True,True,,0.9999999999999953,1.0065926140246364,6721.73625634689,7011.310964902968,57.27977192079883,0.9882457232262066,True,False,96.31774736449997,0.23439347858170348,False,,,
EB,92902907,ok,0.67029721,True,False,signal source >= 1 TESS pixel from the target (likely a neighbouring star),0.9999999999999927,1.0930519797272054,53.71018345950345,52.69675715008279,0.9567154023484976,0.9746423556823384,True,False,110.24496503583214,0.11310543338224069,True,0.003197501002472814,35.373072063079775,
EB,213067604,ok,0.95854914,True,True,,0.9999999999999913,1.0043358183931588,1806.9496789927014,1770.5567421542423,2.4631477583870383,0.9980545199748835,True,False,38.24161245972762,0.028026816550558036,False,,,
EB,369362290,ok,0.99842501,True,True,,0.9999999999999959,0.9848293408419054,9724.748883596694,11079.269251730422,126.3184886231443,1.0175178759735743,True,False,53.26502436359933,0.07063116899059964,False,,,
EB,326149070,ok,0.89485759,True,True,,0.999999999999986,1.0420565281098797,52.042920134659504,48.32731288891003,1.614035690731949,0.9555339344063691,True,False,10.661224620023376,0.02845667288888903,False,0.006306598437013624,4.5122062508175445,
EB,222945452,ok,0.48381498,True,True,,0.9999999999999897,0.9112332001825217,320.78138755416455,355.2779339885989,2.7470511186763122,1.0114992660695938,True,False,10.431385772099231,0.009425392366941725,False,0.01202078150248925,0.7840914806570543,
EB,386262459,ok,0.99482703,True,True,,0.9999999999999915,1.0061188897984685,211.97995864257226,243.15277090820305,4.26141872555318,0.9736525645641475,True,False,51.56081637302665,0.10211396810239587,False,,,
EB,144804862,ok,0.83801669,True,True,,0.9999999999999956,1.0171882365133524,903.5718356853653,827.0526578497339,13.830226364919735,0.977576966818948,True,False,20.691055271524814,0.024483667100165515,False,0.052298409334122956,0.4681531888234839,
EB,273865522,ok,0.83404291,True,True,,0.9999999999999803,1.0089940817823206,525.8889283957931,528.0178194450257,0.8365371166366857,1.0022474629649436,True,False,22.923718360909895,0.02316256561313073,False,0.02290424001079474,1.0112785057358045,
EB,115971584,ok,0.99871194,True,True,,0.9999999999999836,0.9784869554443346,1626.604852883081,1656.3799872273125,2.0506142275479835,0.9982343941125187,True,False,13.446278279834296,0.01970529937623224,False,,,
EB,201693184,ok,0.92376685,True,True,,0.9999999999999825,1.002425282461745,1589.9608294006605,1391.259862740239,4.973654988414004,1.0047607545702988,True,False,9.753320631565524,0.022089606134635512,False,0.061310361606375645,0.36029156501237175,
EB,273583841,ok,0.90375757,True,True,,0.999999999999984,1.0127306239901406,483.1108965272677,479.10173878264897,4.2585063757654344,1.0126676581007128,True,False,16.29247671454671,0.012778064952640477,False,0.017304503107746956,0.7384242629261014,
EB,256516208,ok,0.95570701,True,False,odd and even eclipses differ (period may be wrong),0.9999999999999948,1.4573406308932326,43.93586791304908,28.33286799574944,8.444255159647792,0.7177993198690479,False,False,13.900171159503925,0.01740297432265582,False,0.0017072025225952838,10.193854620247324,
EB,366622912,ok,0.76198763,True,True,,0.9999999999999885,0.9455654586202471,27.95032064192481,29.614263573455354,1.6683074035897012,1.0854192059209675,True,False,6.080802784267119,0.03268911654383151,False,0.020193895970642226,1.6187622532746908,
EB,324596129,ok,0.53934354,True,True,,0.9999999999999968,0.9919705177632907,2198.5327629257276,2369.2187191176226,11.132247422873801,1.0069766800052784,True,False,400.01660857514963,0.7807241860239891,False,0.43039493399860507,1.813971597599054,
EB,250196734,ok,0.99007148,True,True,,0.9999999999999938,0.9896159783171956,1759.0660569956567,1777.5239037539409,3.6353667199187147,1.0029175578793907,True,False,29.51101237559057,0.07865843095579618,False,,,
EB,186544053,ok,0.51055521,True,True,,0.9999999999999852,0.7476258770149584,24.010515292006517,40.48412156405052,3.893679875642663,0.8420904636638169,True,False,16.299078237102695,0.07360067833559629,False,0.014427543729529878,5.10140046811659,
EB,122104276,ok,0.84311157,True,True,,0.9999999999999908,1.0224164831544615,79.44536335825084,78.7491226431472,4.282249757241755,1.0853030731153894,True,False,6.479629443795552,0.01239711387675047,False,0.02177265875126111,0.5693890681142655,
EB,231860752,ok,0.46448037,True,True,,0.9999999999999866,1.0437336642247457,435.1610180892739,379.3894631384442,11.21162621742611,1.0399090213564424,True,False,4.349517797845189,0.013697939804050215,False,,,
EB,441387582,ok,0.99253953,True,True,,0.9999999999999889,1.0224153432077063,1505.680408853244,1429.3015554686197,1.7094754037867521,1.0016517268636242,True,False,10.48182037258599,0.011057530961625074,False,,,
EB,345324572,ok,0.15561278,True,False,odd and even eclipses differ (period may be wrong),0.9999999999999927,1.5246568757538037,25.56409611527551,16.817541832677115,10.864794841877995,0.4669449640700456,False,False,2.9737176913734444,0.0041328275865851385,False,0.022140273285868893,0.18666560855971592,
EB,394881270,ok,0.94925672,True,True,,0.9999999999999943,0.9863752615796927,12191.390837500023,12175.854037362365,86.08072992971866,1.0100467741267931,True,False,18.913885056857342,0.02743176762564547,False,0.2840528655229411,0.09657275442422876,
EB,280055342,ok,0.98603529,True,True,,0.9999999999999967,0.974206845362138,2194.0824401347854,2230.867512285415,11.923152675088101,0.9923939587107652,True,False,3.3390036236361276,0.005471335929615078,False,,,
EB,137205922,ok,0.99598533,True,True,,0.9999999999999966,0.9288739760076411,69.5698356562591,73.0954211577624,0.6716427469942888,1.01454724339122,True,False,103.4312595574407,0.20971542428055917,False,,,
EB,406276109,ok,0.84440929,True,True,,0.9999999999999987,1.0183636448485167,20.669411550323865,28.703854746392942,0.2976724316665951,1.0181678156175968,True,False,3.864791697391052,0.049001448776982676,False,,,
EB,234840976,ok,0.97165197,True,True,,0.9999999999999881,0.9986676152769185,2704.6927798025517,2974.733054985098,27.561768366738743,1.013892997383049,True,False,24.62779279887012,0.031931293969390914,False,,,
EB,350743714,ok,0.67013586,True,False,odd and even eclipses differ (period may be wrong),0.999999999999999,0.9618640118853486,52.13409016176741,53.71498440828572,,,False,False,0.6719303359030936,0.004733912310530551,False,0.004742144989669112,0.9982639334823173,
EB,78568736,ok,0.94796365,True,True,,0.9999999999999943,0.9891364037390024,3960.373385102642,3947.3417525626614,70.28506299361368,0.9750649302293092,True,False,96.8248864441871,0.2807939851697851,False,0.28617056057142537,0.9812119898325519,
EB,24004619,ok,0.99787349,True,True,,0.9999999999999983,1.0106547075544954,697.5140432961067,687.0961071299668,7.932059157775873,1.0163403915329823,True,False,2.801242707755097,0.005876534722526393,False,,,
EB,354535363,ok,0.88787884,True,True,,0.9999999999999946,1.0376969229790738,67.4579310763012,65.11045837643283,1.3131599003914516,0.9723728296758496,True,False,7.249830704922138,0.02255980129719359,False,0.027040505357715714,0.8342965857609757,
EB,406758816,ok,0.99887729,True,True,,0.999999999999998,1.0393405563354623,27813.913718361182,27604.393518139714,354.77961573891514,0.9820429137406085,True,False,189.9655754447975,0.4116621324586813,False,,,
EB,402107145,ok,0.51045865,True,True,,0.9999999999999911,0.99926157750375,1621.9209722487367,1606.0754407566362,2.4448586142777438,0.9978591864709538,True,False,13.521152683268879,0.02065205579577151,False,0.2816334691851129,0.07332955083615174,
EB,303351921,ok,0.98626006,True,True,,0.9999999999999862,1.007602244526215,6178.905362743951,6593.164455359684,26.824757010199267,0.9940690276653743,True,False,8.317529254567921,0.007011584969771437,False,,,
EB,406947878,ok,0.9901368,True,True,,0.9999999999999792,0.9988659932751526,4322.463553166562,4146.364036507513,0.3467772601778165,0.9998840607245862,True,False,21.64124643731339,0.03230964249583143,False,,,
EB,61386324,ok,0.99566132,True,True,,0.9999999999999853,0.9897043893228755,721.0789742732685,711.6847563279291,2.6711829077316023,1.0052904015629789,True,False,6.694457428214233,0.009514067841481427,False,,,
EB,193271278,ok,0.9849956,True,True,,0.9999999999999762,1.0740085766380143,230.20466190343186,229.37540947627443,10.097009899297209,0.9396562169255998,True,False,5.4658663811739245,0.012225877955626754,False,,,
EB,88479623,ok,0.99983221,True,True,,0.9999999999999953,1.024824182033833,6238.370267573377,6098.438589571498,76.65015471522487,1.0177075473705115,True,False,28.94954417211863,0.045453222156293153,False,,,
EB,276458481,ok,0.92389387,True,False,odd and even eclipses differ (period may be wrong),0.9999999999999875,1.2744337343178065,71.1717993388139,55.845821891172356,23.27705812899856,0.5988552206273924,False,False,12.969243569506528,0.020626145987990296,False,0.0031688039107223166,6.509126651288639,
EB,137341354,ok,0.98011786,True,True,,0.9999999999999979,0.9936244438362992,309.3409752530747,250.33226021541668,2.0284721624596074,1.010447422057358,True,False,9.430918708069482,0.025134188459583703,False,,,
EB,207384197,ok,0.98710221,True,True,,0.9999999999999847,0.9923002461508533,2842.55490290259,2871.5596000340133,7.146960164978321,1.003544413391706,True,False,21.070842150341914,0.01708976706564357,False,,,
EB,419994778,ok,0.99962753,True,True,,0.9999999999999835,1.0043479638278776,1825.2087429944306,1820.5924394776214,5.115959175873788,1.003974807861569,True,False,8.644738190823462,0.009707328622551376,False,,,
EB,470937126,ok,0.41464645,True,True,,0.9999999999999959,0.8379164880490351,31.899468190462056,35.97860336464762,0.36142813637132726,1.015276233272789,True,False,53.60890094277617,0.1959117135567788,False,0.04002793799732011,4.894374363473212,
EB,313142195,ok,0.9085235,True,False,odd and even eclipses differ (period may be wrong); signal source >= 1 TESS pixel from the target (likely a neighbouring star),0.9999999999999862,0.8920086194430435,19.06334744245207,21.65458479996841,11.935872250396631,2.39168501723562,False,False,28.879040730276348,0.051866961270655106,True,0.0019064376811051813,27.206219109447783,
EB,121595243,ok,0.94420278,True,False,odd and even eclipses differ (period may be wrong),0.9999999999999968,0.8166148183611492,19.979075175062075,24.205445862150196,8.646448654483471,0.5687879635847455,False,False,4.541948822927829,0.04595055712202871,False,0.03341274578092959,1.3752403775284792,
EB,25375553,ok,0.97866321,True,True,,0.9999999999999984,1.0492070487630065,160.9607380230046,127.63426937109357,3.414107549268944,0.9666588093233708,True,False,1.2611099583274237,0.0038201081512167245,False,,,
EB,98478039,ok,0.32329208,True,True,,0.9999999999999916,1.0079185346065804,33.710955139129894,33.33215453579754,1.7218950222950244,1.075619368548084,True,False,11.343432138400837,0.024008127910405668,False,0.02168664726707241,1.1070465441127935,
EB,152926069,ok,0.8682636,True,True,,0.9999999999999954,1.1208879837434362,772.919029659338,662.9431840731451,0.45500658287177853,1.000897830035747,True,False,158.44013656733668,0.334129068234652,False,0.027042038301233258,12.355912838841515,
EB,234518605,ok,0.95502555,True,False,odd and even eclipses differ (period may be wrong),0.9999999999999942,1.0355582195848527,290.55691642931384,242.45508503329046,88.59940394260056,0.6252245602162927,False,False,6.0801909797396085,0.006197888273860106,False,0.01453240963866659,0.42648730857195877,
EB,97908039,ok,0.9230929,True,True,,0.9999999999999859,1.012573742467399,151.49605403615246,149.48513049693207,22.44919160058094,1.235972365048363,True,False,0.8643200003780949,0.0012624089217634195,False,,,
EB,42705187,ok,0.99155945,True,True,,0.9999999999999866,0.7530382900883128,879.5788218718127,1156.3005770197558,46.22735200927275,0.9375893305583064,True,False,0.93171692365874,0.004600882572709962,False,,,
EB,206556127,ok,0.99968255,True,True,,0.9999999999999777,0.9643279550972949,2625.746004104257,2794.7326343885784,47.57070005773293,1.0252032429677296,True,False,4.1302237725870805,0.019759500066072667,False,,,
EB,440003271,ok,0.69599283,True,True,,0.9999999999999863,1.006308953198921,2052.054909014715,2355.5997234587026,7.885238876218387,0.9949194068464507,True,False,74.61344692386409,0.28411428733455724,False,0.11081984504397556,2.5637491842892843,
EB,106309554,ok,0.94823366,True,True,,0.9999999999999799,0.9912672586157172,4271.6325134694125,4429.9059442850785,23.505732900420018,1.007674658499718,True,False,59.69197763902317,0.07743301385951713,False,0.1121356841338994,0.6905296423487783,
EB,260370454,ok,0.98503071,True,True,,0.9999999999999905,1.0086569274485497,4434.350305836958,4379.617381183862,77.52015166227861,0.9754143948396217,True,False,65.8221550123731,0.09006278419674246,False,,,
EB,397100292,ok,0.99796152,True,True,,0.9999999999999958,0.8801352109427315,402.31060688245526,374.6629020722152,54.751295617139014,0.8186307188216388,True,False,6.0246529033916225,0.020540825747843282,False,,,
EB,133701671,ok,0.96532667,True,True,,0.9999999999999848,1.0022137512382103,1388.1098823930547,1400.8282239364485,2.1282145083715256,1.0021598277444879,True,False,5.596460373227702,0.014394559627822415,False,,,
EB,261136311,ok,0.95407355,True,False,odd and even eclipses differ (period may be wrong),0.9999999999999972,1.001559963229706,2197.4432290396308,2261.544708319869,,,False,False,56.668421906038056,0.15355835275888377,False,0.2483178175308005,0.6183944200453393,
EB,322129367,ok,0.96140462,True,True,,0.9999999999999879,1.2452283663736012,407.844069322574,327.7500841798616,25.181234357081426,0.9076151282470187,True,False,10.990501304295503,0.0164229447949192,False,,,
EB,229975095,ok,0.71340746,True,True,,0.9999999999999934,0.9858416389213722,49.147458112768824,40.33997320955597,1.193192412937437,1.0390690445967725,True,False,7.876067021424176,0.03602870803900238,False,0.026893814260475008,1.3396652364016894,
EB,333620087,ok,0.92534101,True,True,,0.999999999999983,0.9318290682945488,309.42571868300456,334.54197011906524,0.8610773285189806,1.0037945474060692,True,False,102.94782730100916,0.20618629952023815,False,0.013496380217563364,15.27715551847894,
EB,346599599,ok,0.95432615,True,True,,0.9999999999999958,1.022574770387036,1001.3894094406019,908.526137990809,2.8380739072105707,1.0042247334360186,True,False,14.038312550791115,0.05007925552557671,False,,,
EB,149566964,ok,0.99451649,True,True,,0.9999999999999916,0.9493144100958103,328.2872712236072,300.85174514033434,2.3325346806035174,0.9890330870060549,True,False,1.0982885566027971,0.003848578965191777,False,,,
EB,423275733,ok,0.77867967,True,False,signal source >= 1 TESS pixel from the target (likely a neighbouring star),0.9999999999999974,1.0130500626500005,36.76439073226805,36.94746526256142,0.5609619301852902,0.9786333733509399,True,False,166.38322190630038,0.37247290745860145,True,0.007607442357847404,48.961647021141026,
EB,185805011,ok,0.24104889,True,True,,0.9999999999999897,1.1171849330564483,180.99163743626696,180.9725267009985,5.522686453278674,0.9575290306474893,True,False,97.87261029917585,0.19352286009841263,False,0.11445636070148943,1.6908003968703358,
EB,66715008,ok,0.99735153,True,True,,0.9999999999999901,0.9884069221203751,1786.959826339951,1812.2718663133783,0.1387292909549908,0.9998909455333219,True,False,38.9147485508486,0.07231207762187723,False,,,
EB,237915523,ok,0.99779242,True,True,,0.9999999999999849,0.9986471288280243,1722.9060754241123,1733.103988258149,4.676441481931069,0.9961793254374285,True,False,15.192701481974822,0.024442224914792664,False,,,
EB,218821972,ok,0.02398877,True,True,,0.9999999999999936,1.1161869289148232,25.424562440402376,22.77805068468289,1.3195957699305507,1.0869713398966276,True,False,22.713250187831502,0.03494415312182583,False,0.21758238909637612,0.1606019368890542,
EB,263635510,ok,0.78949237,True,True,,0.9999999999999981,1.0262250923593637,433.1485700888413,428.22660868325835,17.17208786905897,0.9450562469850331,True,False,152.09970454175973,0.3389536885717481,False,0.03658261940265053,9.265429706960509,
EB,470391356,ok,0.59991616,True,True,,0.9999999999999865,0.887327115128951,173.92397206580648,196.2177086413483,7.045089286776358,1.0553388773014385,True,False,16.695385576216648,0.048989709939291734,False,0.015514831638864808,3.1576049988561925,
EB,364398410,ok,0.7543965,True,True,,0.9999999999999837,0.9730678495336174,624.4504740160498,627.6467514089271,23.095173173281353,1.0505184416927529,True,False,48.90972203044615,0.06445112971260572,False,0.08353523017142367,0.771544288324157,
EB,138910382,ok,0.92925596,True,True,,0.9999999999999947,0.9889353745876961,136.68779866295162,136.0703899251779,0.1413969204443664,1.0014754313539809,True,False,7.770000835840423,0.03389167300575069,False,0.06444567834743989,0.5258952015840956,
EB,310519261,ok,0.91006088,True,True,,0.9999999999999806,0.9987479607134399,1227.9292451979518,1210.215933235742,1.2065168862340694,1.0014016778486035,True,False,83.10977761710267,0.18403996194902972,False,0.1401879955990668,1.3128082840657636,
EB,24733359,ok,0.997715,True,True,,0.9999999999999937,0.9786566028241258,1430.4066209325324,1498.1022326855116,3.2422454504339226,0.9968721091194288,True,False,83.17080805198776,0.0731913765078316,False,,,
EB,193867475,ok,0.95380318,True,True,,0.9999999999999867,1.2672592962032176,89.22230400982221,70.50622851888424,4.224900612965262,1.080123000887348,True,False,3.659637606636469,0.009598965619948045,False,,,
EB,243642384,ok,0.98106056,True,False,"no secondary eclipse, smooth wide dip (possibly not eclipsing)",0.9999999999999898,0.8638590807057241,186.7845973572592,218.71924151409,1.0484420106034955,1.0073355072418644,True,True,4.969946207015569,0.005304333561731357,False,0.0028166459765646148,1.8832091806585172,
EB,9461737,ok,0.9453308,True,True,,0.9999999999999918,1.0005253297953687,103.47500506416938,103.32352085320402,2.1960990681583312,1.0305874081843307,True,False,6.985516968891399,0.06811847434980749,False,0.14333759996579848,0.4752310235839104,
EB,441687696,ok,0.951199,True,True,,0.9999999999999916,1.0116226956712655,2304.7876660198735,2284.0754668001678,1.1144344158860595,1.000700348686309,True,False,76.82843510615616,0.1708953589345436,False,,,
EB,121092386,ok,0.99758971,True,False,odd and even eclipses differ (period may be wrong),0.9999999999999826,0.9949542975870297,5355.024287953705,5443.066661479195,2998.6321615501056,0.43360446052065504,False,False,119.05599811483744,0.07357048733223234,False,0.10598589247732937,0.6941535860347569,
EB,8989778,ok,0.98909706,True,True,,0.9999999999999865,1.007121879832134,3131.174355321618,3015.247897276372,3.2582137716334296,1.0015005106953887,True,False,27.39456989974892,0.052110707589402505,False,,,
EB,139303531,ok,0.97934353,True,True,,0.9999999999999848,0.8119690276648036,41.24752122403212,49.632220824788256,3.2656706832796654,1.10662179911385,True,False,33.237990810085684,0.044657303975964305,False,,,
EB,116502572,ok,0.99826336,True,True,,0.9999999999999972,0.994547060266743,3863.6436963275796,4122.251963196118,4.131857184634854,0.9984038231385236,True,False,96.83001469858203,0.18285306304073848,False,,,
EB,233193944,ok,0.9970336,True,True,,0.9999999999999993,0.9853121754361349,1693.7244394039867,1503.3615349826903,6.518090102446894,0.9942121316968453,True,False,0.7860396035668838,0.002281285850078833,False,,,
EB,84070123,ok,0.76877117,True,True,,0.9999999999999947,1.0011372434780765,4557.1021970060565,4960.870077973167,53.454609971121684,1.0159416010794342,True,False,357.7373386965216,1.1423029548632377,False,0.37037832833041623,3.084151710529305,
EB,219927211,ok,0.86969638,True,True,,0.9999999999999815,1.3009746948652083,114.50191169276523,87.11720235454176,2.8397339288742875,0.9608678867407907,True,False,10.12424018231056,0.00987920189917236,False,0.0071710348039541304,1.377653598016975,
EB,181159386,ok,0.97575945,True,True,,0.9999999999999867,1.0520467523717982,127.08017807789534,119.44693527848622,4.006610328588685,0.9550652937720433,True,False,0.7409755196194696,0.0017402587306152746,False,,,
EB,156241056,ok,0.99185407,True,True,,0.9999999999999886,0.9926325367827954,4097.576583605455,4400.776223728957,49.542280950164354,1.016663508173738,True,False,14.433934625880516,0.02143537046823846,False,,,
EB,17206122,ok,0.99966174,True,True,,0.9999999999999966,0.924523674190371,255.57485022593525,331.08830058081855,9.140323534811612,0.9569279229462551,True,False,13.058409104220893,0.039854872175742066,False,,,
EB,172517058,ok,0.89134574,True,True,,0.9999999999999963,1.0034486850021045,771.7556812945189,687.1175550655865,6.031028626151691,0.9883298595404332,True,False,83.28650979854467,0.35267901006045843,False,0.21612336447161665,1.6318411983021648,
EB,270704947,ok,0.4806481,True,True,,0.9999999999999936,0.9867861395438535,223.49662172033732,228.09007319720644,12.65058406051199,1.0824971230600142,True,False,17.543976060750044,0.07511709747484548,False,0.2341452924456593,0.32081404110346884,
EB,139460937,ok,0.9931348,True,True,,0.9999999999999805,1.0027554235446838,5119.936406483415,4233.561746981005,0.8601724682070444,0.9997364139854972,True,False,35.654606984409085,0.1355243527876017,False,,,
EB,139256217,ok,0.93807471,True,True,,0.999999999999989,0.9680722675702212,221.6735337461099,233.69078652227023,1.998700219800018,1.0123977497840724,True,False,4.831605174821785,0.01678751821954261,False,,,
EB,160150808,ok,0.92524934,True,True,,0.9999999999999785,0.9039213818059699,637.3443340560477,700.507569501895,7.068452447061479,1.0150735459437772,True,False,31.014961269518615,0.030453387993967504,False,0.06092162237073117,0.49987815177749356,
EB,19271382,ok,0.91503948,True,True,,0.9999999999999901,1.0370255328185725,83.13291533907434,93.54587022497732,12.145139438692794,1.2204609772248949,True,False,40.2111902293852,0.07161426492904345,False,0.012107676460592822,5.914781846221966,
EB,80650858,ok,0.84841561,True,True,,0.9999999999999912,1.0068102569579604,6540.599820138848,6525.443167799285,27.753729242312083,0.9940092710478535,True,False,271.3885451718651,0.4886085622544207,False,0.205431297937536,2.3784523933786774,
EB,255907472,ok,0.99722886,True,True,,0.9999999999999889,1.0197474984179224,1574.7468103490348,1554.136451890081,5.1056208162541825,0.995394328383589,True,False,5.390088041820472,0.007996307631235188,False,,,
EB,52641431,ok,0.30491266,True,True,,0.9999999999999881,1.0249974806522155,551.9860085042776,539.1259140179466,26.832703885432398,1.0735180485800688,True,False,9.086227932948871,0.006548370662833786,False,0.018864954276981854,0.3471182896437658,
EB,140346195,ok,0.99500591,True,False,odd and even eclipses differ (period may be wrong),0.9999999999999899,0.8781239214950446,9.924923946275268,11.868630211162952,3.4025864523527956,1.5783202472437312,False,False,3.4348384043528175,0.006033331037891019,False,0.00019051272555671098,31.668913560816407,
EB,315810194,ok,0.5873462,True,False,odd and even eclipses differ (period may be wrong),0.9999999999999803,0.9129848670446283,280.203115425452,295.26696291166445,58.32566154336364,1.3367417673532533,False,False,30.112193467235016,0.05119088341407314,False,0.10457475498766616,0.4895147344128202,
EB,154840461,ok,0.9995237,True,True,,0.999999999999996,1.4816623019271378,50.19174199865475,38.9028000214058,3.646608142403533,0.8896714101794421,True,False,5.371541826112653,0.006943437679258391,False,,,
EB,198507944,ok,0.87356889,True,True,,0.9999999999999964,0.9742656724757937,1332.1319879249093,1353.1461163084107,3.7413703532113867,1.0039757296536478,True,False,163.59019537893215,0.7317059041637805,False,0.0543034526573765,13.4743900867671,
EB,353863850,ok,0.98748201,True,True,,0.9999999999999974,1.0312167768464737,6984.737680681097,6088.741364426821,72.90763752563976,1.0160941554710898,True,False,17.78229373647827,0.020521626025597123,False,,,
EB,244207973,ok,0.94446099,True,True,,0.9999999999999816,1.004388862215003,2923.6924456527554,2922.199498430681,0.7598717577522526,1.0003683216558121,True,False,128.9564145154392,0.1977916517262138,False,0.18363253002046925,1.0771057377696982,
EB,39046291,ok,0.98321074,True,True,,0.9999999999999926,1.0619254154690843,61.09622218448314,55.44662473123663,3.106538291118082,0.9275280693832642,True,False,29.740044997856288,0.028876122024880154,False,,,
EB,281498280,ok,0.87689471,True,True,,0.9999999999999934,0.99060032887002,903.7514232601135,945.4463515261676,6.967298378218398,1.0107156302111715,True,False,184.08091504218214,0.6138189780661932,False,0.208788986474099,2.939901133828913,
EB,11113164,ok,0.82353771,True,True,,0.9999999999999952,0.9919440441674507,6609.993553700331,6700.356893382978,0.9851084385579653,1.000209469054424,True,False,99.55746139048148,0.1615277488609805,False,0.3835606360863843,0.42112702311975975,
EB,44737596,ok,0.99459136,True,True,,0.9999999999999923,0.8615137711025407,18.96898984476749,25.4033817803317,1.4089419139331691,1.093614160146291,True,False,29.455154873033848,0.323386538834894,False,,,
EB,147214032,ok,0.9857617,True,True,,0.9999999999999891,0.9998211306251102,4737.037997753089,5295.147424866038,2.433972225184096,0.9993108817715203,True,False,14.000605443449397,0.03834430481878023,False,,,
EB,167005326,ok,0.992984,True,True,,0.9999999999999933,1.016718412241481,636.025230076296,628.1931577547313,1.5068421479377097,0.9966322312474687,True,False,16.82133542889033,0.01569941283924546,False,,,
EB,449351034,ok,0.03170557,True,True,,0.9999999999999934,0.5727841732344162,9.56688082178203,16.830735757735503,2.5869328560356593,1.3394466106350416,True,False,38.52141058067234,0.2680073260784295,False,0.3078091037811321,0.8706933056437354,
EB,167201539,ok,0.94109505,True,False,odd and even eclipses differ (period may be wrong),0.999999999999996,1.0098037672677926,156.8402227212149,158.42418398219675,,,False,False,1.624673578574766,0.006201563531706681,False,0.027200144543364266,0.2279974476539909,
EB,196920546,ok,0.72760618,True,True,,0.9999999999999957,0.9904285444661451,1408.2221481529339,1322.739263553788,24.399082660754182,0.9750219759070509,True,False,231.67931004690277,0.6673137372230451,False,0.2487969967458354,2.6821615451602723,
EB,122375269,ok,0.97331589,True,True,,0.9999999999999967,1.0062721065815747,7766.789170223659,6154.028872262371,84.75280655275705,1.017725033725487,True,False,43.7722811271978,0.09052237768485094,False,,,
EB,388602832,ok,0.88716155,True,True,,0.9999999999999959,1.0214620974996074,3456.3949897225098,3291.664135786763,19.86325415981271,0.9916790525571155,True,False,33.84834508387272,0.048838718168801885,False,0.04421290937975199,1.1046257496722973,
EB,90616971,ok,0.20668012,True,True,,0.9999999999999949,0.9000080435948352,35.08957496920098,34.88821916188469,1.775894505857921,0.9304138009179522,True,False,48.58819426579738,0.09159427094100421,False,0.04732780916209134,1.9353160977155361,
EB,65448527,ok,0.99061888,True,True,,0.9999999999999988,0.987482098408074,818.5078067234684,845.5463363898714,3.388559592102491,1.0057757988861709,True,False,36.37923926725631,0.046924382818995504,False,,,
EB,453828065,ok,0.36861145,True,False,odd and even eclipses differ (period may be wrong),0.9999999999999768,1.0172416527611832,30.20784838963254,29.76032913933201,,,False,False,7.189825894388568,0.06742530662060489,False,0.11290274390364721,0.597198121935341,
EB,383858742,ok,0.99328274,True,True,,0.9999999999999966,1.007599967824849,1719.2516803844776,1732.7395698550595,1.266353883571886,1.001036453322993,True,False,20.798158243772793,0.024989193728138164,False,,,
EB,13070701,ok,0.99288648,True,True,,0.99999999999998,0.999315791750336,2303.231569311706,2324.4144682540546,0.5041576271747543,0.9996916810815891,True,False,29.486256156172164,0.0220167600534956,False,,,
EB,159636127,ok,0.89376795,True,False,odd and even eclipses differ (period may be wrong),0.9999999999999919,1.0844568780460841,57.92429300736706,54.87456110932672,28.831969313713827,2.1590983531427868,False,False,1.520581312517281,0.00218313289700888,False,0.00029507950444135876,7.398456565602422,
EB,235982927,ok,0.92319465,True,True,,0.9999999999999962,0.9924866087666903,82.7333522774732,77.7014249793821,1.0752112344194986,1.0190972149342166,True,False,1.5555964219686185,0.003943894531320356,False,,,
EB,253929719,ok,0.88292509,True,True,,0.9999999999999971,0.9478027225639067,31.52811814270053,33.21504044755278,2.6344640182129995,1.122104482049206,True,False,27.09672272534189,0.2319571701036378,False,0.029002675599498463,7.997785214949237,
EB,265591866,ok,0.99724329,True,True,,0.9999999999999977,1.061058792400482,9137.26379456446,7662.850920402433,300.5101156569962,0.950290684431381,True,False,62.67253684155572,0.11213206010784445,False,,,
EB,467574373,ok,0.95146698,True,True,,0.9999999999999946,0.9079755245047829,430.2776672312848,433.1247718423806,4.720541961513047,0.9846673625027857,True,False,4.108483847184798,0.0057092149497152455,False,,,
EB,231826813,ok,0.99983686,True,True,,0.9999999999999912,1.0317601037001558,66.99814302418821,66.03187758735905,0.9429631749676388,1.0203001328487427,True,False,3.0122860682061035,0.0037332456438957415,False,,,
EB,325564366,ok,0.95865548,True,True,,0.9999999999999927,1.0012354466632345,50.68630390602699,53.52619692968648,1.8262129009188919,1.0508346249116611,True,False,31.98426129836724,0.045173432834174035,False,,,
EB,120566395,ok,0.99872518,True,False,"odd and even eclipses differ (period may be wrong); no secondary eclipse, smooth wide dip (possibly not eclipsing)",0.9999999999999944,1.8655301564949014,310.5830075340709,162.91605665494365,182.72211859788274,0.29734774679448056,False,True,4.641610683259204,0.0039043060037125517,False,0.004422836448351938,0.8827606558156578,
EB,305399325,ok,0.2487658,True,True,,0.9999999999999922,0.9145068269114748,351.3845004483258,541.8428379427504,15.739730054101061,0.9496763220697183,True,False,2.777829304811664,0.012652573535527208,False,,,
EB,470710327,ok,0.85585994,True,False,"odd and even eclipses differ (period may be wrong); no secondary eclipse, smooth wide dip (possibly not eclipsing)",0.9999999999999954,0.9703528126760382,2435.116085426211,2538.8151516524485,412.75007655760027,1.2646119527466941,False,True,52.31710202481815,0.05863161543202184,False,0.03912792672560188,1.4984595489353763,
EB,457173024,ok,0.99989831,True,True,,0.9999999999999871,1.0291890219829325,6265.643202053108,6059.444814462607,75.56996861071401,0.982901849437902,True,False,81.90628048455125,0.18804240983837656,False,,,
EB,384534266,ok,0.99096805,True,True,,0.9999999999999926,0.9734832870740538,509.8666959155102,523.1235450554595,1.6729281250913393,0.995427112284873,True,False,2.5623186760382253,0.0031093196504438122,False,,,
EB,167717848,ok,0.97588587,True,True,,0.9999999999999865,0.7318019083505196,5230.7561757054955,7023.017146431846,80.5318311498094,0.9816789107175995,True,False,8.777641511762575,0.00746497197205859,False,,,
EB,122645363,ok,0.12247645,True,True,,0.9999999999999688,1.070130830075611,201.65479055733528,189.91735895713066,18.51836748915493,1.1430266197127397,True,False,97.08459197339862,0.22552439952121753,False,0.5404841297950029,0.4172636847020011,
EB,55896456,ok,0.80918539,True,True,,0.9999999999999918,0.9990574756154493,2133.325755683107,2148.360566897819,1.2583555996918567,1.0008318549637145,True,False,132.89303233997435,0.4530582468063197,False,0.3687215309005861,1.2287273967965604,
EB,303255899,ok,0.94038016,True,True,,0.9999999999999909,1.0148581690978278,149.1929138617294,148.86020181574938,5.718018183688416,1.057058183499949,True,False,6.965810594979154,0.008030660769204842,False,0.009540612260220587,0.8417343195770086,
EB,396655059,ok,0.93023872,True,True,,0.9999999999999758,1.0032013895514018,676.4839707093735,951.9827691207126,5.622916739893516,1.0103092159110607,True,False,29.051972018017892,0.09258140035977047,False,0.06877956656285722,1.3460596654845287,
EB,343757299,ok,0.99598438,True,True,,0.999999999999999,0.9995725916071194,1416.1876963570587,1005.2491612492767,10.393892226130005,0.9873444641103265,True,False,0.7095840188216125,0.0033176221089537723,False,,,
EB,441804674,ok,0.99801445,True,True,,0.9999999999999849,1.0075438661388905,8257.380298068558,8181.556593979265,64.01204533915356,1.0110788035062186,True,False,4.796508315942594,0.004541932091377465,False,,,
EB,88646716,ok,0.99834037,True,True,,0.9999999999999868,1.0134987801488242,2058.4709185296856,1998.845120200409,1.583673910839769,0.9988963986485077,True,False,10.83188346291685,0.013847995841772025,False,,,
EB,100100827,ok,0.98724049,True,True,,0.9999999999999655,1.0019310729158972,501.9792676982893,485.70787982488946,1.4195345078374912,1.0040773094122293,True,False,1.9177045763396878,0.005923173171596386,False,,,
EB,23753424,ok,0.9998613,True,True,,0.9999999999999847,1.0272628108329767,1505.1443959335588,1485.8573605308673,4.382336888851946,0.99586289117853,True,False,6.493635295242988,0.006933509770475638,False,,,
EB,101395259,ok,0.9899115,True,False,odd and even eclipses differ (period may be wrong); signal source >= 1 TESS pixel from the target (likely a neighbouring star),0.9999999999999952,1.1695227774825514,38.40692152422823,33.04191657089953,,,False,False,33.80409027316706,0.14162248000640681,True,0.004377853036141967,32.34975656725408,
EB,355601553,ok,0.98772782,True,True,,0.9999999999999817,1.0285192033453527,1381.6154410045401,1347.9058145676001,3.6358180344463245,1.0037778566514024,True,False,7.230938398766,0.008719736638801788,False,,,
EB,141148944,ok,0.9024626,True,True,,0.9999999999999871,1.0008040473578395,294.11352865949664,290.80725224654793,4.788040109868542,1.023928321424539,True,False,72.90118633658838,0.06979806056902142,False,0.0067774461221816636,10.298578448389552,
EB,452845139,ok,0.91111135,True,True,,0.9999999999999823,1.0281762669633356,111.7105385774464,108.83702153062707,1.4236515796091411,1.01962192780102,True,False,2.3304540078678997,0.00549982459519897,False,,,
EB,114547549,ok,0.3875134,True,True,,0.9999999999999969,1.090500425245709,52.86730249989609,48.64645293688329,1.3200587138422561,1.0374760859864525,True,False,66.6187773822706,0.15504127513237628,False,0.030411495842548972,5.098114079461253,
EB,83905462,ok,0.96126133,False,False,eclipse not repeated in both halves,0.9999999999999941,,3222.022489863072,,13.295637562458198,1.0083450635764974,True,False,24.00391444960719,0.07415430185305878,False,0.19361126914795088,0.38300612448541255,
EB,193627658,ok,0.98957086,True,True,,0.9999999999999939,0.9906598819946241,3804.017159817151,3792.0494178829,20.94715396867188,0.9922304157661743,True,False,25.49431302125659,0.038298842289424644,False,,,
EB,373915220,ok,0.97066391,True,True,,0.9999999999999775,1.0802744831108695,476.45202863932434,441.996703843872,30.732822170216213,1.0992634142097888,True,False,20.84601470491752,0.048894430065303286,False,,,
EB,467722869,ok,0.99552834,True,True,,0.9999999999999949,0.9284049800719073,3770.987484076394,5429.5765569356045,15.394246767524276,1.0049705186837457,True,False,5.896694218572061,0.024714249758754234,False,,,
EB,117739806,ok,0.94440067,True,True,,0.9999999999999893,0.9721696854630382,1650.8933542786474,2639.886897976385,17.73074636605631,0.9882103823643172,True,False,17.27790000272304,0.065855172911033,False,0.14951067883071376,0.4404713658319935,
EB,137136194,ok,0.94006032,True,True,,0.9999999999999964,1.123577953133834,24.697752836402845,19.062896459826124,3.1196529599883607,1.2216105786687448,True,False,5.23461795193084,0.011733528222689677,False,0.000702154284353024,16.710755006645208,
EB,258271315,ok,0.9275735,True,False,signal source >= 1 TESS pixel from the target (likely a neighbouring star),0.9999999999999977,0.9531128313403229,83.44385839278073,87.67234170610568,7.29441381356956,0.8864483872364546,True,False,76.75255080513132,0.1719495704968394,True,0.005573723950939869,30.850033480370765,
EB,323292655,ok,0.98033345,True,True,,0.9999999999999938,1.1295470654635882,10643.664667687306,8745.880192235509,1350.912183431009,1.220257003440225,True,False,279.96029740591086,1.132281866289198,False,,,
EB,279484342,ok,0.99331617,True,True,,0.9999999999999942,1.0002635268730635,4216.706413451301,4125.032225139968,25.272001017383133,1.008617516880385,True,False,58.183838150377625,0.07631782019704508,False,,,
EB,299160301,ok,0.99140382,True,True,,0.9999999999999877,0.6779827938886539,2183.8760029809214,3914.129777805006,5.04263749467287,0.9976660775266741,True,False,12.062591311408523,0.03499060352090959,False,,,
EB,434893323,ok,0.97945714,True,True,,0.9999999999999891,0.9856106460499484,10955.43170978437,10870.03335358283,558.2345207933366,1.0752031335768213,True,False,24.51377700621511,0.02516802752112582,False,,,
EB,25226885,ok,0.89518613,True,True,,0.9999999999999717,1.0091473546935144,824.9943900503988,768.927899468749,6.4133719864264505,0.9886604147118797,True,False,22.879525816334127,0.05757331683851148,False,0.09538180150768683,0.6036090315810574,
EB,257060367,ok,0.83278459,True,True,,0.9999999999999868,0.9833000069075635,1988.5297452080513,2090.349628466047,11.74632547824025,1.0081873221965314,True,False,104.29713941900958,0.24274776010003665,False,0.1776307340529706,1.3665864828754675,
EB,53708889,ok,0.95319098,True,True,,0.9999999999999921,1.0870155274427906,3611.932988633941,2582.74968241103,79.04144365414784,0.9623208378166588,True,False,24.04410889204046,0.06428470422637415,False,,,
EB,61381436,ok,0.83957809,True,True,,0.9999999999999991,0.9574241633087989,537.9170912185643,490.33283006668654,0.8606089614397087,1.0023926224604844,True,False,50.269799715695235,0.10650231488519966,False,0.059566688186689566,1.7879509190003628,
EB,200373531,ok,0.98193872,True,True,,0.9999999999999858,0.9872983866910461,123.28521022747924,175.3725303317691,2.997979062830969,1.0304692230755514,True,False,1.1857410603833698,0.0033453082188168943,False,,,
EB,55655482,ok,0.9894765,True,True,,0.9999999999999919,1.038657042058782,141.05551331406366,136.61164332963395,1.459137612972832,0.9852500318429961,True,False,1.5615394466864265,0.008166733851907854,False,,,
EB,321947833,ok,0.80028635,True,True,,0.9999999999999875,1.0154125734262964,395.51237733964393,477.35529502011474,3.5499113892339724,1.011755213890449,True,False,25.85871551841285,0.03269636109755577,False,0.02301587662723149,1.4206002937498676,
EB,390408482,ok,0.94616711,True,True,,0.9999999999999885,1.041497085782379,10314.506106097313,9350.438605574078,369.61469961000523,1.056435837032223,True,False,40.51925250899361,0.0545538160005822,False,0.2137775778828391,0.25518960660355333,
EB,272944291,ok,0.84613031,True,True,,0.9999999999999897,0.971766156731345,255.44994435040866,253.35233672279597,4.588859567007967,1.0258684035104786,True,False,5.399030684193654,0.0053467151159957834,False,0.015735350933134013,0.33979001413544435,
EB,146539195,ok,0.98472965,True,False,"no secondary eclipse, smooth wide dip (possibly not eclipsing)",0.9999999999999869,1.1253855627371097,496.02660441422256,446.50208551233214,5.107023685248563,1.0154349484282879,True,True,32.70410587889737,0.021137498097803756,False,0.02037695565354487,1.0373236540918995,
EB,294327312,ok,0.98844844,True,True,,0.999999999999997,1.1041766995257365,1633.9657035406472,1525.861919312363,7.626423473842657,0.9931757712989185,True,False,99.95423576454317,0.08002925364335912,False,,,
EB,283939331,ok,0.66327548,True,True,,0.9999999999999961,1.0272178590055354,363.0338227718801,354.08844618485006,1.2425308300865268,1.0052092855987496,True,False,181.7091423418238,0.9902970766862481,False,0.2814419477857121,3.518654857520576,
EB,4742129,ok,0.99942458,True,True,,0.9999999999999961,0.9838279483262092,2619.3194413483857,2474.6659599911663,20.97772815711969,0.9883429662550843,True,False,95.86735905625629,0.2221254847477247,False,,,
EB,274039311,ok,0.99896914,True,True,,0.999999999999994,0.8468030875517006,8049.187997955199,9637.638552662333,1001.512366560817,0.852189344675072,True,False,33.711416124278,0.05541766847660758,False,,,
EB,358018612,ok,0.99589008,True,True,,0.9999999999999761,1.0126816982856595,6395.744387459871,6358.31392154084,101.46585331251754,0.9777493112833215,True,False,9.51193801681633,0.013550434081475994,False,,,
EB,105802318,ok,0.99036825,True,True,,0.9999999999999982,1.0163997634087787,1301.4085004810072,1277.7285881155435,1.907906674981973,0.9979105635281054,True,False,9.910330649897121,0.012120971209283057,False,,,
EB,310516902,ok,0.99706721,True,True,,0.9999999999999961,1.0203970865788483,4262.008056247658,4243.333414829235,48.715527089506175,0.9839282673218291,True,False,65.66986182167147,0.1479138542525478,False,,,
EB,31303242,ok,0.98190182,True,True,,0.9999999999999934,1.0114445740390965,3630.9884546070725,3774.677411312597,14.558990972875682,1.0055777583202417,True,False,67.75774699744068,0.1920761296489802,False,,,
EB,280685089,ok,0.49483466,True,True,,0.9999999999999936,0.8996333322181707,169.83902715687984,184.13630463887858,8.322722416935326,0.9355856138648005,True,False,3.2013218875886325,0.006554361767755098,False,,,
EB,376971463,ok,0.94638246,True,False,signal source >= 1 TESS pixel from the target (likely a neighbouring star),0.9999999999999916,1.0172685630289213,55.30733758192206,57.04191687847368,4.060839516143217,0.9028765619485587,True,False,45.68202414061315,0.07680886589601266,True,0.002245164104367657,34.21080256298041,
EB,240764987,ok,0.99970216,True,True,,0.9999999999999849,0.8204099138368444,2147.2698103182,2544.121382356308,12.633359621994611,1.007470045451346,True,False,8.54301731114291,0.021255972485940765,False,,,
EB,427394772,ok,0.71150172,True,True,,0.9999999999999953,1.0052308823276495,144.0131297780311,154.4685166181969,20.930430857865222,1.2448025717239626,True,False,55.280494635050985,0.002847779551929847,False,0.0005638524584195583,5.0505757479749,
EB,402339590,ok,0.99740583,True,True,,0.9999999999999921,1.0261046458691427,8027.832522167125,8498.864551708888,119.37143041294159,0.9797964826739913,True,False,34.09808356792818,0.0864957357535273,False,,,
EB,240154683,ok,0.92753828,True,True,,0.9999999999999938,0.9971155421022618,2571.9497492388714,2595.5871607264835,38.412589550978176,1.022791920049806,True,False,91.78132117002647,0.2413785795510242,False,0.21518163812666738,1.1217433869005864,
EB,311431771,ok,0.98221374,True,True,,0.9999999999999956,1.0635454869558323,1225.0578239080858,1120.8021274127987,1.3434788680735927,1.0016259064995783,True,False,9.712116091611055,0.013080330268659773,False,,,
EB,64108432,ok,0.99956506,True,False,odd and even eclipses differ (period may be wrong); signal source >= 1 TESS pixel from the target (likely a neighbouring star),0.9999999999999926,0.7717531617709279,287.73872509209184,419.758446455619,87.8486865161415,1.4251294482334236,False,False,163.73151527615755,0.20097608822403457,True,0.007936091544949092,25.32431576497443,
EB,402447670,ok,0.92856932,True,True,,0.9999999999999879,0.9940049152343442,2806.7341418801907,3245.654652541693,23.60196128017568,0.9889471972782117,True,False,4.780936985148997,0.0047426838557909,False,,,
EB,289670788,ok,0.98054177,True,True,,0.9999999999999949,1.0114967868297182,788.432377405174,697.6821367446398,2.655312493573118,1.0050890922923212,True,False,54.14077840479769,0.10992556024764748,False,,,
EB,308828048,ok,0.95486379,True,True,,0.9999999999999842,1.114588351587736,179.48699040800363,160.3367068460847,9.645808653180008,1.0836976430345602,True,False,3.7262908863549966,0.0048534592107003114,False,,,
EB,88703412,ok,0.92602158,True,True,,0.9999999999999912,1.263260915674661,15.750785485764569,12.544459548373394,0.16398694067375255,1.0165043954194262,True,False,9.096995312782575,0.041835382533684184,False,0.002335486610658835,17.912919021994533,
EB,149622009,ok,0.88138855,True,True,,0.9999999999999922,1.0155167514303283,1018.8607869369896,1003.9651629292882,5.7871801949192605,1.0081344656974989,True,False,66.30033878658944,0.13371825326488443,False,0.03711414020400294,3.6028923889893116,
EB,396300606,ok,0.49125245,True,True,,0.9999999999999843,0.6169311123476078,233.9277368157132,396.11559386569087,24.897953796988936,1.1203241510563515,True,False,30.954707103710795,0.04005545591244091,False,0.12078410284129754,0.3316285419205471,
EB,38687360,ok,0.99916041,True,True,,0.9999999999999889,0.9987108327443572,3093.3601558912965,3086.6885379574946,22.480463903457416,1.0103366915160983,True,False,38.03520794826273,0.030570857045324595,False,,,
EB,12158853,ok,0.95127857,True,True,,0.9999999999999849,1.0220454768512222,665.9512680600126,626.4355686197475,5.303987084712908,1.0116864441849085,True,False,36.301246354513474,0.09449326911602593,False,,,
EB,146601322,ok,0.98870045,True,True,,0.9999999999999885,1.0160289942426801,5050.170366502891,4697.5069416015685,1.3024535398069108,0.9996216543790233,True,False,29.534813611339082,0.046802416504680866,False,,,
EB,428942240,ok,0.99121362,True,True,,0.9999999999999949,0.9854547571937945,3925.5780574162327,3997.026077494416,8.608741255866969,1.0030937974765863,True,False,10.24398777857459,0.01130334894840861,False,,,
EB,166773165,ok,0.94945866,True,True,,0.9999999999999973,1.0489261879252683,883.0646692305762,585.6933078707466,18.31726033111393,1.0373513488493438,True,False,2.9989350983864287,0.011648036911886983,False,,,
EB,347448707,ok,0.89651239,True,True,,0.99999999999999,1.1091648429219387,1102.972473752785,900.8336645644856,16.621485560646192,1.0244147835221953,True,False,79.1492182122606,0.12331657513678615,False,0.02725359446935216,4.524782053077841,
EB,375477302,ok,0.81891888,True,True,,0.9999999999999954,1.0378880772556824,70.84900094352835,70.45707340173318,5.568439053116473,1.1256739617857368,True,False,6.293105856049287,0.02036778735196884,False,0.017821487550966502,1.1428780730968917,
EB,405391996,ok,0.99112749,True,True,,0.9999999999999891,0.8655250808718642,158.9097884980792,186.29841309117884,1.183489156278322,1.0098510792783908,True,False,63.14533348524256,0.058834546357818866,False,,,
EB,276119305,ok,0.95636213,True,True,,0.9999999999999851,1.0094273449094735,1018.9131755293606,1011.3477674869164,16.51407654696498,0.9772520917554514,True,False,34.29530163328769,0.040575281624685725,False,,,
EB,55222620,ok,0.71348226,True,True,,0.9999999999999984,0.8547149112583348,85.79586664442303,100.37951311521172,5.119155217845364,0.9251421218098893,True,False,1.8210942923854656,0.007822130534404052,False,,,
EB,201497357,ok,0.99474376,True,True,,0.9999999999999912,1.0137223056121514,10127.864546480607,8699.66903402283,39.58055045441979,1.006031219980151,True,False,26.32778308382742,0.04990366150922797,False,,,
EB,265579763,ok,0.62729937,True,True,,0.9999999999999941,1.1622613017874048,79.01847144573868,68.36065213612014,0.4705165167952025,1.0090884013809416,True,False,103.98151641043064,0.24109618353062506,False,0.024218798425348277,9.954919286098232,
EB,78234838,ok,0.99711567,True,True,,0.9999999999999883,1.0338003843055628,664.4655558503082,725.341493847025,6.63662247801106,0.9865206510603242,True,False,0.553909098508956,0.001746357641823552,False,,,
EB,369370898,ok,0.99460036,True,True,,0.9999999999999967,1.084755389617831,4308.090489676562,3768.9059968744386,7.434124786007069,0.9973268750054634,True,False,134.70495015587488,0.34255156004133275,False,,,
EB,122285268,ok,0.49917403,True,True,,0.9999999999999963,1.0343911206389664,1340.5371880362818,1298.7614563520444,4.675654560811952,0.9950135605774306,True,False,39.00658646265708,0.04796747570013681,False,0.05373968548683615,0.8925894386167691,
EB,219865181,ok,0.71585757,True,True,,0.9999999999999891,1.0647098535769586,11.251238798655605,10.586276018549674,0.3626490054865408,0.9537867477218691,True,False,4.937431582656336,0.01365914255391476,False,,,
EB,271799457,ok,0.9562192,True,True,,0.9999999999999836,1.0567295554665408,102.11609274582085,102.74410825568036,8.371550652594244,1.1230113486506779,True,False,6.657546064985898,0.0049301692754832845,False,,,
EB,269078565,ok,0.98592454,True,True,,0.9999999999999973,1.0228033475530516,4202.596843956125,4271.142076982838,45.83180660645603,1.0156666818116367,True,False,57.83153418710932,0.07919202081356475,False,,,
EB,387586260,ok,0.99805927,True,True,,0.9999999999999853,0.9748115601647058,4207.665088470729,4399.785754328223,4.341065725236164,1.0014404095464267,True,False,9.432333853790512,0.00946161999162601,False,,,
EB,143022688,ok,0.99826527,True,True,,0.9999999999999858,1.0127908967484802,1235.6800584166037,1235.7952183983432,14.039663683201024,1.016195058789062,True,False,16.668807391889363,0.02820801788491415,False,,,
EB,441739153,ok,0.99014574,True,True,,0.9999999999999836,1.0082828843849434,1876.793857274206,1865.4271707611547,11.761773094161185,1.0089281557653382,True,False,4.598591049501685,0.01005451184290266,False,,,
EB,279202406,ok,0.88621134,True,True,,0.9999999999999977,0.9743501943390869,4019.8825280601,4840.641653590832,127.6117253952464,1.0420863128340345,True,False,328.88559053773537,0.6267633316790007,False,0.3362461178299448,1.8640016893696416,
EB,211116547,ok,0.63326341,True,True,,0.9999999999999863,0.9701358570141421,348.56129590331847,347.59821585381724,1.2963650537514595,1.0052918549203755,True,False,90.5332948349815,0.19178504350206785,False,0.1400047364810278,1.369846823204134,
EB,159803421,ok,0.97693783,True,True,,0.9999999999999734,1.0005128056767452,71.442230124299,72.87485902983425,0.6140616899460897,0.9880093940586683,True,False,3.1027237592936046,0.007729866905698776,False,,,
EB,349483495,ok,0.88584524,True,False,odd and even eclipses differ (period may be wrong),0.999999999999996,0.8243219280707376,18.674390089062825,22.974299626688293,11.50868418390781,0.43863132460057386,False,False,16.323590834894187,0.046993951263719504,False,0.003336937058128384,14.08296004542483,
EB,440788366,ok,0.96830565,True,True,,0.9999999999999896,1.005951643854795,792.7554315836301,744.124197660361,4.182168276096493,0.9923131484006023,True,False,13.662912094417393,0.014761577081972198,False,,,
EB,367691816,ok,0.97158384,True,True,,0.9999999999999792,0.9943537332286261,4370.012696528769,4339.4687332488575,57.81309558466243,0.9813959200991774,True,False,26.256033141482142,0.03342018266732367,False,,,
EB,423439467,ok,0.98895836,True,True,,0.999999999999995,1.057090857594417,4087.7722071303583,3447.970971621431,83.04667826604161,1.0315580192310252,True,False,112.76209186506104,0.19608677939285438,False,,,
EB,266735682,ok,0.99870265,True,True,,0.999999999999995,1.0012506553847675,5108.143125399632,5101.762578558951,4.416459951167225,1.0012241223274332,True,False,18.113224056689855,0.04268957351239017,False,,,
EB,82337809,ok,0.98852986,True,True,,0.9999999999999879,0.9628621864739005,57.37595374651709,72.88543101165422,1.343648756150424,0.970776668016243,True,False,10.28182086119287,0.041980659965565804,False,,,
EB,415165528,ok,0.98083383,True,True,,0.9999999999999817,0.895692272620457,1046.2008312864357,1335.36935466131,65.29543253030144,1.081698956985612,True,False,3.3353636775498066,0.0041851372348261275,False,,,
EB,273372402,ok,0.9320752,True,False,odd and even eclipses differ (period may be wrong),0.9999999999999982,0.9305458462888786,381.54522507384496,411.05058792187793,118.31396316042196,1.55490464068478,False,False,5.816440377690536,0.004952781164270506,False,0.021659909686955425,0.22866121031212305,
EB,464772659,ok,0.99058151,True,False,odd and even eclipses differ (period may be wrong),0.9999999999999983,1.733259904513764,525.4255026464663,277.5064084432919,150.50879688215824,0.5774948596294159,False,False,2.1424126859169204,0.0017766586081997891,False,0.009111127528581951,0.19499876416243148,
EB,224607716,ok,0.99960244,True,True,,0.9999999999999839,0.9964298297998915,1455.8504741817853,1468.5053878952913,1.6998570916240159,0.9983565339171503,True,False,0.36105892956883545,0.00041363116062551595,False,,,
EB,376891083,ok,0.64951026,True,True,,0.9999999999999962,0.9635673287210957,9662.871535995382,10135.837580723062,663.5786515333837,1.1027594419169375,True,False,434.9265676215786,1.1248677397912112,False,0.39814075953036143,2.8253016373357047,
EB,156169159,ok,0.94197917,True,True,,0.9999999999999931,0.929490243432483,133.31521573575648,144.13221243363063,0.9579310207882932,1.009833316360702,True,False,56.29475971805096,0.06063105047507352,False,0.0029209172906433088,20.757537595910502,
EB,99028324,ok,0.15474735,False,False,eclipse not repeated in both halves; odd and even eclipses differ (period may be wrong),0.9999999999999972,2.603447453747006,96.86932769737,23.876025185895358,,,False,False,7.877544991014937,0.048507034299752824,False,0.20147149141358706,0.2407637624530016,
EB,280564453,ok,0.63472569,True,True,,0.9999999999999916,0.845533943668048,16.323114805461575,21.39055948358777,0.28543452901006294,0.9787979795455204,True,False,20.408158340632433,0.16846804838963814,False,0.025500980542800453,6.606336101738674,
EB,258519658,ok,0.74782348,True,True,,0.9999999999999949,1.0215240236726115,26.421207039151493,26.941964203234924,0.8998891376772515,1.0491812227646147,True,False,4.977934223878123,0.06317588399963077,False,,,
EB,193545440,ok,0.15123111,False,False,eclipse not repeated in both halves,0.9999999999999942,147.48786654144618,3910.7160863462927,26.307291331828154,81.73840374961394,1.0602328605188045,True,False,69.04824910832274,0.11050488010750224,False,0.6801037859112298,0.1624823775380745,
EB,69559020,ok,0.67564738,False,False,eclipse not repeated in both halves,0.9999999999999605,-0.10092518865908047,-81.1236431818594,810.5830081883446,0.8118271153879577,1.0050688811041621,True,False,39.88336868829329,0.08164606617930212,False,0.07670693815004646,1.0643895865012136,
EB,11546041,ok,0.99886709,True,True,,0.9999999999999929,0.9892994923442653,1321.8226161724003,1363.463326061152,1.1618925130446784,1.0012242720048938,True,False,4.820091810013257,0.006567222112166196,False,,,
EB,93000166,ok,0.94520628,True,True,,0.9999999999999964,0.8562861424037779,75.10054572268496,87.97195131243771,3.1792390509607324,1.056713764871822,True,False,7.261694867279263,0.012390309879997343,False,0.002561772975267645,4.836615109776793,
EB,405685992,ok,0.95515609,True,True,,0.999999999999978,1.0237827329732339,499.31839421442237,483.3965422388621,11.905145729878141,1.0348542553132676,True,False,12.6756060349364,0.05619450200710759,False,,,
EB,180724703,ok,0.97786027,True,True,,0.9999999999999956,1.012575181513695,6457.303986149396,6333.661275753252,36.341538445327984,1.0080684487164828,True,False,154.4650398098801,0.23616244551819915,False,,,
EB,273373040,ok,0.79366392,True,True,,0.9999999999999926,0.9885669784568012,235.19697043834404,243.99377714174548,0.5822451311787767,0.9965624770952219,True,False,33.10745911332466,0.027215968889297646,False,0.014635635657787464,1.8595686258981394,
EB,64951042,ok,0.78905326,True,True,,0.9999999999999947,1.033995234422096,4013.394729915295,4186.419146660721,366.3905535336538,0.8723407505854206,True,False,71.41640940990638,0.08047355837232238,False,0.3278458854130255,0.2454615474918665,
EB,63972389,ok,0.69650704,False,False,eclipse not repeated in both halves; odd and even eclipses differ (period may be wrong); signal source >= 1 TESS pixel from the target (likely a neighbouring star),0.9999999999999857,,33.00965262649259,-8.626100868765993,8.031440679494576,0.4064884624043321,False,False,316.19865851957974,0.5782169172872788,True,0.0020410835762681347,283.2891920792758,
EB,63449090,ok,0.95208132,True,True,,0.9999999999999896,1.0517177595244385,390.6978128834375,373.56354925445396,4.279689949638532,1.0162891240479517,True,False,1.9830470545236323,0.002293027358928078,False,,,
EB,230233157,ok,0.99465269,True,True,,0.9999999999999933,0.9826211042767801,3423.639501192186,3508.137502344458,23.025316111787877,1.0094447374827664,True,False,141.2339392434102,0.1916896268675344,False,,,
EB,301264684,ok,0.98159814,False,False,eclipse not repeated in both halves; odd and even eclipses differ (period may be wrong); signal source >= 1 TESS pixel from the target (likely a neighbouring star),0.9999999999999971,0.03567408451650062,9.217770831012942,208.5660010674565,83.56069016142128,5.616113735369935,False,False,121.17965139577619,0.31508530788925365,True,0.004920895622344326,64.0300733993513,
EB,355978205,ok,0.98179418,True,True,,0.9999999999999979,0.9492519595580287,111.6517462596336,120.92304710357759,0.3135541328755387,1.0038191875808402,True,False,41.07533649257706,0.06633752137345528,False,,,
EB,325205605,ok,0.98550421,True,True,,0.9999999999999915,0.8389496171661375,430.1866184215494,515.294087158691,17.139245281032785,0.94997077479557,True,False,3.0796345145673456,0.008819908216873788,False,,,
EB,219780464,ok,0.91627699,True,True,,0.999999999999997,0.9584578843211031,27.625091242462293,26.311164135209676,0.793989024203937,1.0427968401069068,True,False,4.069517049558099,0.015796735856399163,False,,,
EB,171419257,ok,0.08282828,True,True,,0.9999999999999949,1.0131547013115714,14.42069538304534,14.251373483752815,0.8082129185149121,0.921278306183749,True,False,12.179468025393435,0.03083515793551819,False,0.05763682659188091,0.5349905565387569,
EB,33576348,ok,0.99960709,True,True,,0.9999999999999877,0.9968643730900293,2640.762888202506,2651.7153645029316,0.9146772588969728,1.0004889292709174,True,False,5.408300531451491,0.009950226118369819,False,,,
EB,378089068,ok,0.97958142,True,True,,0.9999999999999961,1.017832338794322,258.46087904742694,207.8902685398779,0.8695188456536594,0.9946286498768553,True,False,3.888057791800002,0.01038579978183871,False,,,
EB,303811839,ok,0.92089057,False,False,eclipse not repeated in both halves; odd and even eclipses differ (period may be wrong),0.9999999999999898,0.2696943590370698,45.9332603693711,170.48497710959634,,,False,False,2.1104329671807895,0.0020991046912666434,False,0.003137644660902597,0.6690065058746327,
EB,67646988,ok,0.9971084,True,True,,0.9999999999999757,0.9865779815222634,242.35778957368987,225.8249979965831,3.51843915619414,1.0215515469647263,True,False,2.792582292813987,0.013113162544810543,False,,,
EB,442918617,ok,0.99849194,True,True,,0.9999999999999986,0.97695335281802,4934.962328656764,5415.900550160252,10.375327963147372,1.0028454260727897,True,False,8.000006105820827,0.009886706240369646,False,,,
EB,183469904,ok,0.97280318,True,True,,0.9999999999999872,0.9635876397928496,4311.722138457353,4164.473767390344,460.2642351432565,1.1709819512105504,True,False,176.09045368136117,0.190796645600972,False,,,
EB,251078096,ok,0.99960446,True,True,,0.9999999999999928,1.0096803572162263,3285.4957762950294,3245.850749208665,20.034759731637653,1.0087161673252056,True,False,52.138688952875604,0.05185284896971909,False,,,
EB,399421408,ok,0.29325807,True,True,,0.9999999999999918,0.951201018356077,120.83229075683496,116.00692158246167,5.684598697716391,0.933851635069619,True,False,59.10728765147903,0.13139576016647156,False,0.11026815945110006,1.191602007510979,
EB,104975120,ok,0.76659292,True,True,,0.9999999999999978,0.9972129416136382,484.35277332795346,507.5819090075236,0.5869416989655153,1.0016771598137317,True,False,61.30320691428077,0.09387471556473398,False,0.045768822295012564,2.0510625106244764,
EB,211215485,ok,0.97986287,True,True,,0.9999999999999908,1.0164466713420415,7976.101329744059,7375.594360959865,106.14660896470154,1.019812216139869,True,False,25.11464454756263,0.035953868092370944,False,,,
EB,459971813,ok,0.89033353,True,True,,0.9999999999999839,0.9994208752120713,1638.45440946259,1622.4618349313278,3.9773472477358056,1.0034591614737387,True,False,95.68429057363281,0.1359056112180216,False,0.16197938456472222,0.8390302974865157,
EB,203001339,ok,0.95904082,True,True,,0.9999999999999926,1.043355277599032,584.6611808386606,562.5341120766,15.779181106800111,1.0396874152763598,True,False,4.193248216710052,0.01841618517184106,False,,,
EB,139468902,ok,0.99675912,True,True,,0.9999999999999967,0.9723608057762017,124.23672048052627,129.72845266249632,0.5478221516721458,1.0061319954594206,True,False,7.116096880565024,0.011679005628757537,False,,,
EB,220430912,ok,0.99975449,True,True,,0.9999999999999782,1.030558059358321,7651.952926831984,7903.553168583898,44.45029733612477,1.0081079906227595,True,False,6.236119241297423,0.013624414226300938,False,,,
EB,348770361,ok,0.99642128,True,True,,0.9999999999999936,0.9979484096336886,30.55768852116057,31.2425960733097,2.3549556078499694,1.1136836557208853,True,False,1.147880247773302,0.002584454926888961,False,,,
EB,76923707,ok,0.8777982,True,True,,0.9999999999999989,0.9496936542590404,56.194323293262386,74.6659175093021,1.2857437828798963,1.0281600741776387,True,False,2.58042847796577,0.014876537100257674,False,,,
EB,220474209,ok,0.99481916,True,True,,0.999999999999997,1.0112213519091804,1010.1338702504305,940.4410040665763,0.2985228962279558,1.0004326407747783,True,False,0.9860689088072665,0.002887078449865815,False,,,
EB,290170195,ok,0.99866438,True,True,,0.9999999999999903,0.9826821227063756,235.33857487003718,242.09766509046983,1.5080483965445604,1.0089751421959448,True,False,4.712326867092591,0.0080748407216105,False,,,
EB,309257814,ok,0.24414159,True,True,,0.9999999999999829,0.9769631874875506,41.200147404093386,41.887386890814355,3.253885621658486,1.1177423196893543,True,False,4.717429050310107,0.007105503851993373,False,,,
EB,22017780,ok,0.99849087,True,True,,0.9999999999999833,0.973849451299726,1704.9916738399293,1744.494149263236,2.473481390111405,0.9979745396866463,True,False,26.56312928755282,0.03457904266613137,False,,,
EB,215403644,ok,0.99930543,True,True,,0.9999999999999808,0.964601915801062,7330.490341123358,7980.012120413557,265.9045492626354,1.0505736074163547,True,False,7.700291013691815,0.009448262936506914,False,,,
EB,469979014,ok,0.63649881,True,True,,0.999999999999967,0.9903126600020755,894.8879331111928,916.2925762890005,0.962208408993653,1.0015064775158207,True,False,18.560101374470992,0.04029128780091197,False,0.12567679110560714,0.32059449836728326,
EB,354023414,ok,0.97910172,True,True,,0.9999999999999962,0.9998842273993862,1566.6520590531502,1572.6864211121756,1.0190780995557405,0.9990767765815882,True,False,4.062846555389726,0.006119690114422758,False,,,
EB,241393039,ok,0.9166947,True,True,,0.9999999999999911,1.0060677552424888,1683.2019736538919,1672.4736981721594,3.32217107519959,1.0028014286924882,True,False,125.56175503498291,0.4508391041034104,False,0.32142127405766285,1.402642390193905,
EB,317191077,ok,0.96406347,True,True,,0.9999999999999948,1.1667205167438333,880.4394423530614,816.0059868012545,43.962721333101015,1.0764695808901419,True,False,11.747554584486965,0.013439550553330052,False,,,
EB,159444225,ok,0.93341261,True,True,,0.9999999999999831,0.988500939040029,288.39249733659943,292.6287313693721,0.44430112170955427,0.9978410757702367,True,False,7.895005920167278,0.008200072765455167,False,0.01361433282015839,0.6023117602438463,
EB,238872494,ok,0.96266723,True,True,,0.9999999999999961,0.9847284022905813,28.43011893574227,28.9283663476118,0.13657211838104574,0.9932747288402299,True,False,28.256247071706987,0.05449657497707809,False,,,
EB,289801742,ok,0.88702428,True,True,,0.999999999999984,0.9798711621393604,1675.973874813683,1908.3812703954407,21.55977466846043,0.9829427294452268,True,False,84.63430612039845,0.14478803387564487,False,0.11415020301059986,1.2683992674301248,
EB,215336287,ok,0.898067,True,True,,0.9999999999999974,1.015120200962359,8114.271180811023,9325.962352293622,63.693248481851505,1.0104541320631004,True,False,25.134124969023336,0.076958034434564,False,0.2610704420196145,0.2947788108037986,
EB,2020964,ok,0.99311209,True,True,,0.9999999999999895,1.054965678201345,8902.262363311402,8443.182595279022,174.99806013066552,1.028905312872683,True,False,62.695810620511985,0.07267087442632048,False,,,
EB,32759110,ok,0.93914264,True,True,,0.9999999999999883,1.031537255716911,153.4138881824606,182.14841171308652,4.0655787852226055,1.0353965900470832,True,False,8.262147975160143,0.04106082908382568,False,0.07626397652872224,0.5384039877380575,
EB,368180294,ok,0.98672426,True,True,,0.9999999999999943,1.0054546714696178,11026.852711321653,11520.927594223715,37.11839302890559,1.0046702105023426,True,False,17.53697820251839,0.02653073740041124,False,,,
EB,231921891,ok,0.98454541,True,True,,0.9999999999999839,1.0201052473850052,3018.8020528006514,2864.1490178618633,35.70430211300571,1.017401088206356,True,False,26.245171377527008,0.04146862640102754,False,,,
EB,160484494,ok,0.93012255,True,True,,0.9999999999999929,1.0111490783160635,153.05880943732177,150.92529456602196,0.9993529992184131,1.0093410113511687,True,False,2.2635941953693135,0.005573043630860779,False,,,
EB,179368346,ok,0.91356057,True,True,,0.9999999999999891,1.02640782388105,1073.8372832103964,1031.2481194217005,0.1402563258557938,1.0001902523956245,True,False,55.28348665630166,0.07404990777257275,False,0.2659926953081071,0.2783907568845024,
EB,296012680,ok,0.97429091,True,True,,0.9999999999999896,0.8072201719812331,12.033099478030195,15.003045562739288,1.333994202045248,0.8695986674932578,True,False,3.205398755497117,0.006377665794918889,False,,,
EB,177631209,ok,0.56757998,True,True,,0.9999999999999805,1.0229271766242036,1437.4023916746464,1484.0412451440109,39.05472017617935,0.9627049761504348,True,False,25.447234344294,0.08317929180706199,False,0.044491996185910467,1.8695338249040587,
EB,147610499,ok,0.9855482,True,True,,0.999999999999987,1.003895949405823,2632.015697818694,2571.0645439373816,6.761592016475516,0.9963303876793048,True,False,49.69046540278043,0.06723586059883303,False,,,
EB,387544749,ok,0.98036098,True,True,,0.999999999999995,1.0293994667077302,446.94725419537167,384.16128363144645,4.0248910158646956,0.986338594152851,True,False,13.776433685924637,0.03811446352735133,False,,,
EB,67360334,ok,0.52763593,True,True,,0.9999999999999927,0.9868342542617251,31.263019333700413,31.82378634109038,0.9460958122762252,1.0457956882072696,True,False,28.07741267031178,0.07947812327455403,False,0.01608407476473145,4.941417174261752,
EB,38707340,ok,0.94976294,True,True,,0.9999999999999837,1.0016363512847963,1869.855639074854,1915.1855604441387,3.2006392121825264,1.0023971554589541,True,False,54.05991956962084,0.06805627068911677,False,0.16891946630525861,0.40289181689770776,
EB,376067182,ok,0.83561391,True,True,,0.9999999999999964,0.9912439297512362,355.65777829049483,359.6908800755673,10.059014110235097,0.959079282550319,True,False,2.199769085454447,0.006297458068366764,False,,,
EB,11491822,ok,0.99675506,True,True,,0.9999999999999823,1.0051814543974191,14656.267844825908,14235.378007983216,246.91430605095394,1.0245215484192254,True,False,47.44704818109896,0.26523354634842683,False,,,
EB,219998089,ok,0.86128461,True,True,,0.9999999999999931,0.9987336107147404,2475.715149332684,2481.974363202462,1.8877966491449045,1.0010778958444415,True,False,16.021442238733094,0.05920533257030583,False,0.13087108824721486,0.452394286341283,
EB,125857387,ok,0.9823935,True,True,,0.9999999999999865,1.0709339714942216,11319.350151435969,10933.574121638805,59.24072633534799,0.9923659262539505,True,False,11.040355417169383,0.009506694638189832,False,,,
EB,11756637,ok,0.89028597,True,True,,0.9999999999999968,0.9640648539322024,474.17475271557527,491.8494339686005,0.7090312049034397,0.9979229414450108,True,False,40.45838112975579,0.19890384855597165,False,0.22948177144299234,0.8667522797355744,
EB,125442121,ok,0.91087973,True,True,,0.9999999999999667,1.1204886478210205,110.73668085856526,99.04636377291865,2.6743902916009525,0.9645762323990406,True,False,5.366652778192821,0.011044981895296915,False,0.00884926046364367,1.248124850734607,
EB,144000467,ok,0.99789822,True,True,,0.9999999999999936,0.9755955480679657,3254.1670917275596,4614.749128047339,18.582041939713307,1.0070949274061176,True,False,1.3424330457267957,0.00512782328225529,False,,,
EB,29914747,ok,0.93458456,True,True,,0.99999999999999,0.979283459621136,90.92124578756275,93.46726928877477,1.2181516705498552,1.018856019785548,True,False,29.865633233292247,0.04303257557819304,False,0.002463684585423705,17.466755214037388,
EB,67687692,ok,0.98862761,True,True,,0.9999999999999881,1.0067603806098069,5246.904714570166,5115.696796583992,11.628318966993742,1.0031799806755828,True,False,44.58184487119233,0.0382179420995008,False,,,
EB,306956190,ok,0.98099339,False,False,eclipse not repeated in both halves; odd and even eclipses differ (period may be wrong),0.999999999999994,0.398169127683273,1906.3204991147738,12017.070499553112,2584.5568099164184,0.4090238126809005,False,False,5.177859295242695,0.011866098866344463,False,0.2490439559016637,0.04764660448547426,
EB,157448336,ok,0.96298379,True,True,,0.9999999999999942,1.0069945394417943,1372.4967585874085,1371.5234029210258,1.721543787945562,1.0017762062174052,True,False,72.05921971496242,0.13256795429276683,False,,,
EB,71026173,ok,0.9967646,True,True,,0.9999999999999817,1.0058758574574485,3220.608969506394,3234.817844266008,0.1026617253100617,1.0000449792641184,True,False,12.773090648335659,0.010558016105500714,False,,,
EB,386437695,ok,0.78599203,True,True,,0.9999999999999982,1.1492847190631672,239.65189213115826,255.38704286104263,24.0621408110399,0.8704377263103366,True,False,239.23922934293316,0.6179061512047941,False,0.046859870433916144,13.18625394144426,
EB,63074282,ok,0.92932355,True,True,,0.9999999999999807,1.002092464931138,678.8587726921655,675.6747776109696,4.995291200994285,0.9896230301985358,True,False,6.631728419414595,0.017910929465413374,False,0.10854486368751397,0.1650094611291468,
EB,167526485,ok,0.99511677,True,True,,0.9999999999999847,1.0071120238859175,188.51098695485217,214.53866923419946,7.918905435171029,1.0642952350424597,True,False,75.23965749377325,0.1276049276309532,False,,,
EB,263078276,ok,0.92340571,True,True,,0.9999999999999932,0.9965187130457582,1498.3877598616368,1482.1122297184777,3.8824098344116766,0.9963178350171155,True,False,155.9495173714866,0.49334977116926826,False,0.3244255069283529,1.5206873708552795,
EB,404804908,ok,0.97222555,True,True,,0.9999999999999923,1.1889724702334203,45.79552336243555,37.907086668787386,0.6711819968007956,0.9775778256250289,True,False,1.1255653274133246,0.005147359128024974,False,,,
EB,312102715,ok,0.8614949,True,False,"no secondary eclipse, smooth wide dip (possibly not eclipsing)",0.9999999999999777,0.96965716363301,802.5353431144986,849.4324956056378,8.685998821654348,1.0149819001965512,True,True,10.985496283628898,0.00897298259650785,False,0.010137290577187059,0.8851460385973974,
EB,318986273,ok,0.34077522,True,True,,0.9999999999999712,0.9520393419840371,289.1377683398782,348.29142147726634,1.80669552695245,1.0081129458091462,True,False,147.71503675180134,0.14349882880915615,False,0.09987907201267478,1.4367256915537419,
EB,97833468,ok,0.9983421,True,True,,0.9999999999999933,0.9312816821232534,431.5074794746269,444.5461888977242,5.58805996814331,1.0183078061409085,True,False,8.602154429656297,0.008585515151986144,False,,,
EB,305832152,ok,0.98605412,True,True,,0.9999999999999956,1.0152739013622647,4031.099215745443,3734.8208922107356,67.93825211175339,1.025103037053927,True,False,38.6881617588019,0.07957835307258998,False,,,
EB,364107753,ok,0.9680022,True,False,odd and even eclipses differ (period may be wrong),0.9999999999999934,0.7668066996909009,8.58237658160696,11.663370814021244,,,False,False,1.085468712235923,0.004261558283732135,False,0.00024507766923714835,17.3886029559407,
EB,138888894,ok,0.3864738,True,True,,0.9999999999999918,0.9790559658488455,263.992204797489,265.08925374400087,12.241189968282017,1.0675251857628187,True,False,67.74494917701897,0.051010715418189204,False,0.03460585446230625,1.4740487183679176,
EB,427767269,ok,0.99568868,True,True,,0.9999999999999816,1.000862995156134,3797.9249649808726,3800.876045606876,13.641823646348028,1.0050910861512115,True,False,0.6863274854386632,0.0016722138344394228,False,,,
EB,47911178,ok,0.96278948,True,True,,0.999999999999983,1.0062698568501227,120.79725020561239,146.70950309084424,2.7913108021490136,1.0303506528050512,True,False,1.3651642240970323,0.003054705383209255,False,,,
EB,371165722,ok,0.972893,True,True,,0.9999999999999835,1.2951242277043609,149.241059837887,121.85541434150255,1.4522617304657552,0.9849379179181399,True,False,3.6885478807429966,0.003518840891144535,False,,,
EB,327583823,ok,0.96616608,True,True,,0.9999999999999961,1.0064494551684646,11696.73069520646,12206.4551749964,30.333313845018903,0.9964019617175008,True,False,155.6633259147481,0.3545522462025522,False,,,
EB,92776364,ok,0.53406006,True,True,,0.9999999999999949,0.9873638514190333,2182.7045307167737,2268.2875076029695,10.90501166661047,0.9930652327540244,True,False,138.9871899603393,0.25739429321785856,False,0.3589201843424005,0.717135186168051,
EB,189349514,ok,0.90782839,True,True,,0.9999999999999908,1.1003481102996657,41.62141868681277,42.5984084958646,1.2429738967048678,1.0426432023400345,True,False,3.425038750581756,0.0042121450930761506,False,,,
EB,260124760,ok,0.81328762,True,True,,0.9999999999999966,1.049699974781277,3917.2135953829293,3762.0721165121545,127.47587926277413,0.9540436964284021,True,False,490.1238463900794,0.7969649510644257,False,0.3731955698737626,2.1355155725294583,
EB,27112021,ok,0.99997568,True,True,,0.9999999999999905,0.9787051540060542,1723.6341818934327,1741.459200419602,1.6605077998436042,0.9986460948093377,True,False,54.69474760066437,0.12792072288935558,False,,,
EB,383676981,ok,0.95786721,True,True,,0.999999999999996,1.006375576600448,104.28494883203034,104.37646654177948,4.90012254515385,0.9357380228356096,True,False,8.99313252779984,0.010395075174502206,False,,,
EB,288979840,ok,0.87353134,True,True,,0.9999999999999918,1.1368878896419052,563.712137491411,466.4331581024949,17.113858319159736,1.0492458261617068,True,False,56.61746950529741,0.10781710160306028,False,0.04793353917747163,2.249304004110204,
EB,199709055,ok,0.99645305,True,True,,0.9999999999999908,1.0951941455258276,438.015940325355,481.79158746888845,54.56807961598476,1.1850591414750171,True,False,8.76587530062525,0.02633599862454198,False,,,
EB,417052182,ok,0.70065498,True,True,,0.9999999999999811,1.0494539912401968,1421.0213387327462,1339.3157548140337,3.68116988819191,1.003780205300585,True,False,109.76887374730505,0.24378297941705596,False,0.177366565651848,1.3744584754241476,
EB,207085748,ok,0.99899417,True,True,,0.9999999999999911,1.0150098715115996,2152.1697074111007,2091.971366995144,3.4851692194818904,1.0023275403701204,True,False,26.971900344094784,0.04920138791979092,False,,,
EB,172171873,ok,0.99871606,True,True,,0.999999999999994,0.9833238402096038,15160.475749551972,16876.654980839976,307.4543960741819,1.0276820643075328,True,False,548.6339532525063,2.313321845634942,False,,,
EB,155968973,ok,0.99455279,True,True,,0.9999999999999929,1.0035253408413045,1288.306452331669,1294.1677033748422,0.5194769027984057,1.0005689807623308,True,False,44.09549211025301,0.0575115334516737,False,,,
EB,401946845,ok,0.99002904,True,True,,0.9999999999999831,1.000316866163777,2372.0285326735916,2302.7506208575,0.6723409166728815,0.9995933691150876,True,False,13.615983278149717,0.010494387128239746,False,,,
EB,39074957,ok,0.82903254,True,True,,0.9999999999999952,1.0196593996876695,131.6641662772216,129.31650700891132,1.063970927074681,1.0116002440755096,True,False,6.3335975936277356,0.04392158660676151,False,0.002912223269870392,15.081806076192857,
EB,128721058,ok,0.96990222,True,True,,0.9999999999999979,1.1276491227200658,120.45021298467556,151.05968812600477,15.987030509357293,1.199503914238149,True,False,25.55079156853961,0.07560025449601367,False,,,
EB,327996089,ok,0.97655582,True,True,,0.9999999999999927,0.9981605453876755,1776.5282426777487,1779.8021078741026,2.2550758167948954,1.0017966351800025,True,False,51.16891280210525,0.1902815950618629,False,,,
EB,422332463,ok,0.98996687,True,True,,0.9999999999999993,0.9080345679570521,1934.0148405379707,2200.142969264074,9.489121342290021,1.0065454240960994,True,False,14.195047222006341,0.022287397043450115,False,,,
EB,286036831,ok,0.99949056,True,True,,0.9999999999999885,0.9991282308679316,1501.0509993892445,1528.8884595618156,12.548334571151189,0.9882732710876861,True,False,6.557975198421452,0.009463469312038397,False,,,
EB,137551461,ok,0.70176405,True,True,,0.999999999999993,1.0351960873319634,168.50101917523682,173.9294911616456,1.7745141184016537,0.9851719337748391,True,False,45.63964568493086,0.09294383614990448,False,0.02594742426084319,3.582006260643158,
EB,128927089,ok,0.6212393,True,True,,0.9999999999999956,0.9726015674169445,199.57938739848953,204.88171134486072,2.655819408875114,1.0187494724693318,True,False,6.648221039634296,0.01199646795700059,False,0.03183553298928128,0.3768263581778161,
EB,350445771,ok,0.66754967,False,False,eclipse not repeated in both halves; odd and even eclipses differ (period may be wrong),0.9999999999999882,4.4582548631510015,25.19194262736037,6.670580888551824,13.006257114202727,0.21098629366085023,False,False,1.18353026468471,0.003125652802240886,False,0.0020821827034173384,1.5011424295816955,
EB,214716930,ok,0.96408582,True,True,,0.9999999999999956,1.0022514770566608,6473.141777607307,6493.990243095474,11.073902009406966,1.0024194916845661,True,False,59.25754892947298,0.16389840457504337,False,,,
EB,219338651,ok,0.97366077,True,True,,0.9999999999999973,1.001454048641055,7309.160383496707,7519.9003102726465,8.097241222161339,1.0015477035768514,True,False,172.26367854422708,0.5098046100787604,False,,,
EB,273566363,ok,0.31822902,True,True,,0.9999999999999762,0.9371278745601738,179.6311299276534,190.3830657052495,12.245861918740552,1.09831622188032,True,False,80.00496176487482,0.11311089457182354,False,0.08127852161543164,1.3916455703636736,
EB,101645013,ok,0.9762494,True,True,,0.999999999999985,0.99068485217279,2229.0637318519207,2206.8302359747454,1.320852477271721,0.9991581308191927,True,False,62.04092551243142,0.08686543453607815,False,,,
EB,50273697,ok,0.77421516,True,True,,0.9999999999999948,1.1183908579102269,659.4426272540578,595.5951977832905,1.284174045176193,0.9971096134574327,True,False,6.817328169140315,0.007372193024577663,False,0.01112286649021765,0.6627961444166723,
EB,159638876,ok,0.9925161,True,True,,0.9999999999999916,0.959378469714726,1099.6383972813005,1200.4392144235899,5.801113587943678,0.9928534806249715,True,False,10.449922396922364,0.010746854645868501,False,,,
EB,199574208,ok,0.96909547,True,True,,0.9999999999999968,1.0138164533867269,3059.344141506695,3066.325837757548,34.90855024373643,1.0162493557844865,True,False,43.45591115272357,0.13229594875396192,False,,,
EB,53085065,ok,0.99931693,True,True,,0.9999999999999889,0.906235793556376,12360.022024661652,14217.530302836185,451.4718935933678,1.049280980279848,True,False,69.84672921464924,0.1691024644547841,False,,,
EB,318937509,ok,0.23111074,True,False,odd and even eclipses differ (period may be wrong),0.9999999999999887,1.013272103247281,24.258087925588043,25.403768384806437,12.306243981941858,2.1083704786504023,False,False,24.338470678420354,0.027904317645672805,False,0.016363174672538505,1.7053119705739754,
EB,24606516,ok,0.94039059,True,True,,0.999999999999985,0.9991375696115223,1824.4396193168177,1826.9593272196253,20.717017499611707,0.9840558516100587,True,False,80.72852131390968,0.12632427064953933,False,0.19896727016359725,0.6348997528370947,
EB,448852739,ok,0.93777674,True,True,,0.9999999999999928,1.0568135346132446,1264.9305065893584,1251.0066997516576,3.4871930881357085,0.9960723768840224,True,False,14.661204002431234,0.02988700852261332,False,0.050316791085685646,0.5939768390976689,
EB,128344724,ok,0.99869776,True,True,,0.9999999999999973,0.9890882079112497,727.0969743131965,735.4594769567757,3.2557909518577914,1.0063182417152368,True,False,3.65906464101408,0.0039332215108992975,False,,,
EB,441602378,ok,0.90166467,True,False,signal source >= 1 TESS pixel from the target (likely a neighbouring star),0.9999999999999841,0.9638397564853984,213.056085244074,231.02039223002683,0.8419273229200729,1.0053762770377186,True,False,134.56811461055068,0.2446795544153409,True,0.009851410625726165,24.83700697404491,
EB,18028547,ok,0.99997067,True,True,,1.0,0.9809281061480054,2756.893427336505,2792.762881541927,30.846464424968868,0.9844066159616855,True,False,1.938485757367222,0.011627245265211373,False,,,
EB,233233639,ok,0.98745114,True,True,,0.9999999999999891,0.9974117199838157,2240.3410160718413,2166.828547649499,8.856485190643813,1.0056984530434776,True,False,31.976547084424322,0.034423615058088476,False,,,
EB,252294709,ok,0.99903208,True,True,,0.9999999999999888,1.078681285720805,174.93380825604436,116.75932658660994,1.8983192426062894,1.0196400812017112,True,False,0.6827850259975293,0.003212498796153605,False,,,
EB,157770450,ok,0.99478096,True,True,,0.9999999999999931,1.023833255749056,11454.984510442908,11229.963593968227,30.14943854386348,1.0037649634081414,True,False,41.22368581925369,0.04378225692928155,False,,,
EB,255548311,ok,0.99516875,True,True,,0.9999999999999969,1.3108743269699537,317.1967317075385,216.725482510776,1.73732636622652,1.009226064246809,True,False,6.7565604599489735,0.00537756330111813,False,,,
EB,352718668,ok,0.85879058,True,True,,0.9999999999999916,0.9692082073611377,101.15301349195339,96.48007250915275,2.49680139722961,1.0364219903277443,True,False,4.392384403695338,0.008371504823741997,False,,,
EB,239052494,ok,0.97953868,True,True,,0.9999999999999885,0.9889804317878539,8637.787461255519,7468.340269320266,290.53429740495153,0.9497112683535988,True,False,43.19606955015998,0.08934939075508616,False,,,
EB,464422047,ok,0.9942416,True,True,,0.9999999999999821,0.9982198919501715,7555.4482726963915,7541.043511640821,8.871572750650342,1.0016642661486226,True,False,6.113808800917702,0.011519444936453464,False,,,
EB,332910947,ok,0.99960858,True,True,,0.9999999999999947,0.9879356725895445,3325.163968549251,3653.528831286208,40.47247482779516,0.9836766147090148,True,False,135.46741194907875,0.18974947776181708,False,,,
EB,140659980,ok,0.85824811,True,True,,0.9999999999999963,1.0466305296415368,640.5210462480395,420.49973469312545,49.304908881514734,0.8752576554016096,True,False,51.778299168873666,0.31275356773290636,False,0.025724449732317613,12.157833150459744,
EB,176983267,ok,0.7740432,True,True,,0.9999999999999978,0.9934030545180468,733.2209930389857,726.485180073688,2.922975367828861,1.0056793653196807,True,False,60.189736432183985,0.07829539654056773,False,0.07667841639384099,1.0210878135304922,
EB,38215399,ok,0.98553813,True,True,,0.9999999999999762,1.00262973159084,3683.8427283954384,3312.6064791761346,5.704597332012572,0.9976847173352947,True,False,4.161892738771712,0.011346491248951767,False,,,
EB,219164808,ok,0.97245377,True,True,,0.9999999999999869,0.9545569144161987,43.70698057007514,45.72013227012331,0.29861402862137265,1.0094895700185442,True,False,3.4457443545022057,0.0059960413493671105,False,,,
EB,220359766,ok,0.98371762,True,True,,0.9999999999999892,0.9917715785748366,948.2321446193887,885.0834219920313,88.89343538645687,1.1485836365694024,True,False,2.7320895320432683,0.006061506915584684,False,,,
EB,116890331,ok,0.91322863,True,True,,0.9999999999999813,0.6923349846249421,95.23632527930357,150.11952036633858,0.3084984437684699,1.0035455307713042,True,False,4.870011843281539,0.010348266295399512,False,,,
EB,275367529,ok,0.8909446,True,False,signal source >= 1 TESS pixel from the target (likely a neighbouring star),0.9999999999999848,0.9662282508502248,20.951272615864575,24.05218349769278,1.3571586108139801,1.089141959560939,True,False,20.885827728838038,0.0436674981612852,True,0.0016009207626622246,27.276489367699284,
EB,305674644,ok,0.92764741,True,True,,0.9999999999999938,1.0012842671564408,1125.7586873591304,1136.502011306197,3.225591849150393,1.0040488723552432,True,False,34.214084135870564,0.03986599038915689,False,0.04372438182946188,0.9117565239606161,
EB,165982704,ok,0.990013,True,True,,0.9999999999999949,0.9874179972777211,1683.9247283339143,1692.943726240479,2.6322086037599477,1.0022159116213305,True,False,25.140579274982183,0.025566868918080122,False,,,
EB,400445441,ok,0.92276251,True,True,,0.9999999999999961,1.019890089846222,1413.611296192277,1386.5183487131312,19.10449892597647,1.0195188481384192,True,False,5.866061444923627,0.008531841017159258,False,0.005682056422128508,1.5015410589610472,
EB,335564109,ok,0.88837987,True,True,,0.9999999999999957,1.0256001931793226,560.3105670364203,437.70515752725254,12.528433269957754,1.0365561692241452,True,False,13.682708673768776,0.04566402497270211,False,0.04655148039452536,0.9809360429721667,
EB,48499902,ok,0.95415747,True,False,odd and even eclipses differ (period may be wrong),0.9999999999999931,0.7912654529492231,2554.650170396025,3776.2132378257857,1193.2444849714652,0.5527446184376882,False,False,6.969987782909616,0.009931502245229935,False,0.22050503878614827,0.04503979727584263,
EB,18433724,ok,0.96176749,True,True,,0.9999999999999837,1.0050442100348476,1740.5540061501358,1729.0776963731773,2.323286327117382,1.001899234097355,True,False,10.592056853390753,0.012895716217594114,False,,,
EB,357358259,ok,0.99942523,True,True,,0.9999999999999953,0.8594215304717584,9434.970784002719,9918.352014764538,499.4741862003575,1.0751675965442562,True,False,7.540663141539368,0.008808313060735378,False,,,
EB,142618244,ok,0.97473025,True,True,,0.9999999999999984,0.9968325665792432,567.233197537514,568.1110697684126,4.905083235641764,1.0122937600449746,True,False,12.619667616632297,0.02818734122410803,False,,,
EB,410245402,ok,0.92870134,True,True,,0.9999999999999962,1.000257365139163,1795.484560870587,1815.5377945574207,1.9372523763444227,0.9984792737620956,True,False,41.56902317951255,0.07287984268965453,False,0.12594301831252094,0.5786731465241451,
EB,341327281,ok,0.58680487,True,True,,0.9999999999999952,1.0886503310329183,115.22671499152693,105.84364116455933,0.7201361140657211,1.0092568233818002,True,False,4.080035606527199,0.012460601042651284,False,,,
EB,390651552,ok,0.9986921,True,True,,0.9999999999999848,0.8944339642379405,27.471233888461445,29.00154620150136,0.18963015288716079,1.0096393094418203,True,False,0.1504471382322179,0.0006862529515018448,False,,,
EB,122891349,ok,0.98794729,True,True,,0.9999999999999841,0.9921695052617713,1573.7937816469196,1596.4233474918046,1.3955293043263817,1.0012458150590389,True,False,38.62960433147984,0.05725117390082357,False,,,
EB,345535359,ok,0.92791259,True,True,,0.9999999999999849,0.9940940195997531,1626.4289815577147,1650.8463397845162,5.706189312058412,1.0049388088309856,True,False,92.9760314317841,0.12960116507046632,False,0.1497494096336342,0.8654535960277835,
EB,269762258,ok,0.98957127,True,True,,0.9999999999999745,1.0210254405048884,197.52905022822742,184.43351588649398,1.6726492969615763,0.9876834389209597,True,False,12.692439047893178,0.06279146845264262,False,,,
EB,219403686,ok,0.96863639,True,True,,0.9999999999999868,0.9256838601321189,23.553806313908584,25.938144989575225,1.2156038488977876,0.9327294633335654,True,False,1.0282144966516442,0.0019766273752582332,False,,,
EB,30122338,ok,0.97938472,True,True,,0.9999999999999891,1.00458766023031,2868.3806963451825,4028.0199743028948,3.146498974776444,0.9986505954268217,True,False,374.80985496215555,1.2040071714784222,False,,,
EB,146879345,ok,0.98967421,True,True,,0.9999999999999973,0.9940348096135402,2381.0635161317864,2088.541015658364,6.037955711641169,0.9961446474484376,True,False,24.16465506001329,0.03888237191237729,False,,,
EB,28230919,ok,0.97977072,True,False,odd and even eclipses differ (period may be wrong),0.9999999999999974,0.8590013896256045,62.36683901072607,72.81342151217126,11.363113850808839,1.270283790606124,False,False,0.8043180198161421,0.0033655984580024294,False,0.002656789127654048,1.266791715974185,
EB,335720078,ok,0.99985874,True,True,,0.999999999999998,1.0292115743972765,528.9464061051796,508.8924389893432,4.507102447101571,0.9877818483115431,True,False,0.7432476030656753,0.0009311467044596603,False,,,
EB,164883253,ok,0.66731936,True,True,,0.9999999999999869,1.0220161553001916,345.6716199985671,330.5197437241354,5.3055679922377665,0.9780673706775325,True,False,58.40957856278277,0.042768309644737386,False,0.02228571604453222,1.9190906659348985,
EB,272324340,ok,0.6800319,True,True,,0.999999999999995,1.0144027101195003,616.4230890074595,599.507749825644,0.9542489159995969,0.9977823458906355,True,False,84.8678658276698,0.10040691435603576,False,0.05485093052800987,1.830541677041605,
EB,196896001,ok,0.58710617,True,False,odd and even eclipses differ (period may be wrong),0.9999999999999956,0.9976722609159724,41.55651443315463,39.94909113921483,12.059251038133704,1.5309221503492811,False,False,27.03937231331522,0.20151066779716414,False,0.0523338236532121,3.850486238736657,
EB,9473243,ok,0.99519235,True,True,,0.9999999999999981,0.9842243692986397,8646.74334733137,9151.678555369268,3.781723535898651,1.0006017863564678,True,False,180.04504353850746,0.417071137258251,False,,,
EB,46627823,ok,0.98931092,True,True,,0.9999999999999961,0.9484166390377907,128.77582949753437,135.7798083637408,4.134094946390757,1.0451815582728377,True,False,1.7890196653732626,0.005545154350453538,False,,,
EB,352378412,ok,0.98677689,True,True,,0.999999999999991,0.9880757828494479,2661.820817473986,2762.860128363951,12.511005917611193,1.0065512496108797,True,False,36.85269321084579,0.06474564910917062,False,,,
EB,232524483,ok,0.99895716,True,True,,0.9999999999999969,1.021064540028953,1885.089091129778,1852.701229270944,3.303147975988956,1.00250064368225,True,False,7.758303871896557,0.007186060046435248,False,,,
EB,156376126,ok,0.86024219,True,True,,0.9999999999999932,0.9749254037644713,3046.1291373127865,3129.875059249239,4.262640915048327,0.9980487852176982,True,False,184.44705794226704,0.493463111441397,False,0.2226112447797438,2.2167034371046244,
EB,371480725,ok,0.94997305,True,True,,0.9999999999999928,0.9991604861829073,4101.287306404941,3820.0938418490064,23.97859124782653,1.008619876694302,True,False,59.978245671402206,0.10183984121125061,False,0.21186347376145684,0.4806861673849217,
EB,308451526,ok,0.82543409,True,True,,0.9999999999999871,0.945069772110212,273.40022491297384,293.966761884415,6.288803959637935,0.9691078972152489,True,False,6.5315275656028335,0.0243310747363344,False,0.027651197270703462,0.8799284348570778,
EB,185060842,ok,0.45504642,True,True,,0.9999999999999957,0.9806914181907559,148.08123241241063,146.80585113454987,0.6123960358477684,1.005894865678909,True,False,36.291752636774426,0.0526482888086261,False,0.024373162432577797,2.1600926410048062,
EB,96799506,ok,0.9823184,True,True,,0.9999999999999989,0.8495714594660777,110.1439475939618,133.23847303872694,14.37332984767985,0.846016636453192,True,False,2.409259907609759,0.0077485327127089255,False,,,
EB,302771290,ok,0.98909611,True,True,,0.9999999999999977,0.9756834543662026,14888.700477256338,15973.04356829531,127.02427872574113,0.9884117031188338,True,False,133.99188279193294,0.28167705461382536,False,,,
EB,156921656,ok,0.99917626,True,True,,0.9999999999999929,1.0897517661928622,253.74885069983344,191.40163557930904,0.1542189279085654,0.9990033595478773,True,False,1.458933285459722,0.0019423318268021604,False,,,
EB,73386477,ok,0.99094206,True,True,,0.9999999999999939,1.0014022516972223,6530.592293666902,6555.681138585794,3.471750208564437,0.9992349305717155,True,False,24.334639243753696,0.042995322982788006,False,,,
EB,32000625,ok,0.99390018,True,True,,0.9999999999999974,1.0193504866426337,753.8928915911638,762.320341870572,11.958834534761529,1.0225771389965166,True,False,9.726201755650761,0.030743170471201908,False,,,
EB,158579379,ok,0.99127996,True,True,,0.9999999999999921,0.9702351502627548,110.62103945851963,116.59367906376288,1.3287441868474754,1.0167213180560788,True,False,51.98061353529932,0.07311699942414573,False,,,
EB,469460566,ok,0.90403223,True,True,,0.9999999999999801,0.9990117358655944,229.51990227027335,229.81507657854704,3.4646826259810144,1.021562401786907,True,False,54.29426765362196,0.0729432817759812,False,0.012273854932780255,5.9429806018945825,
EB,284892951,ok,0.8181622,True,True,,0.9999999999999987,1.0055179928306204,1406.2370727124555,1386.6175343650514,4.079511693243459,1.0041469784108847,True,False,9.852433203354485,0.027727665264711585,False,0.06269454303343092,0.4422660079032114,
EB,355703913,ok,0.93690693,True,True,,0.9999999999999932,1.1202877357764656,18.436074360266414,15.108799441129946,0.5993583448189578,1.051893072994382,True,False,1.0809430104663804,0.005848472979039202,False,,,
EB,143100813,ok,0.98469102,True,True,,0.9999999999999879,0.9967437883933655,1843.6998566502377,1826.1946040200696,0.3594593374145945,1.0002773333216213,True,False,31.406440841663034,0.03872073118070079,False,,,
EB,20239565,ok,0.99529201,True,True,,0.9999999999999933,1.1473100535421055,593.289501505908,591.6000778612425,57.34821783696616,0.8716640884489805,True,False,0.8830449421791323,0.0012433514815301263,False,,,
EB,346429188,ok,0.7689209,True,True,,0.9999999999999857,0.9911642653271829,57.27412307744188,58.289372688087795,0.8095766403988071,1.02002479284604,True,False,39.6812687683816,0.07780845550167266,False,0.01881516009383373,4.135412885866049,
EB,261335113,ok,0.92565,True,True,,0.9999999999999969,1.0520662185961216,177.06283212972716,237.33512581824317,5.325974339337884,1.039073398633862,True,False,7.333369562751324,0.04818703448217304,False,0.1743906568118215,0.276316606423301,
EB,38541473,ok,0.98314685,True,True,,0.9999999999999528,0.7639555150855198,57.39120027498437,73.14356259279826,4.768600564333303,0.9014275506354351,True,False,205.753705087853,0.6634705042572852,False,,,
EB,318649597,ok,0.94990432,True,True,,0.9999999999999939,0.9548768438341201,3526.212157964201,3674.928476330238,9.982358673145118,0.9960772655030818,True,False,63.89452383331548,0.07074176999059735,False,0.255335181418582,0.27705453513132333,
EB,336485975,ok,0.79358685,True,True,,0.9999999999999919,0.9863510452568746,1504.8402306512253,1525.2348491434088,1.990806819763697,0.9981387329258081,True,False,181.6747610546109,0.6375807086415608,False,0.33182585376227414,1.9214316829523923,
EB,257273424,ok,0.99362469,True,True,,0.9999999999999902,1.0199097630298621,1802.457388447813,1746.574709393249,16.10736113277594,1.0128906453907527,True,False,33.71689254572471,0.04673199425621372,False,,,
EB,373128383,ok,0.99818414,True,True,,0.9999999999999879,0.9577586629795473,9153.504140602814,10454.82501120729,135.41739047612703,0.9806334700352071,True,False,20.43246845839169,0.04984784447822852,False,,,
EB,378275454,ok,0.64257085,True,True,,0.9999999999999979,1.0016107285253255,2394.7846027538644,1773.8408771773848,145.9892805875578,1.1094462800142315,True,False,5.7517043142442805,0.012052192823041043,False,0.04465069153758592,0.2699217505488305,
EB,1450518,ok,0.94231617,True,True,,0.9999999999999907,0.9999577383734536,1808.3573259123837,1832.584426123021,1.1759547315947023,0.9990868771051249,True,False,88.56691829182174,0.08758770121559817,False,0.20029283443506857,0.4372982261828871,
EB,63370066,ok,0.71599859,True,True,,0.9999999999999688,0.9832606831030036,381.0720558189669,389.21225115318083,15.423763899600637,0.9448908604090951,True,False,72.22023591434628,0.20094304212717864,False,0.10365185743923033,1.9386342617640866,
EB,33834253,ok,0.9658764,True,True,,0.9999999999999962,0.9772725454316002,4806.101454910529,4627.063030048647,53.689337889661495,1.0162870524385719,True,False,107.10787520136823,0.18735052640481334,False,,,
EB,255904363,ok,0.22858545,True,True,,0.9999999999999959,1.0736031684320395,66.33469751965875,62.11166423368688,1.9295263489368983,0.9584128475650955,True,False,8.230913696990765,0.018136611729912825,False,0.05543294230161886,0.3271811124733165,
EB,298734307,ok,0.98662382,True,True,,0.9999999999999863,0.9950615845554651,5886.056023978143,6205.110391955447,150.06546296263247,1.0358177778146753,True,False,28.5475498534904,0.03944287392856499,False,,,
EB,167719897,ok,0.87651402,True,True,,0.9999999999999979,1.005582949657869,1273.3344861059986,1238.994966946038,4.776248518972254,0.9946365148747177,True,False,74.11589788304744,0.08853221352161983,False,0.08192244718040512,1.0806832140482698,
EB,12824209,ok,0.49418139,True,False,signal source >= 1 TESS pixel from the target (likely a neighbouring star),0.9999999999999958,0.8287057960059184,39.93653350260744,46.480914433930934,0.522890734527843,0.9830468675686541,True,False,263.9306918740803,2.0873028345099494,True,0.05048023901321405,41.348909500281145,
EB,373414766,ok,0.99921876,True,True,,0.9999999999999948,0.8733420719043613,2883.759513599566,3312.712871048571,12.872913162520911,0.9941250849089344,True,False,14.991517851157345,0.015010214307027224,False,,,
EB,219016721,ok,0.99044198,True,False,"no secondary eclipse, smooth wide dip (possibly not eclipsing)",0.9999999999999878,1.0245478153270382,669.5642174326916,650.0891018749985,16.07984155462307,1.0351645988480438,True,True,11.73236123374166,0.009882966607113944,False,0.017944850573746254,0.5507410923539793,
EB,359552377,ok,0.820081,True,True,,0.9999999999999828,1.1171044756101847,233.25247684217098,222.4646327613972,11.081467986598488,1.071994619772789,True,False,101.84531849345747,0.21980170378402122,False,0.011750434104764836,18.705836892859217,
EB,377296926,ok,0.97212672,True,True,,0.9999999999999841,1.0082556361917452,2052.907825128701,2017.7303331294731,6.563837965207632,1.0045773185465936,True,False,43.9344593428702,0.05703705473632119,False,,,
EB,280738935,ok,0.9128958,True,True,,0.999999999999998,0.9648029269849712,128.653485839386,124.87160533514611,0.8807251737312386,0.9901965187472506,True,False,54.43659293728243,0.068922179539193,False,0.005571569999570539,12.37033359439181,
EB,258918831,ok,0.93949717,True,True,,0.9999999999999923,1.1419557041803492,76.25436490584161,46.386357725232294,2.457483765702863,0.9426282973944672,True,False,6.893251299259045,0.030721549569082466,False,0.014622068045125445,2.1010399810937894,
EB,393672471,ok,0.9656195,True,True,,0.9999999999999907,1.3696342166639561,35.98711947277735,26.03410017865146,0.30802458518223996,0.9860343956692015,True,False,19.71468683689073,0.032215111095882015,False,,,
EB,41536849,ok,0.47816327,True,False,odd and even eclipses differ (period may be wrong),0.9999999999999897,0.8781510469146905,21.378926655341633,27.28681922736842,8.19144162349155,0.606910788862873,False,False,79.19731363667326,0.23048858231517014,False,0.012884486372063977,17.88884520960908,
EB,259006174,ok,0.92593676,True,False,signal source >= 1 TESS pixel from the target (likely a neighbouring star),0.9999999999999897,1.0186818954902073,17.658049216789898,17.463478381989283,0.6662868894896004,1.0551465325842075,True,False,18.470989633296327,0.0457331825282537,True,0.0017838614716544571,25.637182738095735,
EB,311103813,ok,0.90607196,True,True,,0.999999999999993,0.9906550217104596,3247.0770133887568,3256.000206785487,15.957384213007877,1.0069737645552932,True,False,47.6221529860652,0.05766838042113233,False,0.21818011313646563,0.2643154758337775,
EB,47380518,ok,0.94434243,True,True,,0.9999999999999882,0.9430907380807296,372.30075687575203,381.3167743360575,4.224443831298659,1.0159887250674724,True,False,16.603234681268106,0.07208610306646716,False,0.17569911316065498,0.41028154194809957,
EB,229503517,ok,0.72385651,True,False,signal source >= 1 TESS pixel from the target (likely a neighbouring star),0.9999999999999932,0.9279665123062159,15.335192683182047,16.525588455848986,0.4784354991925901,0.9563702383332185,True,False,57.43212023129918,0.15027783398849343,True,0.004325695921528108,34.74072998071622,
EB,431486590,ok,0.99114323,True,False,odd and even eclipses differ (period may be wrong),0.999999999999993,0.949488262110881,11.94320455140832,15.637214315903622,4.5584334852149615,1.668715026822255,False,False,4.835760376481019,0.01601181083003295,False,0.00045506310423558145,35.18591307667035,
EB,106470229,ok,0.69473559,True,True,,0.9999999999999956,0.8567573911260752,60.0500113272395,61.51210514361315,3.734026092015981,1.0913552178298154,True,False,14.896247418690931,0.05244854027930149,False,0.029926846838644806,1.7525581816917049,
EB,35857242,ok,0.98878658,True,True,,0.999999999999999,1.0080454144521145,50.586868500344934,65.46778704788656,2.9976298352355397,0.9284149806093119,True,False,3.224512092022955,0.007134933301680502,False,,,
EB,153742549,ok,0.99465293,True,True,,0.9999999999999822,1.016318382068975,1531.8327660588266,1513.0230554900202,16.16653241759295,1.0151323468467797,True,False,6.290886946389272,0.018173680858887754,False,,,
EB,229461186,ok,0.95796663,True,True,,0.9999999999999906,1.0309865922165231,2093.898690478822,2040.892786077374,0.8543982078358231,1.0005849397141244,True,False,92.98451820657922,0.13694899109457223,False,,,
EB,268482699,ok,0.56222898,True,True,,0.9999999999999892,0.7846820130892623,11.97011148228053,12.334262469161661,0.6049439235644071,0.9310101962414874,True,False,1.5131592024017848,0.003385821677430398,False,,,
EB,322390461,ok,0.13275747,True,True,,0.9999999999999934,0.9890062275273731,40.040452697701085,39.882146497612155,0.05715605126820218,0.997978831361713,True,False,11.90241649096153,0.04423825228215444,False,0.15518325838470723,0.2850710362872105,
EB,121108244,ok,0.92837727,True,True,,0.9999999999999963,1.0189698292323108,925.7393716224609,915.6290210256208,0.11607712481846635,1.0001783706499534,True,False,39.4689119402306,0.052061371641534654,False,0.06125509655705234,0.8499108575079178,
EB,308404140,ok,0.94726378,True,False,signal source >= 1 TESS pixel from the target (likely a neighbouring star),0.9999999999999911,1.0280463374251394,85.04352254730775,90.58246299868415,4.723634911648013,1.079777627208716,True,False,78.06621283568312,0.12393559785664066,True,0.003309129254971322,37.452631283728664,
EB,43712632,ok,0.86650258,True,True,,0.9999999999999881,0.9982779869128509,5020.767350045464,5016.6938758750875,7.7291534644031765,1.0021815383115242,True,False,217.2661550339052,0.543766955174698,False,0.29540909966105056,1.84072513608623,
EB,67807856,ok,0.98626071,True,True,,0.9999999999999963,1.0102625897478832,1969.1781986734684,1953.4632374176665,5.445904211242002,1.0041644090186774,True,False,5.4737224171692755,0.007262019611812053,False,,,
EB,295804815,ok,0.96433324,True,True,,0.9999999999999947,0.9250905928954525,3379.091391415841,3715.174171331705,75.30389757550503,0.9704267177315625,True,False,24.564510963091276,0.021409759084480666,False,,,
EB,268387175,ok,0.97693014,True,True,,0.9999999999999886,1.0234407519988924,2366.9207378782658,2219.821441657017,59.09735764742674,0.9641883648776016,True,False,15.99161072945884,0.024098362832576433,False,,,
EB,306410072,ok,0.98888785,True,False,odd and even eclipses differ (period may be wrong); signal source >= 1 TESS pixel from the target (likely a neighbouring star),0.9999999999999954,1.4588592798628337,112.19211945008388,76.80274755739286,38.73263392058745,0.5630084505298485,False,False,8.46924593667492,0.011222682359331165,True,0.0005178364470274617,21.67225274264252,
EB,142852841,ok,0.99790514,True,True,,0.9999999999999932,0.9508584369493858,261.6885730665668,238.93951953886457,3.7964492556909497,1.0218639175376678,True,False,15.57639688027412,0.0517022217192661,False,,,
EB,149837469,ok,0.96280593,True,True,,0.9999999999999905,1.0039950140384135,2042.0790461185509,2032.4710803999385,6.548366418836528,1.0045589370337962,True,False,101.0029280156451,0.20719432590362813,False,,,
EB,285161229,ok,0.9619202,True,True,,0.9999999999999902,0.9699339549751719,62.710184238244516,62.7033234224032,0.637510900481079,1.0144748472964242,True,False,30.592525707071133,0.05874872756467116,False,,,
EB,105992935,ok,0.77599061,True,True,,0.9999999999999891,1.0967928092724322,19.93592523894613,18.886984653880408,0.8905112666974877,0.9371209718316071,True,False,2.13679501827291,0.003210562988591069,False,,,
EB,50849800,ok,0.9947359,True,True,,0.999999999999993,0.9466221818569112,10312.869192194617,12081.545377500972,108.12929335637187,1.0137190192775878,True,False,37.70447811015158,0.0628426766823566,False,,,
EB,305466446,ok,0.87436914,True,True,,0.9999999999999961,1.028194000880585,185.19308817421816,127.89901134476942,8.820289130965337,0.918597080746564,True,False,148.30821244023278,0.4274415302125321,False,0.02431335341931003,17.58052551784369,
EB,381948745,ok,0.99953496,True,True,,0.9999999999999983,1.0273528538922296,1068.8122231104562,1043.191579709495,24.82813948990899,0.9673196188457591,True,False,3.8962715712812055,0.0038523075707998233,False,,,
EB,159220329,ok,0.87244654,True,True,,0.9999999999999793,0.9324034832232124,1581.4125707854216,1668.1811490263722,27.166736896974875,1.0233134518528662,True,False,69.23471826792019,0.06551232131737098,False,0.0832212063330721,0.7872070618055482,
EB,10891640,ok,0.96180433,True,True,,0.9999999999999946,1.0536171460067343,871.2206498153188,1339.0693807009043,24.010837037491992,1.0343048529944896,True,False,10.33491015675411,0.0200363111432671,False,,,
EB,322650462,ok,0.99523193,True,True,,0.9999999999999867,0.8362378467144409,159.90078048515875,207.18146293814436,14.446488282036828,1.1194667986275955,True,False,44.40766711746535,0.07225002098531097,False,,,
EB,417277789,ok,0.85890347,True,True,,0.9999999999999987,1.0160571080616945,5213.738422869662,7311.585308305061,6.632596523267665,0.9984472084465315,True,False,244.42649452197006,0.38134288081959394,False,0.4673272923583235,0.8160081532905616,
EB,294092960,ok,0.50812882,True,True,,0.9999999999999911,1.0711443163402994,418.5489729483129,397.6408778815624,2.7590987476311164,1.0096199206411318,True,False,62.025778701869655,0.02571596733496872,False,0.023945230622632076,1.0739494532436458,
EB,92349924,ok,0.98155373,True,True,,0.9999999999999989,1.1869024832753063,97.38505348884611,81.83354597766872,7.506286950435435,0.8882139431158925,True,False,1.7921089316510992,0.007850775818595713,False,,,
EB,168675489,ok,0.98243898,True,True,,0.9999999999999843,1.0085409208103713,2206.282187671409,2164.7295019263756,37.8937827540359,1.0248193774046126,True,False,45.8020121022976,0.051107031361050895,False,,,
DSCT,403779926,ok,0.96954501,True,True,,0.999999999999986,,92.24166064453246,92.09301349444381,,,,,2.049449183944685,0.00139512485425477,False,,,1.0099168607990265
DSCT,272021842,ok,0.71530569,True,True,,0.9999999999999828,,164.8714153910516,164.96800245606167,,,,,8.955773571824492,0.003463615307619043,False,0.0171752996353533,0.20166258412689378,1.000104946625462
DSCT,56882581,ok,0.98934489,True,True,,0.9999999999999967,,1103.3508814903464,902.9034771390887,,,,,33.13997205380946,0.034196873078081516,False,,,1.0023767635092136
DSCT,189569123,ok,0.98444527,True,True,,0.9999999999999865,,53.14910272199626,48.1870484838848,,,,,19.151818231831093,0.009967221714410801,False,,,1.080530264856749
DSCT,89464315,ok,0.57289082,True,True,,0.9999999999999986,,90.9022727574519,87.23075802161502,,,,,7.339564970389503,0.00971322493056627,False,0.00845179244937618,1.1492502908401632,0.959986994361009
DSCT,103692670,ok,0.9992215,True,True,,0.9999999999999811,,98.0251512077107,106.01443066631602,,,,,15.48973284420038,0.013904011761475356,False,,,1.0103572912396324
DSCT,12784674,ok,0.99366224,True,True,,0.999999999999998,,56.67420751690991,57.66555655952486,,,,,1.0707685263366853,0.001314070537088621,False,,,0.9859773821907512
DSCT,20816780,ok,0.99373674,True,True,,0.9999999999999886,,59.022661810356816,75.39181125387982,,,,,2.728595102537476,0.0031508882668285724,False,,,0.8299408838801786
DSCT,282265535,ok,0.99586678,True,True,,0.9999999999999827,,30.831753269891326,31.587492170539996,,,,,1.3802959213643873,0.0008513808774266824,False,,,0.9909673420244606
DSCT,275488593,ok,0.94993645,True,True,,0.9999999999999841,,85.57547488573559,83.39530422154739,,,,,1.089063595303384,0.0007813566815591387,False,,,1.0365210110642749
DSCT,71134596,ok,0.96462327,True,True,,0.9999999999999932,,65.41229287407414,46.38834978654604,,,,,7.161281352383265,0.004836421134095864,False,,,1.4058923237046757
DSCT,8719504,ok,0.9748103,True,True,,0.9999999999999972,,142.5934649318819,149.24661845610953,,,,,4.68503510887347,0.0028389995662024973,False,,,1.0022764668928343
DSCT,296723245,ok,0.99711663,True,True,,0.9999999999999967,,81.85209191031993,67.26519377390449,,,,,8.968128460279816,0.010279702393225147,False,,,0.9977284884591063
DSCT,427347409,ok,0.99399263,True,True,,0.9999999999999841,,71.67811020666946,71.21214014722653,,,,,2.0720925465276783,0.0013551763933492428,False,,,1.0230653316122031
DSCT,405687247,ok,0.97101301,True,True,,0.9999999999999926,,57.21747007940093,69.51046042970323,,,,,3.4727548231426706,0.0022533729728174082,False,,,0.8385226020377431
DSCT,392979958,ok,0.98163325,True,True,,0.9999999999999944,,41.51396005295944,39.16346587978425,,,,,1.8166877591830843,0.0018715228859890942,False,,,1.0565635627031775
DSCT,50377999,ok,0.99980658,True,True,,0.9999999999999956,,380.7941438832597,369.5440595178712,,,,,11.432147995862566,0.018124972857180625,False,,,0.9642664709862406
DSCT,399952126,ok,0.97616589,True,True,,0.9999999999999911,,33.310243487872725,29.526711007677058,,,,,4.129309343415958,0.0027434032619305807,False,,,1.1213212563928507
DSCT,381022741,ok,0.98963809,True,True,,0.9999999999999831,,56.707013780992206,81.36969901379805,,,,,36.13447720527495,0.03434806607483856,False,,,0.8410544688486027
DSCT,123413993,ok,0.97927749,True,True,,0.9999999999999932,,75.34146968988512,78.2855101751439,,,,,3.9031999758228815,0.0024786311451944682,False,,,0.9888041955797628
DSCT,456310885,ok,0.98774421,True,True,,0.9999999999999843,,167.68935446092425,164.49984008549023,,,,,12.826012880895341,0.008120135450267272,False,,,0.9852082068638085
DSCT,156198986,ok,0.99647379,True,True,,0.9999999999999851,,205.15147231200163,205.4640434823176,,,,,90.06469012931683,0.06073127262074339,False,,,0.9936184020357618
DSCT,149852256,ok,0.97753817,True,True,,0.9999999999999734,,49.003693628008655,47.69212222963916,,,,,1.1553131424477634,0.0008038019236472681,False,,,1.006645798080986
DSCT,252829836,ok,0.96772796,True,True,,0.9999999999999912,,48.975184958667946,54.082019004116006,,,,,0.5787553546203448,0.0005192072320839412,False,,,0.9553403141405982
DSCT,185259483,ok,0.39299244,True,True,,0.9999999999999836,,215.7277541071635,276.61741971858925,,,,,92.17432549030225,0.08942826300615876,False,0.16557065243759064,0.54012146288949,0.9871610948972973
DSCT,219332123,ok,0.99721915,True,True,,0.9999999999999819,,75.37456867746054,72.51164660758225,,,,,1.887505297530964,0.0016955725831104104,False,,,1.0669733757765074
DSCT,456723328,ok,0.97773093,True,True,,0.9999999999999918,,47.327494911153295,43.22152153633395,,,,,4.674350323651588,0.0029211755761317246,False,,,1.0268254134696775
DSCT,139845816,ok,0.9966563,True,True,,0.9999999999999826,,183.0726174344701,171.83615583977138,,,,,82.2159313920666,0.11590301411617746,False,,,1.0075210433177066
DSCT,120962639,ok,0.99110812,True,True,,0.9999999999999855,,31.330568947757886,29.380256183077833,,,,,1.9689132840710926,0.002468654622030223,False,,,1.0314550125474864
DSCT,434130990,ok,0.96645105,True,True,,0.9999999999999858,,43.18336677936786,44.17497829048296,,,,,0.9392981856152457,0.0006507390417920494,False,,,1.0359117372654876
DSCT,89975166,ok,0.99456805,True,True,,0.9999999999999923,,59.85859219365632,72.67934148129156,,,,,4.303880001945423,0.0034015071469265866,False,,,0.9000634386354854
DSCT,452310756,ok,0.9963755,True,True,,0.999999999999998,,74.30258795411677,62.00657754447613,,,,,6.643982976781373,0.009113569957054602,False,,,1.1498286498339625
DSCT,11083205,ok,0.9978826,True,True,,0.9999999999999795,,188.39093855747691,195.11245027224757,,,,,22.42767164724335,0.013566444809415582,False,,,0.9973627751438613
DSCT,308456254,ok,0.99185616,True,True,,0.9999999999999954,,166.00712302672952,171.2268331770841,,,,,17.263791450221838,0.013455242884791583,False,,,1.0276047476058527
DSCT,144309524,ok,0.98310536,True,True,,0.9999999999999867,,195.5559176797564,195.83837003740393,,,,,124.82320251933486,0.10372412621174058,False,,,1.0014519474117007
DSCT,270265624,ok,0.99699795,True,True,,0.9999999999999919,,153.367054122339,186.22572749443884,,,,,31.274103352229996,0.026460715396194188,False,,,0.9892306517063506
DSCT,373564878,ok,0.83149225,True,True,,0.9999999999999883,,152.53663247509007,180.8989168616699,,,,,70.47979577041183,0.06743484369422831,False,0.02297912883440485,2.9346127166171505,1.00222874561343
DSCT,459309927,ok,0.99984598,True,True,,0.9999999999999815,,52.52515371348309,46.192180512212175,,,,,4.877772096258078,0.00398202352264155,False,,,0.6270143781579118
DSCT,274038922,ok,0.99240404,True,True,,0.9999999999999961,,109.83709702532323,111.8524840138289,,,,,7.829705786597083,0.005346494635671043,False,,,0.9717368456000663
DSCT,135428006,ok,0.99585021,True,True,,0.9999999999999984,,41.4113118658006,38.67396267621878,,,,,3.9015115370189517,0.0034522997419776727,False,,,0.9987827525599675
DSCT,410038602,ok,0.98695821,True,True,,0.9999999999999972,,69.34726807301618,70.44934994895729,,,,,16.51505149238709,0.01569738393003151,False,,,1.0051019789986497
DSCT,271538485,ok,0.83076257,True,True,,0.9999999999999856,,29.62580465610179,28.171462476388186,,,,,1.8405985089581163,0.0010353593303329906,False,,,1.072233480568692
DSCT,438196480,ok,0.8052913,True,True,,0.9999999999999831,,30.813588832451295,29.485282736719956,,,,,2.498728648358958,0.0011493127512436903,False,,,1.0146290691585824
DSCT,102210411,ok,0.99638712,True,True,,0.9999999999999934,,80.95393455033786,82.24377648879177,,,,,4.838673932094707,0.002790889050465085,False,,,1.0105971326464385
DSCT,278535185,ok,0.99990767,True,True,,0.9999999999999977,,90.58817441061689,86.83743426712265,,,,,2.3031864213838666,0.0011142631349285702,False,,,1.0185976385995121
DSCT,30307085,ok,0.93110198,True,True,,0.9999999999999911,,58.57165756026369,55.21987431365007,,,,,2.592087232947359,0.0013275564890666634,False,,,1.0263222291183582
DSCT,411262502,ok,0.92830086,True,True,,0.9999999999999988,,116.05566319325881,115.43317476854097,,,,,6.422640832475726,0.0027496636017952034,False,0.008067532962515086,0.34083078613638346,1.0122155137070459
DSCT,123494120,ok,0.97008985,True,True,,0.9999999999999835,,73.16846207387883,75.75541118089329,,,,,1.5452367592692828,0.0010037423659361557,False,,,1.014120311427352
DSCT,357208862,ok,0.99583203,True,True,,0.9999999999999968,,115.47812916678835,107.89992325708558,,,,,7.361120675636792,0.005261672013297845,False,,,1.0029633634172979
DSCT,178616716,ok,0.96321219,True,True,,0.999999999999982,,258.9008120627722,264.9594927769367,,,,,101.53915408416651,0.08809682337100762,False,,,1.0005712598153114
DSCT,118425866,ok,0.98524511,True,True,,0.9999999999999982,,44.323359937055564,40.511543837176724,,,,,4.084847880138531,0.002454747526423064,False,,,1.1368034871326105
DSCT,327996759,ok,0.99974519,True,True,,0.9999999999999818,,99.79619218342314,97.33680817145786,,,,,2.776082530501413,0.0036635045549273174,False,,,1.0102256244022472
DSCT,105485591,ok,0.93650436,True,True,,0.9999999999999778,,140.2366006584464,137.7844164145664,,,,,15.530008679092957,0.010633631079564427,False,0.013314004303977361,0.7986801593858421,0.8705711879699984
DSCT,8152515,ok,0.99973375,True,True,,0.9999999999999964,,85.28813475986362,43.31642045804237,,,,,2.729422156239022,0.003117955661494078,False,,,1.2691888542995606
DSCT,14330619,ok,0.99233729,True,True,,0.9999999999999812,,35.49989649034477,36.17791188637961,,,,,1.6063095172261088,0.0008623732130026709,False,,,0.9371592890716279
DSCT,160298091,ok,0.99927807,True,True,,0.9999999999999843,,123.64822736737791,106.74049302206332,,,,,25.537064294571604,0.0165452711729031,False,,,0.9929296573120974
DSCT,397025357,ok,0.99997818,True,True,,0.9999999999999721,,506.09194518358163,493.31613815150234,,,,,120.67041651412379,0.09725917997168534,False,,,1.0001477888784636
DSCT,464401254,ok,0.57097912,True,True,,0.999999999999998,,385.9681123171931,391.1091079800865,,,,,278.29246820187444,0.10993651405732016,False,0.08091574952293516,1.3586540902789168,0.9988197322170974
DSCT,34197596,ok,0.909684,True,True,,0.9999999999999895,,64.56072439982457,63.34075635970027,,,,,3.819530827494655,0.0019890047979108723,False,,,0.9952092565268573
DSCT,25671619,ok,0.9753927,True,True,,0.9999999999999869,,150.185760096722,147.8336470394703,,,,,157.52102308103656,0.12064979490635457,False,,,0.9991674152242795
DSCT,52209643,ok,0.9205029,True,True,,0.9999999999999876,,280.6237264549635,298.3037962899995,,,,,11.990457531732082,0.006086735837030232,False,0.020892290068047572,0.29133885357734024,0.9947371660356202
DSCT,183595451,ok,0.9996894,True,True,,0.9999999999999889,,50.31510364979165,48.20829994549853,,,,,7.949975498761879,0.010966714997053942,False,,,0.9428366934581589
DSCT,148839101,ok,0.99928898,True,True,,0.9999999999999963,,89.57669578457777,81.24316876749596,,,,,5.219383075538745,0.004270275473406758,False,,,1.1385477794581707
DSCT,78492107,ok,0.99471796,True,True,,0.9999999999999875,,82.45775284640396,79.08499899995378,,,,,2.661308469705855,0.0017392887249407726,False,,,1.059595209757408
DSCT,333375443,ok,0.99962717,True,True,,0.9999999999999842,,220.5215766279776,213.4313825290265,,,,,2.6252211711631297,0.0025964263920908205,False,,,1.0264124993130381
DSCT,164654307,ok,0.95939034,True,True,,0.9999999999999892,,56.9658318927386,63.04359899230755,,,,,5.0188449271069535,0.0035111441613271542,False,,,0.9521351336523257
DSCT,401744720,ok,0.9662658,True,True,,0.999999999999991,,304.9510701378647,293.4365765524137,,,,,86.27845116524306,0.05414418754422323,False,,,1.0000789068272804
DSCT,144387364,ok,0.99267364,True,True,,0.9999999999999948,,208.92765302085527,198.93672907789207,,,,,5.268381739286574,0.005723277311451115,False,,,1.007964716850636
DSCT,67984107,ok,0.9419173,True,True,,0.9999999999999806,,42.18708773842917,43.7168012511904,,,,,2.8150098497067226,0.0023615808305107798,False,,,1.0278824317432247
DSCT,327322205,ok,0.98400128,True,True,,0.9999999999999916,,65.84833460746128,60.84443081907403,,,,,9.433383877252055,0.004758758708037623,False,,,1.1041142763534872
DSCT,175264756,ok,0.95180571,True,True,,0.9999999999999803,,46.21244132281551,40.546137517687235,,,,,4.828348080824216,0.0024764929586165367,False,,,1.051511479264251
DSCT,83207850,ok,0.99998116,True,True,,0.9999999999999946,,49.48748877570079,53.11483884844144,,,,,7.130956220052706,0.007462966539617929,False,,,0.9144322045484059
DSCT,258388363,ok,0.99969745,True,True,,0.9999999999999984,,63.586963357738995,60.615653683539065,,,,,35.36988041697319,0.03432323677013257,False,,,0.9825157696767562
DSCT,177363174,ok,0.99847567,True,True,,0.9999999999999872,,167.4886705740703,153.07701822561904,,,,,6.750181238690088,0.0068239627239429675,False,,,1.1816832389545076
DSCT,394015973,ok,0.99414283,True,True,,0.9999999999999828,,47.71868125593974,55.57180694119674,,,,,2.123425888148386,0.0016548243368448659,False,,,0.7752998120275769
DSCT,67634153,ok,0.95861524,True,True,,0.9999999999999931,,68.04752723042701,55.507696944661646,,,,,4.7050859933714175,0.002239045054519151,False,,,1.0340336627770779
DSCT,23672783,ok,0.96066737,True,True,,0.9999999999999969,,120.45664777929241,120.6494862001367,,,,,6.8405904539107745,0.0033094445573482807,False,,,1.0402689746443634
DSCT,81709032,ok,0.98510861,True,True,,0.9999999999999836,,105.74095834456469,99.60304746794087,,,,,143.31644508860822,0.12650625923297013,False,,,0.9992669232837696
DSCT,176019421,ok,0.99799103,True,True,,0.9999999999999963,,263.93225443052665,264.1265399194909,,,,,36.56044649107754,0.028405090215919335,False,,,0.9996621097033906
DSCT,85914188,ok,0.25048938,True,True,,0.9999999999999848,,140.79207930331717,124.87650464895952,,,,,276.8253037074488,0.2408440985538702,False,0.1560643414195704,1.5432359266898394,0.9896953392546293
DSCT,265566844,ok,0.99936736,True,True,,0.9999999999999915,,1114.9371964269608,1101.4690729145595,,,,,20.23646316250946,0.019738874339549444,False,,,1.000294647035339
DSCT,202278022,ok,0.99983585,True,True,,0.9999999999999851,,239.0910492431183,244.36525791294824,,,,,1.1269930443171552,0.0008295464691906139,False,,,1.0165686523554112
DSCT,437039231,ok,0.80181301,True,True,,0.9999999999999875,,34.29204986143235,43.89126070818476,,,,,6.3894858147533595,0.0024273893765191256,False,0.002150615266353547,1.1286953154735389,0.7999576388472751
DSCT,171729860,ok,0.99958742,True,True,,0.9999999999999971,,68.31596005122002,68.68038757971037,,,,,2.1159779032374146,0.002205133354123983,False,,,1.0146000001985902
DSCT,38566645,ok,0.98607492,True,True,,0.99999999999999,,152.90293576565722,169.26964346175603,,,,,20.44836517882181,0.01087467721955731,False,,,0.9680623092586212
DSCT,11361473,ok,0.9895792,True,True,,0.9999999999999956,,110.02970371088642,108.934976484393,,,,,6.306314168201055,0.0033738816396937303,False,,,1.0038597205576856
DSCT,438528002,ok,0.82757133,True,True,,0.9999999999999868,,30.53796892526455,32.55441878784477,,,,,3.527735701754131,0.001796910142969488,False,,,0.9380327852047761
DSCT,314042667,ok,0.99091214,True,True,,0.9999999999999771,,135.2205200629228,143.6037788258026,,,,,10.196030342987251,0.010887143771636345,False,,,0.9938065399597392
DSCT,438069802,ok,0.98177248,True,True,,0.9999999999999832,,89.02137790767722,83.32895517807314,,,,,2.7649594134921984,0.0015724166165440488,False,,,1.1216996623687445
DSCT,7988331,ok,0.61448359,True,True,,0.9999999999999966,,70.60755353210149,77.44889499387413,,,,,9.719200807777522,0.004808583471012998,False,0.004086036316803562,1.1768332677901092,0.9260287938048601
DSCT,459664313,ok,0.90437382,True,True,,0.9999999999999762,,60.76644014270854,61.09011964370458,,,,,5.438238418491714,0.002611088767271139,False,0.001338923718358223,1.9501400501537414,1.013505076564221
DSCT,165524371,ok,0.99124748,True,True,,0.9999999999999971,,105.30993061663065,93.4232434319867,,,,,8.627295378102156,0.005717265325111218,False,,,1.0082807331647985
DSCT,166179517,ok,0.99724466,True,True,,0.9999999999999913,,56.66432989712945,61.171222442159156,,,,,6.190230876039331,0.005342387723071264,False,,,0.9894466407059778
DSCT,103307231,ok,0.99067163,True,True,,0.99999999999999,,114.18044801838649,117.63179398107174,,,,,2.4997363453670207,0.0026895729784483535,False,,,0.9901329934605391
DSCT,272519217,ok,0.9996025,True,True,,0.9999999999999788,,46.67986973363583,59.529252560496694,,,,,12.781113832444113,0.012777401194636476,False,,,0.9717924490428209
DSCT,28360165,ok,0.80219615,True,True,,0.9999999999999899,,42.7072047957604,47.42931762770127,,,,,7.880297882311044,0.0035201924926908544,False,0.0023936407859624937,1.4706435958707853,0.9175184418154637
DSCT,34737955,ok,0.99189758,True,True,,0.9999999999999947,,60.89513583858698,64.83069402938543,,,,,5.613636999432658,0.0038855333093943587,False,,,0.9267275710489022
DSCT,269732494,ok,0.89906418,True,True,,0.9999999999999978,,50.593581799623294,48.19862959581993,,,,,1.4095447594384143,0.0008523252801431385,False,,,1.0538749868693431
DSCT,298112357,ok,0.88168013,True,True,,0.999999999999989,,153.1350892624202,152.49203942660372,,,,,156.9795545680397,0.11035337132482258,False,0.16893354778658612,0.6532353861663527,0.994195215859029
DSCT,26541086,ok,0.99003375,True,True,,0.999999999999998,,43.819045177358355,48.556260677136585,,,,,1.705914865998028,0.001467838732862215,False,,,0.8856502348245874
DSCT,459942890,ok,0.99487966,True,True,,0.9999999999999936,,30.94060223224702,31.01861763728497,,,,,0.5247652730588649,0.0003272879985760075,False,,,0.9812778238364416
DSCT,127962386,ok,0.96228683,True,True,,0.999999999999981,,61.92239999248993,61.62555116204607,,,,,1.3081582314662397,0.0008887570552191543,False,,,0.9796104438606016
DSCT,138160886,ok,0.92080325,True,True,,0.9999999999999889,,118.26082702859536,125.83510685300058,,,,,18.160841896827566,0.018730921416215126,False,0.01008643185765411,1.8570413879315633,0.9826785742479718
DSCT,160527775,ok,0.99816054,True,True,,0.999999999999997,,43.424527519024444,41.52740281733809,,,,,11.451249173305143,0.011486454776672568,False,,,1.0198414533367541
DSCT,86388817,ok,0.97964936,True,True,,0.9999999999999795,,35.16241055575477,35.08544699687367,,,,,2.7959728127223182,0.0019217617252575835,False,,,1.0410760714949245
DSCT,66693422,ok,0.99909496,True,True,,0.9999999999999983,,239.4068997734025,234.67361811920705,,,,,8.88733297749801,0.011201169976401595,False,,,1.0082228511595808
DSCT,162499828,ok,0.98192996,True,True,,0.9999999999999956,,222.78967899673253,223.94367501375032,,,,,172.46125823986014,0.18116370553229794,False,,,1.0031556902734666
DSCT,175264376,ok,0.99418032,True,True,,0.9999999999999792,,46.05905893053369,48.12261982720386,,,,,3.1022438153358025,0.0024227344803734144,False,,,1.0196752225145949
DSCT,277227048,ok,0.9968127,True,True,,0.9999999999999751,,172.7628342510872,188.66454516939515,,,,,28.809791042150195,0.02397481248447319,False,,,0.990194464594484
DSCT,440701454,ok,0.99589133,True,True,,0.9999999999999805,,37.58281986315543,37.61582713447731,,,,,1.3534913991604753,0.0011106095068789017,False,,,0.9941207262769842
DSCT,143858644,ok,0.99802613,True,True,,0.9999999999999953,,85.83106115452247,87.12882916897388,,,,,1.4226383561747398,0.0019722356783156694,False,,,0.9717644499404684
DSCT,260353074,ok,0.99616909,True,True,,0.9999999999999891,,48.91958387291399,47.2483870689161,,,,,1.5737949315486162,0.001679514910625752,False,,,1.0150583620026183
DSCT,450329146,ok,0.99993157,True,True,,0.9999999999999931,,159.4911589757422,163.38609911123234,,,,,5.269630214207497,0.004097972715303977,False,,,0.9834583196400014
DSCT,149952437,ok,0.93218851,True,True,,0.999999999999983,,193.34358597651644,207.2645316135284,,,,,1.4531013400369102,0.0010826510800781308,False,,,0.978621240063346
DSCT,254079940,ok,0.99894321,True,True,,0.9999999999999958,,65.24632819856451,71.36342161549727,,,,,7.450729003824769,0.007442129251657782,False,,,0.9419306128091235
DSCT,229838097,ok,0.9935087,True,True,,0.9999999999999948,,104.90402381086835,104.13364678020865,,,,,12.132648361977624,0.01071513921151553,False,,,1.016586224391904
DSCT,26699907,ok,0.99959302,True,True,,0.9999999999999766,,50.63787330821057,40.329394989148874,,,,,15.875982153806362,0.012813328690042118,False,,,1.2563721912129955
DSCT,358311374,ok,0.9729811,True,True,,0.9999999999999947,,65.12847094522685,64.90865714408412,,,,,2.7840123106138446,0.001768876644917649,False,,,1.0242392914269831
DSCT,147574768,ok,0.9996953,True,True,,0.9999999999999986,,84.45581485456785,78.4750877410829,,,,,10.09268565672211,0.007622897996915929,False,,,1.0176814258371838
DSCT,344714181,ok,0.99913478,True,True,,0.9999999999999888,,43.86620662561265,46.181706040155426,,,,,3.8778072541493027,0.0028773419946226822,False,,,0.9292125956442087
DSCT,36592732,ok,0.99139237,True,True,,0.999999999999983,,39.53212530431004,40.64465116802823,,,,,2.3183060004592626,0.0018762842940009154,False,,,1.0057075899377625
DSCT,262834160,ok,0.99656343,True,True,,0.9999999999999887,,120.79335241855222,138.69491716529282,,,,,4.350355665211645,0.0064592167924592955,False,,,1.0204183468947103
DSCT,69106276,ok,0.99782062,True,True,,0.9999999999999761,,161.08441962184114,154.439763441418,,,,,1.8837472773985022,0.0010815615477512224,False,,,0.9950584788435968
DSCT,17654683,ok,0.99999118,True,True,,0.9999999999999973,,85.22259662537026,85.11144599621267,,,,,9.737074173924727,0.009269522855600579,False,,,1.0316880013771865
DSCT,436546358,ok,0.7754162,True,True,,0.9999999999999905,,148.35820411189238,146.44180571176088,,,,,159.89968102292323,0.19825096619128882,False,0.15676662152055615,1.2646248561610611,0.9979268183989726
DSCT,284741353,ok,0.97098649,True,True,,0.999999999999995,,142.3732500595803,141.5305295776969,,,,,8.781532858188134,0.0038597346609056935,False,,,1.0101224619256457
DSCT,124381332,ok,0.97286731,True,True,,0.9999999999999865,,38.15305306349645,44.07913113584633,,,,,2.4850639979786395,0.0017451956148529003,False,,,0.863702496505953
DSCT,67533256,ok,0.97092652,False,False,pulsation not repeated in both halves,0.999999999999998,,44.878169807694675,89.36755584582605,,,,,10.78184895814527,0.006988223780807414,False,0.006775818312070141,1.0313475744116256,0.4766063108586858
DSCT,161172103,ok,0.99617898,True,True,,0.9999999999999858,,100.98194616587932,99.26109266727876,,,,,11.574196955590333,0.01868867299021641,False,,,1.011044217441235
DSCT,352619386,ok,0.98110479,True,True,,0.999999999999998,,92.82780061321859,93.19904362015474,,,,,11.034621237596083,0.007675292184018003,False,,,0.9994799610968782
DSCT,166979292,ok,0.89790028,True,True,,0.9999999999999817,,215.4571693709359,215.49526186791695,,,,,112.40117622519435,0.05062886098448846,False,0.08371184701606346,0.6047992343876165,1.003480559443351
DSCT,346793769,ok,0.99800891,True,True,,0.9999999999999871,,152.19954935246798,139.02938590608187,,,,,15.716321012168745,0.01251662676868575,False,,,1.1266273763754027
DSCT,175262196,ok,0.99574453,False,False,pulsation not repeated in both halves,0.9999999999999988,,8.900166613342062,75.63455741591487,,,,,2.4730310711902495,0.001542642568047925,False,0.0008351154177827951,1.8472207975079564,0.11707018192711167
DSCT,26961610,ok,0.99607396,True,True,,0.9999999999999979,,119.13934277360921,119.43334222150294,,,,,2.9594444059925085,0.0023750417180181302,False,,,1.0051609567385464
DSCT,191466237,ok,0.97966069,True,True,,0.9999999999999958,,95.65307014318357,107.78748613533614,,,,,40.66156471234312,0.049392098634918724,False,,,0.9127836611164736
DSCT,405484574,ok,0.99853969,True,True,,0.9999999999999861,,38.40209681419966,41.801573596703605,,,,,1.9756360840958205,0.0016369805258154434,False,,,0.7743403463786463
DSCT,9147509,ok,0.43329331,True,True,,0.9999999999999846,,37.40246263307799,40.52073815263633,,,,,2.5948370428873893,0.0012970807888247435,False,,,0.8691421598854746
DSCT,63037771,ok,0.99825734,True,True,,0.9999999999999811,,48.86163913082275,47.4480369937337,,,,,1.425618548422084,0.001037459716188407,False,,,1.0323775510739583
DSCT,298892207,ok,0.97966814,True,True,,0.9999999999999806,,38.440189953691664,35.38819741392449,,,,,0.5988421012983322,0.00044370239273921114,False,,,1.0923358106683885
DSCT,346505765,ok,0.97303367,True,True,,0.9999999999999971,,73.2624486727053,75.97534970339817,,,,,2.873984261378794,0.002292071371832448,False,,,1.0111365638627199
DSCT,278179191,ok,0.99608666,True,True,,0.9999999999999973,,28.643271583527966,31.48398906756634,,,,,4.117527279620335,0.003764935802333645,False,,,0.9728717105990636
DSCT,28833184,ok,0.99979925,True,True,,0.9999999999999906,,73.8686476612398,68.42452710086087,,,,,23.296222626930223,0.026128373714298454,False,,,1.013625626516202
DSCT,294598376,ok,0.99255902,True,True,,0.9999999999999968,,442.7117588302681,471.73750391251866,,,,,58.49303146195519,0.05063363637132242,False,,,1.01197161642515
DSCT,342500794,ok,0.9554655,True,True,,0.9999999999999944,,278.0081158251338,282.10801724017506,,,,,39.43805850611009,0.031137430708739755,False,,,0.9582459956638515
DSCT,255635577,ok,0.99388504,True,True,,0.9999999999999793,,811.5389896375372,807.9540778645761,,,,,20.207283985006065,0.01260649401366152,False,,,0.9967313487049657
DSCT,85752358,ok,0.95994121,True,True,,0.9999999999999869,,138.13023376922703,137.6078399696767,,,,,32.92176673330488,0.019047919381376986,False,,,0.9964557769517374
DSCT,80951366,ok,0.99993956,True,True,,0.9999999999999986,,57.11782448868279,61.99480920843308,,,,,12.815241904801402,0.014386200427792812,False,,,0.996030734999382
DSCT,248159810,ok,0.99307543,True,True,,0.9999999999999983,,152.80673738347159,152.3023338648842,,,,,15.539693309037029,0.0077098936106168164,False,,,0.9855050210597132
DSCT,140349824,ok,0.99713814,True,True,,0.9999999999999926,,73.51639444137875,65.94486869790538,,,,,2.5052226198875984,0.002733564404366172,False,,,1.0434354465876259
DSCT,166179291,ok,0.99146104,True,True,,0.9999999999999809,,501.14379475479325,422.44220250651097,,,,,8.006022555282831,0.006859386682690225,False,,,1.0096369287810922
DSCT,259761784,ok,0.99686337,True,True,,0.9999999999999978,,75.91188110999636,75.04231547414236,,,,,6.595368626198755,0.004460960047119768,False,,,1.0169142546128398
DSCT,34512862,ok,0.92271137,True,True,,0.9999999999999958,,536.142457844882,511.27127352812437,,,,,14.261806034922103,0.008527121671333427,False,0.039451032672655394,0.2161444477787729,1.0027688664769407
DSCT,463556278,ok,0.97149396,True,True,,0.9999999999999976,,73.94820255318945,74.46201235160937,,,,,1.700969973620444,0.0012389388282009679,False,,,0.9229014526280861
DSCT,167602316,ok,0.41324314,True,True,,0.9999999999999934,,107.54717173049279,116.36048818428198,,,,,3.268661571856658,0.006074342567021243,False,,,1.0488990976376087
DSCT,423085168,ok,0.96860403,True,True,,0.9999999999999859,,200.89496006090297,196.847713162871,,,,,97.59181501759592,0.09538960532146476,False,,,1.0065608553945682
DSCT,270611536,ok,0.90801054,True,True,,0.9999999999999896,,53.59239475085319,54.92567330259737,,,,,6.051041385596819,0.003435024236174877,False,0.0024081124065284724,1.4264384946742572,1.0396719392951441
DSCT,129277739,ok,0.99009174,True,True,,0.9999999999999875,,130.6974553068064,127.91155748580489,,,,,21.34190754751367,0.016054528172329954,False,,,1.0087690222142225
DSCT,266017039,ok,0.99805784,True,True,,0.9999999999999956,,34.74069233377781,36.83190915422861,,,,,0.8613598596950742,0.0005615316180592908,False,,,0.9500741231468196
DSCT,299948201,ok,0.75879008,True,True,,0.9999999999999937,,280.9675983313889,312.26410665800927,,,,,120.74465830816887,0.08269220635292325,False,0.032808053940947164,2.5204849547542514,0.9175198223443846
DSCT,12470841,ok,0.99985582,True,True,,0.9999999999999891,,38.75425164361128,38.31912788444316,,,,,1.3540232773351069,0.0017093870134031776,False,,,1.026803129639293
DSCT,165188672,ok,0.99979532,True,True,,0.9999999999999979,,74.86533775851058,72.89210630793328,,,,,18.279681075967787,0.011369993733829721,False,,,1.0631783304558002
DSCT,273131011,ok,0.80790567,True,True,,0.9999999999999921,,217.9233631803904,217.0147445155757,,,,,76.82865047685982,0.03571822305598671,False,0.0271314484830672,1.3164878785693486,0.9955116557601548
DSCT,89122237,ok,0.86882359,True,True,,0.999999999999998,,151.0656749828,142.69567107421472,,,,,12.708523349815701,0.006168565541735349,False,0.0057405671803796325,1.0745568073514666,0.9917819731555544
DSCT,384063636,ok,0.99136454,True,True,,0.9999999999999982,,117.87408938830548,115.07940876382192,,,,,2.909187370295283,0.0021050348729955456,False,,,1.100145669422576
DSCT,231053092,ok,0.99872875,True,True,,0.9999999999999899,,326.1327635807011,260.0610081880198,,,,,6.15719463476579,0.005030862674281625,False,,,1.0226319377812958
DSCT,105579901,ok,0.99982589,True,True,,0.9999999999999772,,146.51662021690453,140.40656176476242,,,,,12.647670347544237,0.012749719843298157,False,,,1.013417845976923
DSCT,318568428,ok,0.99012208,True,True,,0.9999999999999939,,60.01630372682349,53.41193679153817,,,,,2.1746898446571716,0.0013222966019988112,False,,,0.9894372972949524
DSCT,175291778,ok,0.99892431,True,True,,0.9999999999999888,,68.70217192787015,69.01082779398826,,,,,2.3868152370468656,0.001685883576427851,False,,,1.0094043051680917
DSCT,11199304,ok,0.98924172,True,True,,0.9999999999999845,,71.13708615680055,76.17680794179934,,,,,3.7571806472106615,0.0019116271922453862,False,,,0.9418507387486095
DSCT,219788401,ok,0.98284483,True,True,,0.9999999999999953,,882.7935656592732,1100.619471692038,,,,,43.59857329468285,0.04289472413185639,False,,,1.0021480046263174
DSCT,409319306,ok,0.98031515,True,True,,0.9999999999999917,,51.17411232659215,76.59281852556765,,,,,3.4307699024558556,0.0015771961335581718,False,,,0.9107568901381968
DSCT,80423617,ok,0.98926234,True,True,,0.9999999999999849,,82.01054564356423,68.69015397641998,,,,,3.7548808920348,0.0017703701060023192,False,,,1.1029173506728607
DSCT,197686479,ok,0.99996024,True,True,,0.9999999999999769,,105.7590522464224,110.73553512275002,,,,,15.048256952164088,0.03137823233254435,False,,,0.982389645658131
DSCT,122673431,ok,0.97742683,True,True,,0.999999999999987,,83.65995882824552,83.6238282056728,,,,,2.564389510008493,0.001677650885458879,False,,,1.0218639021007867
DSCT,32146574,ok,0.99996662,True,True,,0.9999999999999878,,80.2304220603829,87.27678564973777,,,,,4.137129577157179,0.005069491137455357,False,,,0.9340651773450984
DSCT,341149986,ok,0.99523771,True,True,,0.9999999999999956,,169.8972157332223,173.34724696429151,,,,,18.814088551638108,0.010326222098704504,False,,,1.0164064009926035
DSCT,270617514,ok,0.841986,True,True,,0.9999999999999862,,225.9212563303591,224.5489256040404,,,,,46.942497164422846,0.03262864241610568,False,0.11541346936892738,0.2827108707026725,1.0005049692203178
DSCT,47132007,ok,0.98140925,True,True,,0.9999999999999878,,41.97319904371068,44.03172809739848,,,,,3.149708388550804,0.0020081006195559995,False,,,0.9680273549107588
DSCT,348927782,ok,0.93430829,True,True,,0.9999999999999909,,57.27440518098629,60.777563772575036,,,,,3.753416913397189,0.002106222522710798,False,,,0.9548074469175931
DSCT,402318229,ok,0.99949002,True,True,,0.999999999999998,,44.570984481882924,46.311423293900944,,,,,1.3125542249955302,0.001745354763299591,False,,,1.0007665468738403
DSCT,229390715,ok,0.99888474,True,True,,0.9999999999999984,,73.99003245430879,76.61198490822487,,,,,4.626552625157724,0.003629377352600888,False,,,0.9335094112413165
DSCT,62394683,ok,0.40169525,True,True,,0.9999999999999982,,77.4861828539429,85.63233631209141,,,,,24.22349006512221,0.013625163136156478,False,0.007042911108590834,1.934592518076327,1.0172113549723252
DSCT,390633441,ok,0.99999273,True,True,,0.9999999999999816,,54.640660206270155,36.42650294040801,,,,,13.161360552325752,0.018607697096391106,False,,,1.1809505711749426
DSCT,242991208,ok,0.97815496,True,True,,0.999999999999994,,96.29812501017697,97.18944692613996,,,,,4.640675840452849,0.0030229386488739977,False,,,0.9926747848873805
DSCT,364566564,ok,0.96765733,True,True,,0.9999999999999953,,60.40846361024289,66.13092727707767,,,,,5.384023690483927,0.004412043420580494,False,,,0.9629138447522281
DSCT,310381204,ok,0.94536304,True,True,,0.9999999999999885,,124.75334024314446,129.66251199821355,,,,,12.498058226959941,0.013408861112444322,False,0.0022991503391443253,5.83209409326173,0.9628833461725396
DSCT,147085268,ok,0.99751908,True,True,,0.9999999999999815,,42.152002238307084,41.05793666602128,,,,,1.9227662303416888,0.0021608228425797913,False,,,1.0836822259334087
DSCT,326201430,ok,0.95910269,True,True,,0.9999999999999981,,104.38524325876375,88.18106016124133,,,,,4.146976465356905,0.003309361064411441,False,,,1.0086869547086783
DSCT,333558811,ok,0.99253619,True,True,,0.9999999999999983,,58.09937724119127,48.89503715272502,,,,,3.0597654003213033,0.0012247184155589814,False,,,1.1556736978625246
DSCT,98660068,ok,0.99997056,True,True,,0.9999999999999879,,44.835696650521406,43.44959032839961,,,,,1.6209701847181308,0.0021190500127538526,False,,,1.0372130889568856
DSCT,7245720,ok,0.99907768,True,True,,0.9999999999999982,,38.37129906923415,64.63972269072174,,,,,6.308576911321686,0.008742206375719123,False,,,0.5139035169905499
DSCT,244045372,ok,0.96250767,True,True,,0.9999999999999987,,88.33663496984084,84.27725368456335,,,,,12.30199644693351,0.00956071001358526,False,,,1.0316690076688626
DSCT,442837381,ok,0.97938091,True,True,,0.9999999999999845,,116.54384677447985,112.26068830597045,,,,,23.357876112095592,0.021643459757223947,False,,,1.0776261665324496
DSCT,122615966,ok,0.99151576,True,True,,0.9999999999999892,,35.64532765018769,38.117168763821965,,,,,6.499789691309312,0.0053765746701164505,False,,,0.9509736174693414
DSCT,156194000,ok,0.98879176,True,True,,0.9999999999999963,,115.88499491805848,115.05671808540916,,,,,5.08711352815734,0.0028708469561741197,False,,,0.9813421774376649
DSCT,61176522,ok,0.99626595,True,True,,0.9999999999999808,,150.23387460638057,149.55837964166514,,,,,7.609461902805773,0.004367857470797602,False,,,1.0115566774435825
DSCT,137054713,ok,0.99994177,True,True,,0.9999999999999978,,62.535607805279895,65.09434520139389,,,,,1.6779083103918677,0.0016292322698320866,False,,,0.9845040302724974
DSCT,17329905,ok,0.99997556,True,True,,0.9999999999999822,,231.67724087770847,237.95382308624391,,,,,11.741156226072869,0.010609118312843797,False,,,1.0030660253630423
DSCT,355687188,ok,0.988428,True,True,,0.9999999999999984,,104.63803622752995,104.81817652768837,,,,,60.136992657668884,0.07597259193005278,False,,,0.98841400408199
DSCT,209362175,ok,0.98456049,True,True,,0.9999999999999946,,29.73735932937946,43.741672595582834,,,,,5.399726843274579,0.003747070154723596,False,,,1.0394629519839207
DSCT,284348793,ok,0.9719553,True,True,,0.9999999999999954,,42.89424460789493,44.095766312985575,,,,,1.959933553612494,0.0009327542257757252,False,,,0.9693997110976467
DSCT,264482621,ok,0.6826424,True,True,,0.9999999999999953,,268.49373065571643,261.80114235657356,,,,,79.13522634966735,0.043054553283159894,False,0.03651615053285586,1.1790550935652713,1.0057706395615351
DSCT,388541575,ok,0.98877692,True,True,,0.9999999999999872,,44.494656832635506,40.20222285785032,,,,,2.236125270883242,0.0013641016533269597,False,,,1.1205715980751758
DSCT,321923142,ok,0.96117967,True,True,,0.9999999999999756,,142.99946434635785,140.9646811453016,,,,,12.705494379876663,0.008479572395726952,False,,,0.9768801333076915
DSCT,390730807,ok,0.96456182,True,True,,0.9999999999999878,,407.9293816080694,327.57564382243436,,,,,14.364653657907741,0.013703392952599694,False,,,0.9999543015692569
DSCT,422451821,ok,0.99331874,True,True,,0.9999999999999987,,116.55924953741184,116.07441834037803,,,,,5.981164889461112,0.006127665649978104,False,,,0.9974977139431347
DSCT,55382503,ok,0.99781126,True,True,,0.9999999999999908,,243.07938611150914,178.78939618947575,,,,,8.52440156496162,0.004714852271714151,False,,,1.0058421356531797
DSCT,226654101,ok,0.97748715,True,True,,0.9999999999999915,,61.185077235043764,62.496838288854164,,,,,3.3994708776341103,0.0019610115927981425,False,,,0.9926863192617275
DSCT,31628270,ok,0.68501967,True,True,,0.9999999999999866,,191.51230400092592,190.15657185811156,,,,,74.9545953199294,0.03779179067553895,False,0.01996608614345982,1.8927991397011072,0.9915385702322712
DSCT,23555158,ok,0.97792137,True,True,,0.9999999999999835,,59.796112995221904,62.59677753680517,,,,,1.6013292542660282,0.001462151912441758,False,,,0.9919348107345548
DSCT,103020281,ok,0.59548318,True,True,,0.9999999999999971,,183.7984648195633,263.73610303847266,,,,,97.43986389728406,0.07519092754702697,False,0.056808823788712395,1.3235783199223181,0.9874227991249638
DSCT,294057763,ok,0.95793802,True,True,,0.9999999999999974,,24.451796064533216,24.833695122393568,,,,,1.4204453287774905,0.0006581921351656316,False,,,0.9952685568761698
DSCT,392021659,ok,0.96235645,True,True,,0.9999999999999809,,53.23817640693861,51.50659877358385,,,,,2.0135278932654552,0.0012828827084521847,False,,,1.0230590578433612
DSCT,23137953,ok,0.97945493,True,True,,0.9999999999999823,,66.97443315994103,61.21289676304723,,,,,4.975981631609104,0.004709772430933065,False,,,1.0176769745736793
DSCT,9632550,ok,0.99982876,True,True,,0.9999999999999798,,181.59293798136287,180.59515962913235,,,,,50.5421420095086,0.0664979632041094,False,,,0.9999774743420113
DSCT,381320713,ok,0.99869013,True,True,,0.999999999999997,,84.94545091281523,75.91068467503887,,,,,14.471696450966391,0.016586803705433032,False,,,1.1299043377468838
DSCT,257429415,ok,0.99937981,True,True,,0.9999999999999974,,56.99401200711769,84.30474218914786,,,,,11.55525016953852,0.010953850874875125,False,,,0.8167203044979703
DSCT,222629426,ok,0.75842315,True,True,,0.9999999999999885,,245.20178116283532,252.1016446567752,,,,,28.67992040082425,0.016549592368746383,False,0.024681680548103546,0.6705212935760971,0.9872649347968714
DSCT,429863444,ok,0.96115577,True,True,,0.9999999999999877,,106.23394088169015,105.915714916989,,,,,2.352578444511282,0.0013352405907071016,False,,,1.0066070115579986
DSCT,143463658,ok,0.99855489,True,True,,0.9999999999999984,,76.44831625562266,71.1843723623752,,,,,9.677969178561245,0.008085213478807668,False,,,1.0249519393321525
DSCT,152308886,ok,0.99977148,True,True,,0.9999999999999888,,109.19628729617065,167.68827264764963,,,,,3.983218473411877,0.005555460401980742,False,,,0.9840155392281278
DSCT,386329471,ok,0.81658721,True,True,,0.9999999999999818,,75.42169235596027,72.75569734761723,,,,,39.71863483772682,0.01897279884710064,False,0.01664734113284241,1.139689437232141,1.0087405615210656
DSCT,308640489,ok,0.99489874,True,True,,0.9999999999999895,,58.83455461547299,56.05707471326041,,,,,6.269740266299972,0.006338308581897046,False,,,0.9351771770389057
DSCT,38515566,ok,0.99643368,True,True,,0.9999999999999761,,171.2101366004424,126.38254737251538,,,,,22.446924847349752,0.013829350502592076,False,,,1.2383345346905017
DSCT,443910170,ok,0.98260421,True,True,,0.999999999999999,,83.78796763999935,81.67301989923641,,,,,16.870915762091595,0.011269598582775523,False,,,1.0852548108826223
DSCT,122452155,ok,0.98806018,True,True,,0.9999999999999979,,37.004343415305385,37.34049190287507,,,,,1.4990592739413042,0.0015696906372464296,False,,,1.0481967486306605
DSCT,440691730,ok,0.99918431,True,True,,0.999999999999984,,74.99907244476853,75.60627392234983,,,,,2.4358329789157374,0.0020011434890525944,False,,,0.969109255858701
DSCT,410540533,ok,0.99912071,True,True,,0.9999999999999791,,41.18241520554716,66.82870936476715,,,,,7.38228122636744,0.004068770065850661,False,,,0.9819841838123443
DSCT,388351327,ok,0.98609757,True,True,,0.999999999999984,,51.99194778089366,52.96027149334374,,,,,7.195659799018964,0.006581639557929817,False,,,1.0193526558908304
DSCT,470196152,ok,0.99948043,True,True,,0.999999999999997,,35.001848729610984,27.554832843899245,,,,,2.0168701289735944,0.001805939570660674,False,,,1.2477513565149836
DSCT,336444537,ok,0.99548727,True,True,,0.9999999999999797,,403.91073021329044,405.1291584929703,,,,,13.919533708238575,0.011180061117750226,False,,,0.9970778613111945
DSCT,438816206,ok,0.91367358,True,True,,0.9999999999999969,,245.140943418169,336.15392612043576,,,,,58.24487018697977,0.03947198777535639,False,0.049410706811452904,0.7988549511339348,1.139718730429444
DSCT,328073484,ok,0.93363899,True,True,,0.999999999999986,,268.7708788500972,266.1803366848549,,,,,69.35557999580371,0.03627771512141699,False,0.09271063809879196,0.391300457696771,0.996280751448428
DSCT,245860427,ok,0.99963123,True,True,,0.9999999999999752,,82.7216427671752,82.82971116861115,,,,,13.178637001692163,0.01029676633964581,False,,,0.9920058193360906
DSCT,427148365,ok,0.92237306,True,True,,0.9999999999999846,,124.8147183426438,125.54211124817387,,,,,42.39028557108372,0.02932933465040146,False,0.0956517924120333,0.3066260852077011,0.9983629719687783
DSCT,296688052,ok,0.99550885,True,True,,0.9999999999999831,,145.88878675341203,141.77362568948888,,,,,13.655241748937447,0.01267710993235274,False,,,0.9306005782457304
DSCT,14878438,ok,0.99981838,True,True,,0.9999999999999851,,57.1343645129768,51.396128513523365,,,,,3.139888247239307,0.0027062124355585865,False,,,1.063536261744429
DSCT,368127841,ok,0.99953729,True,True,,0.9999999999999798,,40.443843854387694,39.383431914207605,,,,,1.1267813398495765,0.0014733135993064913,False,,,0.9740468250229268
DSCT,366632312,ok,0.99922985,True,True,,0.9999999999999882,,144.34211951994305,148.60524790733083,,,,,138.9121112882097,0.10617615916504637,False,,,0.9996782906122916
DSCT,150287922,ok,0.95888525,True,True,,0.9999999999999976,,92.02815135084688,96.41454374987953,,,,,5.3672605048643085,0.003221194420891975,False,,,0.9488128728312505
DSCT,218699480,ok,0.85114259,True,True,,0.9999999999999972,,223.10813851830923,224.92096186527473,,,,,14.901138618029593,0.00866962353981363,False,0.04342765170715633,0.19963371720568962,0.9920285145462058
DSCT,125989316,ok,0.99457449,True,True,,0.999999999999991,,56.22808474062049,49.02530555129041,,,,,1.5282334410733702,0.0013811446366126389,False,,,1.1573960801302683
DSCT,384620975,ok,0.87654102,True,True,,0.9999999999999927,,210.50629789735308,209.772710215197,,,,,170.3169809867891,0.11370211258799617,False,0.07455591383761,1.5250582648031166,0.9982176153692282
DSCT,88118183,ok,0.99835569,True,True,,0.9999999999999802,,49.45632087266043,44.21447923036227,,,,,2.9943791362387224,0.0029779689359213483,False,,,1.021376104508999
DSCT,192374290,ok,0.99659181,True,True,,0.9999999999999979,,78.94421188764504,69.85365174837195,,,,,8.459508858574926,0.008908335348154606,False,,,1.039376426614202
DSCT,395320456,ok,0.94525629,True,True,,0.999999999999985,,102.92659264608268,100.07852272274029,,,,,41.98000348822588,0.03330592835192548,False,0.02023632485061244,1.6458486705365127,1.0308504888279382
DSCT,354493993,ok,0.98784864,True,True,,0.9999999999999964,,84.5046974348153,84.94899143915045,,,,,47.618126683881954,0.031614537121363744,False,,,0.9919323312827395
DSCT,259675399,ok,0.9986307,True,True,,0.999999999999984,,60.580074324942885,61.857295752191156,,,,,0.763743426602279,0.0007855388840754524,False,,,1.0344947402221383
DSCT,407012535,ok,0.99274802,True,True,,0.9999999999999882,,209.6516035281276,207.6619356681966,,,,,26.743363537006726,0.021896128173992765,False,,,1.045641685674529
DSCT,142945544,ok,0.94017375,True,True,,0.9999999999999981,,270.12182910013405,268.7203362906782,,,,,43.093646072077505,0.0391738513103814,False,0.06949936197024423,0.5636577113780334,0.9857733106510332
DSCT,377730260,ok,0.98813909,True,True,,0.9999999999999873,,49.63972142011897,49.67816927908248,,,,,1.0414365566984798,0.0009028836062343354,False,,,1.0368538175606121
DSCT,44645679,ok,0.99993306,True,True,,0.9999999999999869,,40.54157076502789,46.90983307058506,,,,,7.96949217138033,0.004851439948530364,False,,,0.9366558593136843
DSCT,17153995,ok,0.80429524,True,True,,0.9999999999999855,,154.79581105816646,154.53264986976546,,,,,85.39464169745081,0.06216051477263816,False,0.15949857822500932,0.38972456973846187,0.9930215624110972
DSCT,317723746,ok,0.99604011,True,True,,0.9999999999999883,,77.63575708187533,69.9312205109639,,,,,12.81828641951387,0.00795673081760319,False,,,1.0514589444208158
DSCT,101444696,ok,0.76099616,True,True,,0.9999999999999815,,122.50795003320746,127.77295488851072,,,,,53.02858514876255,0.026934257438305312,False,0.013667714574092441,1.9706482230291813,0.9579753620004451
DSCT,99091734,ok,0.98730546,True,True,,0.9999999999999979,,458.27787343600613,432.9008310424963,,,,,28.961726207569992,0.02325982755223279,False,,,0.9910973527974012
DSCT,343264872,ok,0.97269917,True,True,,0.9999999999999901,,156.88977764183107,178.29602153370294,,,,,18.80570713389374,0.016951818648697995,False,,,0.9992780350383526
DSCT,70490868,ok,0.99912918,True,True,,0.9999999999999959,,57.43116606420912,61.47726005531164,,,,,5.015232663910355,0.004001510542931621,False,,,0.9111779019298107
DSCT,359127550,ok,0.96110982,True,True,,0.9999999999999987,,67.77689251533542,69.59048080178384,,,,,9.513936893156295,0.0087566822809087,False,,,0.9732356315740776
DSCT,347876068,ok,0.64201933,True,True,,0.9999999999999928,,72.03719814688719,64.73209740295361,,,,,34.43227586884282,0.01849076809086795,False,0.009578708279890331,1.9304030930441547,1.025732123409599
DSCT,33149129,ok,0.86245054,True,True,,0.9999999999999979,,322.72391523502796,328.3722213713553,,,,,99.72429343795704,0.048970189312644415,False,0.07286404019067953,0.6720762283355854,0.9975568483356613
DSCT,70032020,ok,0.9745782,True,True,,0.99999999999999,,74.76103605567393,59.784576362147746,,,,,3.8961919587929144,0.002176006871752119,False,,,1.033074512696962
DSCT,308821501,ok,0.98618978,True,True,,0.9999999999999886,,61.43143013719817,58.48497626594962,,,,,2.245970177662941,0.0019055024321095722,False,,,1.0037853236460694
DSCT,81003138,ok,0.99654287,True,True,,0.9999999999999883,,68.91453579017058,116.80912663564573,,,,,25.459605236088407,0.021509567434885947,False,,,0.6217478853043115
DSCT,137217986,ok,0.92252886,True,True,,0.9999999999999811,,35.46400683945995,39.37917725945996,,,,,4.202971119086069,0.0028443872002933083,False,,,0.9844353352132749
DSCT,154360594,ok,0.99495858,True,True,,0.999999999999991,,606.4753573306059,539.2158324459446,,,,,564.5932713907913,0.6701656254230911,False,,,1.0229057674710347
DSCT,194025647,ok,0.37905097,True,True,,0.9999999999999797,,310.919674164828,305.10737307030087,,,,,261.5864888924242,0.1626880241921847,False,0.12329635021117051,1.3194877538025076,0.9892586506523741
DSCT,279361762,ok,0.98772639,True,True,,0.9999999999999952,,48.614834151953794,50.62044603209228,,,,,3.897958729482842,0.004520060027508802,False,,,0.9874338101113513
DSCT,56897490,ok,0.99243492,True,True,,0.9999999999999918,,175.50706956935602,180.98827578902367,,,,,19.44562227683133,0.01147531939285351,False,,,0.972029441506046
DSCT,16283570,ok,0.95007247,True,True,,0.9999999999999879,,126.3527299866529,126.50487263000996,,,,,176.60977502302273,0.21393986824466665,False,,,1.000423104952069
DSCT,300539557,ok,0.97771382,True,True,,0.999999999999996,,119.43630083950423,126.75912461624532,,,,,22.649788936439737,0.014710728074027964,False,,,0.9873154759630266
DSCT,49936071,ok,0.97459829,True,True,,0.9999999999999974,,67.29252596895522,68.50005994833971,,,,,1.1691395986093924,0.0006400944194136951,False,,,0.9806286258979241
DSCT,458689740,ok,0.99907917,True,True,,0.9999999999999983,,45.897841741066266,40.98277130005416,,,,,1.616299829697083,0.0014528020479809285,False,,,0.99200833749472
DSCT,148228220,ok,0.98913455,True,True,,0.9999999999999973,,36.527903776110996,34.950547405893474,,,,,0.37100614721607905,0.00022194893300794068,False,,,0.9986814430393641
DSCT,54253999,ok,0.99818957,True,True,,0.9999999999999981,,129.40291273373438,121.29020153422228,,,,,9.748373489536908,0.007314472632021567,False,,,1.0276712746928827
DSCT,589826,ok,0.99815011,True,True,,0.9999999999999812,,56.0463259506301,52.382128260737254,,,,,5.526458795617735,0.0037390007263672794,False,,,1.0026627381793307
DSCT,166280661,ok,0.99670899,True,True,,0.9999999999999789,,46.42702329507643,50.62273078377109,,,,,1.5908581137362159,0.001276060421262923,False,,,0.9931987926514035
DSCT,95747759,ok,0.99905622,True,True,,0.9999999999999835,,170.6967099619873,172.9005833573243,,,,,32.154548186035825,0.019237012833144294,False,,,0.9570209068742902
DSCT,143349118,ok,0.98738009,True,True,,0.9999999999999984,,142.73013299598884,126.07186906881985,,,,,9.954716155087635,0.007648182563314502,False,,,1.1419815230002666
DSCT,54003108,ok,0.99524045,True,True,,0.9999999999999775,,145.87172945307668,154.08278922728977,,,,,10.895470314882743,0.00795868428301887,False,,,0.9884235371429563
DSCT,387241049,ok,0.98319912,True,True,,0.9999999999999957,,28.09680223981869,28.583179691383197,,,,,2.2559361129971114,0.0014785319214148547,False,,,0.9767385769381245
DSCT,257456864,ok,0.99973947,True,True,,0.9999999999999976,,111.45339659126434,114.7442582544316,,,,,8.677260217083537,0.008186063444686958,False,,,0.99241016927097
DSCT,461267690,ok,0.99142796,True,True,,0.9999999999999962,,87.03224186406953,88.20816910626074,,,,,2.969163031605475,0.002070285004697422,False,,,1.0333676275837054
DSCT,220313579,ok,0.99560255,True,True,,0.9999999999999964,,75.9606495842204,100.95792317295131,,,,,3.4042322105741696,0.001921435365192013,False,,,0.8973976016496681
DSCT,26584880,ok,0.78869039,True,True,,0.9999999999999865,,27.200804239226507,27.749876166417604,,,,,1.3858887711920003,0.0008116771504477653,False,,,1.0072837402064774
DSCT,184679514,ok,0.85048401,True,True,,0.9999999999999967,,115.32694452974557,161.0526878060854,,,,,7.670835384376608,0.007397278429487773,False,0.004876947805590677,1.5167844160661144,0.6479709647842192
DSCT,285008070,ok,0.99849463,True,True,,0.9999999999999953,,178.1852213189387,177.2855916922471,,,,,47.551936780322286,0.033968981907038134,False,,,0.99574274534246
DSCT,242944780,ok,0.99889112,True,True,,0.9999999999999792,,39.88767488701241,37.759656161855574,,,,,2.8679137505319794,0.0019365869223385904,False,,,1.0495970843351579
DSCT,107729518,ok,0.51145232,True,True,,0.9999999999999858,,13.67446939788932,13.164028969149395,,,,,2.053160298860895,0.000637725449291738,False,,,0.8660395641789518
DSCT,280680714,ok,0.99896353,True,True,,0.9999999999999892,,371.96095351259794,371.00314600748504,,,,,31.528954936977357,0.02426001614279667,False,,,0.996624895355611
DSCT,91555019,ok,0.95075613,True,True,,0.9999999999999812,,95.45454832512745,77.95369191223661,,,,,7.017299504112616,0.005267878979544284,False,,,1.1267492324568684
DSCT,343270453,ok,0.97305197,True,True,,0.9999999999999956,,42.39755611079544,46.46418371349673,,,,,1.4844331231732675,0.0012080417112044894,False,,,0.951893603471244
DSCT,10988057,ok,0.99186379,True,True,,0.9999999999999972,,60.30292164062605,69.44338353355548,,,,,13.640718576278783,0.012668254940249563,False,,,0.9508068105866554
DSCT,181789088,ok,0.99898607,True,True,,0.9999999999999792,,121.83082877176238,124.09950019811122,,,,,1.2622263693893077,0.0009801060972935121,False,,,0.9950010603762369
DSCT,123357376,ok,0.98972583,True,True,,0.9999999999999957,,46.26224744508089,83.23362029236453,,,,,2.918331204342296,0.0024061561901341597,False,,,0.5947806849530389
DSCT,239233211,ok,0.90052748,True,True,,0.9999999999999932,,20.497883421222962,18.60113954390013,,,,,0.48159169278034103,0.00034858095826693393,False,,,1.1041968185556146
DSCT,453717216,ok,0.91471332,True,True,,0.9999999999999852,,170.14558691291097,154.14184369678904,,,,,28.853675916504823,0.01394629957509384,False,0.01883692975791999,0.7403701003466404,0.99281279187524
DSCT,308719469,ok,0.99950701,True,True,,0.9999999999999807,,107.81966014562029,111.10097980193926,,,,,11.699411561865517,0.011439350119487228,False,,,0.9579298711334663
DSCT,280129361,ok,0.99171638,True,True,,0.9999999999999986,,336.0283551586121,422.67414529987195,,,,,5.164843717590446,0.005114836329841289,False,,,1.0031702587855924
DSCT,60657338,ok,0.930305,True,True,,0.9999999999999962,,139.8664327379585,180.9980332559825,,,,,45.71386821005932,0.034561583243180635,False,0.041174754703888226,0.8393877144316516,1.0076790475955788
DSCT,172308570,ok,0.8616336,True,True,,0.9999999999999972,,84.26560905047882,83.96136335434876,,,,,24.892869542457372,0.012422511803195386,False,0.005618573665927791,2.210972489072823,1.0300134797588045
DSCT,263599890,ok,0.922674,True,True,,0.9999999999999828,,73.71552416876088,76.77826796482623,,,,,6.962976823408334,0.004429330265912213,False,0.00143190559862943,3.0933116471866673,0.953056950476466
DSCT,139156518,ok,0.88661617,True,True,,0.999999999999978,,41.19678013209757,42.01792136734462,,,,,2.1759962979953373,0.0014495774598009205,False,,,1.0179970774323774
DSCT,462426434,ok,0.99224961,True,True,,0.9999999999999853,,82.47083438570824,91.58028695892837,,,,,17.01886716715897,0.011113698060104378,False,,,1.0031792980899126
DSCT,6925553,ok,0.99722582,True,True,,0.9999999999999977,,70.5279658087858,71.86653351928753,,,,,2.9246969246533445,0.0020128101554361226,False,,,0.9796974869204512
DSCT,186297798,ok,0.96218324,True,True,,0.9999999999999984,,51.91989073906104,46.72301081832053,,,,,8.01410171629225,0.009802782986310437,False,,,1.1465801389142785
DSCT,229150702,ok,0.99984521,True,True,,0.9999999999999982,,67.06392208219029,72.71681377850031,,,,,8.749550441012044,0.008310408469838586,False,,,1.0143568055729364
DSCT,379078910,ok,0.99313104,True,True,,0.9999999999999875,,379.5353168680989,389.72672367883763,,,,,8.582470166172998,0.005828855301739003,False,,,1.0096226782273778
DSCT,46937596,ok,0.8483097,True,True,,0.9999999999999984,,356.9038233475095,357.7172433813228,,,,,22.288017598481428,0.015731193355872343,False,0.0728547314952487,0.21592548669125589,1.0014527457068985
DSCT,240926293,ok,0.9495604,False,False,pulsation not repeated in both halves,0.9999999999999982,,26.005217285843255,55.89695793698301,,,,,2.212939178783746,0.002202374561241602,False,0.0068403891599311244,0.32196626679406315,0.4729561982936862
DSCT,420755646,ok,0.9918012,True,True,,0.9999999999999895,,246.96483280774393,260.91658613279895,,,,,28.21081849442466,0.026312020992601787,False,,,1.003973537236948
DSCT,440958702,ok,0.99793643,True,True,,0.9999999999999907,,133.81745010473364,134.25921781123952,,,,,25.827458905872124,0.025655208875071594,False,,,0.9967307911473724
DSCT,393420032,ok,0.98672163,True,True,,0.9999999999999978,,228.27065496046433,227.81535646194783,,,,,40.81218304246316,0.03632358080992858,False,,,0.99486768790378
DSCT,430665759,ok,0.96211481,True,True,,0.9999999999999828,,47.24803368368059,45.95052305347092,,,,,3.075238200013571,0.0022940453002439107,False,,,1.0177714863710041
DSCT,147893556,ok,0.99947202,True,True,,0.9999999999999811,,47.864224399771196,46.846356816784,,,,,2.2805986179447695,0.001732408285328219,False,,,1.0707124643000254
DSCT,421542600,ok,0.96888292,True,True,,0.9999999999999803,,59.27008835756269,60.455534139355,,,,,1.2059040730775499,0.0007803987885296633,False,,,0.9868905726362415
DSCT,306517089,ok,0.92784518,True,True,,0.9999999999999876,,172.28624701998615,169.5768406970938,,,,,94.57951361629678,0.06777730263434585,False,0.12954378762149493,0.523199945584266,0.9882879646107343
DSCT,294157254,ok,0.99811381,True,True,,0.9999999999999841,,54.784596806402845,55.742499320219665,,,,,2.0622670839540818,0.0017223007997486796,False,,,0.9944080566521469
DSCT,31631570,ok,0.98528999,True,True,,0.9999999999999981,,108.85628694099466,94.81173862324371,,,,,6.450166542286139,0.005290367580314351,False,,,0.9897931860014129
DSCT,1099837,ok,0.99857259,True,True,,0.999999999999996,,71.31975777782007,64.30450904844913,,,,,1.3311014521380917,0.0008197274143343425,False,,,1.1290468878403552
DSCT,9524429,ok,0.55267566,True,True,,0.9999999999999934,,30.296712308183377,29.01998671614529,,,,,3.984567620548074,0.0038601841198200332,False,,,1.0650728059633916
DSCT,432049507,ok,0.99808842,True,True,,0.999999999999987,,117.06100145678535,114.3455221154392,,,,,31.706950924913137,0.03412266068417229,False,,,1.0031774647715952
DSCT,461545977,ok,0.96533847,True,True,,0.9999999999999977,,79.86033173097078,76.30212410614173,,,,,30.06748539766752,0.029035548163792346,False,,,0.9260259989010019
DSCT,456332840,ok,0.99997061,True,True,,0.9999999999999967,,64.47482941898728,62.288538635793735,,,,,4.261077475054403,0.005929325015457538,False,,,1.0487146153988485
DSCT,272636176,ok,0.99960196,True,True,,0.9999999999999887,,87.24082560241507,87.28313114013187,,,,,12.185112335568768,0.012421774738979721,False,,,1.006673397760936
DSCT,412773968,ok,0.94062996,True,True,,0.9999999999999839,,252.8706121547231,253.72649986487704,,,,,20.62780813273732,0.011647305100649916,False,0.09029150190092133,0.12899669243990133,0.9985733398898559
DSCT,16247300,ok,0.98144478,True,True,,0.9999999999999774,,41.266588329787425,41.5684005982092,,,,,1.9286342820631313,0.0013594645340021454,False,,,1.0155124830456423
DSCT,27804376,ok,0.99954486,True,True,,0.9999999999999968,,194.22788621325853,186.16741073517707,,,,,3.929485136253008,0.004159408531773909,False,,,0.9785128957808209
DSCT,329153513,ok,0.97791934,True,True,,0.9999999999999807,,244.28228517258552,273.6793173020547,,,,,27.81538440251243,0.017906555330360722,False,,,0.9182021596928105
DSCT,268513957,ok,0.91757548,True,True,,0.9999999999999966,,108.50006064623959,112.08999087226563,,,,,24.05009546651244,0.014015363697735624,False,0.009497828060186292,1.4756388101492675,0.9504649492625094
DSCT,233168801,ok,0.99991971,True,True,,0.9999999999999749,,73.97753754916116,71.41185467582497,,,,,1.6422155944808678,0.0014062048384457203,False,,,0.9957040807867519
DSCT,454961439,ok,0.99888659,True,True,,0.9999999999999977,,126.7846022638827,145.0413137797965,,,,,9.30852979911252,0.006346328689411147,False,,,0.9896129053089545
DSCT,441517251,ok,0.99092621,True,True,,0.999999999999977,,54.99539057603296,53.68455544527745,,,,,12.00663022266413,0.008094967136853969,False,,,0.9970720365467091
DSCT,18658256,ok,0.98067278,True,True,,0.9999999999999921,,96.42001351414709,107.09667467284874,,,,,11.070318202373933,0.007471805276889104,False,,,0.9684856100693112
DSCT,419666736,ok,0.99180335,True,True,,0.999999999999999,,116.93525349827806,115.85985037421212,,,,,10.235918514558708,0.007349177189396937,False,,,1.0028927834291617
DSCT,51370456,ok,0.99296981,True,True,,0.9999999999999744,,120.17410136155236,116.59564140683787,,,,,4.741262862871933,0.0030605274370846,False,,,0.9944472217963888
DSCT,16005878,ok,0.98913771,True,True,,0.9999999999999916,,139.96128468351822,123.27533168762096,,,,,1.276954996106306,0.0007994729276243403,False,,,0.9942641041516682
DSCT,7323477,ok,0.98643774,True,True,,0.9999999999999993,,112.4277901564998,127.36385257409192,,,,,14.677401287106669,0.009356014402207754,False,,,0.9718512426642231
DSCT,402739614,ok,0.99992466,True,True,,0.9999999999999878,,105.92526089549634,139.82270039866825,,,,,27.602067526423355,0.013854980045762038,False,,,1.0123283228936522
DSCT,2004993,ok,0.92314482,True,True,,0.9999999999999984,,277.46890945952697,232.80106731306685,,,,,10.79870813975492,0.008746030780808784,False,0.007980229685557215,1.0959622874812152,0.9425193018920506
DSCT,9263764,ok,0.99635905,True,True,,0.9999999999999911,,137.47148552936798,137.1969945426276,,,,,4.63290084728866,0.0025441781724877205,False,,,1.0015514748745649
DSCT,20576095,ok,0.99511105,True,True,,0.9999999999999977,,50.01068321434705,52.90555676871144,,,,,1.162803758613688,0.0006063820946028381,False,,,0.9371135296711472
DSCT,122686610,ok,0.99935853,True,True,,0.999999999999981,,127.61577239286777,109.01010345378307,,,,,1.2920053657460384,0.0010732621652942392,False,,,1.1806514434821127
DSCT,65484200,ok,0.99983662,True,True,,0.9999999999999954,,53.90270046651759,59.47988121140971,,,,,7.168410515383426,0.004381629721307813,False,,,0.8609496086780498
DSCT,425280732,ok,0.9987095,True,True,,0.9999999999999971,,65.7865935457505,65.35064316848644,,,,,4.992872329109611,0.0033711995342536162,False,,,1.015520507074947
DSCT,120733015,ok,0.99405235,True,True,,0.9999999999999982,,125.46993425244327,124.24042028885496,,,,,11.415986093339104,0.005090233404950564,False,,,1.006896641735333
DSCT,316806320,ok,0.99953014,True,True,,0.9999999999999881,,51.256568596338305,46.72161053263279,,,,,0.7768380654573295,0.0007293811104790265,False,,,1.0688511086065562
DSCT,262652067,ok,0.85301024,True,True,,0.9999999999999982,,270.26292350668973,267.6086055292318,,,,,51.3510610299258,0.036091117049508493,False,0.060290392310623546,0.5986213667936112,0.9996598394325673
DSCT,165859518,ok,0.99926829,True,True,,0.9999999999999966,,55.471040426905546,55.01272536008448,,,,,6.19462898614185,0.006261480570479309,False,,,1.0239344754574904
DSCT,59325655,ok,0.99731386,True,True,,0.999999999999998,,83.07239420831631,102.58086643871287,,,,,53.908633695781354,0.023428173748557483,False,,,0.8399021345950944
DSCT,270786214,ok,0.95415145,True,True,,0.9999999999999898,,56.92166238333432,55.808976275998425,,,,,4.459562211543462,0.0029897042097793243,False,,,1.0650457760897
DSCT,43173526,ok,0.92289877,True,True,,0.9999999999999986,,406.26164946104694,411.8538293557303,,,,,64.43056799146814,0.049059020968842904,False,0.07325162587064757,0.66973286102174,1.0038455145399043
DSCT,246902545,ok,0.99093246,True,True,,0.9999999999999918,,50.026741057783134,54.23560202077553,,,,,5.427897126242607,0.0024006276116285094,False,,,0.976336457734723
DSCT,138104708,ok,0.68237269,True,True,,0.9999999999999898,,74.36534123053022,76.33756315487464,,,,,5.172385470128723,0.0034215386326918746,False,0.002373356111355935,1.4416457000787366,0.9880636150487007
DSCT,125754823,ok,0.99729395,True,True,,0.9999999999999976,,29.279027182733792,33.710204169343676,,,,,1.339020209993537,0.0010656704929077015,False,,,1.0133869964085034
DSCT,204750449,ok,0.94693816,True,True,,0.9999999999999811,,54.19627479820355,53.41424795354119,,,,,2.2533009849653345,0.0011427241670316326,False,,,1.0262452560783926
DSCT,359678383,ok,0.99861109,True,True,,0.9999999999999901,,92.3531391422795,99.68172981728817,,,,,2.724255489614606,0.0028151180409638475,False,,,1.0091076865027226
DSCT,137803552,ok,0.98272741,True,True,,0.999999999999987,,152.6785165389,152.27047645194008,,,,,121.42767194287255,0.1028155430761487,False,,,1.0036738074115954
DSCT,392791819,ok,0.952663,True,True,,0.9999999999999988,,171.74485418726437,171.42568021521774,,,,,6.781152562439805,0.0039221273599925836,False,,,1.0025795253505176
DSCT,200624064,ok,0.83342332,True,True,,0.9999999999999846,,138.4756056887502,117.70344813485647,,,,,34.40643223879786,0.03054688988695345,False,0.07383221384292049,0.41373390146396755,1.1587873012593868
DSCT,139825582,ok,0.99741662,True,True,,0.9999999999999986,,82.33259294381,85.6078518972131,,,,,7.692236801482945,0.008010170175782786,False,,,0.9721474927991615
DSCT,233685517,ok,0.96395642,True,True,,0.9999999999999986,,319.8233670165769,327.8782174747155,,,,,145.25777360051453,0.11012478247193766,False,,,0.9961513771027419
DSCT,194903738,ok,0.99436915,True,True,,0.9999999999999897,,65.47235375559835,68.20826161602002,,,,,3.794181964701546,0.0026374413840837773,False,,,0.9860776777418118
DSCT,369666165,ok,0.99872535,True,True,,0.9999999999999986,,40.936933078531936,38.73629742755746,,,,,7.204843491296102,0.006999994274112908,False,,,1.0553764960188157
DSCT,438305999,ok,0.95236796,True,True,,0.9999999999999816,,77.68259649089899,76.73612774154024,,,,,2.1407742062800432,0.001035296154959508,False,,,1.0081588215880732
DSCT,83860356,ok,0.99876887,True,True,,0.9999999999999847,,61.53994792553042,57.03452110096776,,,,,2.5872010571025146,0.0023590718711558175,False,,,1.0221497598811065
DSCT,159191044,ok,0.9998486,True,True,,0.9999999999999866,,61.16167558073166,66.12434614686181,,,,,14.340748891192515,0.011344705392207662,False,,,1.0287307488928175
DSCT,67991192,ok,0.99988747,True,True,,0.999999999999979,,300.1101262891351,294.63401781704533,,,,,37.71274088292052,0.043429091084937796,False,,,0.9966296947312653
DSCT,316848255,ok,0.99754721,True,True,,0.9999999999999919,,145.97234643507355,146.38704639375374,,,,,5.958401107393882,0.006119668727151418,False,,,0.9856649654787132
DSCT,402305954,ok,0.98801589,True,True,,0.9999999999999976,,60.57592339729648,55.17669777147033,,,,,6.940054276489523,0.006052701314832878,False,,,1.0351935152972882
DSCT,147311797,ok,0.98311722,True,True,,0.9999999999999963,,88.96182161603073,93.65967481540866,,,,,7.566100290454419,0.0037725749382629932,False,,,1.0159167526102528
DSCT,411121229,ok,0.99947721,True,True,,0.9999999999999976,,40.50878046571514,38.09952832647747,,,,,9.17889758294292,0.00664192828356301,False,,,1.0252788334860201
DSCT,38298693,ok,0.99863195,True,True,,0.9999999999999902,,263.51086367595883,378.2902599661151,,,,,4.03640687228667,0.00295341943653249,False,,,1.0192732791412218
DSCT,206605688,ok,0.99938232,True,True,,0.9999999999999983,,30.5006223337133,32.69307721384097,,,,,1.7804084529255613,0.0013026224191899228,False,,,0.9906058217607234
DSCT,192533869,ok,0.99821633,True,True,,0.9999999999999825,,51.8555589422591,53.42548697422688,,,,,2.3596289956089525,0.002492867789306213,False,,,1.0216291528348211
DSCT,284596378,ok,0.9999131,True,True,,0.9999999999999984,,117.40098199596302,97.72386282573551,,,,,7.6769631942958085,0.006661328600436219,False,,,1.122076968156416
DSCT,284388308,ok,0.87242466,True,True,,0.9999999999999983,,29.312867227666107,28.062255698128205,,,,,1.0224990835268488,0.0006561798147199779,False,,,1.0217120766817018
DSCT,275449979,ok,0.96072114,True,True,,0.9999999999999816,,70.89608859460289,90.9744522911899,,,,,26.017776141847154,0.011959895442925427,False,,,0.968352370057413
DSCT,257507560,ok,0.99759716,True,True,,0.9999999999999954,,57.46817991877157,61.50915986963728,,,,,6.52807376070903,0.0037013015364747606,False,,,0.9978776540793186
DSCT,267991311,ok,0.93990505,True,True,,0.9999999999999977,,99.48333229246239,107.68899771287279,,,,,7.189863653254706,0.004799681782459355,False,0.006340461237201977,0.7569925282876483,0.9998627653926083
DSCT,67670494,ok,0.99634755,True,True,,0.9999999999999964,,65.00571643348638,68.34665927145092,,,,,4.267112716633673,0.004342042877079467,False,,,0.9421820337818111
DSCT,431695696,ok,0.99588907,True,True,,0.9999999999999837,,47.71107929544328,46.994984316145135,,,,,1.8489589008097418,0.0010774278442255258,False,,,1.0128434611895987
DSCT,160212071,ok,0.99276394,True,True,,0.9999999999999943,,94.8752536929414,97.50321531503938,,,,,3.2167303427747216,0.0027596441537496882,False,,,0.9917953214953351
DSCT,13722489,ok,0.98711312,True,True,,0.9999999999999813,,115.08086645082824,111.84479499560528,,,,,2.2533171661759623,0.002242824036571007,False,,,1.0408113916831654
DSCT,18590773,ok,0.99885273,True,True,,0.9999999999999887,,290.38320670550104,233.34075447903612,,,,,24.199500808211422,0.0171918774886207,False,,,1.0114350633720761
DSCT,364399376,ok,0.98481405,True,True,,0.9999999999999977,,437.6928887640396,445.98968408695663,,,,,33.91053921124422,0.04710286080295394,False,,,1.003346951645013
DSCT,62901995,ok,0.71114218,True,True,,0.9999999999999856,,205.07258311012322,203.23969590283187,,,,,107.25119677511084,0.04516689361883976,False,0.020969937538020143,2.1538878471597083,0.9775117507701941
DSCT,91424870,ok,0.96353376,True,True,,0.9999999999999866,,49.3657178894917,44.906962014143225,,,,,1.6054707242496962,0.0010219158386050391,False,,,1.0582736433559412
DSCT,241787384,ok,0.98677653,True,True,,0.999999999999998,,121.36146109668147,123.69236640923813,,,,,48.28461112404627,0.043719884428564955,False,,,0.9934228189133728
DSCT,245151597,ok,0.87841737,True,True,,0.9999999999999863,,43.493993163243516,49.444501814440244,,,,,3.5558753691400744,0.00275421915931316,False,,,0.9375375026919817
DSCT,247165103,ok,0.99654698,True,True,,0.9999999999999979,,114.94728142205821,118.27728044169683,,,,,15.239530150776869,0.01035543421100923,False,,,0.99719463637106
DSCT,120310701,ok,0.79622871,True,True,,0.999999999999985,,40.11473173718137,40.92330996545355,,,,,2.4817924959152307,0.0027809922466989897,False,,,0.9861561169762814
DSCT,216982075,ok,0.98326474,True,True,,0.9999999999999843,,38.310549771402286,31.892162486185537,,,,,5.432593303236251,0.006960319730095237,False,,,1.2783552262957836
DSCT,383604347,ok,0.93588609,True,True,,0.9999999999999826,,149.75274462756974,152.47426444023444,,,,,122.41343130630719,0.1038715724450618,False,0.07734186842561068,1.3430186593561293,1.0044301054719067
DSCT,388978367,ok,0.99957103,True,True,,0.999999999999982,,61.39965135289044,61.828455633715755,,,,,2.4124957943699767,0.001885780045355945,False,,,0.9966696193548836
DSCT,158077519,ok,0.98919272,True,True,,0.9999999999999779,,116.60934871580127,132.21013747252562,,,,,15.09156635563663,0.01002735423477002,False,,,0.9996710599974743
DSCT,32763133,ok,0.98784989,True,True,,0.9999999999999817,,87.6921875970418,87.58979656733526,,,,,2.2842779225688217,0.0016861143439316697,False,,,0.9833619085074893
DSCT,358392837,ok,0.92185503,True,True,,0.9999999999999792,,65.80690696175657,59.9342533623443,,,,,2.2071463982590047,0.0012095302484745388,False,,,1.0468173311894748
DSCT,257582738,ok,0.98712099,True,True,,0.9999999999999847,,44.032438545027645,42.76073864284524,,,,,45.28877520730429,0.04490540653910858,False,,,0.994247544713895
DSCT,54581966,ok,0.97033703,True,True,,0.9999999999999886,,52.481668133727275,51.04132119301451,,,,,4.867042849908538,0.0028632042098848238,False,,,0.9971424642707023
DSCT,334177803,ok,0.99642158,True,True,,0.9999999999999898,,38.37617167679923,41.284546275986436,,,,,13.00767289233262,0.008650644719552583,False,,,0.8655052109034592
DSCT,5456605,ok,0.99832451,True,True,,0.9999999999999982,,46.49471134117977,57.59833168449583,,,,,30.94837548676219,0.021669312091502167,False,,,0.8405814346536055
DSCT,241843363,ok,0.98509884,True,True,,0.9999999999999967,,437.75650032067813,398.70471884062357,,,,,28.289427206805314,0.024731721158374416,False,,,0.9968809945491393
DSCT,172041148,ok,0.94640148,True,True,,0.9999999999999879,,81.02586924510125,79.63487780897225,,,,,11.826210314947973,0.007984090402957784,False,0.009290928198094834,0.8593426009464775,1.0238502944891563
DSCT,90322352,ok,0.93002546,True,True,,0.9999999999999807,,210.5145017844552,214.81836355459043,,,,,59.93871416122689,0.034552921319991166,False,0.09732681583557526,0.35501953930523283,0.97733490599929
DSCT,332516661,ok,0.99530858,True,True,,0.9999999999999801,,45.88958680625058,38.47682680509152,,,,,3.980859012537315,0.004001297373373786,False,,,1.1046259528080877
DSCT,86490647,ok,0.94722956,True,True,,0.9999999999999939,,16.001836997598726,14.726475214075402,,,,,1.1772969737897443,0.0007122701673085681,False,,,1.0731163002636719
DSCT,467050003,ok,0.47724408,True,True,,0.9999999999999852,,201.54935543214594,203.6839100828726,,,,,224.03447036575864,0.1620802829349001,False,0.09441333482146588,1.7167096495573568,1.006831343202963
DSCT,390607729,ok,0.99689418,True,True,,0.9999999999999888,,35.6043474982459,36.55924156830939,,,,,2.5544214759106483,0.002859363597160758,False,,,0.9246787935150945
DSCT,229059574,ok,0.99967366,True,True,,0.9999999999999805,,28.953927607276867,23.183193214611105,,,,,2.004681023013691,0.0023725992797454278,False,,,1.2038977825655046
DSCT,159647185,ok,0.94563931,True,True,,0.999999999999997,,69.332153265939,70.1471391559392,,,,,11.058378066765023,0.008993644409061911,False,0.005607983436905766,1.6037216425917622,1.0048015700927353
DSCT,164530781,ok,0.97709823,True,True,,0.9999999999999788,,58.51720130514872,56.235632117554076,,,,,3.256883317421229,0.002676667342216758,False,,,1.0489537196428773
DSCT,360736543,ok,0.92475063,True,True,,0.999999999999997,,113.87908175521842,115.88166900985486,,,,,50.63163555008014,0.03180884644093068,False,0.05175719504543549,0.6145782516422503,0.9951768111502857
DSCT,76688398,ok,0.97152573,True,True,,0.9999999999999976,,47.71098644815212,51.61110809162143,,,,,13.218043773605253,0.009023053933456331,False,,,0.8577355235306937
DSCT,270525542,ok,0.81818634,True,True,,0.9999999999999907,,94.4874674762046,92.42551469062516,,,,,13.800064964739311,0.005850534802849141,False,0.0027369930239176327,2.1375775355374844,1.0165841857103313
DSCT,71461240,ok,0.68606937,True,True,,0.9999999999999886,,173.51556067836083,147.20199463369335,,,,,52.397742194886106,0.03746877597968959,False,0.022580986615986974,1.6593064163619096,1.0453007132955106
DSCT,130474019,ok,0.9569183,True,True,,0.9999999999999816,,203.79340921887018,204.9786484625271,,,,,72.8388437112324,0.04861882512245592,False,,,0.9986396896488429
DSCT,405620295,ok,0.97460562,True,True,,0.9999999999999922,,289.9550126356359,262.9127908075531,,,,,28.886152421207477,0.0210756595287326,False,,,0.990445699774225
DSCT,210548440,ok,0.98538995,True,True,,0.999999999999997,,127.4957001084107,123.84256343761781,,,,,39.78160692385524,0.03525068699750067,False,,,1.009343207631412
DSCT,376007943,ok,0.76740938,True,True,,0.999999999999985,,108.76332405908052,111.56415795239607,,,,,15.457252705240037,0.009392384104463788,False,0.010669257288835634,0.880322205210294,1.0210903449616755
DSCT,27284046,ok,0.98279321,True,True,,0.9999999999999803,,51.34602860532291,40.84489565361979,,,,,1.155301923528399,0.0007538468041403436,False,,,1.1826154150392505
DSCT,392614288,ok,0.996696,True,True,,0.9999999999999847,,84.24295422769454,78.4880933399282,,,,,5.374003941076243,0.005047669339873928,False,,,1.0500703775169982
DSCT,389841253,ok,0.99704295,True,True,,0.999999999999994,,114.85586377654872,113.26852695875631,,,,,2.970384465168445,0.0022472800984469246,False,,,0.9926418618682341
DSCT,277839376,ok,0.99892783,True,True,,0.9999999999999885,,112.42963646789407,115.69737855776697,,,,,4.688400728526578,0.0031469580950979174,False,,,0.9996294165099902
DSCT,190158777,ok,0.99342096,True,True,,0.9999999999999925,,137.1839391521891,102.7287268251161,,,,,12.40975912551593,0.012221853446162822,False,,,0.9903101068479252
DSCT,6029735,ok,0.99994153,True,True,,0.9999999999999813,,55.54312743911918,51.04328757455976,,,,,3.622686310918432,0.004024640536222888,False,,,0.990031129585081
DSCT,71334169,ok,0.88537508,True,True,,0.9999999999999897,,77.16435261518441,75.9493720233615,,,,,3.898170845480881,0.0035882542958124096,False,,,1.0473942245040369
DSCT,126006658,ok,0.99626839,True,True,,0.9999999999999822,,59.70107169622939,60.228838102533544,,,,,3.3603658211506513,0.002401411249363585,False,,,0.9964974954777387
DSCT,402646773,ok,0.8085779,True,True,,0.9999999999999961,,99.45767132957869,103.00706921487787,,,,,7.354708803890976,0.0019496414013179635,False,0.0046318127425387925,0.4209240549412463,1.0137772238386575
DSCT,72645279,ok,0.99092752,True,True,,0.9999999999999957,,74.7492508329466,69.33540960847391,,,,,5.200567522070086,0.003753298265695033,False,,,1.0605923197595464
DSCT,175264749,ok,0.96390766,True,True,,0.9999999999999846,,62.09908943687368,60.372748625086544,,,,,6.772231254593343,0.003602732686071195,False,,,0.9620048951106498
DSCT,154925091,ok,0.99475998,True,True,,0.9999999999999821,,60.463544318868415,54.52739187134331,,,,,1.0523767644682402,0.0007625640005994998,False,,,0.9929301601110287
DSCT,452464329,ok,0.98308289,True,True,,0.9999999999999837,,194.57127285065872,199.92000077732416,,,,,27.694857060583946,0.016012190633492605,False,,,0.9913081020656279
DSCT,65138566,ok,0.71956688,True,True,,0.9999999999999942,,84.17745156336184,77.90037325267805,,,,,40.26635788629226,0.018026596825339473,False,0.03319787730123146,0.543004501817072,1.077554954130928
DSCT,307678320,ok,0.95732516,True,True,,0.999999999999991,,66.67148098793574,72.47085825067596,,,,,4.484302920071323,0.003233967869577616,False,,,0.9734331344031923
DSCT,149471914,ok,0.99935329,True,True,,0.9999999999999913,,68.11154537254147,68.51819187529476,,,,,2.939517000220249,0.003335707200520608,False,,,1.0215621100486671
DSCT,152288704,ok,0.98499471,True,True,,0.9999999999999986,,438.8544036599561,520.7216635569448,,,,,53.10307526410702,0.03589048068059602,False,,,0.9833842321007807
DSCT,17417633,ok,0.99901247,True,True,,0.9999999999999973,,278.68175122230326,257.9451050745378,,,,,46.45669574745004,0.07691841523544937,False,,,0.9926417300095008
DSCT,172193026,ok,0.96801853,True,True,,0.9999999999999976,,63.85870282309091,64.6048273883331,,,,,13.130555335779666,0.009341960655715936,False,,,0.9906413758867254
DSCT,348157809,ok,0.8422538,True,True,,0.9999999999999774,,115.5882824447431,115.38479331096921,,,,,9.37743873697897,0.0044509585769357644,False,0.011756667602973753,0.3785901521796815,1.0023355804459235
DSCT,308407544,ok,0.9981547,True,True,,0.9999999999999938,,188.9947371513942,195.1316309189167,,,,,43.98114562137272,0.03241671470517042,False,,,0.9924396579092035
DSCT,118250469,ok,0.99759704,True,True,,0.9999999999999982,,116.70372507893673,118.69648555805341,,,,,12.536978498509805,0.006199685073635478,False,,,0.9783545510548309
DSCT,468294062,ok,0.99437433,True,True,,0.999999999999986,,125.10569453205561,138.13568874259494,,,,,18.48759972711304,0.008995872954209993,False,,,0.9930553100165872
DSCT,222608053,ok,0.98566639,True,True,,0.9999999999999805,,119.70162595798548,139.53767900394,,,,,31.34446214591564,0.017848781759725135,False,,,0.9381307141611163
DSCT,392021544,ok,0.9483431,True,True,,0.999999999999979,,34.363594658436064,34.63534878834987,,,,,2.7003040614029548,0.0015240929323576088,False,,,0.9911360804343915
DSCT,122683109,ok,0.98018056,True,True,,0.999999999999997,,66.81674648030098,54.626821121000376,,,,,3.3940215970475007,0.0038692444433859937,False,,,1.1460489732696542
DSCT,144101735,ok,0.99557614,True,True,,0.999999999999989,,88.03140738699963,85.2149637561724,,,,,32.54621310805235,0.02657857826141184,False,,,1.0717198491180548
DSCT,49647726,ok,0.95891839,True,True,,0.999999999999979,,81.04063928527111,85.30855841271726,,,,,3.769742739961238,0.0020032515033109152,False,,,0.9756105865506127
DSCT,33911462,ok,0.99939263,True,True,,0.999999999999994,,191.0912895530125,253.6453519294258,,,,,2.559507146644589,0.003113839520983011,False,,,1.0099777521330187
DSCT,340358522,ok,0.98747611,True,True,,0.999999999999997,,30.501579422750343,30.27585869050364,,,,,3.2074930313602423,0.0032760790334310738,False,,,1.0221414173893772
DSCT,80432574,ok,0.99663454,True,True,,0.9999999999999837,,36.794522524361945,37.13257795347127,,,,,2.1666857947229925,0.0017036405155190489,False,,,0.9841564535134331
DSCT,1542182,ok,0.99817502,True,True,,0.9999999999999791,,52.209123332732574,48.63445813703335,,,,,3.421665577084864,0.001952048828807352,False,,,1.0757780882705428
DSCT,205871617,ok,0.98562795,True,True,,0.9999999999999846,,106.75035934995996,100.67322089407902,,,,,0.9097320181955895,0.0006007036335353109,False,,,1.050589979611763
DSCT,137815696,ok,0.98914105,True,True,,0.9999999999999927,,73.63896704761612,75.49798100028937,,,,,4.177708722949397,0.004530348714751497,False,,,0.9950555380593025
DSCT,37498433,ok,0.9635458,True,True,,0.9999999999999792,,61.312035441145824,62.36488140368506,,,,,2.607092131688313,0.0018044710382157764,False,,,0.9999285063650601
DSCT,157336254,ok,0.9336949,True,True,,0.9999999999999759,,40.19870860187316,38.20146582315624,,,,,1.5535576088995902,0.0009240666198174137,False,,,1.0269046494340581
DSCT,159895674,ok,0.99991345,True,True,,0.9999999999999899,,65.59362316712425,66.04760947578018,,,,,1.1918811840320966,0.0010691312822307855,False,,,0.994285889219587
DSCT,435916016,ok,0.99993783,True,True,,0.9999999999999921,,51.86661268705116,56.39181936673184,,,,,0.9464747479961836,0.0007116939657842328,False,,,0.9144617636949742
DSCT,67265166,ok,0.99970669,True,True,,0.9999999999999973,,103.13345421473414,79.55993957068604,,,,,54.36059413125502,0.04902279175992818,False,,,1.2561608134073234
DSCT,229139161,ok,0.96028608,True,True,,0.99999999999999,,49.73334289754138,51.82689736776554,,,,,0.6526235796958079,0.0007753240634746567,False,,,0.9294320247965107
DSCT,122783725,ok,0.77240765,True,True,,0.9999999999999812,,36.125517208608436,35.579037988328416,,,,,2.0812283625236407,0.0010324069421069916,False,,,1.0262534061534987
DSCT,16381609,ok,0.9763428,True,True,,0.9999999999999979,,321.64647010437506,321.4206088704424,,,,,57.978952269700336,0.036283500860055634,False,,,1.005671186773248
DSCT,143166570,ok,0.99895328,True,True,,0.9999999999999878,,86.90785448520514,122.84051859501639,,,,,37.740446201839454,0.02681845067491136,False,,,0.6615271091455237
DSCT,261286433,ok,0.97480947,True,True,,0.9999999999999954,,60.09598393184814,55.416394989289834,,,,,3.5741381243667516,0.0026896865468746564,False,,,1.087769529668739
DSCT,458658640,ok,0.99850112,True,True,,0.9999999999999771,,93.29582073157489,85.32014646493563,,,,,9.086765757018615,0.005678200379162958,False,,,1.0742780827882956
DSCT,448565911,ok,0.87448001,True,True,,0.9999999999999868,,62.74564799510688,61.723589338448186,,,,,3.658121765157647,0.0017374331100321221,False,,,1.047738642377484
DSCT,141201605,ok,0.99998707,True,True,,0.9999999999999863,,56.49193045736396,59.453285694051246,,,,,7.55511620857137,0.008127839274978895,False,,,1.008798183883041
DSCT,281499618,ok,0.99595207,True,True,,0.9999999999999829,,56.6284496924534,56.677512501855944,,,,,2.0098829259116866,0.0017511667742563745,False,,,1.0797928150581222
DSCT,32633693,ok,0.99794894,True,True,,0.9999999999999981,,60.56566698512901,61.065971644953315,,,,,6.151734457251209,0.004354630728965567,False,,,1.0170912565650354
DSCT,166177270,ok,0.99956912,True,True,,0.9999999999999957,,121.77637100099,124.90521902344102,,,,,2.0499788166653206,0.001653119716114442,False,,,0.9951394480644331
DSCT,304501606,ok,0.99234897,True,True,,0.9999999999999925,,67.84846940884515,48.63709188757077,,,,,10.20445922990339,0.010101443338750767,False,,,1.3563528353255452
DSCT,248354858,ok,0.99109995,True,True,,0.9999999999999929,,64.60451111836062,60.870672007933415,,,,,2.7142562420973437,0.0033626857076230086,False,,,0.9761460218439254
DSCT,354622660,ok,0.99575317,True,True,,0.9999999999999793,,169.75358271843777,167.47125114674105,,,,,11.31387620735773,0.007837476603851846,False,,,1.0002821413734049
DSCT,274510661,ok,0.99722344,True,True,,0.9999999999999944,,238.65990823878144,225.71268654032323,,,,,36.445293890352715,0.02784062381909049,False,,,0.9956169861383446
DSCT,120857354,ok,0.87562704,True,True,,0.9999999999999953,,250.05127193680582,238.23105192090705,,,,,75.50610037905003,0.04926349565732809,False,0.03537494796649852,1.392609699496451,1.0072520856407616
DSCT,220628281,ok,0.99495471,True,True,,0.9999999999999986,,118.04859394636448,111.24266147560638,,,,,8.35076833340499,0.006869630535993187,False,,,0.996353015354749
DSCT,117766204,ok,0.44817838,True,True,,0.9999999999999909,,61.01692093636709,63.33936041175141,,,,,3.458262559384327,0.002539653646265461,False,,,0.9598793250511247
DSCT,334849779,ok,0.97559875,True,True,,0.9999999999999978,,267.6514362974366,281.1945859781472,,,,,6.400608662246347,0.007503679186616334,False,,,1.0002428142878048
DSCT,441618236,ok,0.9984535,True,True,,0.999999999999983,,615.0344069072618,626.5020727712046,,,,,16.928002597866485,0.017915006907313655,False,,,0.9747083534258271
DSCT,357165560,ok,0.95881218,True,True,,0.9999999999999796,,46.93085490129574,42.29295627542971,,,,,3.6719478578305083,0.002624238677894438,False,,,1.079355987757766
DSCT,395425079,ok,0.95098609,True,True,,0.999999999999979,,68.90271604846022,74.33168926609943,,,,,12.471391502602058,0.005298797300025576,False,,,0.9471447848996539
DSCT,155128092,ok,0.8463217,True,True,,0.9999999999999891,,287.76773927579796,290.05849906139986,,,,,158.5592922721443,0.08844030220136465,False,0.10026865816861003,0.8820333673224686,0.9988783049018901
DSCT,54492122,ok,0.55205035,True,True,,0.9999999999999841,,26.86018452877488,28.330005270666152,,,,,4.372860211110166,0.001987409145335961,False,,,0.9499157106394046
DSCT,12433458,ok,0.99978322,True,True,,0.9999999999999835,,48.611074095748116,47.24666022741361,,,,,2.3861835179453994,0.001994142120412858,False,,,1.012285308520445
DSCT,77669416,ok,0.99814016,True,True,,0.9999999999999889,,266.73815800107445,262.1684460583968,,,,,54.118356994847744,0.04053705769836865,False,,,1.0129455336700195
DSCT,248345301,ok,0.99976951,True,True,,0.9999999999999868,,68.72531537681854,59.48068959600095,,,,,13.312088966431352,0.017912891889244872,False,,,1.0716470405581586
DSCT,298894202,ok,0.97554785,True,True,,0.9999999999999838,,37.88649171811182,40.345189559750985,,,,,1.942955934601246,0.0013422217757635307,False,,,0.9433654966651907
DSCT,93997237,ok,0.75560921,True,True,,0.9999999999999923,,32.632103521962044,29.02412000094637,,,,,8.588931481118259,0.00598155646742898,False,0.0028724649446721,2.082377533805479,1.1249048654991796
DSCT,18754028,ok,0.99972081,True,True,,0.9999999999999907,,39.69952181066555,45.08879510527604,,,,,24.844480267791802,0.024320467092184887,False,,,0.9197285702902472
DSCT,439844921,ok,0.98986602,True,True,,0.9999999999999988,,253.1044457999147,350.8558541780271,,,,,11.823727250150187,0.009805791160141498,False,,,0.972525687075732
DSCT,48031665,ok,0.99579006,True,True,,0.9999999999999971,,44.17082526299627,46.582893397279676,,,,,0.791767657475382,0.0006553604512977008,False,,,0.9722447865436011
DSCT,175233832,ok,0.99948001,True,True,,0.9999999999999936,,90.02696955885543,90.76608466593505,,,,,1.131302620942438,0.0007813385561723874,False,,,1.0006099358154348
DSCT,14422256,ok,0.71413934,True,True,,0.9999999999999826,,124.58761256182208,172.49041504946499,,,,,242.1267675685954,0.3511562224311594,False,0.09093673727533524,3.861544112451937,0.9962504222392049
DSCT,143381070,ok,0.99198467,True,True,,0.9999999999999833,,39.01873999543435,40.28708717091063,,,,,3.3163590893375385,0.0017169403030974873,False,,,0.9888226568685864
DSCT,436315743,ok,0.9860608,True,True,,0.9999999999999932,,49.986660019943436,70.51114377461765,,,,,3.6225193480403455,0.003562319050350937,False,,,0.6524171428587288
DSCT,67564286,ok,0.99704266,True,True,,0.9999999999999963,,54.20848765764358,63.71969045137688,,,,,4.884189826643684,0.0035188903681847316,False,,,1.0075445607847946
DSCT,343216782,ok,0.90900248,True,True,,0.9999999999999976,,56.02084440384591,53.32037573695875,,,,,4.369503249510149,0.0025934777376694805,False,,,0.9909702486584836
DSCT,71135647,ok,0.99166435,True,True,,0.9999999999999988,,54.08477845278897,54.22850147468125,,,,,2.141650176674707,0.0021741333615013453,False,,,0.9828920341728672
DSCT,233931219,ok,0.99093354,True,True,,0.9999999999999959,,119.66362572393741,118.33015063074643,,,,,42.940655827667236,0.03402689349167474,False,,,1.0029497807920924
DSCT,82683989,ok,0.97578955,True,True,,0.9999999999999974,,72.73678040865417,79.55520053673776,,,,,10.640551574798264,0.006463557341333627,False,,,1.0089302981673747
ROT,283892713,ok,0.99853259,True,True,,0.9999999999999943,,71.47422819812869,120.15333360744552,,,,,7.7197324348438405,0.006246423003650164,False,0.0030425781709870884,2.0530032928040325,0.6200123601463341
ROT,67770186,ok,0.99959308,True,True,,0.9999999999999926,,32.53636501791078,23.07452207977774,,,,,10.222428444620336,0.008755439398968999,False,0.0005726351780296698,15.289733734303265,1.4852735992972397
ROT,428424101,ok,0.99679989,True,True,,0.9999999999999917,,63.20036644251707,48.950031478585345,,,,,5.344791397272672,0.0029476230269229247,False,0.0022182064429769484,1.3288316947484209,1.1854730184994842
ROT,129634571,ok,0.99811947,True,False,signal source >= 1 TESS pixel from the target (likely a neighbouring star),0.9999999999999942,,33.12674282125828,26.483594978096974,,,,,52.95348836988282,0.02964520127938285,True,0.0008199885595572258,36.15318888764808,1.2718090664380421
ROT,165658743,ok,0.96502846,True,True,,0.999999999999993,,49.73663024923715,142.05393173484276,,,,,8.250136844551221,0.0055265485070129395,False,0.002730305499065429,2.024150231138842,0.5424932028346131
ROT,70722212,ok,0.99985719,True,True,,0.9999999999999872,,49.13625464284981,57.027885599123756,,,,,18.31576240238178,0.014034792355968126,False,0.0012582225346197695,11.154459540982065,0.5196280610735067
ROT,381413520,ok,0.99909908,True,True,,0.9999999999999833,,24.433333289032838,35.54302399357511,,,,,4.698096584550687,0.0027906417938604574,False,0.001079794216895902,2.584420022069344,0.6859522502798551
ROT,387352120,ok,0.94333106,False,False,rotation signal changed by more than 2x between halves,0.9999999999999862,,37.36039424574909,70.45734675692114,,,,,6.520297174063004,0.005372520887798225,False,0.0017146667437098512,3.133274093935154,0.42093695058967784
ROT,307857872,ok,0.87904936,True,True,,0.9999999999999823,,75.42910981334535,63.111859058377185,,,,,7.752050364419651,0.007510163942866393,False,0.0010902360263421165,6.88856702714546,1.2722248374959593
ROT,367003799,ok,0.99361849,True,True,,0.9999999999999812,,43.6460815866826,49.78612160864914,,,,,5.985180397291348,0.0033707565617121333,False,0.0013746097542416487,2.452155276296383,0.9872638320688644
ROT,308786213,ok,0.95853305,True,False,signal source >= 1 TESS pixel from the target (likely a neighbouring star),0.9999999999999839,,49.74307073262243,72.26513034701205,,,,,83.47963481471754,0.11815893833130225,True,0.0013024098310532488,90.72331574443663,0.7086804456829311
ROT,103563417,ok,0.98866343,False,False,rotation signal changed by more than 2x between halves,0.9999999999999915,,71.54303206276417,28.752342975510203,,,,,5.543726363453654,0.004819116427190249,False,0.0006477469863625904,7.439812965015703,2.314153425852219
ROT,159614403,ok,0.99895787,True,True,,0.9999999999999976,,97.62832563738279,146.71746778933098,,,,,7.27523598036084,0.005338603170076599,False,0.005239693601285904,1.0188769757007206,0.6350019887547019
ROT,356499704,ok,0.99960256,True,True,,0.999999999999981,,44.449357891064565,30.28512425843107,,,,,6.41419517154152,0.00436623286804091,False,0.0007994573851420062,5.461495445770813,1.2723483582328132
ROT,17817323,ok,0.99679631,True,True,,0.9999999999999915,,215.09196582067108,207.2941710988024,,,,,7.886014451053153,0.005668500619773979,False,0.002589104668906784,2.189367115145418,0.8571247898475536
ROT,59127833,ok,0.99704844,False,False,rotation signal changed by more than 2x between halves,0.9999999999999981,,40.66351853773312,119.06159424546121,,,,,13.342241455342492,0.008982626901426972,False,0.00528895930237704,1.6983732314578164,0.334677560180561
ROT,219843891,ok,0.9992457,True,True,,0.9999999999999951,,91.76003164728165,57.49826139288546,,,,,12.722598492555534,0.01186886977295158,False,0.003093865957380822,3.836258563379851,1.6545158172096999
ROT,94822660,ok,0.99588454,True,True,,0.9999999999999833,,28.618832837482156,33.23699383764992,,,,,9.56876338999714,0.006409709230698595,False,0.0010334748927645,6.202094773248825,0.8432912415857983
ROT,55440537,ok,0.76566917,True,True,,0.9999999999999901,,19.07682894625928,35.39328880225009,,,,,4.908187521393547,0.0028459075825915175,False,0.0003874903198611462,7.3444611045027495,0.5283403363244257
ROT,31050904,ok,0.99005049,True,True,,0.9999999999999956,,91.66838417185042,153.66161620536423,,,,,10.075193248760796,0.0056678467701263,False,0.003861466897875573,1.4677962857183953,0.6045988156934247
ROT,71520845,ok,0.871759,False,False,rotation signal changed by more than 2x between halves,0.999999999999995,,84.2634199706006,23.702129313199684,,,,,10.528194532526946,0.00863633137418876,False,0.002970985773697558,2.9068908544251837,4.1281780330495135
ROT,35085814,ok,0.97279865,True,True,,0.9999999999999881,,381.10255917671356,413.0498231376297,,,,,40.45410587996497,0.042726158421006716,False,0.020182621564395743,2.116977632696643,1.0551798071424772
ROT,148622782,ok,0.99965459,True,True,,0.9999999999999929,,137.01517845495695,137.86840015966442,,,,,2.531173128660412,0.0025838140761775593,False,0.003497789842888949,0.7386990620464194,1.1795602643851724
ROT,289987804,ok,0.99900961,False,False,rotation signal changed by more than 2x between halves,0.9999999999999976,,27.980207412275885,5.239522766167932,,,,,7.462304050237473,0.00626864506775549,False,0.00040576802025199613,15.448839619895235,5.322769704712153
ROT,230955191,ok,0.99262047,True,True,,0.9999999999999888,,308.7582464039416,395.8455217220992,,,,,19.818309917951915,0.01607784749437077,False,0.020898554151711903,0.7693282213522773,0.7837126747683818
ROT,97061540,ok,0.96770495,True,True,,0.9999999999999941,,145.39012726208156,123.33787970107038,,,,,5.341205621831146,0.003172800589562148,False,0.0033602943630755763,0.9442031699443674,1.04904848284443
ROT,172116269,ok,0.98681182,True,True,,0.9999999999999858,,70.42473274125446,96.8735941724346,,,,,7.97808840352792,0.003959082211991025,False,0.001809479125417796,2.1879678833415115,0.9600676123536143
ROT,440685861,ok,0.97544646,True,True,,0.9999999999999931,,18.90546754130364,27.703019852423328,,,,,5.704167132786976,0.00445673318026481,False,0.0006194655908957739,7.194480606776209,0.7047480484841833
ROT,235037765,ok,0.92677349,False,False,rotation signal changed by more than 2x between halves,0.9999999999999896,,103.118520135419,33.21490870485333,,,,,4.21290245792185,0.0035773895912771473,False,0.0019963584869199546,1.7919575140016348,3.4857216953109305
ROT,350499367,ok,0.99852192,True,True,,0.9999999999999828,,16.564147244293135,33.98463154074918,,,,,16.458266375200964,0.013461491412470506,False,0.0010111481676788143,13.31307501982882,0.5201222991723544
ROT,317297606,ok,0.99604434,True,True,,0.9999999999999784,,86.5147599019422,33.87050576633249,,,,,5.702755230516728,0.005311656484275439,False,0.0014380664454560934,3.6936099170235543,1.5423820088509208
ROT,88380942,ok,0.99939889,True,False,signal source >= 1 TESS pixel from the target (likely a neighbouring star),0.9999999999999946,,20.30521924649644,32.82332165385367,,,,,27.866489987559156,0.025588785425171304,True,0.000330127746134173,77.51176847392681,0.6261720659389838
ROT,317783944,ok,0.95421356,True,True,,0.9999999999999843,,44.06524937867915,70.25403235481132,,,,,8.42724347489931,0.004949733172300699,False,0.0015313594537568452,3.232247765315743,0.5915429678190814
ROT,397188848,ok,0.99343181,True,True,,0.9999999999999835,,227.63799085639593,205.49241015674298,,,,,9.258951655410975,0.010088933350709123,False,0.010723223844714967,0.9408488992497849,1.2571913052779617
ROT,319813350,ok,0.36220139,True,True,,0.9999999999999946,,53.8159938225154,53.67755306710508,,,,,2.0855128941176577,0.001271410284371842,False,0.003268918282407961,0.38893914577616534,1.0004882781982318
ROT,53303458,ok,0.99880248,True,False,signal source >= 1 TESS pixel from the target (likely a neighbouring star),0.9999999999999888,,20.1529222003405,22.78620136775505,,,,,20.587132358951617,0.015938152685229117,True,0.0001930161741242959,82.57418196966998,0.8729797465978336
ROT,408414239,ok,0.99960852,True,True,,0.9999999999999797,,31.00798148001529,34.92854742977456,,,,,15.375220593611772,0.013592718364447701,False,0.000995196019392685,13.65833273001093,0.864832575987265
ROT,468431920,ok,0.99863046,False,False,rotation signal changed by more than 2x between halves,0.9999999999999843,,80.23901078305578,16.47692151235904,,,,,10.022507058455362,0.006210133784933272,False,0.0009122376218377564,6.807583502665228,4.639972407242759
ROT,34624353,ok,0.98730683,True,True,,0.9999999999999928,,82.13836731510622,79.94907441522811,,,,,7.535948492433153,0.006153769364295314,False,0.0030123869107127506,2.042821704745521,0.9974084009913647
ROT,238172668,ok,0.99557167,False,False,rotation signal changed by more than 2x between halves,0.999999999999982,,55.12586348797851,14.956998900009433,,,,,4.896027075741274,0.005431004607548673,False,0.0009079759491222591,5.98144104235231,3.3576490951675213
ROT,88975354,ok,0.96955675,True,True,,0.999999999999994,,64.09904391424871,73.03036554548147,,,,,8.947998585761537,0.005668543695448383,False,0.002920407797183379,1.9410110125426576,0.837177097980626
ROT,10044210,ok,0.99772453,False,False,rotation signal changed by more than 2x between halves,0.9999999999999877,,79.03949040332562,24.11745608893345,,,,,6.268815458629446,0.004083511079112745,False,0.001717503214157415,2.377585698502499,2.7195273637970216
ROT,360148431,ok,0.50426531,True,True,,0.999999999999998,,82.80355001152365,68.81159086022392,,,,,26.83809329924807,0.02378244897970955,False,0.005411268200481523,4.3949861841246864,0.91179414924173
ROT,350230694,ok,0.98344982,True,True,,0.9999999999999911,,84.61644159039032,36.25813083787398,,,,,9.085110389087383,0.005833740657875838,False,0.002404684390234266,2.4259901555345107,1.9684940547654572
ROT,284122100,ok,0.99863338,True,True,,0.9999999999999867,,34.14047053792059,34.94600961017607,,,,,6.158135632333194,0.007471484974847218,False,0.0009375862388831873,7.9688509333786,0.9142974456169758
ROT,160549804,ok,0.84024268,False,False,rotation signal changed by more than 2x between halves,0.9999999999999973,,52.98230694928715,131.4930111691697,,,,,10.022956495760466,0.00781585060416945,False,0.005493126535113649,1.4228419014578089,0.4348507640671295
ROT,258066222,ok,0.98772317,False,False,rotation signal changed by more than 2x between halves; signal source >= 1 TESS pixel from the target (likely a neighbouring star),0.999999999999987,,23.923382309817875,47.382468377839686,,,,,49.17234229066796,0.04945378505756908,True,0.001098687319315864,45.01170095269981,0.48216228832251773
ROT,72483592,ok,0.99728161,False,False,rotation signal changed by more than 2x between halves,0.9999999999999795,,17.93497914208342,85.50673418333015,,,,,4.765149531583948,0.004838408425699011,False,0.0013492229858432612,3.58607026152539,0.21260865549456237
ROT,186664012,ok,0.99321282,True,False,signal source >= 1 TESS pixel from the target (likely a neighbouring star),0.9999999999999825,,55.41744643524864,87.39006791760471,,,,,40.11050850401339,0.039512585685470517,True,0.0015123404615536747,26.12677944546825,0.5788768445354935
ROT,21444353,ok,0.99207377,False,False,rotation signal changed by more than 2x between halves,0.9999999999999912,,49.23398546979477,166.8007213978978,,,,,9.051621213577171,0.006355019466188966,False,0.002362590511274376,2.6898522769233857,0.4556512146191265
ROT,218785817,ok,0.91107452,True,True,,0.9999999999999963,,53.605874415533435,35.07415038806386,,,,,10.869673629166295,0.008774384247941639,False,0.0006991702782881793,12.54971002117609,1.7218098071276788
ROT,34395445,ok,0.92218065,False,False,rotation signal changed by more than 2x between halves,0.9999999999999907,,56.05632974260075,128.8095082229029,,,,,4.951490915407828,0.0024581820321782884,False,0.0025663677405886767,0.9578448144046681,0.45219746366627506
ROT,327094410,ok,0.98635375,True,True,,0.9999999999999813,,49.56473820508651,53.87455175942423,,,,,4.825199998355658,0.004732332595144172,False,0.0014772327920214024,3.2035117421598702,1.05314865760683
ROT,736901,ok,0.99771541,True,True,,0.9999999999999858,,28.654608410022146,25.112000391468975,,,,,7.508150442901994,0.004895140545283542,False,0.0008492085121706026,5.764356427341284,1.149244351115001
ROT,148973802,ok,0.8868866,True,True,,0.999999999999983,,32.842492882093424,30.552539710875255,,,,,1.6515151971936144,0.0007461362308236778,False,0.0010272831564973107,0.7263199304929235,1.0708288353599955
ROT,26177538,ok,0.99719334,True,True,,0.9999999999999862,,356.4636654374452,522.6222130642575,,,,,8.855372390207846,0.0071487588739417,False,0.019816378387203595,0.3607500187096752,0.999351535404524
ROT,46628636,ok,0.95773798,True,True,,0.9999999999999775,,28.932475655607657,35.27131778982808,,,,,3.0940277222138026,0.00845579656106225,False,0.0094576269137587,0.8940716987641991,0.829577678871996
ROT,159187561,ok,0.99030876,True,True,,0.9999999999999911,,50.31972929099025,76.64327448473927,,,,,2.211313280432364,0.002471790507525549,False,0.002390733760536955,1.0339045477696307,0.715010861873728
ROT,310855609,ok,0.97235185,False,False,rotation signal changed by more than 2x between halves,0.9999999999999919,,75.46621425129455,15.77408862287504,,,,,8.120138776153123,0.006206995987580951,False,0.0007798473279912604,7.959245053219585,4.673776649479667
ROT,411127937,ok,0.87514192,True,True,,0.9999999999999891,,21.873711460572377,50.05310792691636,,,,,7.312900440585995,0.00387303882603174,False,0.0008162499621137713,4.744917618130199,0.5105100834560461
ROT,200788100,ok,0.99902284,True,True,,0.9999999999999838,,28.643187113302343,49.285392427591376,,,,,8.59091866818419,0.006063284773671103,False,0.0012561900786755944,4.82672557011726,0.6130407263313162
ROT,137349557,ok,0.52135825,True,True,,0.9999999999999967,,113.93790884528742,121.12889069822934,,,,,159.24469990319693,0.05614752628691315,False,0.004793801156541682,11.712527168610972,1.0165488235269546
ROT,440626986,ok,0.87715632,True,True,,0.999999999999997,,99.26331903111709,81.69508235673746,,,,,33.48724996888089,0.021817552496045875,False,0.0050787025764613,4.295890961830599,0.9893156727518139
ROT,192313972,ok,0.98013383,True,False,signal source >= 1 TESS pixel from the target (likely a neighbouring star),0.9999999999999835,,49.23953911594423,57.465756917061235,,,,,41.55422845975232,0.04270771363555495,True,0.001117830438548881,38.205896138412776,0.8523210603488556
ROT,307994528,ok,0.48940057,True,True,,0.999999999999986,,41.40705551953992,40.4826069377538,,,,,7.823422385594713,0.006112896092764874,False,0.00166560717134018,3.670070709317563,1.0685631147921077
ROT,318219254,ok,0.9970482,True,True,,0.9999999999999878,,58.392550589707724,80.21957333777068,,,,,4.459080271206634,0.0048066268366482034,False,0.000974421069080584,4.9328026549995485,0.673723068380606
ROT,285345435,ok,0.36237201,True,True,,0.9999999999999946,,72.94334809396173,91.97422803820804,,,,,10.447329816231802,0.0046736328499490795,False,0.0035590811424561094,1.3131571500850419,0.8198092465155814
ROT,281564528,ok,0.99402732,True,True,,0.9999999999999897,,23.16576319015864,38.19870419169835,,,,,11.926020440117926,0.008116230246719114,False,0.000661195339360679,12.275086897265238,0.5794378235064386
ROT,346544716,ok,0.91610801,False,False,rotation signal changed by more than 2x between halves,0.9999999999999811,,60.07948472596009,137.2502080059068,,,,,7.345284760510497,0.0031485123016147336,False,0.011612300544651616,0.27113596392963435,0.45963063932328
ROT,248983984,ok,0.99970239,True,True,,0.9999999999999786,,30.81811844405175,51.58598475222513,,,,,5.339541226293365,0.006623456409941834,False,0.0010015620599131889,6.613126310431454,0.5444992498581586
ROT,85241844,ok,0.99901843,True,True,,0.9999999999999829,,48.88337393980287,46.90683551592042,,,,,4.941809751100583,0.004708248935890409,False,0.001014444545348101,4.641208785123685,1.1866489823450856
ROT,319313293,ok,0.97980952,True,True,,0.9999999999999899,,163.39278353043358,112.02285339297008,,,,,10.583285271735445,0.006275970913584953,False,0.0021577331024610655,2.908594629440829,1.295585190414627
ROT,23082649,ok,0.79444259,True,True,,0.9999999999999861,,44.8874837397295,36.67486408950649,,,,,7.9281527546151835,0.005544294748685223,False,0.0009230451669266942,6.006525950561135,1.1489522338941416
ROT,405191093,ok,0.99532825,False,False,rotation signal changed by more than 2x between halves,0.99999999999998,,40.211253703418706,75.35360358240573,,,,,13.074372722965695,0.012138190771195004,False,0.0012899677530125683,9.409685430389779,0.49663091108568974
ROT,199673452,ok,0.97020292,True,True,,0.9999999999999878,,270.01513113822585,326.18660382948235,,,,,17.334775753975926,0.008738620087791697,False,0.007836408641590294,1.1151307298362518,1.1561120797207962
ROT,51677228,ok,0.9338541,False,False,rotation signal changed by more than 2x between halves,0.9999999999999838,,19.163033161585567,69.61708121618696,,,,,21.121549595218564,0.013832792994757624,False,0.0011719813322303631,11.802912396593248,0.27725978303747884
ROT,55122464,ok,0.98598921,False,False,rotation signal changed by more than 2x between halves,0.9999999999999878,,134.91443396529453,14.644077303018305,,,,,8.417858637566114,0.005670000697985898,False,0.0015897266469039142,3.5666513541988847,9.360350402103666
ROT,96343169,ok,0.9332695,True,True,,0.9999999999999973,,163.52435294822428,86.63857440273846,,,,,33.24858991979834,0.01943030750160703,False,0.005001779524523152,3.8846789240394264,1.9969558647166732
ROT,279426943,ok,0.95334166,True,True,,0.999999999999985,,197.17065859070226,217.4226182934922,,,,,11.478476657744833,0.013165365832066999,False,0.012591975770799827,1.045536147122903,0.8653876314978739
ROT,458512370,ok,0.99580967,True,True,,0.9999999999999976,,24.950211272208396,17.99519212107863,,,,,5.446365318225478,0.0047252795614589225,False,0.00047129110474379614,10.026243894477247,1.3586429224485268
ROT,56664154,ok,0.99278182,True,True,,0.9999999999999922,,58.23620044804877,71.94920246398924,,,,,6.584207493949026,0.005229134929975673,False,0.0024307490450758903,2.1512442596937906,1.0125492830667084
ROT,147758074,ok,0.98399186,True,True,,0.9999999999999969,,197.22446314375307,178.32369204151487,,,,,9.812980750950075,0.009011202971122092,False,0.0050579016735016495,1.7816089660919647,1.0795534913598555
ROT,429036195,ok,0.98094296,True,True,,0.9999999999999976,,197.27907287278154,178.80814145823032,,,,,13.581510519196195,0.013657931192048592,False,0.005917425269540671,2.3080868063262865,1.0215910394403833
ROT,129783433,ok,0.99952245,False,False,rotation signal changed by more than 2x between halves; signal source >= 1 TESS pixel from the target (likely a neighbouring star),0.9999999999999837,,9.530271487415792,70.99283002148773,,,,,99.74348123907146,0.17781855576425024,True,0.0012765111008735033,139.30043823557105,0.1293791683679289
ROT,343601108,ok,0.97239757,True,True,,0.9999999999999984,,244.4393763237381,157.81813737676563,,,,,15.691486492573997,0.013937659140858153,False,0.007982267797018222,1.7460776179501982,1.6314876696711087
ROT,348968489,ok,0.69410616,True,True,,0.9999999999999811,,27.642342531984664,27.98820459546095,,,,,12.409373356338316,0.007726765465643897,False,0.0009874496457452711,7.824971631654363,0.9944339670315463
ROT,410868831,ok,0.93483746,True,True,,0.9999999999999867,,39.95815062470493,54.30849456549778,,,,,8.194730440130048,0.00641034980084522,False,0.001956071844438989,3.2771545784831537,0.5094830102108723
ROT,301100722,ok,0.85029155,False,False,rotation signal changed by more than 2x between halves,0.999999999999993,,145.73169971501585,61.3205060014472,,,,,4.434486439472293,0.002157596095053854,False,0.0031293954934248015,0.6894609836267729,2.1127874443612025
ROT,390228789,ok,0.7113868,True,True,,0.9999999999999988,,666.7944782911026,552.2356333448945,,,,,32.41486642413695,0.013980476896000824,False,0.07672061898414019,0.18222580945144473,1.0786165650323785
ROT,448843807,ok,0.77238131,False,False,rotation signal changed by more than 2x between halves,0.9999999999999872,,82.72097592965281,22.420930046356673,,,,,13.581668248816868,0.005925207663412144,False,0.0016900443913964432,3.505947946441979,3.8510818099886452
ROT,188042437,ok,0.81440687,False,False,rotation signal changed by more than 2x between halves,0.9999999999999938,,32.588074942375556,79.22724369646582,,,,,29.256671030347576,0.017991255269120442,False,0.0028613527188839616,6.287674759698178,0.4923248652266456
ROT,442965660,ok,0.93469882,False,False,rotation signal changed by more than 2x between halves,0.99999999999999,,47.18962270815531,23.68073029412234,,,,,2.701354524512531,0.0017757484268798988,False,0.0008520312347565145,2.084135363168177,2.01645852672404
ROT,245795188,ok,0.9639315,True,True,,0.9999999999999957,,103.69476248223681,98.92247690363942,,,,,2.8414144923819644,0.0018939734432721785,False,0.003634179927822535,0.5211556612187269,1.1321474391599353
ROT,55934767,ok,0.99127293,True,True,,0.9999999999999845,,448.3713568542481,153.39482419285642,,,,,25.856209336647737,0.018797136431015226,False,0.011760145881318006,1.5983761273638688,0.9173550043356431
ROT,381003547,ok,0.99956977,True,False,signal source >= 1 TESS pixel from the target (likely a neighbouring star),0.999999999999987,,66.31249540866604,100.94215646975476,,,,,74.2999299891945,0.10046193949313431,True,0.0019392317595510846,51.80501969315436,0.8527751341574786
ROT,68435447,ok,0.7685197,False,False,rotation signal changed by more than 2x between halves,0.9999999999999932,,104.20443662378621,163.68644838377278,,,,,7.394630779466984,0.005115478700148087,False,0.003230571187850326,1.5834595192907694,0.4448299724934797
ROT,219852882,ok,0.78314602,True,True,,0.9999999999999923,,90.37802349792712,78.96860156220455,,,,,4.414674601657233,0.0026523085797415706,False,0.00264283067049406,1.0035862718536328,1.1214521361086771
ROT,91105531,ok,0.98856592,True,True,,0.9999999999999981,,31.548083432659197,22.44772908263674,,,,,16.96072091494884,0.00909351767356754,False,0.0005407100406186299,16.817734072708518,1.4182822272266902
ROT,430173956,ok,0.95792592,True,True,,0.9999999999999856,,119.29963237983604,227.98638972914173,,,,,6.186575398547571,0.0051638414628035175,False,0.009233355628790026,0.5592594578186096,0.8189597631659047
ROT,101180943,ok,0.69398028,True,True,,0.9999999999999922,,61.075655134089594,56.7138407028713,,,,,7.4032539790896665,0.004810714490623407,False,0.001630772369907679,2.949960754421998,1.1337510113273452
ROT,344792784,ok,0.56853408,False,False,rotation signal changed by more than 2x between halves,0.999999999999993,,86.63480367180352,29.012826018479466,,,,,12.331784548533175,0.006075636476706713,False,0.0021008312614139686,2.892015455166777,2.208287183712922
ROT,291755696,ok,0.9574126,True,False,signal source >= 1 TESS pixel from the target (likely a neighbouring star),0.9999999999999971,,24.2728116843632,14.993580418081631,,,,,32.02746471034078,0.01681817958694001,True,0.0005394447410771692,31.17683481973943,1.7290962003155117
ROT,41840710,ok,0.96774238,True,True,,0.999999999999983,,132.47794734264244,93.67879623957954,,,,,26.929051235544893,0.03029296173357525,False,0.016990605698749495,1.782924180025248,0.931053070544259
ROT,232634632,ok,0.72816885,True,True,,0.9999999999999954,,161.67643123275758,100.83184742495209,,,,,9.203583814117303,0.008013059979046734,False,0.003784744110808584,2.11719993332252,1.6360117720869845
ROT,57351992,ok,0.9979257,True,True,,0.9999999999999835,,117.82289854300564,141.12937838994847,,,,,7.035141446882531,0.0057622417881635826,False,0.006520130728362003,0.8837616956203547,0.6134620369514205
ROT,403632344,ok,0.9849683,True,True,,0.9999999999999949,,178.06989198865384,259.20427642355133,,,,,11.167629527712727,0.007755938458062078,False,0.003956772752409747,1.9601677789907366,0.9603152891237186
ROT,229838185,ok,0.99170393,True,True,,0.9999999999999979,,154.62348980494022,97.26700083316409,,,,,59.07256635609817,0.05327737015900567,False,0.0073792318270009495,7.219907357302601,1.1102472772659182
ROT,289571603,ok,0.99353361,True,True,,0.9999999999999969,,155.8860225500207,147.36355621354335,,,,,6.527263721861597,0.0055525694542244135,False,0.00449639614063038,1.234893296889531,0.9483351788500871
ROT,35027082,ok,0.99943531,True,True,,0.9999999999999953,,96.28766852686249,77.32167620095511,,,,,7.98277481502493,0.005875081117441762,False,0.004098393026850425,1.4335084700153085,1.0748661820384031
ROT,192846446,ok,0.99588042,True,True,,0.9999999999999878,,41.90006717567155,50.79575969082007,,,,,3.864800667810801,0.002345032641687596,False,0.0015071646632454161,1.5559233167250466,0.7916713636660264
ROT,408518353,ok,0.87446606,True,True,,0.9999999999999944,,58.79060984429437,87.6543020429179,,,,,5.5502259495751085,0.0033528183846113146,False,0.003146938226012669,1.0654223705113863,0.6962275636191045
ROT,207396477,ok,0.99966502,True,True,,0.9999999999999799,,51.65458176187625,61.2026222509587,,,,,2.7276118184043234,0.0025696605823423598,False,0.0014593747238764766,1.7607955930034727,1.098706389518966
ROT,10059490,ok,0.99005228,True,True,,0.9999999999999925,,55.12195887017486,62.126194625007926,,,,,5.114919736930168,0.005568584921984765,False,0.0026865480833582673,2.0727657757101685,0.7812915691253416
ROT,353204077,ok,0.98539829,False,False,rotation signal changed by more than 2x between halves,0.9999999999999939,,175.40400076465832,39.91890380423439,,,,,6.514752242095976,0.005813029523892308,False,0.002961623527801471,1.9627847595496202,4.1538486447141745
ROT,17238632,ok,0.96674347,False,False,rotation signal changed by more than 2x between halves,0.9999999999999887,,56.847944293210816,99.72504908420636,,,,,9.459244488859122,0.006858548532685104,False,0.002288207542839467,2.9973454786248284,0.48937834651155476
ROT,63219161,ok,0.99952394,False,False,rotation signal changed by more than 2x between halves,0.999999999999993,,46.147511076430845,119.37973890530948,,,,,18.703603433873994,0.012306179741321288,False,0.0029130882148188275,4.224444587266521,0.38732108559239703
ROT,270024204,ok,0.99855125,True,False,signal source >= 1 TESS pixel from the target (likely a neighbouring star),0.9999999999999898,,32.185367047170935,22.442438424258473,,,,,68.79434403022431,0.09335944468168424,True,0.0007633609618562406,122.3005227496374,1.4693856597164887
ROT,61877290,ok,0.95445806,True,True,,0.9999999999999867,,44.5132125185118,53.74654959376879,,,,,7.159802117415439,0.0040000267967727245,False,0.002031064970283145,1.9694233593202546,1.132754718649243
ROT,398523562,ok,0.94922483,True,True,,0.9999999999999918,,131.62242973877886,97.97553487619508,,,,,19.737520495384864,0.009264420422281663,False,0.003104684518706884,2.9840134694717193,0.813820244124632
ROT,17201340,ok,0.9808175,True,True,,0.9999999999999816,,42.58688584963917,65.34269368935892,,,,,8.768085081419978,0.005927966912600537,False,0.0012618461250403286,4.697852452026256,0.6385597063596432
ROT,281114303,ok,0.6758523,True,True,,0.9999999999999913,,102.11321525601248,60.8416749325884,,,,,12.01317398660319,0.011304990233435723,False,0.0018196026439756974,6.212889539847642,1.618767411773888
ROT,300204306,ok,0.97373122,False,False,rotation signal changed by more than 2x between halves; signal source >= 1 TESS pixel from the target (likely a neighbouring star),0.9999999999999905,,16.870230877227456,53.74531334809714,,,,,9.671937600814267,0.005815411149669554,True,0.00022752311808469337,25.559649492430133,0.33307143510607773
ROT,31192320,ok,0.7888552,True,True,,0.9999999999999957,,42.34714785952312,31.619316481972994,,,,,6.7121153267601565,0.004079898701009129,False,0.0007956584337174239,5.127701194528021,1.3426129042937875
ROT,314112359,ok,0.96065015,True,True,,0.9999999999999966,,344.5676226062944,447.7412550085662,,,,,7.2482069546445,0.003730381706364448,False,0.004873680121833357,0.7654137352291335,0.9315330262177344
ROT,179441174,ok,0.89219463,True,True,,0.9999999999999937,,148.23336947063018,84.19349308354225,,,,,11.942136093448726,0.005550308723946801,False,0.0029635982707569486,1.8728276294105028,1.8246243388700203
ROT,289581571,ok,0.91019094,True,True,,0.9999999999999966,,108.38695107804546,160.6690781946485,,,,,5.664439534263012,0.0040428191117313494,False,0.004742284766620453,0.8525045016671212,0.6609755135165072
ROT,53567662,ok,0.99881768,True,True,,0.9999999999999933,,75.70746385526297,52.61693456652826,,,,,4.499353766705797,0.005126624834538825,False,0.0020356692365738247,2.5183977546211276,0.6468570687933181
ROT,16279997,ok,0.99496895,True,True,,0.9999999999999961,,159.09035736855685,168.08434470678463,,,,,15.031439585693564,0.01085437073440898,False,0.00432533996947665,2.509483835029578,0.8066653299409148
ROT,97486313,ok,0.99956167,False,False,rotation signal changed by more than 2x between halves; signal source >= 1 TESS pixel from the target (likely a neighbouring star),0.9999999999999915,,39.58605701906106,114.0933524489304,,,,,79.97519180694826,0.09546284505733427,True,0.002762944743145251,34.5511235047945,0.27349344754430643
ROT,264468069,ok,0.98775154,True,False,signal source >= 1 TESS pixel from the target (likely a neighbouring star),0.9999999999999942,,73.4120613727484,133.47784752778006,,,,,77.55994526719213,0.07445224259049578,True,0.002972165279529003,25.04983255920888,0.7126401576127149
ROT,304690618,ok,0.89642262,True,True,,0.9999999999999845,,76.25696772882178,45.31112687238118,,,,,6.7297218564311265,0.004131940317659149,False,0.0012341631301458827,3.3479693378708677,1.566450371178287
ROT,125880827,ok,0.99013627,True,True,,0.9999999999999881,,53.12814863101054,34.49484619302382,,,,,11.316454776023257,0.006313494114690848,False,0.001195695640172216,5.280184942199435,1.6917806451762976
ROT,311115357,ok,0.94619107,True,True,,0.9999999999999882,,46.133447234274016,73.09289394201551,,,,,8.882906495214021,0.006420851394093377,False,0.002132838631002717,3.0104721945488797,0.616044318931785
ROT,97906258,ok,0.99616629,False,False,rotation signal changed by more than 2x between halves,0.9999999999999872,,45.92501508100124,24.40431590218541,,,,,7.956294517298109,0.0047786620850408254,False,0.0014182616980332517,3.3693796368241116,2.1023171949033834
ROT,100887555,ok,0.95893109,True,True,,0.999999999999995,,396.25503439418475,398.2840302778707,,,,,8.308472413074213,0.005902105732596394,False,0.0365272906794616,0.16158071466042245,0.9932709882997133
ROT,240789200,ok,0.98694319,False,False,rotation signal changed by more than 2x between halves,0.999999999999989,,75.67084790772596,47.47599088126222,,,,,2.570862742872276,0.0027731828586025666,False,0.0014181518897772717,1.955490719007616,2.0009770300606045
ROT,219389540,ok,0.99388725,False,False,rotation signal changed by more than 2x between halves,0.9999999999999841,,56.096730249520675,220.94262198340184,,,,,5.380352639504078,0.007164181121456001,False,0.010970376906994646,0.65304785625808,0.24830068336661013
ROT,312552945,ok,0.99015999,True,True,,0.9999999999999887,,146.99664966935413,144.46772308544942,,,,,6.373406722508579,0.002912234172396296,False,0.0021124157922436334,1.3786273436742118,1.0551704586126591
ROT,169321335,ok,0.99645805,True,True,,0.9999999999999959,,170.03382074320737,127.59759506428811,,,,,6.120108554963304,0.0034563431019491463,False,0.0036994840594408826,0.9342770630755244,1.3934265676079485
ROT,459985588,ok,0.99489135,True,True,,0.9999999999999849,,350.15983511191456,282.3923077700782,,,,,4.215941865473481,0.003748599975254828,False,0.011252426232455447,0.33313704065374955,0.992363387819078
ROT,258800513,ok,0.92768478,True,True,,0.999999999999993,,252.51384863347266,339.8072657143177,,,,,6.431432287025829,0.004565824829270459,False,0.009612846011653619,0.47497118165997104,0.9464100536688679
ROT,199245053,ok,0.96728414,True,True,,0.9999999999999896,,26.895378103879832,37.99866515891414,,,,,14.033924763217364,0.006713152882313253,False,0.0008422750083570457,7.9702624626225465,0.8078165131908304
ROT,76313563,ok,0.37367064,True,True,,0.9999999999999908,,311.4128589281197,345.9303695784264,,,,,9.751569069477204,0.007847674132388988,False,0.025075842680078873,0.3129575437408313,0.6610932713096014
ROT,332232037,ok,0.83687174,True,True,,0.9999999999999873,,52.496356877266585,62.85376096189245,,,,,11.491171720475027,0.005471475856785934,False,0.0019693433883935766,2.778324942735914,0.9719918653351179
ROT,34550964,ok,0.99857682,True,True,,0.9999999999999972,,30.84027302664644,20.10296998845332,,,,,9.871415296992327,0.006233966741801488,False,0.0004673457146477185,13.339090412973194,1.4415511840315691
ROT,149422364,ok,0.98470694,True,True,,0.9999999999999973,,28.231447265864798,28.916205732494383,,,,,7.22466505648484,0.0073430466520894334,False,0.000452292065616375,16.235187858275758,0.8832104756149469
ROT,372442556,ok,0.82920521,True,True,,0.9999999999999919,,255.03806778725627,245.643081374646,,,,,4.268959425994361,0.00303741616143034,False,0.010572756019484413,0.2872870759367491,0.8907037727502918
ROT,196270829,ok,0.53433591,True,True,,0.9999999999999893,,43.35342088202029,62.5824828438719,,,,,3.892378366107465,0.0015243867373861055,False,0.001947607839465251,0.7826969611113559,0.6903359015891838
ROT,157935234,ok,0.9985283,True,True,,0.999999999999981,,34.200338163254784,48.22015608138794,,,,,6.01694006704158,0.005935579932585782,False,0.0009925571221384968,5.980089004648297,0.7407077356538424
ROT,141247550,ok,0.99956775,False,False,rotation signal changed by more than 2x between halves,0.9999999999999932,,52.527370817540564,151.74514301085927,,,,,4.895302373780039,0.003947437909021751,False,0.002887187065853609,1.3672262375055613,0.312878755553666
ROT,65414948,ok,0.99716514,True,False,signal source >= 1 TESS pixel from the target (likely a neighbouring star),0.9999999999999927,,47.80243377060636,57.01478084343754,,,,,59.47532228152709,0.04444947639569884,True,0.0017352313836986211,25.615878558486774,0.744861103023611
ROT,398784568,ok,0.95438486,True,True,,0.9999999999999895,,36.42060809805621,41.05381906438946,,,,,1.191362624631256,0.0007954217566866416,False,0.0004610444200879687,1.725260564990403,0.8951299595135546
ROT,103806853,ok,0.99530673,True,True,,0.9999999999999891,,16.374109403041494,31.14219630295915,,,,,5.753217000596287,0.004550438038939366,False,0.0007095361812512842,6.413257222365402,0.526189158708798
ROT,775434,ok,0.99667019,True,True,,0.9999999999999767,,234.44814136741172,115.64788302624572,,,,,9.06306092073642,0.005126828842793734,False,0.0061567765290539605,0.8327131606287996,1.312827352694712
ROT,206352088,ok,0.99958652,True,True,,0.9999999999999939,,165.96713479482167,107.05986444803113,,,,,23.39635133544032,0.018984353176284184,False,0.002881307767661247,6.58879741670004,1.610108759286415
ROT,364180215,ok,0.98341322,True,True,,0.9999999999999848,,32.67763207349569,33.40732875241636,,,,,11.464050975940516,0.00978837453850293,False,0.0012400382250952913,7.893607100499453,1.032491432528224
ROT,210327371,ok,0.80754477,True,True,,0.9999999999999976,,182.9703824976996,89.00986459436668,,,,,18.97260404776482,0.006220200150068701,False,0.0057202099889113595,1.087407658482219,1.9898345899239924
ROT,120258369,ok,0.50478292,True,True,,0.9999999999999836,,398.52803942438953,354.72017178066193,,,,,10.440640461713599,0.004645765116432561,False,0.018181337221020666,0.2555238407360532,1.1377174172490272
ROT,332946715,ok,0.7223981,True,True,,0.9999999999999976,,106.5013860328737,141.90633948295826,,,,,9.089372039798686,0.005061566075755569,False,0.005293978555359866,0.9560987115505045,0.9125208532950545
ROT,86132944,ok,0.99950039,True,True,,0.9999999999999851,,32.628052556705896,23.610451598460802,,,,,4.568282348258672,0.004093354781574768,False,0.0006655803993850972,6.150053074514293,1.2997183890583548
ROT,422668902,ok,0.9270522,False,False,rotation signal changed by more than 2x between halves,0.9999999999999859,,19.163584525873187,72.90110375666984,,,,,24.302341334478513,0.013676124199683825,False,0.001538315698942229,8.890323494122663,0.2601999300173225
ROT,270002865,ok,0.99253505,True,True,,0.9999999999999979,,149.5813919096566,195.2761466031591,,,,,7.664623736299655,0.0038858310947470784,False,0.006275662820396036,0.6191905470316291,0.8115400931251582
ROT,164985100,ok,0.98022377,True,True,,0.9999999999999892,,77.9416503054155,82.83831773995364,,,,,6.404655877406247,0.002936048104386543,False,0.0017997468335102583,1.6313672843974518,0.6332228696662842
ROT,329604894,ok,0.8724001,True,True,,0.999999999999992,,535.2832177096462,466.92871213931187,,,,,46.84296184545036,0.029403087223456078,False,0.028537230487395558,1.0303413022662782,1.0506535317657095
ROT,219037483,ok,0.99982077,True,True,,0.9999999999999989,,116.66867382989011,169.82024317756762,,,,,9.91312708939042,0.0069759853005654,False,0.007150811929405199,0.9755514995268041,0.6281170288488849
ROT,197936168,ok,0.9748711,True,True,,0.9999999999999873,,155.62190718888408,70.55168318730593,,,,,8.748421498526445,0.005135764977395768,False,0.002120775454871866,2.421644859005624,1.0850314747302965
ROT,248274507,ok,0.87495464,True,True,,0.9999999999999819,,295.82637904403526,197.90738051910049,,,,,14.413891191610096,0.011377005048917754,False,0.011281953605588216,1.0084250872368823,1.512905197430892
ROT,258915544,ok,0.94657546,True,True,,0.9999999999999944,,121.8033842845886,101.64196631375691,,,,,5.838142672124002,0.004252737099469419,False,0.0035020113986618086,1.2143698621582095,1.2357242643233528
ROT,277776527,ok,0.99618626,True,False,signal source >= 1 TESS pixel from the target (likely a neighbouring star),0.9999999999999974,,26.892260448201682,28.116713797139546,,,,,48.60598631339183,0.04265586267520313,True,0.00047778638186419246,89.27810480652789,0.8928480425331391
ROT,347363874,ok,0.99885899,True,True,,0.9999999999999928,,79.46738382021564,81.9428596904472,,,,,16.739207180787513,0.020330893633859017,False,0.003197469684575552,6.358432022650385,1.3505855468948242
ROT,57144416,ok,0.99901468,True,True,,0.9999999999999803,,159.2981612410298,120.56407282554218,,,,,6.5826560825874685,0.005129100466917927,False,0.006747401510001206,0.760159367915992,1.0195979539709161
ROT,344319320,ok,0.99964887,True,True,,0.9999999999999846,,418.671318861663,365.1523009654438,,,,,5.810848360049568,0.006456827094480635,False,0.013252919330347022,0.4872003619380339,1.1180027145404867
ROT,262818604,ok,0.95882982,True,True,,0.9999999999999936,,132.5028049436508,79.35410820006237,,,,,9.773480962485285,0.008236034255575097,False,0.0028362196651546896,2.903877424150748,1.176215632160711
ROT,286963424,ok,0.99320894,True,True,,0.9999999999999902,,180.68835098605905,91.93767279716458,,,,,6.196885764751572,0.007440424421737315,False,0.0026244629299479174,2.8350274400274995,1.3081640060934239
ROT,462746129,ok,0.98168951,False,False,rotation signal changed by more than 2x between halves,0.999999999999993,,24.73579104105127,116.34876547384944,,,,,9.418293021753653,0.008564313364901157,False,0.0007365415298276712,11.6277399414327,0.14569852304715414
ROT,51660816,ok,0.99641621,True,True,,0.999999999999985,,58.47223379796453,94.68580134546785,,,,,5.765463250991904,0.002817459875610792,False,0.0014444761533738686,1.9505063264838536,0.8090273872488245
ROT,158312320,ok,0.7954641,True,True,,0.999999999999992,,165.55797315524032,167.00062434013046,,,,,90.97975550614798,0.05105630991075309,False,0.025386203778665503,2.0111833323287462,1.0073977391495073
ROT,289493378,ok,0.94343543,True,True,,0.9999999999999966,,180.46986609869103,139.84356952863473,,,,,6.6004412804098145,0.0032405779888478167,False,0.004806490242294986,0.6742087938371673,0.9706338288361769
ROT,255829381,ok,0.94878596,True,True,,0.9999999999999893,,121.05849113372093,134.61529250349346,,,,,6.4839389017708315,0.004976597920420375,False,0.0010178209246285536,4.8894631658673635,0.8176008338779726
ROT,350739998,ok,0.94931346,True,True,,0.9999999999999862,,191.89126675837764,172.05562073525246,,,,,6.768317804256028,0.006049758564733415,False,0.006715961677102632,0.9008030205650865,1.4410754985503016
ROT,169320029,ok,0.97972918,True,True,,0.9999999999999977,,181.03843502719735,159.5025422881743,,,,,5.585868082720538,0.0034521586072909453,False,0.005676694844175989,0.6081282686584238,0.8262968884072046
ROT,334156943,ok,0.9831242,False,False,rotation signal changed by more than 2x between halves,0.9999999999999923,,39.04262432445932,7.9422408292901885,,,,,6.472141777790745,0.005937789163405948,False,0.0005769809654229892,10.29113527003947,4.898005408382695
ROT,133010063,ok,0.88575709,True,True,,0.9999999999999803,,277.17759223684504,441.0294943988339,,,,,10.739192725925914,0.008176790192733312,False,0.01510435471423662,0.5413531625436652,0.726524178773198
ROT,452639138,ok,0.96555054,False,False,rotation signal changed by more than 2x between halves; signal source >= 1 TESS pixel from the target (likely a neighbouring star),0.9999999999999944,,5.688891306033738,37.292794481319795,,,,,15.456592411227085,0.014531901112353278,True,0.0004898248796251028,29.667543885225992,0.15301285736005987
ROT,367837677,ok,0.97453207,True,True,,0.9999999999999851,,33.201804185072085,28.193396145739907,,,,,3.604279652323038,0.0025834178092629533,False,0.0008697864545295901,2.970174800733305,1.1868230024297184
ROT,3577558,ok,0.99672449,True,True,,0.9999999999999887,,35.160215353911404,38.551225911828254,,,,,16.186810158647546,0.011262187080882712,False,0.0008629329969440192,13.05105624743345,0.9956912926036149
ROT,103564784,ok,0.80074358,False,False,rotation signal changed by more than 2x between halves,0.99999999999999,,68.67682901446557,128.45325967676277,,,,,9.047867819132572,0.006192858797066342,False,0.0025319437439277667,2.445891150590673,0.42564456094392694
ROT,233498788,ok,0.97761422,True,True,,0.999999999999978,,42.138186516889526,59.297496718894784,,,,,6.572568037156259,0.004682069192520665,False,0.0012481963843063797,3.751067741733991,0.7262720909631687
ROT,283704502,ok,0.99705863,True,True,,0.9999999999999929,,54.9650623432618,58.76652635505625,,,,,10.45607498020332,0.007011096766552909,False,0.0027185784115334316,2.578956978694705,0.8771664016814567
ROT,119514195,ok,0.99786299,False,False,rotation signal changed by more than 2x between halves,0.9999999999999954,,98.51438186770514,29.031375876631948,,,,,9.15468972212076,0.007683157125299607,False,0.00041417432051488347,18.550539578958542,2.2957110133136176
ROT,219502247,ok,0.75645363,True,True,,0.9999999999999958,,116.8650520485238,115.56871852688364,,,,,7.862849030313712,0.00637754247252537,False,0.0035947090442009413,1.7741470572740103,1.394626510187572
ROT,32034497,ok,0.99826926,False,False,rotation signal changed by more than 2x between halves,0.9999999999999933,,49.9281507278957,123.5739684560146,,,,,4.5752538543160615,0.002884871615341464,False,0.0028786297507318094,1.0021683457582788,0.4457116962158836
ROT,70896806,ok,0.9941479,True,True,,0.999999999999997,,55.7010727434443,79.41277198987042,,,,,7.423005453577444,0.006143929302483083,False,0.0035794706306392565,1.7164351761662144,0.7535346524944678
ROT,459246945,ok,0.99954456,False,False,rotation signal changed by more than 2x between halves,0.999999999999988,,119.77675561340094,45.922282043833334,,,,,5.559962853773971,0.004963850998689394,False,0.0016466133493466379,3.014582021127794,2.1574056410911213
ROT,271640350,ok,0.50835007,True,True,,0.9999999999999968,,165.4956388880885,277.0735789212721,,,,,23.720131541645515,0.023275073363184563,False,0.06540882220995614,0.3558399704626048,0.691495378725571
ROT,117646995,ok,0.99919271,True,True,,0.9999999999999971,,25.91831914825927,15.98822728527199,,,,,7.374786734526945,0.004366269395347346,False,0.0004410536041721086,9.899634316656742,1.5971618504751532
ROT,148444947,ok,0.978679,True,True,,0.9999999999999915,,21.496805606117714,37.18909009472591,,,,,6.366716125301016,0.004870856983754143,False,0.0007093032882978392,6.867100525422704,0.585414051914828
ROT,321159710,ok,0.98487031,False,False,rotation signal changed by more than 2x between halves,0.9999999999999822,,47.76301217844386,82.83390180555236,,,,,10.548591467676502,0.008617024274403673,False,0.0016158006350533484,5.332974927392058,0.4873812646035299
ROT,156079851,ok,0.9951061,True,True,,0.9999999999999829,,65.40806233889747,66.56317300871122,,,,,8.116140302205789,0.0072655542750695926,False,0.0015092287047346984,4.814084341409857,1.0085427875199515
ROT,229070841,ok,0.99069029,False,False,rotation signal changed by more than 2x between halves,0.9999999999999915,,191.06700299437534,88.57223890268277,,,,,6.057379488365744,0.006811674145448031,False,0.002168627682837941,3.14100672944193,2.6314618188422636
ROT,266359311,ok,0.98869395,True,True,,0.9999999999999952,,148.5606403864662,161.14580900838232,,,,,18.765619590124885,0.011166955244170091,False,0.004092355447819263,2.728735415717798,1.139468570460138
ROT,376804195,ok,0.93160033,True,True,,0.9999999999999981,,55.613337169500795,125.39872149186179,,,,,6.7270742213962755,0.005868155658304557,False,0.007526762276470075,0.779638766677858,0.5165782623159957
ROT,366225994,ok,0.98128057,True,True,,0.9999999999999871,,20.9244715541278,23.00040860811583,,,,,6.101828527885545,0.003530959267043603,False,0.0007812182876406562,4.51981132918354,0.8836306747971078
ROT,385254626,ok,0.46242186,True,False,signal source >= 1 TESS pixel from the target (likely a neighbouring star),0.9999999999999966,,27.228921007521404,27.773240953973893,,,,,43.980654392862114,0.04065594755754817,True,0.0004035387959631104,100.74854751081912,1.0445657843874456
ROT,176878208,ok,0.99393988,True,True,,0.9999999999999964,,174.57720545038632,186.1479868618141,,,,,5.846739130018892,0.005634262257692394,False,0.004492802977236797,1.2540639521116117,1.0066091138817137
ROT,167309586,ok,0.99673682,True,True,,0.9999999999999798,,74.35349308450225,52.806941715472355,,,,,9.91122478889792,0.009266467506451818,False,0.0013056903756482122,7.096986911503782,1.097291477213578
ROT,414987423,ok,0.99945414,False,False,rotation signal changed by more than 2x between halves,0.9999999999999972,,27.021327435347075,12.882396436760219,,,,,14.143268517765893,0.007661090841614367,False,0.0005434800644162954,14.096360369432277,2.1051851903486494
ROT,25909530,ok,0.98261082,True,True,,0.9999999999999966,,19.987727828451973,18.688040822298888,,,,,7.635247547686014,0.0055284245222149645,False,0.0003478349071275887,15.89381746607477,1.1334927732758182
ROT,288269034,ok,0.9895677,True,True,,0.9999999999999949,,85.62060999152,88.10658622411518,,,,,3.527516151912819,0.0025306909531443876,False,0.0026813950065551775,0.9437963996194647,0.8904493649055738
ROT,244175217,ok,0.99678928,True,True,,0.999999999999992,,147.85369277538362,92.50055366105192,,,,,5.042580295824006,0.004804966933218225,False,0.008130114476099858,0.5910085211399436,1.6774687236164723
ROT,257457533,ok,0.97485948,True,True,,0.9999999999999927,,70.8775879086826,51.92801377511037,,,,,14.77187873560967,0.012403474527006637,False,0.0018832311148425085,6.586273150039749,1.1412546379520685
ROT,19272162,ok,0.99206191,True,False,signal source >= 1 TESS pixel from the target (likely a neighbouring star),0.999999999999986,,135.4838566342001,82.48726121068448,,,,,96.93863342925603,0.09263004943031458,True,0.0020567756830632434,45.03653470482338,1.1961705832112037
ROT,408345455,ok,0.99868238,False,False,rotation signal changed by more than 2x between halves,0.999999999999981,,30.27747926918721,80.32728851052862,,,,,3.274663664579884,0.0030812850050557913,False,0.0013049229192822517,2.3612774053739467,0.3661365140684597
ROT,47423224,ok,0.99792278,True,True,,0.9999999999999937,,214.46288978711382,183.94251379511428,,,,,8.896824129163207,0.009680941602293183,False,0.0032860812871666487,2.946044469472136,1.0928991507017545
ROT,264130674,ok,0.9123683,True,True,,0.9999999999999958,,91.36824729860368,100.61520578297646,,,,,11.195347156130937,0.007841206490499047,False,0.0038427084458726047,2.0405416130180702,0.9553651523663361
ROT,18800468,ok,0.9973594,True,True,,0.9999999999999954,,91.97926168406308,145.62723168732765,,,,,7.013080654776439,0.004804221578848953,False,0.004076934847730645,1.1783905699457373,0.9344390450608665
ROT,283367251,ok,0.97402114,True,True,,0.9999999999999916,,607.7927084555017,584.836602188937,,,,,9.964665091986525,0.005521654388146059,False,0.02592768265623392,0.21296366749607915,0.9902266745452051
ROT,184892201,ok,0.97841662,False,False,rotation signal changed by more than 2x between halves,0.9999999999999871,,33.222337692162036,11.68120756608612,,,,,20.45048632071961,0.014087370483490375,False,0.0008166825403584333,17.249506126710603,2.9913564701662194
ROT,238437211,ok,0.99890494,True,True,,0.9999999999999816,,37.99849691071197,83.89370870347493,,,,,7.981250853572465,0.009397182402855008,False,0.0010405854801795876,9.03066838990797,0.6912569014608976
ROT,159333969,ok,0.99780166,True,True,,0.9999999999999903,,42.30083553055312,57.98400021949688,,,,,8.578457291795916,0.006645034106369822,False,0.0022619815348145895,2.937704841571354,0.8816356096367928
ROT,102717281,ok,0.99516773,False,False,rotation signal changed by more than 2x between halves,0.9999999999999972,,144.9521524053518,61.70867138349337,,,,,7.738473669629914,0.006351574066371174,False,0.003871304449828518,1.6406805893689196,3.0055381698298573
ROT,284814735,ok,0.94730461,False,False,rotation signal changed by more than 2x between halves,0.9999999999999902,,76.50862066353712,161.4148955684616,,,,,4.736519263116124,0.0022664083416107867,False,0.002454321899272794,0.923435651322801,0.3784911919274373
ROT,355811861,ok,0.99235153,True,True,,0.9999999999999959,,28.004186375898556,31.69751030262651,,,,,7.216811058855794,0.006751051150904832,False,0.0006192210555048816,10.902489653554118,0.9412763518213674
ROT,121745431,ok,0.84624791,True,True,,0.9999999999999887,,40.022188882446045,61.85859603970229,,,,,7.804290703393935,0.003040658992184669,False,0.001457858996905252,2.085701702729407,0.6983824075102814
ROT,435285381,ok,0.99427789,True,True,,0.999999999999991,,64.6792428528906,113.02763364936528,,,,,1.210302344330491,0.0009154478216981161,False,0.0026346208035575077,0.3474685315101111,0.6986132949339181
ROT,137993497,ok,0.98149443,True,True,,0.9999999999999859,,48.05845803106593,35.55922799046058,,,,,6.117595132373028,0.005920575950700178,False,0.0011053263355825685,5.356405398211837,1.2761836685489734
ROT,5493696,ok,0.95377272,True,True,,0.9999999999999962,,74.52617966083841,96.39922433700433,,,,,20.849524008291432,0.015623011530459191,False,0.004010895513614387,3.895142986754257,0.9833821581620215
ROT,166230802,ok,0.98263097,True,True,,0.9999999999999789,,152.87703828769858,114.02913057312199,,,,,13.992764282065771,0.012525562829787501,False,0.012602661793628471,0.9938823269954011,1.2593197794211028
ROT,373875501,ok,0.82752949,True,True,,0.9999999999999971,,397.7915674622678,433.36687681225754,,,,,7.071072136315105,0.00443074930485045,False,0.04591220231319269,0.09650483055955021,1.1348015243713048
ROT,426895619,ok,0.93586779,True,True,,0.999999999999991,,16.181606037231198,12.152666051947362,,,,,3.800548510650762,0.002195620748678619,False,0.00041793585119532487,5.253487448848896,1.3171257756665755
ROT,357956244,ok,0.99613464,True,True,,0.9999999999999817,,39.49152081059463,30.672542249115637,,,,,4.362299648546677,0.0026775194569339167,False,0.0007917721033449658,3.381679457538747,1.3719075020277487
ROT,24346178,ok,0.97498387,True,True,,0.9999999999999877,,41.7158426374304,29.95658795325934,,,,,7.447813526630443,0.0048867334802735005,False,0.000979118568127948,4.990951698134804,1.522411074498963
ROT,72882384,ok,0.95101625,True,True,,0.9999999999999902,,66.42842276349592,65.41689820077166,,,,,24.26656182475388,0.016087069030472287,False,0.002622141135931844,6.135088920282447,1.3525411827082503
ROT,296321403,ok,0.96777928,True,True,,0.9999999999999896,,706.4967744004915,671.8151075422188,,,,,22.223340921211307,0.018817395088244444,False,0.024571364103384105,0.765826228005502,0.9471780105606997
ROT,24053730,ok,0.97550929,True,True,,0.9999999999999848,,101.90750191128089,82.89206099998346,,,,,8.976501975465764,0.008897540866370285,False,0.0020426257755786622,4.3559329235673,1.1011182478404509
ROT,99053633,ok,0.99826044,False,False,rotation signal changed by more than 2x between halves,0.9999999999999909,,8.639976558621365,104.67819047851272,,,,,7.369585924232294,0.00506448277971529,False,0.002555392942101967,1.9818802409109901,0.06750620754708989
ROT,186298292,ok,0.50923491,True,True,,0.9999999999999808,,44.49739086544646,35.024714907878625,,,,,15.708015908458718,0.018349453258539865,False,0.0010787520847434313,17.0098890357223,1.2728264182961624
ROT,31282413,ok,0.96411413,True,True,,0.999999999999993,,33.84335221636628,41.281279646755635,,,,,6.37922674897129,0.004807431119061322,False,0.0007618925432820059,6.309854534541501,0.7887296391555874
ROT,258086752,ok,0.99961954,True,True,,0.99999999999998,,277.5864838044041,213.12682988530935,,,,,4.345213667767489,0.004586590882870436,False,0.010020585655594317,0.4577168481474756,1.0235220363206952
ROT,212348895,ok,0.98020482,True,True,,0.9999999999999972,,30.281762695699292,29.23016856862552,,,,,10.292489449728269,0.006086616222016879,False,0.0004832937505196668,12.594030474162308,1.0660718159912868
ROT,307986889,ok,0.63289708,True,True,,0.9999999999999823,,207.64136475789974,239.2932456375676,,,,,42.64781132890728,0.028864194489317457,False,0.011948262641304573,2.4157649823946215,0.8657739413181048
ROT,256666028,ok,0.98889977,True,True,,0.9999999999999939,,98.02392831273104,118.81983568675402,,,,,4.830199172200108,0.0034543288035160983,False,0.0035005844483174996,0.9867863079767627,0.9745723572767827
ROT,155970472,ok,0.99681401,True,True,,0.9999999999999836,,24.485433203269835,27.656415381571936,,,,,9.588468523862458,0.006993377259950479,False,0.0008634597804598167,8.099250733168265,0.9097292030248593
ROT,357098470,ok,0.95677757,True,True,,0.9999999999999788,,34.3908976704163,30.568313934188197,,,,,9.941566444369029,0.010379877269165352,False,0.000881299622020934,11.777920936086359,1.2238337150811487
ROT,255930569,ok,0.84040779,False,False,rotation signal changed by more than 2x between halves,0.9999999999999827,,11.443006349669753,87.58005170394323,,,,,11.014357647438935,0.010155221066874368,False,0.001568468673073304,6.474608795963981,0.15521385621930558
ROT,126277261,ok,0.95018357,True,True,,0.9999999999999971,,205.53018277942698,124.24934723229494,,,,,10.977213210959997,0.011553204856260298,False,0.005238280710499205,2.2055337418447136,1.0075424007742817
ROT,318124027,ok,0.98041159,False,False,rotation signal changed by more than 2x between halves,0.9999999999999812,,26.880772718866886,13.694219244162833,,,,,4.600310906188784,0.0029174851297294625,False,0.0006472952156286869,4.507194027219634,2.0558554491582175
ROT,62630926,ok,0.98448479,True,True,,0.9999999999999956,,56.663755544146895,106.41732816013997,,,,,67.13432391489867,0.05928290076220518,False,0.003815379995888787,15.537875867170426,0.6186649738035551
ROT,219790615,ok,0.98174202,True,True,,0.9999999999999877,,44.45092424973291,74.15402352129702,,,,,5.488456173833672,0.00373008058025804,False,0.0017815005448687904,2.093785820611559,0.5360663792022977
ROT,201233408,ok,0.99418348,True,True,,0.9999999999999954,,90.89034854177238,101.83845707499707,,,,,9.075554405652637,0.0059114365682103025,False,0.003754530267561122,1.5744809994700801,0.811048362252778
ROT,277103752,ok,0.98736525,True,True,,0.9999999999999921,,69.71967732520378,79.8282028944532,,,,,5.015959309311464,0.005938187684996466,False,0.002745762335193737,2.1626735893649283,1.3903057851799758
ROT,183640381,ok,0.99396926,False,False,rotation signal changed by more than 2x between halves,0.9999999999999862,,144.8285543998776,49.82724420937186,,,,,8.88063714055248,0.007283505615843115,False,0.0018571738472746018,3.921822195876623,2.782414750841293
ROT,364801667,ok,0.99123877,False,False,rotation signal changed by more than 2x between halves,0.9999999999999954,,24.586414846937547,11.314387160881708,,,,,8.950102057747593,0.006376952418131021,False,0.00048298915656087225,13.203096449489998,2.153155048104575
ROT,262579260,ok,0.93731153,True,True,,0.9999999999999872,,92.75628552632762,52.72448670579212,,,,,12.59455729978327,0.006893854728181952,False,0.002147181290327628,3.2106533152261454,1.549355329100216
ROT,469187508,ok,0.84629118,True,True,,0.9999999999999943,,68.19147203662847,84.69177423121873,,,,,5.459642536729233,0.004241702416773995,False,0.00308206577052724,1.3762530499303327,0.8570176413126483
ROT,272235688,ok,0.97470009,True,True,,0.9999999999999842,,105.39869438974003,82.06244585581184,,,,,15.122543768430669,0.015623751855446934,False,0.00150633858612453,10.372005337553842,0.9971303466322275
ROT,159033047,ok,0.99401116,True,True,,0.9999999999999887,,154.06346103266057,109.8069334597325,,,,,16.649420393616975,0.009248162996292109,False,0.002331531353709274,3.9665617112886102,1.2258688372517246
ROT,210348879,ok,0.92913616,True,True,,0.9999999999999981,,122.54905328952157,102.36842649032833,,,,,14.46913633563705,0.01267197078188934,False,0.006353080937336863,1.9946181871250142,0.8882287801795102
ROT,271254687,ok,0.90846229,True,True,,0.9999999999999851,,90.26689579321828,90.29537678271173,,,,,5.713365932582694,0.003811720240959588,False,0.002068166219777252,1.8430434674492082,0.9915253099687159
ROT,411527645,ok,0.96834713,True,True,,0.9999999999999959,,88.46339098665295,176.0973489177177,,,,,3.222926157273961,0.003406064406257775,False,0.00448264945322156,0.7598328715643664,0.7582937565019635
ROT,346340426,ok,0.99615264,True,True,,0.999999999999998,,159.1633287567351,154.392400248509,,,,,9.96040407157641,0.008293438416396657,False,0.0060155759790895295,1.378660737596051,1.0451442280582766
ROT,201641317,ok,0.9930315,True,True,,0.9999999999999891,,272.30134572764706,159.31303038570465,,,,,12.102605814381977,0.008896207019875056,False,0.01550897520647959,0.573616689783491,1.3573124022984624
ROT,375838965,ok,0.44001076,True,True,,0.9999999999999921,,222.69921202641788,208.99951611150723,,,,,8.513499096767257,0.0038977962272835013,False,0.028883118396171394,0.1349506716629384,1.2018996571080094
ROT,300814115,ok,0.98869842,True,True,,0.9999999999999835,,39.92015357260667,43.121788735339265,,,,,12.977522658202204,0.011444061947647305,False,0.0011331351261224946,10.099468001497797,0.8915442164313551
ROT,155995595,ok,0.9998616,True,True,,0.9999999999999838,,103.71694562793674,69.0160507175222,,,,,13.780319832285354,0.01477671837698742,False,0.0014215869331303949,10.39452321389059,1.029279031439094
ROT,1031795,ok,0.96176177,True,False,signal source >= 1 TESS pixel from the target (likely a neighbouring star),0.9999999999999922,,41.35067170171463,81.1262058463284,,,,,103.8418567710331,0.11248216237764938,True,0.0017780017541223724,63.263246010221714,0.6865166571455097
ROT,439871764,ok,0.99947488,True,True,,0.9999999999999821,,39.25519326758375,89.19234008903261,,,,,14.962699376636184,0.009469903964371156,False,0.0014959861603877445,6.330208270052881,0.5075420000944721
ROT,363115795,ok,0.96021271,True,True,,0.9999999999999918,,82.37104657471433,129.02715421337157,,,,,8.219041759293704,0.0053053651233329925,False,0.0023332542031938895,2.2738050213606003,0.6173056878758956
ROT,246887691,ok,0.99899006,True,True,,0.9999999999999973,,97.90359093743584,71.75533378245325,,,,,12.649455352223413,0.011049339949692536,False,0.003961641477689845,2.789081246225175,0.9757475911255786
ROT,435875897,ok,0.95226979,True,True,,0.9999999999999836,,33.36260444764939,36.386568909872224,,,,,8.008142769413293,0.008620396514310775,False,0.0011936622815472391,7.221805235511769,0.9833855442019077
ROT,31406797,ok,0.98170918,True,True,,0.9999999999999878,,77.74965617523452,89.30710159874944,,,,,7.885648293082651,0.00473827557868486,False,0.0019079548229685352,2.4834317467290474,0.9217751076722341
ROT,87403283,ok,0.91410309,True,True,,0.9999999999999977,,87.86550087928964,105.96876183989163,,,,,5.98939322043692,0.0036074184430543526,False,0.00517241027087237,0.6974347072522403,0.8962374543043966
ROT,282716421,ok,0.80945152,True,True,,0.999999999999982,,73.94375174826114,119.98909205958239,,,,,28.993142876546813,0.017309741868527625,False,0.0018684151758234422,9.26439802700646,0.7076491402197879
ROT,18869995,ok,0.9955433,True,True,,0.9999999999999933,,12.521251853484426,20.847048204520014,,,,,7.367693052806577,0.005637437606596135,False,0.00041751839143265373,13.502249774559838,0.6126356965473178
ROT,421348470,ok,0.89115334,True,True,,0.9999999999999944,,29.67623028257674,36.884955356796006,,,,,4.793472027337946,0.004248617221768156,False,0.0006554470125358143,6.482014778480674,0.8603479420959494
ROT,236317074,ok,0.98282421,True,True,,0.9999999999999835,,55.676987414571045,74.76416355554248,,,,,9.935571570249966,0.00837590514578402,False,0.0016129717827412353,5.192840467146438,0.8725261413936282
ROT,23947664,ok,0.99950409,True,True,,0.9999999999999937,,95.86405130292314,95.16692120779963,,,,,8.111656633067664,0.005311376118433501,False,0.003645127455742624,1.4571167079674616,0.9781295735605079
ROT,175255600,ok,0.96800953,True,True,,0.999999999999974,,171.0138193648717,270.9271803354319,,,,,15.785624882462901,0.011341052034186921,False,0.007662989464304341,1.479977505778351,0.8213163946801125
ROT,229787083,ok,0.96046621,True,True,,0.9999999999999926,,93.80121060477764,50.13499484028279,,,,,6.520079137595352,0.004807897028868479,False,0.002984789162704467,1.6107995462272868,1.4963913493388172
ROT,350543620,ok,0.99740529,True,True,,0.9999999999999939,,93.71162630784427,51.13010133746199,,,,,4.791444300941381,0.005237317370562048,False,0.0032942003751302265,1.5898599885123885,1.0923612074311893
ROT,113798896,ok,0.91154766,True,True,,0.9999999999999902,,18.583948561778513,19.294642342536545,,,,,2.91249331272342,0.0014718146228361027,False,0.0009174858751204212,1.60418232339863,0.9650960790334647
ROT,357288218,ok,0.99921602,True,True,,0.9999999999999891,,40.311420758700805,44.00000896153965,,,,,6.581336678848534,0.00601052169463137,False,0.0012701858062052396,4.732001936463283,0.8562536639047955
ROT,25063656,ok,0.97883642,True,False,signal source >= 1 TESS pixel from the target (likely a neighbouring star),0.99999999999999,,30.85227020793766,23.42533347487709,,,,,95.67140108413788,0.11809803320337282,True,0.0008648681131210455,136.5503380361579,1.35891669852675
ROT,463480254,ok,0.83675653,True,True,,0.9999999999999861,,45.86127268890108,41.33954084052939,,,,,4.718362840472487,0.0026285478672827154,False,0.001364512302748636,1.926364358890602,1.1781910485731948
ROT,354791191,ok,0.9518283,True,True,,0.9999999999999923,,183.4052020980359,217.65598788123725,,,,,34.19463207169574,0.026106258363594183,False,0.027674522829155397,0.9433318335697181,0.8258449442023625
ROT,282924402,ok,0.99953359,True,True,,0.9999999999999855,,61.861872622485635,83.99164954992348,,,,,9.977630442974224,0.006805155611627237,False,0.0013874083470844262,4.904940658550854,0.6192548084139232
ROT,92397580,ok,0.79233968,True,True,,0.9999999999999911,,162.50033365306234,74.42438991206521,,,,,3.41784373989859,0.0022739946878944668,False,0.002271437821349241,1.00112565993275,1.6262408527174554
ROT,73481367,ok,0.96811467,False,False,rotation signal changed by more than 2x between halves,0.9999999999999865,,87.06834292784076,29.24465585028084,,,,,5.489647379978539,0.00404835777476856,False,0.001307567100707468,3.096099444975458,3.1314843366559852
ROT,189792420,ok,0.9995169,True,True,,0.9999999999999963,,118.49324419390034,65.85812507959605,,,,,20.06453187101427,0.017682948355021443,False,0.004501378640316665,3.9283405747394484,1.5294578877162281
ROT,10044356,ok,0.84144849,False,False,rotation signal changed by more than 2x between halves,0.9999999999999772,,78.31112291935986,179.80365586426598,,,,,7.49467290467058,0.00552887986010951,False,0.0011828771018714762,4.674094926144105,0.47993660190538945
ROT,202299336,ok,0.99475473,True,True,,0.9999999999999853,,26.498909906716243,36.63519743990929,,,,,6.814838669584926,0.0053064382348101315,False,0.0010496400224992936,5.055483900256578,0.781807187953928
ROT,142564004,ok,0.95810544,False,False,rotation signal changed by more than 2x between halves,0.9999999999999845,,67.78123977676748,24.27553132939234,,,,,9.651221727417624,0.006825659396702609,False,0.001486834265888642,4.59073317941263,3.0409473746955715
ROT,438942374,ok,0.90698165,True,True,,0.9999999999999925,,731.0850603116501,470.52959851080624,,,,,11.332500582013681,0.008156649495316698,False,0.02741544988055615,0.2975201767927812,1.323782454116326
ROT,470802090,ok,0.9636184,True,True,,0.9999999999999961,,118.3344723367686,68.9679027730269,,,,,2.047074255807429,0.0008605394452837244,False,0.0035684210041387167,0.2411541251118228,0.9374678010626699
ROT,284598983,ok,0.99915266,True,True,,0.999999999999981,,17.336928745854625,33.64491435167067,,,,,4.551525014834848,0.0034872347532117426,False,0.0007255030590133941,4.806643762403987,0.5287108360803625
ROT,380699666,ok,0.99860823,True,True,,0.9999999999999909,,43.427474701271315,63.140245445704664,,,,,14.433276827051078,0.010157075191086168,False,0.0022831453035772687,4.448720445068433,0.6374179676139488
ROT,257569026,ok,0.95120472,False,False,rotation signal changed by more than 2x between halves,0.9999999999999927,,58.822476215251186,144.58259186892116,,,,,10.712894218176842,0.008855917307280664,False,0.0028358584108382785,3.122834790846578,0.4233656945857331
ROT,139351283,ok,0.96125221,False,False,rotation signal changed by more than 2x between halves,0.9999999999999869,,45.428663247648146,129.8823527166328,,,,,12.827955489006177,0.006501085120621672,False,0.0019204804866438162,3.3851346919867984,0.344287590549141
ROT,97007957,ok,0.93806458,False,False,rotation signal changed by more than 2x between halves,0.9999999999999859,,36.77762822669294,141.45055856834588,,,,,14.605605371317075,0.004918166070474466,False,0.0019740615311054054,2.49139451480039,0.2792147049418595
ROT,51640379,ok,0.60082793,True,True,,0.9999999999999936,,64.7917077697199,82.28273613282748,,,,,3.5689990999713133,0.0017124001958081017,False,0.0026584708710360636,0.6441297568706262,0.7866493702386872
ROT,53353712,ok,0.88176471,True,True,,0.9999999999999857,,31.653983214610363,25.314191949200552,,,,,12.497804788362433,0.006393702713145852,False,0.0007745164133462527,8.255090018715336,1.2794148306489146
ROT,144384178,ok,0.99984241,False,False,rotation signal changed by more than 2x between halves,0.9999999999999937,,44.29160023373281,124.09762234621228,,,,,8.937147716654922,0.009554483183839356,False,0.002927685827985034,3.2634933340559917,0.3145670946811531
ROT,236639269,ok,0.91499859,False,False,rotation signal changed by more than 2x between halves,0.9999999999999843,,38.742169742434534,123.37602546242061,,,,,5.9999864854339435,0.0053257719893192125,False,0.0016738695232843999,3.181712741187375,0.34001560757233845
ROT,7738623,ok,0.99098212,True,True,,0.9999999999999981,,1232.9090265211148,927.7824913238245,,,,,184.74368375951573,0.12301625709764115,False,0.06708826595994113,1.8336478866676178,0.9868944379163472
ROT,351189861,ok,0.9713878,True,True,,0.9999999999999848,,57.51748380257783,59.19337060093417,,,,,6.226543577553094,0.005045541777169084,False,0.0009488452005661144,5.317560518995866,1.0008675403956717
ROT,47504488,ok,0.99921691,False,False,rotation signal changed by more than 2x between halves,0.9999999999999978,,44.706948024269046,16.20504676753603,,,,,4.680726156550676,0.0034733950665217614,False,0.0005397893012316895,6.4347238053740226,2.728595269772733
ROT,385346872,ok,0.9873262,True,True,,0.9999999999999815,,284.9770570370649,210.921243451365,,,,,11.909990563060783,0.00804745254783026,False,0.011153346800605233,0.7215280481903036,1.0740526835935111
ROT,130088953,ok,0.99657279,True,True,,0.999999999999996,,103.55603413971096,187.90928982488907,,,,,34.54742464515174,0.03516549884175066,False,0.003965006407693951,8.86896393748905,0.8296677191744776
ROT,46296563,ok,0.99626529,True,True,,0.9999999999999872,,30.19722132351118,36.3937348627077,,,,,20.324132593816675,0.013629000124709278,False,0.0008310612658821221,16.399513109593556,0.9074038702587246
ROT,357168912,ok,0.9937278,True,True,,0.9999999999999902,,74.89085240593836,58.191394889776085,,,,,5.294242216389763,0.005699886990697032,False,0.0024392624075748365,2.3367256318945913,1.3811049669107798
ROT,251881253,ok,0.98999012,True,False,signal source >= 1 TESS pixel from the target (likely a neighbouring star),0.9999999999999972,,46.45760967766932,33.18138579063578,,,,,19.26155655716474,0.01904581691831411,True,0.0005508697219660339,34.574085593850185,1.3419861430160192
ROT,264868331,ok,0.97969192,False,False,rotation signal changed by more than 2x between halves; signal source >= 1 TESS pixel from the target (likely a neighbouring star),0.9999999999999852,,33.32249900039396,15.685276133909154,,,,,79.74933627913947,0.1544697028178102,True,0.0008535760256875181,180.96771484811984,2.347873009463854
ROT,322407435,ok,0.78277618,True,True,,0.9999999999999862,,52.12736287535406,45.599578714938836,,,,,5.39266337912407,0.0036562623520122097,False,0.0020055467672557524,1.823075089400772,1.1560951215020836
ROT,397809370,ok,0.91012651,True,True,,0.9999999999999897,,73.75046764274653,52.49966999647988,,,,,9.039994623829188,0.0073031192670932775,False,0.0007993924793749247,9.135836845505306,1.3133392686118106
ROT,142487802,ok,0.99091017,True,True,,0.9999999999999909,,22.176414543530537,23.43233809473758,,,,,8.439614620013266,0.0048962018153294005,False,0.000638310913077111,7.670559464080346,0.9352810305858427
ROT,317798405,ok,0.96133512,True,True,,0.9999999999999964,,102.42214203657734,96.19155400659052,,,,,3.1754492663730605,0.0020090022887229338,False,0.004031007353923478,0.4983871554507393,1.1165529903324738
ROT,30696934,ok,0.98854452,False,False,rotation signal changed by more than 2x between halves,0.9999999999999909,,124.29154476547733,19.06325624419454,,,,,2.6415258576521596,0.0021137640399559983,False,0.002543566648465513,0.8310236498938186,6.807540496706773
ROT,139116505,ok,0.99992704,True,True,,0.9999999999999963,,166.65163608744814,123.89667031861846,,,,,7.232453975394166,0.006313215475013804,False,0.0040512971795203774,1.558319519715216,0.9898390167008578
ROT,140633568,ok,0.99446237,True,True,,0.9999999999999829,,55.483304560103406,50.79517879727511,,,,,10.596871924652199,0.014719136777184404,False,0.001347996014679959,10.919273215120757,0.9204416998121616
ROT,23162505,ok,0.9595477,True,False,signal source >= 1 TESS pixel from the target (likely a neighbouring star),0.9999999999999827,,36.182654433274024,46.49247427310986,,,,,96.11310515992358,0.10229244938345328,True,0.001555479642158589,65.7626410600262,0.8241588372060917
ROT,232568235,ok,0.98364419,False,False,rotation signal changed by more than 2x between halves,0.9999999999999967,,36.36734750829622,201.41772423235335,,,,,14.120864564752463,0.012668305449181532,False,0.005123519129105713,2.4725789306055987,0.2291595899695497
ROT,162494287,ok,0.99821377,True,False,signal source >= 1 TESS pixel from the target (likely a neighbouring star),0.999999999999996,,54.54744003568835,60.16573433569275,,,,,15.020407040068887,0.014924899301788929,True,0.0006672863390093466,22.36655904562116,1.162751611346077
ROT,347558640,ok,0.96701467,True,True,,0.9999999999999859,,31.378553143879774,34.73335943637284,,,,,6.017035057972923,0.004441801345990408,False,0.0011631274883913214,3.8188430677824483,0.8253054611858991
ROT,133700394,ok,0.92554998,True,True,,0.9999999999999982,,40.58941930042583,21.436119312916,,,,,16.146600869792053,0.010066116211372891,False,0.0005756824377795211,17.48553638391186,1.8186816865380897
ROT,399719111,ok,0.62743533,True,True,,0.9999999999999936,,58.50611183833734,58.92717797143784,,,,,50.557517087537384,0.03960983555226076,False,0.002938434334659668,13.4799117628907,0.8661986269312215
ROT,302666752,ok,0.99939519,True,True,,0.9999999999999863,,170.74070033619037,207.1416825249225,,,,,2.8804029298799967,0.0018630091222245717,False,0.009959676616425066,0.18705518200783527,0.9771576876241734
ROT,39173352,ok,0.99076277,True,True,,0.9999999999999875,,73.28013186829033,55.912880213658404,,,,,10.719172935076426,0.008061487494526733,False,0.0020397599150186537,3.952174682505716,1.2851528424351344
ROT,198107405,ok,0.99859971,True,True,,0.9999999999999815,,38.98512579345907,45.14592529765568,,,,,10.067407592340563,0.008604692024491562,False,0.0016537752833022403,5.203059999366908,1.1700271669239535
ROT,168255289,ok,0.77267468,True,True,,0.9999999999999978,,114.78754392965945,64.89470578647412,,,,,18.10910987185425,0.008744786568227182,False,0.005857590681537257,1.4928981971700714,1.3619684944297001
ROT,262230072,ok,0.99670994,True,True,,0.999999999999989,,37.49238715543204,42.50806632830517,,,,,7.4807147351696806,0.004549831347915699,False,0.000953661729721899,4.770906922355469,0.8472795647017647
ROT,287083670,ok,0.99874091,True,True,,0.9999999999999836,,56.73650094576822,44.60392066468445,,,,,11.499424585634632,0.00712297443706631,False,0.0012041817540822588,5.915198775366707,1.3912805918087707
ROT,295593712,ok,0.96352834,True,True,,0.9999999999999933,,58.885428244942524,71.83900461881623,,,,,3.547635777506808,0.0024699139659283705,False,0.0018260762822809515,1.352579840116647,0.8352243343672403
ROT,285178834,ok,0.99895418,False,False,rotation signal changed by more than 2x between halves,0.9999999999999812,,18.995263534571723,44.38201898914166,,,,,6.690444056671095,0.0033184034216747734,False,0.001042915554959671,3.1818524576547276,0.41289383255158985
ROT,150651659,ok,0.40939671,True,True,,0.9999999999999979,,113.09951856115549,138.51711217629517,,,,,7.989926402198118,0.003490604192453267,False,0.006209690037769007,0.5621221302870952,0.9267747262473238
ROT,377679477,ok,0.98062408,True,False,signal source >= 1 TESS pixel from the target (likely a neighbouring star),0.9999999999999958,,30.756539686713136,28.690017649653303,,,,,11.887439037030864,0.00863284405319945,True,0.00037122991420885894,23.254710148014894,1.1389202360365895
ROT,389752643,ok,0.99005872,True,True,,0.9999999999999979,,154.45047092189535,151.58172460451442,,,,,18.128158082061383,0.015820103335004505,False,0.007345076357848659,2.153837831529112,0.9812466072587385
ROT,260305086,ok,0.99470878,True,True,,0.9999999999999912,,46.5382634292739,22.94650197444756,,,,,4.052017547870862,0.004153820724779897,False,0.0007376692907217553,5.631006708596596,1.9435469166971393
ROT,142160963,ok,0.9973895,True,True,,0.9999999999999963,,22.6807532644642,17.191530765712017,,,,,7.405610981353954,0.005306178786534404,False,0.0006432577326525979,8.248915663482734,1.3137115408506925
ROT,47720259,ok,0.94585121,True,True,,0.9999999999999891,,80.60693510043654,86.67687736340986,,,,,10.439334244815457,0.005907089608958974,False,0.0021518124354956195,2.7451693797830545,1.1070324759704335
ROT,177766657,ok,0.90863311,True,True,,0.9999999999999887,,115.72015197583872,175.5141113553018,,,,,39.24000241100756,0.0377594429418766,False,0.006949810859536089,5.433161233455079,0.5148662232913579
ROT,8410246,ok,0.91905278,False,False,rotation signal changed by more than 2x between halves,0.9999999999999833,,15.421976321890895,68.56776054577129,,,,,4.698952308660002,0.0024221200066921788,False,0.0011094136224341327,2.1832434339303264,0.2590314743284099
ROT,201234567,ok,0.98567855,True,True,,0.9999999999999913,,69.6504156019286,80.28257202863625,,,,,3.8061915372267734,0.002961903546993414,False,0.0023632703344204304,1.2533071243920104,0.7482131017640643
ROT,455111137,ok,0.98191965,True,True,,0.9999999999999822,,27.13319501173469,43.171501812641246,,,,,9.63252762584042,0.005359490033532994,False,0.0010603460078218842,5.054472779637489,0.6385538669151212
ROT,71315149,ok,0.99925011,False,False,rotation signal changed by more than 2x between halves,0.9999999999999876,,172.79993137307548,54.885785229152845,,,,,9.021418737814516,0.012944036256313277,False,0.0018844535177566916,6.868854091833602,2.3025858122001654
ROT,86338257,ok,0.98649275,False,False,rotation signal changed by more than 2x between halves,0.9999999999999907,,60.37872220704493,108.35663383188316,,,,,9.290310618358241,0.006054942189565322,False,0.0025106044664725954,2.41174676076018,0.48609017087410394
ROT,329153618,ok,0.9977777,True,True,,0.9999999999999978,,16.74823437073841,18.228282578490997,,,,,6.3212245754497145,0.004832217022275156,False,0.00038905635295302866,12.420352438914053,0.9150747288442909
ROT,154429221,ok,0.83245355,True,True,,0.9999999999999774,,201.81350287471417,230.14406979722875,,,,,9.277360045377575,0.007335292957737289,False,0.008721379869084153,0.8410702283178476,1.0469808307615585
ROT,165794568,ok,0.99898958,True,True,,0.9999999999999938,,60.90387482183601,43.548182358376906,,,,,12.228948474504826,0.010656440280549195,False,0.0028248303414357633,3.7724178065621086,1.1120478225585921
ROT,279833448,ok,0.98430735,True,True,,0.9999999999999818,,44.620050810540036,54.12970886465056,,,,,4.600410774379263,0.0044072207151299204,False,0.0016806275886174133,2.622366040507266,1.058758777845241
ROT,370323564,ok,0.99649221,True,True,,0.9999999999999983,,148.7008601880267,189.35940553775396,,,,,5.031656890621556,0.006069446244419896,False,0.007097046603322477,0.8552073254779656,1.0400768298099838
ROT,269052073,ok,0.57826191,True,True,,0.9999999999999866,,30.62158768013096,27.700360375366166,,,,,5.262144475123124,0.0022917102752030762,False,0.0009977725527994677,2.2968263345921724,1.1015272631342021
ROT,279199795,ok,0.99961412,True,False,signal source >= 1 TESS pixel from the target (likely a neighbouring star),0.9999999999999899,,102.13864080802037,42.612266804675016,,,,,97.23240440338219,0.09268744163215625,True,0.0024386185056565076,38.00817611166433,1.4126749767366205
ROT,302958540,ok,0.82661122,False,False,rotation signal changed by more than 2x between halves,0.9999999999999905,,16.54445030481421,47.67617522341721,,,,,7.24363211971202,0.006840180111854803,False,0.000828715307063458,8.25395651987278,0.3689030924508422
ROT,198082951,ok,0.9989441,True,True,,0.9999999999999821,,39.90988185406116,64.73305586011868,,,,,3.890422912740222,0.002729476040351197,False,0.0012141017759307556,2.2481443437958273,0.6550230711222528
ROT,65416676,ok,0.99883091,True,True,,0.9999999999999801,,369.5238145649019,196.1417130927863,,,,,42.578064503311154,0.02585643241403418,False,0.014546040967157869,1.777558063559217,1.936558660333657
ROT,321124422,ok,0.86897254,True,False,signal source >= 1 TESS pixel from the target (likely a neighbouring star),0.9999999999999872,,44.679210870018466,64.41886438016545,,,,,117.75356624069242,0.10539004181164258,True,0.0015345133346459916,68.67978233369722,0.8993232412614797
ROT,47338867,ok,0.99460495,False,False,rotation signal changed by more than 2x between halves,0.999999999999985,,28.435916708652403,58.14061952187748,,,,,3.447760271889345,0.002437303708316615,False,0.001742998564584987,1.3983394810752148,0.4568991193196208
ROT,300844620,ok,0.98225754,True,True,,0.9999999999999951,,35.309250631541325,42.24712511822506,,,,,12.619425248866506,0.009566228914621128,False,0.0006605444248789915,14.482339952189612,0.8395350834524375
ROT,236779626,ok,0.82417381,True,True,,0.9999999999999857,,44.764388579394556,47.46732189375576,,,,,8.087912339212433,0.006673906178686566,False,0.001900325523803783,3.5119804975979876,0.9854577930418955
ROT,468605404,ok,0.96238309,True,True,,0.9999999999999978,,139.45112674447748,117.28158487354193,,,,,54.47206239773889,0.05017566335962108,False,0.006202296124554409,8.08985291124355,1.3211211577473017
ROT,144666015,ok,0.37276214,True,True,,0.9999999999999928,,182.73118027487914,125.84689771440269,,,,,11.047794616707076,0.004878981600791862,False,0.00813682495644488,0.5996173724896711,0.9749221277216571
ROT,357114158,ok,0.99389565,True,True,,0.9999999999999929,,73.32543123519162,61.24149418104253,,,,,7.733101451367187,0.00550518013948067,False,0.002814189719362011,1.9562221059952982,1.2307676137385435
ROT,440726047,ok,0.97669119,True,True,,0.9999999999999822,,221.93933178147802,194.8635652869801,,,,,14.223513207024778,0.007913858845776991,False,0.016816771201435238,0.4705932399854247,1.1820832066162612
ROT,120127143,ok,0.35260022,True,True,,0.9999999999999843,,151.29452623372063,79.72363287908114,,,,,9.915206441165795,0.006360223526361931,False,0.011166992361063712,0.5695556440549125,0.9146772827472861
ROT,200613733,ok,0.87065417,True,True,,0.9999999999999918,,94.2619441903825,50.008078576359125,,,,,8.43786185771686,0.006027120460487951,False,0.0018411315185816542,3.2735958293359957,1.2450752876348967
ROT,270455283,ok,0.9843803,True,False,signal source >= 1 TESS pixel from the target (likely a neighbouring star),0.999999999999993,,82.12899425235253,57.16877127618945,,,,,91.28707274433108,0.098486738738462,True,0.002806538893842767,35.09188451103632,1.8468752025728272
ROT,233081670,ok,0.41370448,True,True,,0.9999999999999919,,59.129932607197745,49.173707042074305,,,,,4.959157208974172,0.004180814909803765,False,0.0022175503710302365,1.8853303015892393,1.2352257329454512
ROT,25404430,ok,0.97763342,True,True,,0.9999999999999898,,78.37926151880757,67.20254036714365,,,,,11.319788669898031,0.009316773579319728,False,0.002368099724331144,3.9342826163924314,1.083940723245131
ROT,117763596,ok,0.99679184,True,True,,0.9999999999999833,,78.85548352315297,43.05654835699159,,,,,9.405865744163746,0.00481676863588652,False,0.0012628003163041347,3.8143549488361406,1.6271849453517726
ROT,150172037,ok,0.99326676,True,True,,0.9999999999999976,,24.603047613329565,20.252574148727355,,,,,2.8569967134201515,0.003008931535457249,False,0.0004032619304608076,7.461481752118138,1.129248554291109
ROT,34086707,ok,0.99960327,True,True,,0.9999999999999867,,47.72603074003035,81.07925446518242,,,,,10.071765359071314,0.00611719294124216,False,0.0021143687741410917,2.893153273949155,0.6177456316340434
ROT,245787593,ok,0.95774817,True,True,,0.999999999999988,,100.39788043351444,120.8597300913928,,,,,5.154309085738777,0.002715064658423803,False,0.0018472020535936727,1.4698254872236263,0.6834271781396601
ROT,220480048,ok,0.98001856,True,True,,0.9999999999999898,,77.88095862175325,64.469792685366,,,,,3.3628941520318563,0.0039828566073909525,False,0.0022307224954196065,1.785455885063715,1.7683509884806647
ROT,242938258,ok,0.99915749,True,True,,0.9999999999999803,,33.3337177793024,37.22705275895125,,,,,4.4437384515067215,0.003242798687179062,False,0.001408305329715366,2.302624735386372,0.8761852884502406
ROT,460323913,ok,0.99018937,True,True,,0.9999999999999831,,428.47815596334516,407.13264768156495,,,,,74.53913351016466,0.06759445105389333,False,0.11473790311382116,0.5891205017651312,0.9977485286935305
ROT,453809076,ok,0.90307099,False,False,rotation signal changed by more than 2x between halves,0.999999999999996,,31.405158850063597,9.975714188540673,,,,,8.510637295059958,0.005605976754499298,False,0.0006496509460675623,8.629213562195426,3.11723843504792
ROT,220511824,ok,0.98906648,False,False,rotation signal changed by more than 2x between halves,0.9999999999999875,,40.25808174803946,101.06095928193157,,,,,12.580821342411582,0.01013437922324399,False,0.0010853583704320741,9.3373575948095,0.4310910460433026
ROT,273511239,ok,0.98109394,True,True,,0.9999999999999915,,85.9627472134842,69.26120847127507,,,,,2.364000321539855,0.0026924636006310653,False,0.0023222876259347755,1.1594014326917343,1.1744958268495962
ROT,436664231,ok,0.99594462,True,True,,0.9999999999999837,,49.11309292778453,37.045374245007984,,,,,11.488581653063706,0.007542172608391724,False,0.0008548707161711058,8.822588568915405,1.182190878821998
ROT,202361437,ok,0.99974227,True,True,,0.9999999999999876,,35.95128471278705,21.49212071975367,,,,,8.790816125316509,0.008315648983755251,False,0.0009406443353515319,8.840375337664238,1.6369803048525016
ROT,355410949,ok,0.98668033,True,True,,0.9999999999999981,,285.09843977755565,534.9731124631749,,,,,9.058547401571497,0.006252366894642379,False,0.0075658755195124475,0.8263903996989482,0.7396191743646847
ROT,85539893,ok,0.98239309,True,True,,0.9999999999999819,,39.67062456806977,42.83943479605296,,,,,7.035350063563262,0.00678031196739187,False,0.001169863172987489,5.795816232146989,0.9181823711258031
ROT,79395814,ok,0.99719989,True,True,,0.9999999999999959,,213.8697401197904,139.79737532276238,,,,,20.447305113820278,0.024105789752339766,False,0.004304724469281978,5.599844989930466,0.8685101708407851
ROT,219663253,ok,0.86714923,False,False,rotation signal changed by more than 2x between halves,0.9999999999999861,,57.16371337049861,24.88899590027619,,,,,11.28456043415935,0.008075600953046049,False,0.0016743922168591808,4.823004354496005,2.115009571926806
ROT,389922104,ok,0.86577743,True,True,,0.9999999999999818,,36.774894212969556,45.26850418502454,,,,,4.808969280765627,0.004768652151563023,False,0.0014598624066735066,3.266507946066671,0.8315587092004013
ROT,247246260,ok,0.9666217,True,True,,0.9999999999999952,,146.0009024709964,111.04589292094373,,,,,12.91376549515676,0.01214206406405864,False,0.003754667237622007,3.233858900302636,1.3553445917164577
ROT,196435578,ok,0.9895044,True,True,,0.9999999999999829,,41.17238489071517,56.53157492240992,,,,,5.539783583262009,0.005911568594995343,False,0.0013026740578341832,4.538025885633952,0.724101723274017
ROT,60410246,ok,0.99156988,True,True,,0.9999999999999962,,129.0707842568779,146.01798268780036,,,,,5.106739007823014,0.0034118505796549726,False,0.004479853823904115,0.7615986399934818,0.7543631644149175
ROT,157264042,ok,0.99854261,True,True,,0.9999999999999973,,18.870512121595535,21.695891479065878,,,,,7.828989800556759,0.005720663179230114,False,0.0004038199040260857,14.166372489803214,0.8688930281891267
ROT,469349456,ok,0.96594697,True,True,,0.9999999999999891,,64.7284948118022,58.270228429031754,,,,,10.880454499142749,0.005936054779195158,False,0.0026281163238144447,2.2586727708382313,1.0436929739630971
ROT,445759112,ok,0.97269708,True,True,,0.9999999999999929,,51.809660522302316,62.79377099808078,,,,,9.908467160396151,0.007739868434108506,False,0.0015728455227709925,4.920933634011709,0.9468505088065842
ROT,46533458,ok,0.91949916,True,True,,0.9999999999999858,,592.4635912724962,615.2927772820428,,,,,9.268556195759057,0.00644782063218385,False,0.02052016125772338,0.31421880906306326,1.0925499622690777
ROT,82321632,ok,0.804097,True,True,,0.9999999999999855,,17.681911859037704,22.80699297112164,,,,,6.089717793993987,0.0027104996508687394,False,0.0007552967071869158,3.58865545828199,0.7749384769986735
ROT,23973168,ok,0.99915612,True,True,,0.9999999999999865,,70.26761289347111,73.79246809149477,,,,,3.8492400766345067,0.002807684783693359,False,0.0016489826567614584,1.7026769639939991,1.0572541205142723
ROT,398647863,ok,0.87547421,True,True,,0.9999999999999958,,120.46971013677111,106.91179212175672,,,,,5.353314202534726,0.002841228982986752,False,0.004162442361450391,0.6825869852998357,0.8510193347620649
ROT,210845898,ok,0.95132667,True,True,,0.999999999999998,,267.10644123329666,175.12299087936688,,,,,12.2657460782223,0.009689026808993731,False,0.006143328761272058,1.5771623472398193,1.9654166006608773
ROT,233294845,ok,0.9822495,True,True,,0.9999999999999939,,432.25651843880615,421.5878033257116,,,,,9.993173676892553,0.00819942478668121,False,0.03423910371572251,0.239475450489554,0.9267140267001762
ROT,207109021,ok,0.99609548,True,True,,0.9999999999999869,,74.23165040944866,44.12024063000264,,,,,4.976110603175882,0.0054904284026202135,False,0.0008210939733731222,6.686723542818221,1.7144222181384494
ROT,65203528,ok,0.87530059,True,True,,0.9999999999999828,,170.1245044176752,175.55564030227364,,,,,57.624265557616816,0.06818827303036085,False,0.012430307237556143,5.485646631833935,0.9997683908444731
ROT,142877884,ok,0.99902356,True,True,,0.999999999999977,,67.06696120553912,45.41946318893932,,,,,7.611707998032804,0.0062114389617351495,False,0.0011974904393548564,5.187046808558689,1.5968665460877642
ROT,4197040,ok,0.99910539,False,False,rotation signal changed by more than 2x between halves,0.9999999999999968,,22.193847723241596,10.41533411444224,,,,,7.767174013994591,0.005883989036766728,False,0.00040346224588363875,14.58374134581036,2.1359268186608547
ROT,363382435,ok,0.99053597,False,False,rotation signal changed by more than 2x between halves,0.9999999999999838,,18.345899092948326,63.245840708983074,,,,,7.514963936060597,0.006347548830306537,False,0.0011276747213196914,5.628882788893368,0.2720560496200103
ROT,238614644,ok,0.92781085,False,False,rotation signal changed by more than 2x between halves; signal source >= 1 TESS pixel from the target (likely a neighbouring star),0.9999999999999882,,73.89242385986219,24.757347873209696,,,,,70.831132173609,0.05309257905987919,True,0.0015453444412978927,34.35646943233457,3.3963501805461167
ROT,385231844,ok,0.88781273,True,True,,0.9999999999999845,,266.8194256266978,310.5915418016344,,,,,5.134837612561707,0.004251332018655836,False,0.0087669185481184,0.48492888297317166,1.025995064295387
ROT,18941118,ok,0.99443913,True,True,,0.9999999999999928,,101.632926564691,109.6889982330732,,,,,13.016808014116506,0.008577842273489374,False,0.0030009556944956216,2.858370181613452,0.9540071057734096
ROT,70489688,ok,0.99977255,True,True,,0.999999999999995,,25.474160684948462,26.13519007495719,,,,,7.960621598947694,0.009826001097216503,False,0.0006046758933186398,16.250029488175077,0.9932189404944618
ROT,13819169,ok,0.97155577,True,False,signal source >= 1 TESS pixel from the target (likely a neighbouring star),0.9999999999999905,,117.69626050059735,69.53964183044583,,,,,95.76055669296936,0.11749860098649319,True,0.002371188062868488,49.552628417145485,1.968933696442888
ROT,257300338,ok,0.94704229,True,True,,0.999999999999991,,105.40600843637831,51.44585086752471,,,,,11.886227400200747,0.0077167589946092255,False,0.002799164317266606,2.7568081469917667,1.9877787955746584
ROT,119034562,ok,0.99136096,True,True,,0.9999999999999968,,74.70309761669645,67.38405925623798,,,,,4.407016129770329,0.002706592114464321,False,0.0036167534544529535,0.7483485254246346,1.5330641988226148
ROT,39514713,ok,0.98625439,True,True,,0.9999999999999929,,21.40008513985664,20.79253674473596,,,,,11.74588299626847,0.010836094765739096,False,0.0005766836468768042,18.79036248803842,1.0168145057952824
ROT,452389979,ok,0.16980101,True,True,,0.9999999999999905,,23.204130934540977,23.200672710204092,,,,,9.59846758512302,0.007710705252686114,False,0.0017320053254548246,4.451894656075196,0.9888105404648997
ROT,434121425,ok,0.99153197,True,True,,0.9999999999999913,,75.2962954241685,75.50351441432893,,,,,5.591305726491733,0.002815749830319639,False,0.002497810447090295,1.1272872341452942,1.02890232525491
ROT,197245424,ok,0.999533,True,False,signal source >= 1 TESS pixel from the target (likely a neighbouring star),0.9999999999999976,,48.795015608982524,65.67798881708848,,,,,20.697903023687235,0.015033233085158316,True,0.000507067112735326,29.647422811672698,0.6857832848081038
ROT,179986593,ok,0.77264953,True,False,signal source >= 1 TESS pixel from the target (likely a neighbouring star),0.9999999999999972,,24.43298545527647,22.128509768374162,,,,,18.767924713407943,0.015174001853461487,True,0.0006455142155873189,23.506843826290446,1.0844337940541642
ROT,241934364,ok,0.99807203,True,True,,0.9999999999999948,,81.33961987826409,126.6064448898195,,,,,5.1059434673324615,0.003463798894231555,False,0.003454106353570848,1.0028060921316702,0.7884945904423831
ROT,357208227,ok,0.77215105,True,True,,0.9999999999999968,,95.68601044162538,53.584557635129634,,,,,8.305001419610017,0.004725919748674351,False,0.004910332856914315,0.9624438681421996,1.615521989268481
ROT,357388128,ok,0.99341381,True,True,,0.9999999999999937,,196.3917331742286,111.28222657183855,,,,,6.830342276693288,0.006536735000290743,False,0.0032728160570827673,1.9972815111758153,1.0834858222261279
ROT,328859466,ok,0.99803782,False,False,rotation signal changed by more than 2x between halves,0.9999999999999907,,130.90610105103983,22.384610378998445,,,,,3.0820375256081114,0.0027123500538744688,False,0.0027109788881821773,1.000505782504714,3.3014718901827735
ROT,149175859,ok,0.99282461,True,True,,0.999999999999994,,63.255671779273435,96.06644286209747,,,,,6.085777397610552,0.005930365469809586,False,0.002281687376252644,2.5991139415205033,1.0560551349029845
ROT,102304478,ok,0.49752563,True,True,,0.999999999999982,,63.65346542678629,94.76473427141806,,,,,5.164037449698026,0.00485395692437851,False,0.009703852932576383,0.5002092424632181,1.0677450209058363
ROT,17201662,ok,0.82273829,True,True,,0.9999999999999795,,110.1070886181202,77.41819219520973,,,,,9.10972092933079,0.006993073679217094,False,0.0017039067532353875,4.104141066369158,1.843501907311961
ROT,273127131,ok,0.85962862,True,True,,0.9999999999999979,,93.82527656658043,78.61464309236615,,,,,5.385360767115952,0.0032659600671276694,False,0.00741990503002516,0.4401619769945485,0.6292724599873286
ROT,443994145,ok,0.96531332,True,True,,0.9999999999999981,,210.55451744862603,207.98389937631012,,,,,9.775611922664831,0.0062064555855171925,False,0.006700400187422195,0.9262813282657024,0.8191328355177426
ROT,375229344,ok,0.98465258,True,True,,0.9999999999999932,,51.55094567501554,52.72944228584375,,,,,2.051164610395341,0.0012896164169776871,False,0.0008995497675880386,1.4336243123440893,0.9686088776039665
ROT,231924855,ok,0.9905352,False,False,rotation signal changed by more than 2x between halves,0.9999999999999856,,34.52876603135838,83.48073087135919,,,,,8.73334741817852,0.004807846884436932,False,0.0010086113847181993,4.766798151678824,0.3991979179068925
ROT,307989476,ok,0.97534466,True,True,,0.9999999999999928,,48.1279354835027,28.869486653801964,,,,,12.151951072335674,0.011364799371743593,False,0.0007057826819984707,16.102406111132403,1.5610028475019988
ROT,231825008,ok,0.98556083,True,True,,0.9999999999999931,,148.03114121775366,63.54041418403277,,,,,15.733930687844452,0.016935265096075097,False,0.0030844715755417103,5.490491541683551,1.4271240638095384
ROT,350855752,ok,0.41003308,True,True,,0.9999999999999931,,47.261356500471024,34.83206429303723,,,,,6.760526401214226,0.0028603791629492076,False,0.002191878279856036,1.3049899664761857,1.2761060802102802
ROT,365929354,ok,0.99395055,True,True,,0.9999999999999855,,30.30990886725432,27.957220165919367,,,,,6.604221266425829,0.0035536946800144324,False,0.0009097834581928806,3.9060884741443864,1.107705168491845
ROT,60553461,ok,0.98365802,True,True,,0.9999999999999942,,83.75559907003213,65.03772774224751,,,,,6.069999373806695,0.0046066082285200725,False,0.0022674392689478653,2.031634668944243,1.613061725364477
ROT,193323680,ok,0.99832714,True,True,,0.9999999999999885,,53.2609969456723,81.37086748145933,,,,,4.019453998782667,0.003381736453212423,False,0.0010123454303462983,3.3404965852965964,0.5397690398506539
ROT,139226053,ok,0.95969778,True,False,signal source >= 1 TESS pixel from the target (likely a neighbouring star),0.9999999999999971,,17.757763627872745,17.39600257263194,,,,,23.165617851999382,0.020005862111838607,True,0.00041126272674727273,48.64496782888014,0.9780371672976345
ROT,352316122,ok,0.97877163,True,True,,0.9999999999999967,,179.4852921566789,165.7612332421914,,,,,6.559098059683535,0.0046145772551027045,False,0.004459576944440162,1.0347567297511895,1.4286208109338911
ROT,124078045,ok,0.99495268,True,True,,0.9999999999999798,,69.24583924414438,58.47392961220552,,,,,7.625086045081137,0.006457532246011572,False,0.0014741695731045718,4.380454164721456,1.5227003118412854
ROT,55650180,ok,0.95510948,True,False,signal source >= 1 TESS pixel from the target (likely a neighbouring star),0.9999999999999931,,19.0746041556816,17.153182760496538,,,,,74.00734642159473,0.09387102543725075,True,0.0006049573465608931,155.16965943284399,1.139862704665551
ROT,78288530,ok,0.99989265,True,True,,0.9999999999999958,,111.54275109323217,142.24731076759386,,,,,17.841648366833596,0.013075754854338054,False,0.004131426742726279,3.1649489797583876,1.1317702892438484
ROT,72653259,ok,0.99975675,False,False,rotation signal changed by more than 2x between halves,0.9999999999999899,,43.63281942206355,184.69925869409917,,,,,2.800976391046973,0.0025456765900021476,False,0.002100432668853267,1.2119772405710876,0.28422788587001857
ROT,231052617,ok,0.9991954,True,True,,0.9999999999999958,,97.55866454955142,73.99671984779633,,,,,6.443744896080881,0.005588094965619144,False,0.004227728947889448,1.3217722882657394,1.4323116354681957
ROT,251067554,ok,0.92787284,True,True,,0.9999999999999948,,86.02334623140143,83.4004646829252,,,,,6.6265204462836795,0.005152717711019551,False,0.0031398611991885115,1.6410654433868785,1.016483434422907
ROT,253434221,ok,0.82820368,True,True,,0.999999999999988,,57.411365784061616,81.78638191545745,,,,,7.996090399592211,0.003993807518443576,False,0.0019308690229617102,2.068398980432954,0.6962387404144595
ROT,35664974,ok,0.71525246,True,True,,0.9999999999999948,,235.7244278567605,297.5640561459673,,,,,8.01432381010867,0.0047652287224888325,False,0.03545210928853299,0.1344131228894228,0.903248549322525
ROT,323493308,ok,0.99541742,True,True,,0.9999999999999963,,45.33550429944868,73.27458353176175,,,,,7.776400259943413,0.004459571798271888,False,0.003430189008606424,1.3000950638821123,0.9044972903233429
ROT,140599471,ok,0.95175618,True,True,,0.9999999999999969,,193.2776856280291,122.80858084404026,,,,,7.754424463688794,0.00886235644973274,False,0.005046118076743795,1.7562721115419326,1.4885049634570104
ROT,168407408,ok,0.98060673,True,True,,0.999999999999998,,184.55183161557693,260.77025677898143,,,,,7.310663218181223,0.007185008362538072,False,0.006210983183948234,1.1568230262009283,0.6455606959412696
ROT,341197165,ok,0.9591949,True,True,,0.9999999999999906,,88.61410045864324,58.00540630517979,,,,,7.474665052799468,0.005774732901622436,False,0.002636675607761775,2.190156758238644,1.144983800695849
ROT,367600737,ok,0.99628651,True,True,,0.9999999999999766,,59.16553247959333,65.43943874658238,,,,,6.280455212134182,0.006387763905154686,False,0.0012829421240430276,4.978996156915065,1.1367450519814584
ROT,204545527,ok,0.99958843,False,False,rotation signal changed by more than 2x between halves,0.9999999999999971,,57.35144141533633,18.30393139935132,,,,,3.585245820256312,0.004236958530197741,False,0.0005375931125044378,7.8813482383719435,2.7969075052857786
ROT,345034792,ok,0.98956215,True,True,,0.9999999999999876,,45.38232584313831,75.629421680637,,,,,35.950474359528926,0.032758492036973196,False,0.002097570954267295,15.617346326392141,0.8363022300061718
ROT,436778406,ok,0.99802327,True,True,,0.9999999999999923,,144.72951652945747,119.19364592243863,,,,,14.518527226930855,0.007941003778790394,False,0.0029535039619772224,2.688672126742058,1.757741718848802
ROT,184612991,ok,0.99567789,True,True,,0.9999999999999962,,95.25333771842246,169.4012916098952,,,,,60.95451606410913,0.06580538228789175,False,0.0042492911196800555,15.48620238870489,0.5608479285582395
ROT,142755976,ok,0.93412626,True,False,signal source >= 1 TESS pixel from the target (likely a neighbouring star),0.9999999999999902,,78.67312960586358,51.691815815198865,,,,,64.19205770783158,0.05072203711463131,True,0.0016541376029938118,30.663735001749465,1.6652657507267297
ROT,425046718,ok,0.95636779,False,False,rotation signal changed by more than 2x between halves,0.9999999999999847,,23.074050653920132,69.87960124458874,,,,,14.253810756822277,0.011276650622833242,False,0.0012031575382041068,9.372547039571673,0.32243847151573046
ROT,206626307,ok,0.99342769,True,True,,0.9999999999999815,,50.33456523793342,60.88038072017845,,,,,7.356227703070981,0.005187802592695888,False,0.0008079382209960705,6.421038710484671,0.6731144126426594
ROT,56558989,ok,0.99541306,False,False,rotation signal changed by more than 2x between halves; signal source >= 1 TESS pixel from the target (likely a neighbouring star),0.9999999999999896,,83.1043668148804,23.476618904215677,,,,,75.19177706781636,0.06602047163512048,True,0.0008631976951419014,76.4836050961273,3.7472828641845277
ROT,51578015,ok,0.63494664,True,True,,0.9999999999999795,,165.36851914397232,166.59913191342835,,,,,11.711676867204245,0.01005434859092974,False,0.011700554991565923,0.859305272115484,1.1180715314327239
ROT,369767527,ok,0.97602582,True,True,,0.9999999999999949,,99.19157391899401,87.41962522059171,,,,,5.299273958423589,0.0039048960141208748,False,0.0031883743776118727,1.2247294550916836,1.1859202610296113
ROT,285050200,ok,0.99913746,True,True,,0.9999999999999846,,80.18800359179522,64.15895794521502,,,,,14.290234403981474,0.011700909876701563,False,0.0018185599609508581,6.434162264621501,1.3528055465645858
ROT,3811238,ok,0.50809616,True,True,,0.9999999999999887,,90.01098804691597,101.09046422013454,,,,,6.408859093532586,0.0077048481501231815,False,0.007735686036452774,0.9960135550765277,0.8196315220084338
ROT,154304782,ok,0.44900814,True,True,,0.9999999999999873,,46.98914845260187,68.14886517353565,,,,,6.041115460517363,0.005279542317685812,False,0.0018582410986432171,2.841150333797178,0.6928219467787438
ROT,1199142,ok,0.99596542,True,True,,0.9999999999999855,,40.90495354858607,44.80367795056876,,,,,4.694263478517826,0.0030776145178873855,False,0.0008476097047324727,3.630933554328238,0.898149465431302
ROT,4579177,ok,0.86907524,True,True,,0.9999999999999964,,17.860049062486684,20.30917482758851,,,,,10.488084028259646,0.004618492308914595,False,0.00028042352270914503,16.469703626485323,0.8941252446172784
ROT,283894291,ok,0.98646581,False,False,rotation signal changed by more than 2x between halves,0.9999999999999981,,526.1227548199836,244.31343982673033,,,,,12.864744622516747,0.012885285025888139,False,0.006944164898977846,1.8555557382839227,2.100136735578419
ROT,446176120,ok,0.99886614,True,True,,0.9999999999999963,,225.2289484768947,268.997818104227,,,,,11.361682650171776,0.008322034809104841,False,0.009001443426003716,0.9245222588483784,1.223536911264561
ROT,35229937,ok,0.99833775,True,True,,0.9999999999999932,,54.84230985655042,101.08828378340701,,,,,5.757405335917891,0.0031559306031521506,False,0.003143320158954897,1.0040118230277395,0.5171161161832533
ROT,99090736,ok,0.99925762,True,True,,0.9999999999999941,,91.96022241630797,78.58267014126938,,,,,11.780266087556575,0.01090652660566378,False,0.0027916242312187476,3.906874887993892,0.9982984124123172
ROT,453128833,ok,0.9977482,True,True,,0.9999999999999852,,92.98866843561325,80.2146017420063,,,,,9.488165866795812,0.005220850540491434,False,0.001266970227287226,4.120736563533984,1.8018609297037047
ROT,160703933,ok,0.65598172,True,True,,0.9999999999999958,,157.41832251136123,191.14471782561148,,,,,26.881498535960404,0.010912828607674875,False,0.04347998017401909,0.2509851330198098,1.4712708874035614
ROT,53569840,ok,0.62576354,True,True,,0.9999999999999915,,44.81772711994904,87.29814705327252,,,,,3.309732528883197,0.0019614536406891347,False,0.0023975918760009663,0.8180932127450803,0.5257257623358582
ROT,411607470,ok,0.99841768,True,True,,0.999999999999996,,14.79598571970639,23.013768077102196,,,,,6.554403110728358,0.007248638234108869,False,0.00041546077231738386,17.447226590556188,0.6684793755166095
ROT,121357059,ok,0.98596829,True,True,,0.999999999999991,,83.86549981047098,82.71680493284066,,,,,7.900176088231751,0.006414236404513876,False,0.002728453980340278,2.3508684591095528,1.5819039644393882
ROT,165553836,ok,0.9950996,True,True,,0.9999999999999817,,27.1607594121743,32.81255643796534,,,,,7.143170450504865,0.007489777195489341,False,0.001410433589150999,5.310265760189221,0.7876686192949317
ROT,403209357,ok,0.71453732,True,True,,0.999999999999989,,33.24022846044481,54.578229210687404,,,,,12.523332468386366,0.006434721384912091,False,0.0014553478266375111,4.421431954022363,0.5666847152433707
ROT,284240036,ok,0.9917413,True,True,,0.999999999999995,,85.95157771408806,76.61263277455552,,,,,8.607529406410462,0.005660618430123556,False,0.0031716744941462072,1.7847412906245774,1.0374943833588275
ROT,144480741,ok,0.92845231,True,False,signal source >= 1 TESS pixel from the target (likely a neighbouring star),0.9999999999999918,,75.16197980747664,87.95915953375994,,,,,85.24726306553856,0.06624050936716538,True,0.0025585085435601827,25.890282654671633,0.6552297224114064
ROT,206435788,ok,0.99454969,False,False,rotation signal changed by more than 2x between halves,0.9999999999999842,,82.71793450921335,34.03764776000349,,,,,4.289992868746668,0.0032656016015833846,False,0.00167517980723737,1.9494036326577178,2.4431939912774268
ROT,307210790,ok,0.96154112,True,True,,0.9999999999999888,,64.99040879391326,86.65195253272758,,,,,10.361205220886351,0.006480839562810156,False,0.0023747513041652963,2.729060323682236,0.938422309409756
ROT,154904497,ok,0.99868923,True,True,,0.999999999999997,,60.440071650747605,69.80767327527049,,,,,8.67067989615725,0.007457810198641032,False,0.005357369140572816,1.3920657701484491,0.9724384464248533
ROT,209458677,ok,0.97763884,False,False,rotation signal changed by more than 2x between halves; signal source >= 1 TESS pixel from the target (likely a neighbouring star),0.9999999999999903,,22.81858194216683,82.74144112674398,,,,,72.72268660145515,0.10101830653594929,True,0.001626928256843669,62.0914328035155,0.31596680906134306
ROT,237915249,ok,0.99960017,True,True,,0.9999999999999822,,54.84901179545306,54.09560224474897,,,,,21.052695878438797,0.02401516016693749,False,0.0013471743162986928,17.82631978385557,0.950825739967857
ROT,440689443,ok,0.97990632,False,False,rotation signal changed by more than 2x between halves,0.9999999999999968,,24.563249198074175,84.1693884973975,,,,,4.0579995277824175,0.003798904297430816,False,0.003991313271685163,0.9517930663024328,0.26024793550979697
ROT,431476096,ok,0.99919212,True,True,,0.9999999999999916,,63.80760837325345,61.81095229821641,,,,,14.517247836968757,0.007427768050221494,False,0.0007356820772159437,10.096437415371792,1.5887913709745285
ROT,90953729,ok,0.99134785,True,True,,0.9999999999999979,,23.22404942669933,39.00678911119838,,,,,11.24880777929784,0.007607142594826203,False,0.0005795179940377729,13.126671946497611,0.5971828036470049
ROT,297961481,ok,0.99913305,True,True,,0.999999999999985,,94.07374505851175,58.87442271739245,,,,,1.4646377722621016,0.001132797766916914,False,0.0015749931844646877,0.7192397897911742,1.676583327561196
ROT,45499983,ok,0.96436709,False,False,rotation signal changed by more than 2x between halves,0.9999999999999946,,227.4151023588812,75.36711603228797,,,,,7.53849916547628,0.004028503707210246,False,0.0037784756399425585,1.0661716763830953,2.3471553273902983
ROT,161024760,ok,0.91810024,True,True,,0.9999999999999909,,46.38221551012345,49.962115751491496,,,,,3.8490417721321766,0.002770939918449345,False,0.0009614757121405783,2.8819655904570607,0.8924391312582121
ROT,346720608,ok,0.99479812,False,False,rotation signal changed by more than 2x between halves,0.9999999999999953,,21.967837874898244,7.035093640087835,,,,,4.472095741514907,0.0032244587889351264,False,0.0002821733542256701,11.427226350920233,3.182592664526316
ROT,416043401,ok,0.97471237,False,False,rotation signal changed by more than 2x between halves,0.9999999999999977,,64.61059991358896,118.53165731050215,,,,,49.133871020377896,0.050378770283489645,False,0.00474322484752917,10.621206437163282,0.4994288563270746
ROT,424731749,ok,0.99960947,True,True,,0.9999999999999967,,117.71269724122324,144.7453802365512,,,,,5.649579000435022,0.005209510777863696,False,0.005157607152677521,1.0100635088423184,0.7940374338983351
ROT,267063175,ok,0.99868232,False,False,rotation signal changed by more than 2x between halves,0.9999999999999889,,20.078654153516375,59.11484617553283,,,,,7.4648098256852515,0.008000269652598854,False,0.0008548630411251103,9.358539634687522,0.3088780706163606
ROT,277894906,ok,0.99659956,True,True,,0.9999999999999966,,97.12192298062496,88.62338733136303,,,,,56.48910852380649,0.04358029777333954,False,0.004605312697380739,9.463048578248712,1.0405749952095629
ROT,202903825,ok,0.9789173,False,False,rotation signal changed by more than 2x between halves; signal source >= 1 TESS pixel from the target (likely a neighbouring star),0.9999999999999951,,15.939202713555455,37.125573795591514,,,,,50.09487739211255,0.0524568444564025,True,0.000733185676296269,71.54646653954202,0.3441963591981864
ROT,56187039,ok,0.75284767,True,True,,0.999999999999996,,50.910530016322845,108.38597561861155,,,,,43.34590065771114,0.01657209377294152,False,0.0037916765039976647,4.3706507544800095,0.5843628134745891
ROT,99389689,ok,0.92602938,False,False,rotation signal changed by more than 2x between halves,0.9999999999999881,,50.38300451995738,108.94916972540176,,,,,3.0402419735679302,0.002238092507746593,False,0.002048267493738702,1.0926758905212148,0.44009821984708636
ROT,16989530,ok,0.97549266,True,True,,0.9999999999999878,,59.5335146586185,57.68037088952487,,,,,4.898252576546626,0.0059075596871201235,False,0.0016979857420251307,3.479157416289241,1.0954202258873156
ROT,281703663,ok,0.99461949,True,True,,0.9999999999999851,,136.9218991064987,155.5991406886071,,,,,5.5782629669873645,0.006393320727374419,False,0.008606470918036738,0.7428504422150337,1.201336354556072
ROT,130376100,ok,0.97521317,True,True,,0.9999999999999981,,279.92879942681833,164.52394733507532,,,,,5.331096560295836,0.0028805313012152307,False,0.006803418899051668,0.4233946702321607,1.3184355284908835
ROT,372611670,ok,0.9848035,True,True,,0.9999999999999981,,191.05275479566285,137.03820062100456,,,,,18.311298621312854,0.011394777289657206,False,0.007312321700197624,1.558298137970222,0.9747906993142327
ROT,290557635,ok,0.99136996,False,False,rotation signal changed by more than 2x between halves,0.9999999999999896,,72.28379298645163,34.19503106989292,,,,,3.507613704241757,0.002766759390125085,False,0.0020645232099741045,1.3401444831224683,2.2846178217891566
ROT,102779733,ok,0.99177051,True,True,,0.999999999999981,,71.90947452947462,66.40464559844267,,,,,8.828795806211192,0.008847224803292359,False,0.0013242025426790037,6.6811718888512885,1.2775562646898084
ROT,142205558,ok,0.99006146,True,True,,0.9999999999999986,,259.4429415236972,209.28814857178307,,,,,7.719323545127334,0.005286370982281765,False,0.008042486388138582,0.6573055554160888,1.5547776741479078
