kind,f000,f001,f002,f003,f004,f005,f006,f007,f008,f009,f010,f011,f012,f013,f014,f015,f016,f017,f018,f019,f020,f021,f022,f023,f024,f025,f026,f027,f028,f029,f030,f031,f032,f033,f034,f035,f036,f037,f038,f039,f040,f041,f042,f043,f044,f045,f046,f047,f048,f049,f050,f051,f052,f053,f054,f055,f056,f057,f058,f059,f060,f061,f062,f063,f064,f065,f066,f067,f068,f069,f070,f071,f072,f073,f074,f075,f076,f077,f078,f079,f080,f081,f082,f083,f084,f085,f086,f087,f088,f089,f090,f091,f092,f093,f094,f095,f096,f097,f098,f099,f100,f101,f102,f103,f104,f105,f106,f107,f108,f109,f110,f111,f112,f113,f114,f115,f116,f117,f118,f119,f120,f121,f122,f123,f124,f125,f126,f127,f128,f129,f130,f131,f132,f133,f134,f135,f136,f137,f138,f139,f140,f141,f142,f143,f144,f145,f146,f147,f148,f149,f150,f151,f152,f153,f154,f155,f156,f157,f158,f159,f160,f161,f162,f163,f164,f165,f166,f167,f168,f169,f170,f171,f172,f173,f174,f175,f176,f177,f178,f179,f180,f181,f182,f183,f184,f185,f186,f187,f188,f189,f190,f191,f192,f193,f194,f195,f196,f197,f198,f199
GDOR,2.858003e-05,0.0001754798,0.0001105732,0.0001922825,0.0001401872,0.0001838555,0.0001926573,-6.817022e-06,-0.0001176723,-0.0001152035,-0.0001695552,-0.0001365297,-9.990219e-05,0.000120975,8.603814e-05,0.0001959193,0.0001471583,0.000189604,0.0001402536,-6.467223e-06,2.873104e-05,9.107957e-05,0.0001885245,0.0001153072,0.0001340263,0.0001176335,0.0001615462,-8.544081e-05,-0.0001402022,-4.759078e-05,0.0002114547,-9.254697e-08,-3.554332e-05,5.829618e-05,0.0001886579,0.0001066667,0.0001797952,0.000253521,0.0004312597,0.0003581498,0.0004172961,0.0002466167,0.0003249487,0.0001897542,-1.332858e-05,-6.578049e-05,-0.0001338049,-0.0001692465,-0.0001629289,-0.0001090106,4.937456e-05,8.51795e-05,-3.924445e-05,0.0001426403,6.504262e-05,0.0001398775,9.560677e-05,5.624587e-05,0.0002212246,0.000122093,-0.0001121788,-3.798055e-06,-0.0001179357,-0.0002299821,-8.093189e-05,-5.472339e-05,0.0001406691,0.0003721176,0.0002365981,0.0001437859,-0.0001207157,-0.000147634,-0.0002820006,-0.00018885,-0.0002110851,5.748845e-05,0.0001267625,0.0002074858,2.20422e-05,4.531239e-06,-0.0001330469,-0.0002826325,-4.199617e-05,0.0001591595,9.025966e-05,0.0002227545,0.00019252,0.0002247218,0.0002469568,0.0002457458,-2.009812e-05,9.857613e-05,0.0001582466,4.130001e-05,3.562532e-06,-0.0001161477,3.5698e-05,1.856755e-05,-5.779649e-07,6.870341e-05,0.0002480395,0.0002205443,0.0001925458,0.0001585928,0.0002230591,0.0001019185,-2.598211e-05,3.558365e-05,-5.76605e-05,-7.482331e-05,-0.0001009873,-1.010758e-06,-9.482984e-05,5.987789e-05,8.494338e-05,7.674866e-05,0.0001624517,0.0002258953,0.0001725286,0.0001263792,0.0001195834,0.0003063674,0.0002127217,4.587608e-05,-8.066439e-06,-2.053956e-05,-0.0001225086,-0.0002209053,-0.0001853195,-5.846156e-05,-6.007568e-05,-0.000113534,-0.0001741689,-6.185077e-05,4.253442e-06,-4.934599e-05,-5.790537e-06,0.0001617827,0.0001952887,0.0002073627,5.938793e-05,4.891525e-05,3.590565e-05,-0.0001247254,-0.0002487163,-0.000129877,-1.994543e-05,-2.901418e-05,6.881847e-05,4.057186e-05,0.0001718372,0.0001818504,0.0001343219,4.717264e-05,6.664322e-05,2.153441e-05,-4.706285e-06,-0.0002888097,3.966817e-05,7.345465e-05,0.0001460622,-0.0001736187,0.0002145429,4.218627e-05,1.235886e-05,-6.489618e-05,6.526376e-05,0.0001311541,0.000135193,0.0001937086,0.0002741704,0.0003080553,0.00037731,0.0002922688,0.0001004089,0.0001092743,-0.0002073487,-0.0002469465,-8.971081e-05,7.903693e-06,8.403426e-05,1.25811e-05,0.0002499754,0.0003267725,0.0002942359,0.0001427714,0.0001040846,7.617796e-05,0.0001052504,4.223136e-05,-3.378163e-05,-1.596934e-05,8.006129e-05,2.208716e-05,-0.0001200619,-7.657315e-05,-7.033932e-05,-0.0001075523,-0.0001432177,-6.288856e-05
GDOR,-0.0007372667,-0.001081862,-0.0009383805,-0.001128608,-0.001159638,-0.001054921,-0.001405241,-0.001422572,-0.001600081,-0.001359935,-0.001402987,-0.001630468,-0.001396394,-0.001920182,-0.001509305,-0.001983922,-0.001743909,-0.001853036,-0.00217206,-0.001741906,-0.002178363,-0.001977751,-0.002197805,-0.002242405,-0.002275531,-0.002536046,-0.002157957,-0.002552787,-0.002314904,-0.002405529,-0.002615798,-0.0023534,-0.002673321,-0.002333751,-0.00276072,-0.002478827,-0.00239415,-0.002614081,-0.002302252,-0.002621682,-0.002373749,-0.002863809,-0.002600166,-0.002363197,-0.002691815,-0.002527245,-0.002718143,-0.002380543,-0.002672574,-0.003003333,-0.002769705,-0.002811568,-0.002397711,-0.002468123,-0.002338164,-0.002408922,-0.002562772,-0.002312225,-0.002560424,-0.00227505,-0.002284785,-0.002151646,-0.002102746,-0.002241574,-0.00199891,-0.002218078,-0.001835363,-0.002056901,-0.001790088,-0.001905277,-0.001952113,-0.001445513,-0.001686219,-0.001474943,-0.001424187,-0.001340434,-0.001068146,-0.001279133,-0.001045815,-0.0009920897,-0.0009274817,-0.0006576562,-0.000703187,-0.0006424403,-0.000590296,-0.0005729676,-0.0004551155,-0.0001464412,-0.0001908846,4.697397e-06,-7.180883e-05,0.0003550611,0.0003976502,0.0003282638,0.0003736151,0.0005219259,0.000822641,0.0008464131,0.0009048271,0.001029042,0.001038586,0.001451066,0.001285242,0.00168697,0.001672935,0.001741763,0.001877313,0.001745399,0.002064563,0.001956671,0.002311723,0.002418751,0.00226843,0.002533107,0.002127496,0.002535854,0.002094852,0.002412212,0.003090221,0.002644738,0.003030905,0.002632778,0.00324265,0.003101485,0.002909229,0.00319888,0.003072923,0.003528229,0.002874068,0.003245261,0.003464212,0.003121257,0.003570551,0.0031363,0.003613493,0.003064357,0.00348865,0.00366768,0.003263618,0.003484075,0.003206929,0.003493829,0.003471492,0.003139892,0.003515478,0.002834687,0.003505758,0.003105835,0.003424147,0.003175897,0.003068533,0.003154688,0.00272319,0.003170284,0.002929768,0.002856061,0.002963246,0.002749375,0.002855942,0.00246511,0.002486281,0.002473317,0.002197074,0.00221444,0.002132467,0.002016502,0.001842506,0.001746823,0.001490815,0.001630038,0.001489808,0.001282377,0.001346202,0.0008612287,0.001019137,0.001078908,0.0008823583,0.0008972472,0.0007707298,0.0007707301,0.0007243183,0.0004350185,0.0003232684,0.0002033867,0.0001276781,0.0001141616,0.0002441336,0.0001179371,4.024631e-05,-0.0003282369,-0.0001261074,-0.0005199867,-0.0003674486,-0.000385863,-0.0007978118,-0.0007166315,-0.0007538099,-0.0007955509,-0.0009146897,-0.0009241231
GDOR,3.958387e-05,0.0001577411,6.384034e-05,-5.948403e-05,0.0002588508,-0.0003424204,-0.0001072298,5.086471e-05,-0.0002571548,-9.901111e-05,-0.0002094167,-0.0002907798,-0.0001467423,-0.000110028,-0.0005729629,-0.0001778571,-0.0002675139,-0.0005456574,-0.0003512008,-0.0003427383,-0.0006730437,-0.0004779682,-0.00046164,-0.0006385124,-0.0003373824,-0.0006344518,-0.0007172768,-0.0004653023,-0.0006136984,-0.0007791358,-0.0005717911,-0.0006747007,-0.0008874998,-0.0006321833,-0.0009315777,-0.0007614216,-0.0006456568,-0.0009026599,-0.0008492731,-0.0006571946,-0.0008982271,-0.0008124873,-0.000500767,-0.001007309,-0.0007380343,-0.0007323381,-0.001099797,-0.0007192191,-0.0005972557,-0.001137263,-0.0006643577,-0.0008578672,-0.0008902674,-0.000728209,-0.0008124859,-0.0009116719,-0.00058831,-0.0009494546,-0.000843084,-0.0003574919,-0.000930073,-0.0008733902,-0.0002873887,-0.0008233373,-0.0008307078,-0.0003573713,-0.0009742897,-0.0004802741,-0.0003222551,-0.0008593909,-0.0005540859,-0.000406691,-0.0005077826,-0.000474317,-0.0003476163,-0.0004971055,-0.000307163,-0.0003928871,-0.0003658552,-0.0001233391,-0.0003319598,-0.0003653134,2.074036e-05,-0.000106141,-0.0003205879,9.099658e-05,-0.0001387006,-2.197002e-06,0.0001344776,8.830034e-05,9.241902e-05,0.0003634224,0.0001463625,0.0001053868,0.000450327,0.0002955215,0.0003430028,0.0003512041,0.0002404304,0.0005861337,0.000526322,0.00037815,0.0005883218,0.0007023092,0.0004831172,0.000783858,0.000655964,0.0006423877,0.0008148611,0.0006761253,0.0006310485,0.0008119925,0.0008132465,0.0006558154,0.0009031323,0.00094215,0.0007043553,0.0008786757,0.0007029764,0.0009447623,0.0009340586,0.0008319886,0.0007736275,0.001001959,0.0008995736,0.0008222683,0.001079381,0.0008327923,0.0008035322,0.0009509232,0.0008685985,0.0008994776,0.0009496139,0.000707947,0.0009558339,0.0009144613,0.0007305566,0.0009174806,0.000898295,0.000690573,0.001041234,0.000863905,0.0006502077,0.00104375,0.0008490409,0.0009077466,0.0008234328,0.0008479687,0.0006922388,0.0008626544,0.000595601,0.0008153753,0.0008529458,0.0005883404,0.0007753326,0.0008797075,0.0006940327,0.000854822,0.0009955232,0.0005475183,0.0009615816,0.0008027873,0.000573558,0.001036306,0.0008020035,0.0007513858,0.0008296286,0.0008181701,0.0003869836,0.0009132271,0.000539833,0.0006928462,0.0009155609,0.0004405088,0.0006389397,0.0008411148,0.0004697361,0.0006992161,0.0008074485,0.0004576522,0.0007683398,0.0006722445,0.0004118516,0.0005287798,0.0005965146,0.0001888945,0.000520722,0.0005411324,0.000208413,0.0004480806,0.0003731092,0.0001793182,0.0005712518,0.0001859621,7.832409e-05,0.0004148607,6.699864e-05,-4.746941e-05,0.0004144173,1.034003e-05
GDOR,-0.00231744,-0.002298754,-0.002093912,-0.002104994,-0.001946158,-0.001925244,-0.001797402,-0.001613189,-0.001634569,-0.001215284,-0.001233803,-0.001082656,-0.0010282,-0.0008194337,-0.0008374332,-0.000633341,-0.0005779282,-0.0003718472,-0.0003144507,1.459434e-05,-4.089042e-05,0.0002560724,0.000555268,0.0005225112,0.0008281391,0.000788678,0.0007415852,0.001242236,0.001119297,0.001163792,0.001391763,0.001516521,0.001518882,0.001179692,0.0013639,0.001445639,0.001667151,0.001813105,0.00171177,0.002019629,0.002021218,0.002099881,0.002186945,0.002010141,0.00226937,0.002321252,0.00231292,0.002375588,0.002240267,0.002325075,0.002371446,0.002334589,0.002421397,0.002250822,0.002188118,0.002295407,0.00225234,0.002215279,0.002307325,0.002270751,0.002133669,0.002254684,0.00208363,0.001876981,0.002181317,0.001644367,0.0017936,0.001842064,0.001616286,0.001651742,0.001668861,0.001493529,0.001609345,0.001344731,0.001075634,0.00102774,0.001084062,0.001111046,0.0008747604,0.0009550095,0.0009135859,0.0006303545,0.0006873451,0.0004241992,0.0007058185,0.000454656,0.0005115777,0.0003733039,0.0004521066,0.0003506105,0.0002103919,0.0004241751,6.464219e-05,0.0001813106,0.0001519457,0.0002369199,0.000244829,0.0001909105,7.921964e-05,0.0003182793,0.0002466999,0.0003153274,0.0001854289,0.0002120976,0.0002023949,0.0003473682,0.0003736964,0.00042338,0.0006131509,0.0005721854,0.0005793112,0.0008228108,0.0007271435,0.0008831533,0.0008782308,0.0009139247,0.0008525767,0.000764523,0.0007449057,0.0007563879,0.0007980581,0.0009139792,0.0007897621,0.0007192945,0.000802408,0.0009106855,0.0005219551,0.0005957786,0.0004963296,0.000516822,0.0005363473,0.0004742975,0.0004657739,0.0004200342,0.0001516077,0.000151241,0.0002913496,-0.000151868,7.126314e-05,-6.885274e-05,5.081097e-05,-0.0002000798,-0.0001806028,-0.0003127747,-0.0001545807,-0.0004474587,-0.0005861794,-0.000691423,-0.000697864,-0.000742027,-0.0009528386,-0.001074401,-0.001113443,-0.001144447,-0.001242234,-0.001372157,-0.001529094,-0.001484677,-0.001849082,-0.001699083,-0.001913692,-0.001934322,-0.001875187,-0.002123517,-0.002241347,-0.002515806,-0.002363693,-0.002486293,-0.00241045,-0.002559948,-0.002564224,-0.002634763,-0.002853342,-0.002841905,-0.002956729,-0.003030982,-0.00280426,-0.003008066,-0.003056082,-0.003189866,-0.003103778,-0.003059425,-0.003067695,-0.003129056,-0.003089357,-0.003123504,-0.003283114,-0.002963211,-0.00308903,-0.003070655,-0.003114155,-0.003012432,-0.003087241,-0.002767482,-0.002692617,-0.002785946,-0.002663095,-0.002573081,-0.002486774,-0.002330471
GDOR,-0.007733104,-0.008070729,-0.007908433,-0.007905989,-0.007645736,-0.007574234,-0.007648896,-0.007702328,-0.007710828,-0.007500557,-0.007524115,-0.007350302,-0.007381352,-0.007195747,-0.007296034,-0.007124551,-0.006894066,-0.006886789,-0.00667973,-0.006739226,-0.006751372,-0.006522641,-0.006191886,-0.005949826,-0.005992879,-0.00583072,-0.005708243,-0.005554778,-0.005332587,-0.00496473,-0.004911558,-0.004593799,-0.004625693,-0.004313596,-0.004046882,-0.003726322,-0.003354266,-0.003241714,-0.003047553,-0.002851567,-0.002552284,-0.002143523,-0.001829451,-0.001725883,-0.001352458,-0.001303317,-0.0009495706,-0.0005037018,-0.0001471905,0.0003198381,0.0003606146,0.0005503925,0.0006999784,0.001247811,0.001790252,0.001981604,0.002272562,0.002554868,0.002634912,0.003065954,0.003556589,0.003984808,0.004321997,0.004412852,0.00466348,0.004850943,0.005308744,0.006051821,0.006168147,0.006165609,0.006561608,0.006719727,0.007053192,0.007630855,0.007899276,0.007904862,0.008155257,0.008057405,0.008634362,0.008981922,0.00925722,0.009315476,0.009258458,0.009711302,0.009802134,0.01011543,0.01027133,0.01043923,0.01066216,0.01046686,0.01067938,0.01112206,0.01109124,0.01138872,0.01128561,0.01114545,0.01133454,0.01142838,0.01154505,0.01158094,0.01139423,0.01129142,0.01130915,0.01133801,0.01164473,0.01142701,0.0114272,0.01110886,0.01087109,0.01101296,0.01086114,0.01081552,0.01075557,0.01010738,0.01024929,0.01013678,0.01007608,0.009796049,0.009675608,0.009204153,0.008761562,0.008400143,0.008458518,0.00819546,0.007819083,0.007668164,0.006961651,0.006997765,0.006468427,0.006515567,0.006134187,0.005711936,0.0053601,0.004904163,0.004573495,0.00449627,0.004128216,0.003715195,0.00350482,0.002912704,0.002822335,0.002398922,0.002390172,0.001874242,0.001436154,0.001110658,0.000597888,0.0005420918,0.0001943046,-2.861375e-05,-0.0004552605,-0.0008284926,-0.001204411,-0.001352634,-0.001690581,-0.001830005,-0.002180435,-0.002668411,-0.002796163,-0.003217819,-0.003496523,-0.003792522,-0.004090211,-0.004347842,-0.00464595,-0.004837131,-0.005218476,-0.00511375,-0.00523312,-0.005195723,-0.005477736,-0.005535371,-0.005597767,-0.005715906,-0.005764192,-0.005994595,-0.006165862,-0.006430703,-0.006401772,-0.00662637,-0.006498859,-0.006817066,-0.006884254,-0.007190765,-0.007162888,-0.007113924,-0.007224843,-0.007189731,-0.007501459,-0.007576762,-0.007706431,-0.007548254,-0.007550709,-0.007563519,-0.007807639,-0.007904702,-0.007846434,-0.007872262,-0.007781092,-0.007821182
GDOR,3.129068e-05,-4.070674e-05,-2.82394e-05,0.0002304567,-8.606112e-05,-7.854922e-06,-0.0001061902,0.0001094394,1.189702e-05,-0.0002045552,9.445068e-06,-4.525027e-05,3.394713e-05,2.49944e-05,7.107117e-05,1.319562e-05,-3.612499e-05,0.0001340587,-9.58165e-05,3.679211e-05,7.865909e-05,-5.1742e-05,7.131408e-05,-0.0001478852,-1.417697e-05,-4.587111e-05,4.264876e-05,3.280205e-05,-2.608154e-05,9.059839e-05,2.473645e-05,0.0001963978,0.0001516897,0.000128176,0.0001088182,-7.207227e-06,8.510979e-05,6.160499e-05,8.09246e-05,0.000190163,6.06867e-05,0.0001659749,5.110722e-05,0.0001902389,0.0001665583,0.0001058393,0.0003502883,9.164233e-05,0.0001996871,3.422006e-05,8.250229e-05,0.000220294,0.0001244638,-3.446599e-05,0.0001057817,7.332712e-05,8.710217e-05,4.263435e-05,6.600008e-05,1.486742e-05,-9.675717e-05,7.917496e-05,-4.964077e-05,0.0001144942,8.041627e-05,0.0001321679,4.364955e-05,0.0001100299,-6.995303e-05,-0.0001244779,6.768919e-05,-4.015074e-05,-4.586061e-05,9.405999e-05,6.577533e-05,0.0001081834,3.742573e-05,-1.165734e-05,0.0001300247,1.419975e-05,0.0002715393,0.0001264869,0.000134927,0.0001011809,8.884309e-05,0.0001227413,5.303977e-05,0.0001685891,0.0001156648,6.378344e-06,0.0001693816,0.0001267909,0.0002229456,0.0002320895,-4.107254e-06,8.580586e-05,8.134007e-05,0.0001166605,-2.532776e-05,0.0003324761,4.668283e-05,0.0001224362,0.0001581417,2.72515e-05,0.0001928377,3.492846e-05,8.289039e-05,7.201305e-05,3.950865e-05,5.710838e-05,1.448143e-05,-3.620879e-05,1.030726e-05,-8.420858e-05,7.554133e-05,-6.584515e-05,2.58286e-05,-8.118089e-07,-9.728275e-05,8.338767e-05,-6.203626e-05,0.0001526396,-0.0001077522,-1.909792e-05,-0.0001328252,-0.0001561873,-7.962451e-05,-0.0001155641,1.020569e-05,-2.311933e-05,-2.299767e-05,-9.378322e-05,-0.0001474623,-6.092855e-05,-0.0001802002,2.559284e-05,-0.0001537588,-5.273984e-05,-6.464466e-05,-0.000168971,-0.0002352861,-0.0001087261,-0.0002845028,1.657854e-05,-0.0001912189,-8.71967e-05,-0.0002603379,-0.0002528574,-0.0001342224,-5.294879e-05,-0.0001930685,-0.0002824644,-1.717004e-05,-7.484747e-05,-0.0001342252,-0.0001627934,-0.0003230126,-0.0001021907,-0.0001811385,-0.0001823312,-0.0003091721,-0.0002877693,-0.0001231965,-0.0002806807,-0.0001620198,-0.0002690685,-0.0002887842,-4.581457e-05,-0.0001237141,-8.138486e-05,-0.0002251226,-0.0002220866,-5.400918e-05,-0.0001972106,-0.0001079428,-0.0001239674,-0.0001781211,-0.0001087147,-0.0002812129,-0.0001974083,-0.0001276845,-1.818895e-05,-0.0002668806,-3.893244e-06,-0.0001100593,-0.0002512755,-9.990416e-05,-0.0001194732,-0.0002307903,-0.0002680331,-0.0001383408,-0.0001351452,-0.0003638019,-8.918173e-05,-0.0002854476,-9.132991e-05,-0.0001999994,-0.0002324152,-0.0001239167,-0.0002473164
GDOR,0.00621592,0.006513606,0.005425574,0.005204472,0.003976187,0.003982779,0.003696285,0.003406212,0.002629419,0.002387607,0.002071481,0.001330072,0.001183111,0.0006763896,0.0004995113,9.953784e-05,-0.0001800932,-0.0008708722,-0.0006720953,-0.001069571,-0.00156747,-0.001487321,-0.002379787,-0.002259399,-0.002648506,-0.002655423,-0.003136527,-0.003139652,-0.004010622,-0.003894705,-0.004295901,-0.004300169,-0.004395561,-0.005134333,-0.004854808,-0.005574579,-0.005320854,-0.005530806,-0.005568598,-0.005836987,-0.006163884,-0.006441643,-0.006523877,-0.006522815,-0.007084209,-0.006499435,-0.007190075,-0.006976311,-0.007522222,-0.007245924,-0.00765712,-0.007380773,-0.00748649,-0.007854064,-0.007864951,-0.008367547,-0.007746739,-0.008096308,-0.00792584,-0.008810251,-0.007716917,-0.00833731,-0.007980907,-0.008470585,-0.008137783,-0.00854292,-0.008710487,-0.007948866,-0.008619659,-0.008198448,-0.008928565,-0.007854954,-0.009344865,-0.008183873,-0.007982495,-0.008260688,-0.008067464,-0.007636426,-0.007655669,-0.008032023,-0.007331431,-0.007381392,-0.007584396,-0.007557713,-0.007004666,-0.007535748,-0.007004398,-0.006923309,-0.006821776,-0.006449394,-0.006524905,-0.006298058,-0.00641251,-0.005834561,-0.005926018,-0.005701291,-0.004991871,-0.005092971,-0.005037421,-0.004503436,-0.004349395,-0.004050035,-0.003785973,-0.003558233,-0.003045666,-0.003018855,-0.00235812,-0.002129661,-0.001684293,-0.001568282,-0.0006014136,-0.0005135619,-0.0003899555,3.012366e-05,0.001052622,0.0005998429,0.001837016,0.00223701,0.002962528,0.003226645,0.003288489,0.004804547,0.005072908,0.005735521,0.00572597,0.006694202,0.006540977,0.008246539,0.008414641,0.009098669,0.009436979,0.00941497,0.01008181,0.009774445,0.01165258,0.01182916,0.01291919,0.0130371,0.01048231,0.009824875,0.01036106,0.01076263,0.0104966,0.01217428,0.01267338,0.01281809,0.01250941,0.01544411,0.0164748,0.01808495,0.0175212,0.01869602,0.01751092,0.0179101,0.01914684,0.0186334,0.0199191,0.01848936,0.0185807,0.01871443,0.01991158,0.01914144,0.01966307,0.0193826,0.01997121,0.01882126,0.01881012,0.02019549,0.01897867,0.01938906,0.01918613,0.01941404,0.01839007,0.01878513,0.01895839,0.01821719,0.01896422,0.01815503,0.01767197,0.01785201,0.01771594,0.01680378,0.01706334,0.0155862,0.01612853,0.01490095,0.01535574,0.01455326,0.01360848,0.01371913,0.01314256,0.012688,0.01109055,0.01107675,0.01114658,0.01057843,0.009885058,0.009635271,0.008391203,0.008462568
GDOR,0.0002730286,0.0004092127,0.0003187293,0.0004090931,0.0003682536,0.0004291037,0.0004072861,0.0002739697,0.0002448291,0.0003275872,0.0003052176,0.0003349678,0.0003236399,0.0001439777,5.253158e-05,7.880322e-05,0.0001022616,2.567228e-05,9.862925e-05,7.35352e-05,6.183765e-05,0.0001228808,0.0001427533,9.680587e-05,0.0001152277,0.0003804003,0.0002100061,0.0003015515,0.0003748547,0.0003371322,0.0003435564,8.543063e-05,-4.770657e-06,0.0001519336,3.023866e-05,0.0001715055,4.463387e-05,0.0001484906,0.0003133485,3.085061e-05,-5.812325e-05,-0.0001268998,0.000253818,2.653078e-05,0.0001556912,5.656042e-05,-8.340452e-05,-1.006208e-05,9.451787e-05,-2.863462e-05,0.0001303275,-6.622208e-05,9.486033e-05,4.747326e-05,-6.368408e-05,-9.295836e-05,1.354048e-05,2.811772e-05,2.486152e-05,0.0002082715,0.0002154047,0.0001086872,-1.416112e-05,3.191209e-05,0.0001350705,-8.584787e-05,9.467194e-05,-1.734792e-05,6.688591e-05,0.000183285,-5.933587e-05,-0.00019841,-0.0002029857,-0.0001174918,9.648854e-05,-7.079779e-05,-8.507445e-05,0.0001075822,-0.0001066763,-0.0002143934,-8.898955e-05,-0.0001861178,-9.817079e-05,-5.297388e-05,-0.0002130143,-1.852127e-05,-5.415573e-05,-0.0001225113,-0.0002682054,-0.0002788694,-0.0001749027,-0.0003808207,-0.0002787628,-0.0002614283,-5.683902e-05,-1.788181e-05,-0.0002273843,-0.0001829772,-0.0003001693,-0.0002289331,-9.250263e-05,-0.0001032251,-0.0001168377,-0.0003243805,-0.0002505464,-0.0001444523,-0.0002517343,-0.0001101522,-0.000297735,-0.0003216913,-0.0003578147,-0.0001352779,-0.0004164959,-0.0002320793,-0.0003225475,-0.0003930604,-0.0003540637,-0.0003597975,-0.0003883427,-0.0002441205,-0.000295561,-0.0002837772,-0.0003166018,-0.000223915,-0.0002366585,-0.0002142506,-0.0001873146,-6.895732e-05,-0.0001385439,7.329149e-06,6.22301e-05,-0.0001893773,-8.367173e-05,-0.0001984337,-8.629155e-05,-0.0001255039,-0.0001174425,-0.0001975725,-5.678714e-05,-0.0003069692,-0.0002428533,-0.000295415,-0.0002772856,-5.548489e-05,4.841738e-05,-0.0001277332,-0.0001679058,1.44185e-05,9.62001e-06,2.281747e-05,0.0001483021,0.0001355688,-0.0001793853,8.306527e-05,-8.48476e-05,9.480386e-05,0.0001910588,1.549362e-05,7.865263e-05,0.0001426103,0.0001816287,7.661225e-05,-2.358152e-05,3.350536e-05,5.983191e-05,3.907975e-05,0.0001634141,8.233498e-05,0.0001613754,0.0002964757,0.0001419967,0.0001437476,0.0001439339,0.0002547463,0.0001154511,0.0003240017,0.0001529955,0.0001574851,-8.592909e-05,-7.918282e-05,2.882893e-07,1.803094e-05,-0.0001235194,0.0001701926,9.453268e-05,6.868069e-05,0.0001951785,0.0003154599,0.0003627382,0.0002539183,0.0002229583,0.0001047791,0.000180577,-4.605361e-06,0.000222534,0.0001131113,9.950743e-05,7.210345e-05,6.994286e-05,0.0001793288
GDOR,2.998099e-05,-3.942741e-05,2.108015e-05,6.801164e-06,-5.358786e-06,-4.153448e-06,-1.012128e-05,2.770423e-05,7.80887e-05,3.277601e-05,6.445438e-05,7.039103e-05,-3.263986e-05,9.729476e-05,2.227011e-05,0.0001557153,6.249999e-05,5.008204e-05,4.432029e-05,0.0001051108,7.16378e-05,9.167096e-05,6.578928e-05,5.483813e-05,5.457701e-05,5.89175e-05,0.0001479517,5.423647e-05,8.611873e-05,6.653229e-05,0.0001016408,6.525822e-05,0.0001172669,0.0001398067,0.0001976717,8.822036e-05,0.0002015891,9.089964e-05,3.519555e-05,9.817476e-05,9.301896e-05,0.0002049052,6.480233e-06,2.710496e-05,8.051999e-05,7.557052e-05,2.742431e-05,0.0001184859,9.54368e-05,8.833585e-05,0.000139676,4.57453e-05,0.0001009157,0.0001026215,0.0001418145,0.0001128089,0.0001126011,0.0001836333,7.398436e-05,0.0001502356,0.0001364431,0.0001190736,0.0001221614,7.86688e-05,0.0001013645,0.0001221496,1.898538e-05,0.000154677,0.000121906,2.808144e-05,8.598544e-05,0.0001130693,0.0001152723,9.989527e-05,0.0001025823,0.0001190441,6.711185e-05,0.0001730196,8.445991e-05,0.0001062828,6.235311e-05,0.0001045588,0.000104202,0.0001110354,5.073639e-05,4.092944e-05,4.816264e-05,3.284387e-06,1.908432e-06,0.0001244515,4.445457e-05,0.0001110067,1.801731e-05,5.621943e-05,7.404242e-05,3.003684e-05,4.059262e-05,2.897592e-05,2.233448e-05,6.395676e-05,7.92063e-05,6.891489e-05,9.052049e-05,1.246998e-05,7.298511e-06,1.854827e-05,-7.728047e-06,-2.861948e-05,-3.827846e-05,-9.859959e-06,1.619125e-05,-1.030653e-05,5.064273e-06,1.050339e-05,-1.689269e-05,-9.634627e-05,-7.493296e-05,2.379802e-06,-0.0001036981,-5.171425e-05,-7.272767e-06,-1.706745e-05,6.221189e-06,1.909992e-05,-8.449417e-05,1.760309e-05,1.769449e-05,-6.258151e-05,-9.910586e-05,-7.678348e-05,-7.328774e-05,-8.422649e-05,-6.307386e-05,-8.515042e-05,-0.0001511062,-0.0001208531,-7.940974e-05,-9.687792e-05,-0.0001414787,-8.753418e-05,-0.0001636963,-0.0001332034,-0.0001003896,-0.0001427878,-0.0001805611,-6.036487e-05,-0.0002052014,-9.36816e-05,-0.0001890646,-0.0001485234,-0.0002208843,-8.842782e-05,-0.0001496417,-0.0001554257,-7.311635e-05,-5.794211e-05,-9.675692e-05,-0.0001356386,-0.0001358195,-0.0001774943,-0.0001386446,-0.0001277701,-0.00013833,-0.0001152776,-8.087959e-05,-0.0001691952,-0.0001640075,-3.063479e-05,-0.0001365492,-0.0001095214,-6.035397e-05,-9.077447e-05,1.430294e-06,-0.0001225192,-6.115997e-05,-8.264963e-05,-3.642937e-05,-2.399402e-05,-9.842638e-05,-0.0001220602,-5.328765e-05,-5.009919e-05,-7.670171e-05,-2.183029e-05,-9.140751e-05,-2.782026e-05,-5.691405e-05,-5.459058e-05,1.51868e-05,-3.044497e-05,-2.562013e-05,-6.297809e-05,-5.389596e-05,2.587408e-05,-3.568931e-05,8.00977e-05,6.260727e-06,2.049098e-05,-1.300875e-05,3.545112e-05
GDOR,-6.842137e-05,-8.458016e-05,-5.357686e-05,-4.787583e-05,-1.235136e-05,-6.235081e-05,-7.358436e-06,-1.961368e-05,-2.753265e-05,-1.89737e-06,1.137831e-05,-1.39193e-05,1.646848e-05,1.600809e-05,-1.03682e-05,7.788895e-05,4.764756e-05,2.762662e-05,6.938148e-05,8.116668e-05,2.347823e-05,7.773154e-05,4.805439e-05,7.204515e-05,7.702981e-05,8.74023e-05,8.32955e-05,9.847838e-05,7.137619e-05,6.748098e-05,7.957728e-05,6.215405e-05,0.000121266,9.664119e-05,8.833499e-05,0.000111302,0.0001651709,0.0001056261,0.000123486,0.0001050102,0.0001122153,0.0001260541,0.0001084219,0.0001201079,0.0001383858,0.0001310651,0.0001282383,0.0001363868,0.000146798,0.0001696457,0.0001654341,0.0001806353,0.0001181602,0.0001551939,0.0001280078,0.0001537544,0.0001316405,0.0001364518,0.0001728555,0.0001723355,0.0001506719,0.0001426603,0.0001667427,0.0001669327,0.000149251,0.0001573113,0.000171205,0.0001487283,0.0001286366,0.0001465104,0.0001494738,0.0001371323,0.0001410889,0.0001279416,0.0001264098,0.0001166156,0.0001208544,0.0001064896,0.0001468043,0.0001600918,0.000110176,0.0001174474,0.0001033413,0.0001251599,0.0001431516,0.0001077415,0.000122788,9.570405e-05,7.09689e-05,0.0001355481,0.0001137408,0.000113682,8.728288e-05,8.91653e-05,7.160306e-05,6.889601e-05,7.321696e-05,7.849211e-05,0.0001039915,7.815174e-05,6.396777e-05,2.555522e-05,3.040031e-05,5.146427e-05,2.381024e-05,1.14464e-05,-6.117087e-06,2.117343e-05,-2.938802e-05,-6.923574e-06,1.880817e-07,1.212387e-05,2.291709e-05,-4.14883e-05,1.025933e-05,-4.282715e-05,-1.132231e-05,-4.160665e-05,-1.299719e-05,-4.375461e-05,-7.713212e-05,9.114332e-06,-4.046308e-05,-4.745592e-06,1.615809e-05,-4.090391e-05,-6.502248e-05,-8.533656e-05,-5.894655e-05,-6.630218e-05,-8.236731e-05,-9.293621e-05,-7.342701e-05,-8.01295e-05,-0.0001040011,-8.692193e-05,-8.407229e-05,-7.676684e-05,-0.0001318514,-0.0001209897,-8.920707e-05,-6.276886e-05,-6.361874e-05,-0.0001375385,-8.2757e-05,-8.951828e-05,-0.0001256934,-0.0001323972,-9.759443e-05,-0.0001047333,-7.778308e-05,-0.0001065794,-0.0001589562,-0.0001534604,-0.0001024597,-0.0001080408,-0.0001109422,-0.0001306313,-0.0001356587,-0.000107669,-9.758533e-05,-0.0001274989,-0.0001399018,-0.0001575686,-0.0001193928,-0.000133146,-0.0001628398,-0.0001359789,-0.0001317022,-0.0001485165,-0.0001577814,-0.0001264362,-0.0001520174,-0.0001338756,-0.0001689321,-0.0001685002,-0.0001052203,-0.0001051989,-0.0001020239,-0.000139864,-0.0001076312,-0.000155008,-0.0001167355,-0.0001194327,-8.285468e-05,-8.818499e-05,-0.0001080996,-7.879727e-05,-6.277835e-05,-6.082044e-05,-0.000135104,-0.0001139574,-8.770786e-05,-0.0001131441,-7.36439e-05,-6.230774e-05,-0.000121827,-4.107065e-05,-3.42338e-05,-3.353037e-05
GDOR,0.005783832,0.006013404,0.006353263,0.006400617,0.006080685,0.007069053,0.007200313,0.007365922,0.007798807,0.007591738,0.007573977,0.008127838,0.008585244,0.008875529,0.008449037,0.008186623,0.009184589,0.009061643,0.009136532,0.009797947,0.008867325,0.009296458,0.01007731,0.009485876,0.01026922,0.009570204,0.009500615,0.0105315,0.01006914,0.0103601,0.01050019,0.009721656,0.009953483,0.01081671,0.009949218,0.01061408,0.009814488,0.009830893,0.01026747,0.009961914,0.01020603,0.009946871,0.009055044,0.009516525,0.01017814,0.009288925,0.009603831,0.008901339,0.008898631,0.009106219,0.008799654,0.008890757,0.008780865,0.007745921,0.008395452,0.008369547,0.007948812,0.007776307,0.007046389,0.007202672,0.007402972,0.006873427,0.00679919,0.006648812,0.005641127,0.006294353,0.00621322,0.005799501,0.005288248,0.0047725,0.004851128,0.004973519,0.004366453,0.004190114,0.004132756,0.003037916,0.003529126,0.003009076,0.002873662,0.002010489,0.001210865,0.002169283,0.001757423,0.001636235,0.001265,0.001096221,0.0006608592,0.000203646,0.0005282529,0.0002548812,-0.0001023472,-0.0005188123,-0.00065564,-0.0007710626,-0.0007094499,-0.00144472,-0.001509907,-0.001756078,-0.001811591,-0.001899757,-0.002443947,-0.002393829,-0.00269256,-0.002764927,-0.002982503,-0.003013899,-0.003605608,-0.003871335,-0.0036766,-0.003846916,-0.003896877,-0.004283339,-0.004604495,-0.004783188,-0.004526252,-0.004410815,-0.004520494,-0.00511576,-0.0053868,-0.00530294,-0.005317248,-0.005349339,-0.005773385,-0.005738462,-0.005776707,-0.005750473,-0.005867179,-0.00588285,-0.006246051,-0.006209165,-0.006078685,-0.00604321,-0.0060733,-0.00628494,-0.006510799,-0.006201766,-0.006260513,-0.006066137,-0.006334712,-0.006495355,-0.006270159,-0.00590579,-0.00585052,-0.005766637,-0.005805058,-0.005925541,-0.005566055,-0.005516916,-0.005313758,-0.005453366,-0.005557327,-0.004930609,-0.004913573,-0.004615286,-0.004661797,-0.004839855,-0.004784915,-0.004463284,-0.00420753,-0.003962972,-0.004296549,-0.004082986,-0.003588319,-0.003207393,-0.003107459,-0.00296289,-0.003339399,-0.002900272,-0.002527688,-0.002193979,-0.001820209,-0.002221878,-0.001987456,-0.001203483,-0.001010251,-0.0006524386,-0.000742343,-0.001176407,-0.0003094869,4.17803e-05,0.0002323642,0.0007245728,0.0001145736,0.0009768851,0.001076803,0.001567949,0.001822568,0.002016203,0.001699557,0.002715137,0.002943832,0.003026247,0.003283825,0.003160468,0.003769514,0.004039597,0.004263099,0.005016879,0.004731948,0.004542189
GDOR,0.006090309,0.00653686,0.006562453,0.006883708,0.00710248,0.007477405,0.007698476,0.007731779,0.007983129,0.007931488,0.008214139,0.008228991,0.00832733,0.008389894,0.008567599,0.008594633,0.008561835,0.008617757,0.008819216,0.008762849,0.008508378,0.008829119,0.008880897,0.009121894,0.008742395,0.008854337,0.008818313,0.008933865,0.008880937,0.008793227,0.009003222,0.009065318,0.008828158,0.008731924,0.008792673,0.009046435,0.008805566,0.008819528,0.008724633,0.008900553,0.008588401,0.008635252,0.008409465,0.008386074,0.008528583,0.008585511,0.008589559,0.008232158,0.008003343,0.007959362,0.007727878,0.007538233,0.007477959,0.007347667,0.006997615,0.006696019,0.006488793,0.00625376,0.006436809,0.005948158,0.005680141,0.005586405,0.005384799,0.005258522,0.004842122,0.004500327,0.004365914,0.004306137,0.003910512,0.003506673,0.003148463,0.003000242,0.002728426,0.002317439,0.001899568,0.001695079,0.001370195,0.001079229,0.0008255912,0.0006761171,9.467292e-05,-0.000218321,-0.0005603129,-0.0003834576,-0.0009268561,-0.001308174,-0.001553426,-0.001857188,-0.001977627,-0.002471341,-0.002785003,-0.003003641,-0.003164902,-0.003572892,-0.00399418,-0.00435386,-0.004733452,-0.004822384,-0.00504008,-0.005612972,-0.005871078,-0.006150363,-0.006371583,-0.006798284,-0.007196627,-0.007627185,-0.007616317,-0.008156494,-0.008697738,-0.008801681,-0.009270567,-0.00945919,-0.009893388,-0.01007076,-0.0104211,-0.0107607,-0.01096298,-0.0111197,-0.01159593,-0.01140803,-0.01188374,-0.01214022,-0.01226303,-0.01250636,-0.0125963,-0.01276641,-0.01280569,-0.01316486,-0.01298178,-0.01320089,-0.01324259,-0.01343929,-0.01336175,-0.01338432,-0.01314297,-0.01351556,-0.013575,-0.01332983,-0.01320146,-0.01326162,-0.01320456,-0.01293163,-0.01298832,-0.01257375,-0.01270705,-0.01258281,-0.01234642,-0.01207404,-0.01173385,-0.01179831,-0.01158833,-0.01103216,-0.0108647,-0.01071982,-0.01044659,-0.01000846,-0.009731466,-0.009558416,-0.009210184,-0.008715098,-0.008571639,-0.008097471,-0.007987563,-0.00761661,-0.006900177,-0.006467862,-0.006175208,-0.005921529,-0.005381345,-0.005228293,-0.004781288,-0.004454724,-0.003986866,-0.003488347,-0.003369814,-0.002954566,-0.002442513,-0.002146632,-0.001644428,-0.001290899,-0.001000156,-0.0004979952,-0.0002792196,0.0002651235,0.0007077104,0.0008803184,0.001144464,0.001827365,0.002239244,0.002574059,0.003120078,0.003298645,0.003713311,0.00387572,0.004540907,0.004768211,0.004981542,0.005231018,0.00567011,0.005992204
GDOR,-0.0003433085,-0.0004592364,-0.0005337173,-0.0003410725,-0.0004271353,-0.000446219,-0.0005737186,-0.0004475501,-2.014031e-05,-0.0002234034,-0.0001687653,-0.000485819,-0.0002820639,-0.0001616518,-0.0001923494,-0.0002572892,-0.0002254836,4.423634e-05,3.555695e-05,0.0001365708,3.453275e-05,-9.264794e-05,0.0003001565,0.0003681055,0.0002811145,0.000525834,0.0004899906,0.0005160536,0.0005984507,0.0006114831,0.0006758827,0.000621099,0.0006558638,0.0009417829,0.000857803,0.0007051094,0.0009078522,0.001031568,0.001083343,0.001039728,0.0008824007,0.0009910844,0.001050399,0.001255379,0.00117537,0.001137298,0.001304028,0.001180988,0.001246838,0.001297678,0.001244857,0.001246673,0.001404705,0.001346759,0.001255629,0.001278895,0.001234519,0.001167428,0.001202865,0.001227382,0.001219189,0.001207887,0.001070645,0.001022321,0.0009310658,0.0009492254,0.0009994188,0.001031232,0.0008318689,0.0009964054,0.0007598477,0.0008793772,0.0007983124,0.0006929046,0.0006184555,0.000606556,0.0006680407,0.0005930266,0.00050194,0.0005461663,0.0004494502,0.0005071861,0.0003070957,0.0001581487,0.0002118748,0.0002229802,5.239698e-05,5.838561e-05,-0.0001102383,-1.694225e-05,-0.0002687731,-0.0001087064,8.70601e-06,-0.00014711,-0.0002568361,-0.0002719113,-0.0003756058,-0.0003991426,-0.0005183028,-0.0005878822,-0.0004750234,-0.0006949042,-0.000451297,-0.0005383726,-0.0008497723,-0.000657413,-0.0007423096,-0.0007467472,-0.0008982344,-0.0008578491,-0.0009393198,-0.0008809256,-0.0009023688,-0.001026958,-0.001271173,-0.000912622,-0.001074319,-0.001056308,-0.00118188,-0.001165584,-0.001106576,-0.001027081,-0.0009850038,-0.001285052,-0.001174931,-0.001027076,-0.001043478,-0.001054617,-0.001241861,-0.001102897,-0.001080174,-0.001056764,-0.001117146,-0.001107941,-0.0009921973,-0.0008575684,-0.0008135498,-0.00109995,-0.0009569,-0.0008192543,-0.0007407264,-0.0006647853,-0.0006371796,-0.0008136577,-0.0006856298,-0.0004831526,-0.000606803,-0.0003899705,-0.0003042686,-0.000418336,-0.0003670056,-0.000385737,-0.0002155359,-0.0001416259,-0.0002544214,-0.0002176324,-0.0002855562,5.544384e-05,-7.721574e-05,0.0001158362,8.789694e-05,6.41026e-05,3.810981e-06,0.0001527698,0.0002391625,0.0001693134,0.0001720976,4.90401e-06,0.0002273014,0.0001254006,-4.504507e-07,3.177176e-05,0.0001371591,0.0001491615,-0.0001203083,9.540743e-05,1.117156e-05,-5.317618e-05,-0.0001149401,-0.0002608795,2.474959e-05,-5.201843e-05,-0.0002287475,-0.0002245906,-0.000274889,-0.000367585,-0.0002962289,-0.0004766441,-0.0002795695,-0.0003142432,-0.0001927031,-0.0003631209,-0.0003407225,-0.0003500775,-0.0003192382,-0.0004056493,-0.0004328906,-0.0004537792,-0.0003665178,-0.0005207021
GDOR,-0.0003689974,-0.0004022028,-0.0003382157,-0.0003022893,-0.0003602902,-0.0003090293,-0.0003115136,-0.0002925895,-0.0002481549,-0.0002420205,-0.0002201631,-0.0001648979,-0.0001251999,-0.0002024067,-0.0001603861,-8.646901e-05,-7.340511e-05,-0.0001558205,-6.456592e-05,-6.32913e-06,5.842021e-06,-6.61916e-05,1.560464e-05,3.443461e-05,4.283885e-05,1.65311e-05,8.689343e-05,0.0001060888,0.000140429,8.616852e-05,0.0001907167,0.0001617209,0.0001631432,0.0002378082,0.000280422,0.0002398503,0.0002165661,0.000266742,0.0003423856,0.0003433093,0.0002618021,0.000299923,0.0003884487,0.0004333069,0.0002798798,0.0003754715,0.0004088335,0.0004663175,0.0003927544,0.0004172204,0.0005208213,0.0005134236,0.0004504189,0.0004731404,0.0005160398,0.0005396444,0.0004629141,0.0005252818,0.0006045329,0.0005000787,0.0005053999,0.0005755553,0.0005784334,0.0005192359,0.0005794369,0.0005895791,0.0006047011,0.00057138,0.0005612273,0.0006020037,0.0006641516,0.0005490382,0.0005513224,0.0005934634,0.0006571753,0.0005392249,0.000570209,0.000621745,0.0006431646,0.0005599939,0.0005709915,0.0006045669,0.0006247861,0.0005073328,0.0005388897,0.000627025,0.0005559381,0.0004854009,0.0005422361,0.0005896259,0.0005111273,0.0005109205,0.0004961794,0.0005380943,0.000457355,0.0004633547,0.0004344397,0.000484868,0.0004365189,0.0003875021,0.0004123632,0.0004769148,0.0003786082,0.0003162884,0.0003758105,0.0004179004,0.0003242836,0.0002569185,0.000284047,0.0003376941,0.0002146579,0.0002124958,0.0002707132,0.0002474047,0.0001653833,8.866255e-05,0.0002217964,0.0002131409,0.0001253,9.522743e-05,0.0001007976,7.133031e-05,3.042893e-05,2.459653e-05,5.590376e-05,5.27472e-06,-6.213138e-05,-6.613821e-05,-1.138496e-05,-2.759061e-05,-0.0001141004,-0.000145246,-8.383701e-05,-4.624857e-05,-0.0002452756,-0.0002155495,-0.0001331573,-0.0002270919,-0.000295183,-0.0002322559,-0.0002178638,-0.0002661957,-0.0003876199,-0.0003226454,-0.0002734884,-0.0003631111,-0.0004432594,-0.0002992704,-0.0003794715,-0.0003882507,-0.0004492468,-0.0004185715,-0.0004766108,-0.0004599965,-0.0004879196,-0.0004970447,-0.0004671246,-0.0005172762,-0.0005520188,-0.0005599215,-0.0004833941,-0.0005916044,-0.0005749702,-0.0005200444,-0.0004770404,-0.0006058933,-0.0006138675,-0.0005583725,-0.0005440847,-0.0006118545,-0.0006048951,-0.0005887465,-0.0005718814,-0.0006918543,-0.0005891862,-0.0005518731,-0.0005692787,-0.0006127018,-0.0005748704,-0.0005437727,-0.0006125803,-0.0005871523,-0.0006307565,-0.0005512087,-0.0005759659,-0.0005359647,-0.0005941606,-0.0005276792,-0.0005100899,-0.0005205241,-0.0005337411,-0.0004343449,-0.0005053894,-0.0004997511,-0.00047392,-0.0003901985,-0.0004701628,-0.0004377414,-0.0004126226,-0.0003792061
GDOR,-1.929249e-05,-5.059527e-05,5.462783e-05,0.0002710242,-0.0001182085,5.42119e-05,7.57261e-05,-2.381313e-05,-2.496072e-05,-0.0002886671,-0.0001152837,-2.181356e-05,-9.528609e-05,-5.707184e-05,9.055266e-05,-2.45625e-05,6.633877e-05,-2.808779e-05,3.184049e-05,-0.0001118971,-0.0001351144,2.121815e-05,8.750049e-05,8.13988e-05,9.41296e-05,0.0001132776,0.0001066751,-1.419738e-05,-0.0001380242,-1.680309e-05,3.786747e-05,-5.089463e-05,0.0003144428,4.498635e-06,3.778322e-05,0.0001490485,0.0001030187,-2.273606e-05,4.796596e-05,3.864404e-05,3.517102e-05,6.406098e-05,-8.23511e-05,-0.0001390301,1.359936e-05,4.766573e-05,2.53363e-05,-0.0001325107,-0.0001467135,-0.0002026862,6.605266e-05,-0.0001010607,-0.0001877593,8.435663e-05,4.168501e-06,-0.0001313597,-6.478342e-05,-0.0002063324,0.0001011866,3.499997e-05,-3.287003e-05,2.532194e-05,-0.0001941635,7.890913e-05,-1.418269e-05,-0.0001022348,9.489292e-05,0.0001831732,2.906811e-05,9.719833e-05,6.462351e-05,2.933072e-05,3.165624e-05,2.026322e-06,-7.457395e-05,0.0001315455,-9.660402e-05,-0.000100448,-0.0001111684,-6.15954e-05,2.87612e-05,-0.0001899361,-1.141468e-05,-9.546403e-05,-4.163986e-05,-5.93153e-05,-3.810166e-05,0.0001731483,-6.706452e-05,0.0003429138,8.620979e-05,-0.0002598804,8.131099e-05,-0.0001055373,-0.000143702,-3.051383e-05,-1.333204e-05,7.659109e-05,7.965093e-05,-6.779249e-05,0.0001841533,1.998757e-05,0.0002208352,-3.975753e-05,-2.098839e-08,0.0001167728,7.792666e-05,-3.772687e-05,-0.0002205305,3.350188e-05,5.56501e-05,8.915017e-05,-8.879264e-05,2.102816e-05,0.0001038384,0.0001835561,-4.220826e-05,3.054542e-05,-5.687963e-05,0.0001192262,-3.715525e-05,0.000153199,1.538889e-05,3.703898e-05,1.767222e-05,3.050488e-05,-0.0002332629,-3.257068e-05,-3.700695e-05,-6.195109e-05,9.321806e-05,-4.00014e-05,-0.0002151134,-0.0002152116,-7.349471e-05,0.0001440085,4.387943e-05,-3.122629e-05,5.652946e-05,-6.958313e-05,-0.000316907,-0.0001938441,-0.0001483022,4.103119e-05,7.956019e-05,1.095172e-05,-6.560625e-05,9.600365e-05,0.0001024908,0.0002870755,-5.879715e-05,8.447553e-05,-3.692037e-05,0.0001929096,0.0001217042,0.0002014839,0.0001021467,5.693086e-05,1.491119e-05,-4.45522e-05,-6.635243e-05,0.0001245481,0.0001788517,-7.599483e-05,1.066346e-05,-6.803063e-05,2.348887e-05,6.169674e-05,-4.193802e-05,-6.23339e-05,4.08756e-05,-9.154445e-06,-1.512655e-05,0.0001320158,0.0001328924,4.429926e-05,-0.0001267971,0.0001525145,4.838882e-05,-9.759139e-05,-0.0001807196,0.0001269075,0.0001112861,-2.995055e-05,-5.833404e-05,-4.805846e-06,6.130371e-07,3.439141e-05,2.227489e-05,-5.681181e-05,3.175114e-05,-4.56102e-05,9.363937e-05,-1.014641e-05,0.0001197713,-1.026001e-06,4.175786e-05,0.000139472,9.315503e-05,-0.0001610475
GDOR,-0.01092121,-0.01119627,-0.01142738,-0.0118593,-0.01187764,-0.01273776,-0.01245199,-0.01302053,-0.01315313,-0.01336819,-0.01344283,-0.01403031,-0.01387432,-0.01444058,-0.01453305,-0.01447349,-0.01485625,-0.0147943,-0.01527328,-0.01516262,-0.01544573,-0.01537177,-0.01554347,-0.01582577,-0.01564346,-0.01549819,-0.01595988,-0.01560723,-0.01599744,-0.01563648,-0.0157628,-0.01595696,-0.01583465,-0.01576418,-0.01574699,-0.01568758,-0.01553128,-0.01542175,-0.01513064,-0.01525217,-0.01469059,-0.01474841,-0.01445721,-0.01427184,-0.01423761,-0.01376645,-0.01350551,-0.01342416,-0.01275606,-0.01292977,-0.01242774,-0.01175865,-0.01180492,-0.01114314,-0.01088376,-0.01022899,-0.009898845,-0.009352329,-0.008935701,-0.008282578,-0.007611444,-0.007463651,-0.006631035,-0.006465679,-0.005529468,-0.005220738,-0.004489588,-0.003671441,-0.003425082,-0.002535152,-0.001978606,-0.001153046,-0.0006773474,-1.128801e-05,0.001175239,0.001409183,0.002588572,0.002904303,0.003861403,0.004821783,0.005302395,0.006290574,0.006743421,0.008377536,0.00819484,0.01006658,0.009645597,0.01117348,0.01179955,0.01280549,0.01344763,0.01435184,0.01481835,0.01613643,0.01627924,0.01685279,0.0181837,0.01820306,0.01939197,0.01961525,0.02101396,0.02080491,0.02196414,0.02150046,0.02312291,0.02212224,0.02473575,0.02331773,0.02475519,0.02494918,0.02541227,0.02543736,0.02586157,0.02595004,0.02649008,0.02685147,0.02604109,0.02766733,0.02614938,0.02788303,0.02650833,0.02758267,0.02708456,0.02748253,0.02677462,0.02777074,0.02698822,0.02822727,0.02686812,0.02737306,0.02630964,0.02633424,0.02565439,0.02554605,0.02570286,0.02492549,0.02523845,0.02353594,0.02476635,0.02276292,0.02341986,0.02109545,0.02187229,0.02028718,0.02029494,0.02066982,0.01935551,0.01963236,0.01857413,0.01776503,0.01714407,0.016638,0.01555218,0.01532742,0.01467099,0.01416696,0.01330017,0.01357306,0.01183992,0.01156432,0.01020344,0.01001332,0.009237732,0.008760526,0.00792151,0.007029164,0.007311507,0.005791327,0.00585199,0.00438019,0.004147314,0.003341939,0.003023519,0.002300928,0.001550337,0.001030809,0.0004264346,-0.0002046979,-0.0006799211,-0.001440904,-0.001791812,-0.002322864,-0.00330746,-0.003378708,-0.004163782,-0.004398872,-0.005361529,-0.005274434,-0.006211284,-0.006376495,-0.007203543,-0.006964361,-0.007974382,-0.007976101,-0.008676425,-0.00912378,-0.009213136,-0.009837347,-0.01014058,-0.01026005
GDOR,-0.002565571,-0.002385756,-0.002527734,-0.002399543,-0.002353447,-0.002455716,-0.00250223,-0.002617921,-0.00249624,-0.002473391,-0.002465619,-0.002569831,-0.002520729,-0.002532892,-0.002543597,-0.00249626,-0.00250936,-0.002464386,-0.002404384,-0.002524266,-0.002521134,-0.002276848,-0.00228886,-0.002226564,-0.002289521,-0.002334003,-0.002304573,-0.002146467,-0.002164122,-0.00196025,-0.002025431,-0.002078026,-0.00179341,-0.001847701,-0.001852881,-0.001650208,-0.001705517,-0.001568576,-0.001699185,-0.001451754,-0.00143195,-0.001309674,-0.001209895,-0.001212643,-0.001283205,-0.00111367,-0.0009749568,-0.0008340409,-0.000830778,-0.0007073383,-0.0007114646,-0.0007372088,-0.0005477787,-0.0003191936,-0.0003658773,-0.0003039485,-0.0003260863,-0.0002704543,-0.0001908713,8.172444e-05,0.0001832172,0.0001171647,0.0001945575,0.0003751949,0.0003630052,0.0004483871,0.0007315427,0.0007979924,0.0007086018,0.0008625194,0.0009136178,0.001017979,0.001113162,0.001346445,0.001193299,0.001376876,0.001309547,0.001536754,0.00171099,0.001764349,0.001698676,0.001637414,0.001673675,0.00194365,0.002049272,0.002031201,0.002063339,0.002164897,0.001946682,0.002164145,0.002302125,0.002370002,0.002294628,0.002249146,0.002232016,0.002386756,0.00235701,0.002578056,0.002662566,0.002619157,0.002508034,0.002578731,0.002440723,0.00260558,0.002581684,0.002571292,0.00267599,0.002472387,0.002433639,0.002703153,0.002656059,0.00261432,0.002574421,0.002518811,0.002532939,0.00241798,0.002628529,0.002560957,0.002546377,0.002392651,0.002355536,0.002361986,0.002550073,0.002509677,0.002300674,0.002116325,0.002181683,0.002200544,0.002242828,0.002201045,0.002088271,0.002039833,0.001858282,0.001876233,0.001879448,0.002022136,0.001890306,0.001670591,0.001515855,0.001462557,0.001497862,0.001548033,0.001471483,0.001319769,0.001224234,0.0009656932,0.001284281,0.001016912,0.001081152,0.0009156151,0.0008704584,0.0007034612,0.0008005012,0.0007846848,0.0008261059,0.000464584,0.0004291901,0.0002763077,0.0003685115,0.0002630005,0.0002615252,3.717324e-05,3.20731e-05,-0.0002836922,-0.0001335652,-0.0002178346,-0.0001380793,-0.0003293476,-0.0003928216,-0.0006219101,-0.0006240352,-0.0007031432,-0.0006200997,-0.0007176234,-0.0007653792,-0.001109353,-0.001077527,-0.001138583,-0.0009764727,-0.001120275,-0.00133205,-0.001503144,-0.001436309,-0.00143143,-0.001431844,-0.001575018,-0.001693455,-0.001858321,-0.001849351,-0.001814151,-0.001866323,-0.001869246,-0.001971961,-0.001984993,-0.002088791,-0.002191741,-0.0021252,-0.002167377,-0.002185226,-0.002282641
GDOR,0.007329266,0.00699822,0.007155125,0.006071175,0.00594392,0.005374426,0.004731809,0.004638758,0.004447075,0.004075705,0.003796788,0.003110132,0.00316763,0.002860848,0.002391226,0.001838224,0.001807979,0.001488554,0.001336033,0.0007273438,0.0004819784,0.0005324132,0.0002908778,-0.0003305582,-0.0006273873,-0.000398607,-0.0007468115,-0.000939468,-0.001332076,-0.001567885,-0.001288805,-0.001595191,-0.00174479,-0.002233276,-0.002239619,-0.003709654,-0.003910957,-0.00420774,-0.004171113,-0.003830894,-0.004115737,-0.002543541,-0.002801021,-0.002590991,-0.002570564,-0.002989993,-0.003104765,-0.003042862,-0.003048302,-0.003231634,-0.003484482,-0.003875302,-0.003569289,-0.003577464,-0.004041187,-0.003996406,-0.004057458,-0.004049266,-0.004336012,-0.004452333,-0.004637094,-0.004389949,-0.004352489,-0.004866367,-0.004840485,-0.004995887,-0.00465493,-0.004721187,-0.005119262,-0.005147789,-0.004885625,-0.00486115,-0.005161228,-0.005427332,-0.00530331,-0.004969859,-0.004942392,-0.005255976,-0.005358373,-0.004879835,-0.00487234,-0.004845426,-0.005185409,-0.004870786,-0.004543488,-0.004561152,-0.004746451,-0.004626103,-0.004287376,-0.004180121,-0.004168028,-0.004259706,-0.003939216,-0.003201438,-0.003446493,-0.003409404,-0.003304169,-0.002972697,-0.002450401,-0.002450056,-0.002677281,-0.002111581,-0.001431869,-0.001914293,-0.001574987,-0.001727777,-0.00121723,-0.0008293228,-0.0008683489,-0.001029285,-0.0005250695,-0.0001421175,-0.0003669292,4.415196e-05,-0.0001839012,0.0003411919,0.0006022042,0.0003295437,0.0007064886,0.0008035835,0.001155312,0.000869412,0.001156365,0.001064426,0.001746105,0.001970076,0.001598503,0.002104875,0.002107213,0.002559083,0.002556609,0.00254443,0.002794873,0.003461377,0.003222309,0.003126906,0.003471151,0.003912997,0.004463165,0.004238583,0.004307056,0.004597871,0.005233208,0.005016254,0.005276021,0.005785777,0.00581362,0.006514664,0.006011212,0.006294589,0.006891408,0.007435936,0.006941125,0.007036947,0.007731976,0.008115525,0.008418879,0.007977814,0.008361351,0.008495186,0.008871605,0.008893167,0.008793337,0.009254986,0.009610503,0.009717891,0.009063535,0.00946642,0.009679947,0.01028446,0.01006104,0.009777257,0.009945108,0.01068204,0.01034232,0.009959043,0.01031254,0.008834356,0.004643713,0.004445056,0.003985503,0.004016356,0.00395117,0.003682324,0.00318065,0.003428895,0.003142829,0.005769047,0.007948885,0.008152585,0.008295884,0.007764266,0.007926753,0.006829141,0.006943774,0.006562699,0.006673067,0.00583963,0.00562414,0.005471291
GDOR,-8.369712e-05,-0.000215142,-0.0003484919,-0.0002664132,-0.0003140806,-0.0003698178,-0.0006853133,-0.0006570492,-0.000491384,-0.0003736343,-0.0006022575,-0.0006166565,-0.0006724672,-0.0006134834,-0.0007056264,-0.0008515056,-0.0005960339,-0.0004575101,-0.0007016042,-0.0007629271,-0.0005695288,-0.000758055,-0.0007474412,-0.0009810623,-0.0008541531,-0.0007982239,-0.0007566389,-0.0007779317,-0.0007783547,-0.0007985066,-0.0007696024,-0.0005676113,-0.0006026939,-0.0005531458,-0.0005426114,-0.0004692473,-0.0003729383,-0.0003697071,-0.0001508939,-9.754369e-05,-0.0002080179,3.09698e-05,2.442499e-05,3.674431e-05,0.0002346619,0.0002904834,0.0003725113,0.0003740848,0.0002673277,0.0003698021,0.0003391576,0.0003741696,0.0004098383,0.0003577383,0.0005537515,0.0003081289,0.0004239567,0.0004224888,0.0001939116,0.000179666,7.56208e-05,-4.152558e-05,-0.000266378,-0.000451441,-0.0004813466,-0.0005847513,-0.0009654494,-0.0008904035,-0.0008970704,-0.0009761296,-0.001268738,-0.001401084,-0.001630877,-0.001511546,-0.001811393,-0.00171974,-0.001860862,-0.001708714,-0.001259007,-0.00143133,-0.00150755,-0.00148384,-0.001326875,-0.001592489,-0.001641166,-0.001753847,-0.002024261,-0.001812159,-0.001955062,-0.001978549,-0.002034459,-0.002111222,-0.00203212,-0.002093242,-0.002217936,-0.002051401,-0.00240408,-0.002372289,-0.00251513,-0.002349738,-0.001894222,-0.001852035,-0.002312273,-0.002065797,-0.001859023,-0.001889164,-0.001753449,-0.001639497,-0.001388052,-0.00136526,-0.001053107,-0.0009972394,-0.000877629,-0.0006665318,-0.0005294217,-0.0005015263,-0.0004536654,-0.0001850288,-0.0001417893,4.709603e-05,2.366087e-05,0.0002311731,0.0003465133,0.0005239275,0.0006180946,0.0005768667,0.0007120446,0.0006219972,0.0006291032,0.0006055058,0.0006857697,0.0005163731,0.0006517261,0.000723097,0.000552406,0.000474834,0.0006407133,0.0005615237,0.0006560459,0.0004989165,0.0007405151,0.0005965454,0.0005390325,0.0006481576,0.0006344894,0.0004823483,0.0007459552,0.000790065,0.0006597855,0.0006731405,0.0006918272,0.0008674712,0.0009112348,0.001109333,0.001136501,0.001103968,0.001140889,0.001333543,0.00123613,0.001327989,0.001401093,0.001403014,0.001397019,0.001402613,0.001269684,0.001349994,0.001341129,0.001165412,0.001125569,0.0009162223,0.001067082,0.0009130976,0.000836404,0.0007238729,0.0006994572,0.0006812973,0.0003870189,0.0002169581,-3.054066e-05,0.0001314857,-0.0001881036,-0.0001262939,-0.0001483337,-0.0002601298,-0.000569902,-0.0002829175,-0.0003636426,-0.0001394048,-0.0002231309,-0.0001712532,-0.0003579042,-0.0004477912,-0.000349668,-0.0004196919,-0.0002916788,-0.0002361615,-0.000361405,-0.0001980031,-0.0004115064,-0.0004087637
GDOR,-0.007368003,-0.007403024,-0.007245859,-0.007342923,-0.007271853,-0.007409098,-0.007365346,-0.007136751,-0.007399431,-0.007341618,-0.007123577,-0.007236648,-0.007204846,-0.006829476,-0.007275056,-0.006978062,-0.006885039,-0.007065156,-0.006704295,-0.006783943,-0.006494316,-0.006309942,-0.005954381,-0.006056072,-0.006191372,-0.005980547,-0.005790176,-0.005694109,-0.005801867,-0.0056869,-0.005185612,-0.005159074,-0.004993473,-0.005094538,-0.004841428,-0.0044097,-0.004242094,-0.004229282,-0.004223369,-0.0038394,-0.003593254,-0.003375866,-0.003024208,-0.002786418,-0.002319069,-0.002312967,-0.001836704,-0.001904304,-0.001486095,-0.001394628,-0.001056251,-0.0008587049,-0.0008388242,-4.990127e-05,4.164442e-05,0.0001569843,0.0006914018,0.000645552,0.001169437,0.001168279,0.001761635,0.001721633,0.002139174,0.002371331,0.002530963,0.003080899,0.003150098,0.003277466,0.003617488,0.003912622,0.004390293,0.00420789,0.004574971,0.004783185,0.005409973,0.005403696,0.005242334,0.005777785,0.006214934,0.006536671,0.006663823,0.006966744,0.006597062,0.007286195,0.007413295,0.007382352,0.007616171,0.00758005,0.007967787,0.007913338,0.008370254,0.008066741,0.008601141,0.008718483,0.008659016,0.009131831,0.008661517,0.009574432,0.009358549,0.009203047,0.009269787,0.009130575,0.009559966,0.009584817,0.009433171,0.009459321,0.009624518,0.009887759,0.009480726,0.009310155,0.009082521,0.00927432,0.00922277,0.009113579,0.008986686,0.008924841,0.008865627,0.009026351,0.008913134,0.008509187,0.008755389,0.008410725,0.008063755,0.008161664,0.007815121,0.008050174,0.007630795,0.007589569,0.00718898,0.007337417,0.007277204,0.006666277,0.006468342,0.006116725,0.006107975,0.005822133,0.005722516,0.005309229,0.005107957,0.004990118,0.004773892,0.004301999,0.004242748,0.004050769,0.003830985,0.003097103,0.003012768,0.00304399,0.002582332,0.002163165,0.002087648,0.002153442,0.001512141,0.001210571,0.00113526,0.001048336,0.0006523929,0.0005726427,0.000338976,-0.0001348702,-0.0002148833,-0.0001920251,-0.0008295752,-0.001209722,-0.001303439,-0.001497797,-0.001777584,-0.002083655,-0.002384038,-0.002426301,-0.002570094,-0.00276253,-0.003157104,-0.003439758,-0.003420913,-0.003204504,-0.003839233,-0.0041172,-0.004022536,-0.004494677,-0.004446349,-0.004935219,-0.004949374,-0.00466126,-0.005002852,-0.005082853,-0.005363503,-0.005863788,-0.005849633,-0.005804513,-0.006128621,-0.00645296,-0.006487496,-0.006399158,-0.006572705,-0.006900423,-0.006920189,-0.006857866,-0.006900874,-0.006896281
GDOR,0.01352108,0.01284749,0.01248456,0.01185185,0.01161824,0.01096511,0.009845048,0.00915362,0.008640167,0.007506837,0.006860144,0.006117365,0.005171221,0.004472027,0.004182576,0.004284554,0.003152411,0.002089103,0.0015755,0.0003643346,-1.452878e-05,-0.001219182,-0.001484033,-0.00167566,-0.002319485,-0.003457871,-0.003844872,-0.004093894,-0.005144577,-0.006105265,-0.006758497,-0.007224613,-0.006811806,-0.008394987,-0.008379283,-0.008721056,-0.009667894,-0.009953287,-0.01093553,-0.01094609,-0.01124696,-0.01126649,-0.01185154,-0.01225725,-0.01304366,-0.01280322,-0.01382826,-0.01331835,-0.01412314,-0.01400962,-0.01363127,-0.01409936,-0.01439683,-0.0150226,-0.01490739,-0.01480331,-0.01490955,-0.01476067,-0.01556001,-0.01578582,-0.01619327,-0.01601547,-0.01631785,-0.01660544,-0.01657704,-0.01599573,-0.01650807,-0.01669126,-0.01605559,-0.01619279,-0.01640594,-0.01661844,-0.01650123,-0.016758,-0.01677824,-0.01676941,-0.0160258,-0.01469841,-0.01469187,-0.01441403,-0.01488545,-0.01467223,-0.01361082,-0.01355394,-0.01323473,-0.01350825,-0.01384079,-0.01366662,-0.01321319,-0.01324528,-0.01239791,-0.01270561,-0.01229895,-0.01201649,-0.007070592,-0.00546496,-0.008446824,-0.009121539,-0.008976364,-0.009212064,-0.008160352,-0.008032294,-0.008214166,-0.006140062,-0.006509643,-0.006107984,-0.006382209,-0.005900413,-0.00539769,-0.004462588,-0.002577742,0.004413647,0.000483045,-0.0007130901,-0.0005432825,0.0003452067,-0.0003658435,-5.558282e-05,0.0005993533,0.000549314,0.001274475,0.002176339,0.002488362,0.002290054,0.00329386,0.003977953,0.004496903,0.005182061,0.006254932,0.006836276,0.007289689,0.008016771,0.008619126,0.009158032,0.009697951,0.01028801,0.01083606,0.0109703,0.01199193,0.01174722,0.01215063,0.01247135,0.01393212,0.01388938,0.01448373,0.01530628,0.01573149,0.01537629,0.01517576,0.0153909,0.01602562,0.01737724,0.01866796,0.01898832,0.01826888,0.01936977,0.01880596,0.01855492,0.01881444,0.01994269,0.01985752,0.02019988,0.01960589,0.02056446,0.02060429,0.01999841,0.0200825,0.01992939,0.02051091,0.02007247,0.02074943,0.02048369,0.02043656,0.02083285,0.02004743,0.02016656,0.02028983,0.0198761,0.0203341,0.02009003,0.02008201,0.020749,0.01993403,0.01958048,0.01997675,0.01879879,0.01910397,0.01847551,0.01838519,0.01757726,0.01770328,0.01700785,0.01623342,0.01552651,0.01562893,0.01504676,0.01463706,0.01408534,0.0128646,0.01256325
GDOR,-0.009222461,-0.008803912,-0.008557907,-0.008093938,-0.007872008,-0.007584486,-0.007111301,-0.006728165,-0.006435404,-0.005967339,-0.005554184,-0.005108493,-0.004604806,-0.004250948,-0.003703402,-0.003247092,-0.002654458,-0.002406508,-0.001726449,-0.001145327,-0.0006840814,-0.0002139423,0.0004538466,0.001084374,0.00153729,0.002168915,0.002810099,0.003496443,0.004005738,0.004415973,0.005352424,0.005889008,0.006288935,0.006734335,0.007648829,0.008279516,0.008773074,0.009030845,0.00997081,0.01064112,0.01098083,0.01129571,0.01212737,0.01275204,0.01318304,0.01326921,0.01416849,0.01480537,0.01521103,0.01514774,0.01642551,0.01642338,0.01695303,0.01675545,0.01800975,0.01760169,0.01785989,0.01774045,0.01894753,0.01780876,0.01836638,0.01839933,0.01855721,0.01868523,0.018932,0.01903161,0.01898717,0.0189135,0.0192291,0.01896455,0.0190067,0.01896703,0.01915803,0.018873,0.01879049,0.01860382,0.01883928,0.01835133,0.01823449,0.01834886,0.01763107,0.01752616,0.01735384,0.01728218,0.01658592,0.01654069,0.01618982,0.01607918,0.01544647,0.01500975,0.01475792,0.01460762,0.01371501,0.01354445,0.01308147,0.01266562,0.0121505,0.01178363,0.01114549,0.01083143,0.0102453,0.009814302,0.009161847,0.008853401,0.008267379,0.007917315,0.007255087,0.00688557,0.006314242,0.00583888,0.005175612,0.004861776,0.00420985,0.003827589,0.003206282,0.002828368,0.002274604,0.001924465,0.001363421,0.0009514049,0.0002068018,-4.694242e-05,-0.0005313947,-0.000970324,-0.001504511,-0.001922328,-0.002310151,-0.002613114,-0.003132428,-0.003551544,-0.003961693,-0.004247223,-0.004743287,-0.004976138,-0.005358764,-0.005426566,-0.005996968,-0.006342396,-0.006567084,-0.006913376,-0.007181776,-0.007595345,-0.007917424,-0.008051671,-0.008396374,-0.008724505,-0.008992175,-0.009198999,-0.009545039,-0.009669186,-0.009956305,-0.0100718,-0.01028862,-0.01056391,-0.0107396,-0.01087425,-0.01124313,-0.01114772,-0.01148744,-0.01158227,-0.01168512,-0.01164024,-0.01192424,-0.01204707,-0.01213074,-0.01224909,-0.0122793,-0.01237229,-0.01257869,-0.01241969,-0.01269301,-0.01259015,-0.0126684,-0.01256562,-0.01277302,-0.01239581,-0.01251912,-0.01245539,-0.01261787,-0.01230172,-0.01238256,-0.01237027,-0.01234245,-0.01211475,-0.01208697,-0.01216893,-0.01182005,-0.01180274,-0.01162479,-0.01151933,-0.01132038,-0.01110876,-0.01092343,-0.01065214,-0.0106241,-0.01038546,-0.01005995,-0.009879558,-0.009639273,-0.009246382
GDOR,0.01333046,0.01277016,0.01271638,0.01230731,0.01215888,0.01179214,0.01128919,0.0108581,0.01067143,0.01020544,0.01004044,0.009370864,0.008965712,0.008722503,0.0082636,0.007820869,0.007362348,0.00693666,0.006675276,0.006096506,0.005702135,0.005462063,0.005037707,0.004220445,0.003921397,0.00385946,0.003199884,0.002405826,0.00232929,0.001815897,0.001184073,0.0009073239,0.0005949182,8.467434e-05,-0.0006571995,-0.0006770942,-0.001218792,-0.001647816,-0.00239795,-0.002996355,-0.003298327,-0.003753612,-0.004356514,-0.004585606,-0.005067928,-0.005702158,-0.006126163,-0.00624131,-0.006752197,-0.007015186,-0.007278124,-0.007603086,-0.00804521,-0.008486047,-0.009,-0.008861572,-0.009306801,-0.009802073,-0.009907247,-0.01008428,-0.01007568,-0.01053953,-0.01046911,-0.01088998,-0.01118593,-0.01139989,-0.01154317,-0.0118338,-0.01202049,-0.01239819,-0.01258013,-0.01254571,-0.01290284,-0.01294492,-0.01320534,-0.01336255,-0.01339423,-0.01362565,-0.01390486,-0.01386325,-0.01395173,-0.01396958,-0.01419748,-0.01403287,-0.01411247,-0.01430556,-0.01439361,-0.01438407,-0.01424714,-0.01453322,-0.01429752,-0.01420222,-0.01400201,-0.0142052,-0.01437899,-0.01399526,-0.01404438,-0.01420963,-0.01381955,-0.01364084,-0.01424422,-0.01353169,-0.01339099,-0.01329473,-0.01315813,-0.01305325,-0.012899,-0.01258321,-0.01244734,-0.01220118,-0.01209668,-0.01172427,-0.01137343,-0.01149821,-0.0110761,-0.01082851,-0.01044281,-0.01032961,-0.01012082,-0.009634962,-0.009227686,-0.009140457,-0.008463933,-0.008157245,-0.007944773,-0.007345831,-0.006848846,-0.006423011,-0.006201796,-0.005711614,-0.004963716,-0.004568614,-0.004144001,-0.003784413,-0.003122146,-0.002675814,-0.002130258,-0.001930744,-0.001162713,-0.0003963183,-0.0001436175,0.0002969995,0.001167048,0.001283298,0.001843305,0.002065802,0.002968455,0.003048795,0.003991136,0.004363924,0.004830956,0.005451765,0.005823935,0.006437828,0.007266341,0.007425157,0.007500923,0.008607728,0.00863775,0.009221197,0.009535604,0.01015634,0.01037466,0.01108716,0.01092434,0.01167296,0.01200054,0.01220386,0.01241607,0.01293784,0.01312392,0.01334821,0.01326972,0.01407212,0.01390908,0.01422469,0.01449804,0.01439923,0.01482591,0.01496914,0.01457915,0.0151592,0.01497822,0.01499652,0.01519887,0.01543173,0.01504266,0.01503774,0.01518659,0.01484033,0.01492101,0.01456043,0.01446119,0.01453566,0.01437079,0.01401748,0.01385169,0.01341897,0.01334347,0.01300413
GDOR,-0.0004556046,-0.0006408373,-0.0005905371,-0.0005679338,-0.0005275219,-0.0004752629,-0.0006168447,-0.0003354491,-0.0005389913,-0.0004420901,-0.0002901947,-0.0004522442,-0.0002184151,-0.0004221325,-0.0002624397,-0.0003355229,-0.0003057948,-0.000169269,-0.000276152,-4.368622e-05,-0.0002557774,-0.0001503206,-7.554187e-05,-9.432406e-05,2.551964e-05,-3.469464e-06,-5.98834e-05,-6.794841e-05,8.27131e-05,0.0002350726,-5.902515e-05,0.0002186717,0.0001385236,0.0002127787,0.0004080561,0.0002776014,0.0004350423,0.0003362123,0.0004119673,0.0004243611,0.0003088359,0.0004806862,0.0005267827,0.000622632,0.0005594823,0.0004836475,0.0006042625,0.00067075,0.0005042368,0.0005962801,0.0006635613,0.000747992,0.0008187822,0.0007566567,0.0006301366,0.0007642561,0.0007149279,0.0006840373,0.0008722362,0.0008277786,0.0008014641,0.0008451436,0.0008092369,0.000896934,0.000872961,0.0009600706,0.0008994128,0.0007303634,0.0008299269,0.0009513164,0.0009065094,0.0008975318,0.0008810402,0.0008515744,0.0009045447,0.0008498146,0.0009308767,0.0007163958,0.0007978335,0.0008698275,0.0007871367,0.0007982688,0.0006143828,0.0007228837,0.0007034125,0.0006750905,0.0007632794,0.0006466262,0.0007148683,0.0005100851,0.0006467675,0.0004642007,0.0004111941,0.0006448192,0.0004077354,0.0005457089,0.0005305387,0.0004494271,0.0003319497,0.0001147944,0.0004901027,8.052703e-05,0.0004185375,0.0002339304,0.0001398714,0.000327181,-4.362169e-05,0.0001932764,4.569924e-05,-5.146994e-05,0.0001238678,-0.0001190755,0.0001529363,-0.0001431036,3.551249e-06,2.337468e-06,-0.0001784077,5.27308e-05,-0.0003401967,-0.0001220014,-0.000228289,-0.0003633976,-2.520784e-05,-0.0004106152,-9.944752e-06,-0.000358867,-0.0003222724,-0.0002018909,-0.0004621441,-0.0001622633,-0.0004216015,-0.0003218486,-0.0003313985,-0.0005045183,-0.0002488224,-0.0005246093,-0.000291701,-0.0004548293,-0.0005008604,-0.0003687688,-0.0006312857,-0.0004215317,-0.0006433735,-0.0006426391,-0.0004423522,-0.0007459386,-0.0004375514,-0.000739479,-0.0005009794,-0.0005391947,-0.0007996005,-0.0005607532,-0.0007941611,-0.0004596132,-0.0007129008,-0.0007782401,-0.0004899908,-0.0008930116,-0.0005418485,-0.0007387938,-0.000775846,-0.0005652538,-0.0009042252,-0.0005857025,-0.0009069116,-0.000709691,-0.0006980167,-0.000791441,-0.0006310063,-0.0008548699,-0.0005801821,-0.0007054211,-0.0008083548,-0.0005890168,-0.0008360528,-0.0007168318,-0.0007451855,-0.0007903627,-0.0005909196,-0.0008536484,-0.0005547382,-0.0008030478,-0.0005972615,-0.0006638528,-0.0008047864,-0.0005826526,-0.0008539071,-0.0007283314,-0.0007561816,-0.000717408,-0.000583238,-0.0007648166,-0.0005757102,-0.0007045144,-0.0005774226,-0.0005469092,-0.0007726164,-0.0003794788,-0.0005539985,-0.0006701659
GDOR,0.006586464,0.005968365,0.005079896,0.004310834,0.003578631,0.002788176,0.002107573,0.001347922,0.0005154817,-0.0002410479,-0.00108554,-0.001797273,-0.002463194,-0.003283961,-0.003916422,-0.004510621,-0.005298862,-0.006139813,-0.006708885,-0.007405413,-0.00804178,-0.008655796,-0.009354876,-0.009872478,-0.01040673,-0.01107264,-0.01182216,-0.0122003,-0.01290145,-0.01341083,-0.01391146,-0.01427346,-0.01490972,-0.01543103,-0.01579883,-0.01619805,-0.0166676,-0.01707738,-0.01745482,-0.01773171,-0.01802583,-0.01837419,-0.01881095,-0.01906306,-0.01921043,-0.01951922,-0.01963614,-0.01994921,-0.02016319,-0.02032002,-0.02051679,-0.02068346,-0.02059064,-0.02084455,-0.02071656,-0.02098466,-0.0211236,-0.02116894,-0.02111797,-0.02123262,-0.02110861,-0.02106757,-0.02098488,-0.02078784,-0.02077589,-0.02063678,-0.02052363,-0.02026224,-0.02031032,-0.01997864,-0.0198537,-0.01950772,-0.01923363,-0.01897115,-0.0187503,-0.01858919,-0.01808663,-0.01783777,-0.01732643,-0.01714537,-0.01672583,-0.01616942,-0.01578457,-0.01537971,-0.01489631,-0.01445222,-0.01405465,-0.01353759,-0.01291721,-0.01249311,-0.01191873,-0.01137709,-0.01078715,-0.01016167,-0.009601161,-0.008936713,-0.008427617,-0.007715023,-0.007090359,-0.006516377,-0.005696176,-0.005183131,-0.004430149,-0.003670434,-0.003123658,-0.00235099,-0.001768935,-0.0007955561,-0.0001798781,0.00048708,0.001348081,0.002076511,0.002783338,0.003650146,0.00426106,0.00489083,0.005871789,0.006553681,0.007326149,0.007949906,0.00877626,0.009473669,0.010256,0.01098014,0.01167525,0.01244977,0.01289206,0.01373911,0.01436042,0.01510494,0.01579041,0.01650852,0.01704527,0.01761939,0.01830395,0.01891641,0.01942782,0.01997609,0.02042147,0.02095946,0.02135898,0.02195528,0.02219032,0.02263121,0.02300494,0.02348883,0.02373218,0.02405364,0.02450033,0.0246401,0.02494442,0.02514715,0.02531086,0.02557018,0.02567433,0.02583835,0.02594294,0.02591471,0.02586887,0.02601729,0.02588517,0.02596072,0.0258709,0.02577078,0.0256734,0.02553012,0.02523659,0.02504274,0.02480406,0.02454348,0.02423032,0.02398525,0.02364987,0.02337173,0.0229028,0.02243571,0.0220728,0.02148201,0.02102633,0.0207731,0.02020168,0.01956513,0.01910877,0.01854855,0.01806531,0.01726585,0.01661019,0.01597801,0.01515284,0.01463802,0.01396268,0.01323788,0.01251833,0.01185083,0.0111745,0.01034821,0.009685777,0.008918577,0.008096872,0.007426755
GDOR,0.003080396,0.003019346,0.002988361,0.002911996,0.002775959,0.002685918,0.002608698,0.002578065,0.00254676,0.002385178,0.002383021,0.00235423,0.002165654,0.002138655,0.001941205,0.001952944,0.001732464,0.001729157,0.00153877,0.001464836,0.001435602,0.001284541,0.001184618,0.001001185,0.0009289326,0.000785333,0.0007594089,0.0006009894,0.0005733275,0.0004535748,0.0003436881,0.0002819176,0.0002765211,0.0001487067,2.164739e-05,-1.38972e-05,-0.0001658744,-0.0002321515,-0.0004879106,-0.0003442614,-0.0006202122,-0.0005192861,-0.0007225647,-0.0008811268,-0.0009033915,-0.001017983,-0.001073733,-0.001085389,-0.001238135,-0.001342918,-0.001308865,-0.001469477,-0.001556289,-0.001539181,-0.001586914,-0.001655727,-0.001698315,-0.001898515,-0.001836826,-0.001897603,-0.001957623,-0.001955254,-0.002100982,-0.00208417,-0.002038273,-0.002117353,-0.002111175,-0.002052099,-0.002124227,-0.002070451,-0.00215805,-0.002300483,-0.002190028,-0.00229593,-0.00232878,-0.002297851,-0.00227096,-0.0024405,-0.002409055,-0.002419264,-0.002445115,-0.002489025,-0.002394672,-0.002480003,-0.002443661,-0.002404937,-0.002464815,-0.00249441,-0.002520047,-0.002493129,-0.002293844,-0.00227294,-0.002319895,-0.002405714,-0.00243282,-0.00249591,-0.002391615,-0.00233832,-0.002230509,-0.002262074,-0.00220367,-0.002235093,-0.002174638,-0.002153253,-0.002228304,-0.001998891,-0.002070979,-0.001987439,-0.001921792,-0.001878577,-0.001793403,-0.001752114,-0.001684596,-0.001603855,-0.001529897,-0.001460821,-0.001482727,-0.00145125,-0.001348486,-0.001211622,-0.001175169,-0.001034523,-0.001117426,-0.000933731,-0.0008294667,-0.0008645885,-0.0006840834,-0.0005878859,-0.0005409545,-0.0004572514,-0.0003637328,-0.0003411089,-0.0002459919,-0.0002227732,-0.0001647277,-4.48295e-05,0.0001040775,0.0002512941,0.000174466,0.000295518,0.0004007988,0.0004902135,0.0006333556,0.0006522553,0.0007319258,0.0008090212,0.0008833013,0.0009757184,0.001241243,0.001372565,0.001285859,0.001388177,0.001666303,0.00167253,0.001713931,0.001823048,0.001933285,0.002129725,0.002126541,0.002205037,0.002325542,0.002296749,0.002539672,0.002560626,0.002711554,0.002713958,0.002738473,0.002919282,0.002918006,0.003026356,0.002927973,0.003108903,0.003101585,0.00320179,0.003297738,0.003244788,0.003333364,0.003344819,0.003352703,0.003343325,0.003452118,0.003501728,0.003429873,0.003529219,0.0034479,0.003494057,0.003498007,0.003496138,0.003507763,0.003424224,0.003448123,0.003413448,0.003377656,0.003322783,0.003228859,0.003293291,0.003182044,0.003063437,0.003118736,0.003125507
GDOR,-0.00176001,-0.001575841,-0.001482082,-0.001124048,-0.0009142625,-0.0006796886,-0.0004311223,-0.000157846,5.518588e-05,0.0003261344,0.000540602,0.0008266487,0.0009881419,0.00126253,0.001540734,0.001790975,0.002096988,0.002393211,0.002531176,0.00279716,0.00302563,0.003326535,0.003567131,0.003804581,0.004040786,0.004308506,0.004575603,0.00483392,0.004989014,0.005254311,0.005435537,0.005716823,0.005990366,0.006182308,0.006388437,0.006582561,0.006715195,0.006988668,0.007039184,0.007213572,0.007470892,0.00764565,0.007827333,0.007903458,0.008098219,0.008247959,0.008311377,0.00838401,0.008484271,0.008687988,0.008748652,0.008834164,0.008923196,0.008987282,0.008975403,0.009048435,0.009080992,0.009161355,0.009228741,0.009099345,0.009200745,0.009115822,0.009041834,0.009137454,0.008988962,0.009004745,0.008937332,0.008857156,0.008710316,0.008691453,0.008559453,0.008505786,0.008469488,0.008193236,0.008158325,0.00807777,0.007929078,0.007714685,0.007638378,0.007501705,0.007252318,0.007111065,0.006863039,0.006751003,0.006547413,0.006288151,0.006107093,0.00584791,0.005614055,0.005606925,0.005242244,0.005012882,0.00482877,0.004560908,0.004185515,0.004087096,0.003849789,0.003599489,0.003208869,0.003123023,0.002881791,0.002623435,0.0023555,0.002117588,0.001763129,0.001624325,0.001409684,0.001248978,0.0009057694,0.0007155289,0.0004471889,0.0001483212,-0.0001514047,-0.0003975011,-0.0005343201,-0.0007391568,-0.001085509,-0.001224283,-0.00142648,-0.001647485,-0.001916804,-0.002054647,-0.002317351,-0.002546713,-0.002833607,-0.002941862,-0.003140572,-0.003266352,-0.003415904,-0.003610401,-0.003866101,-0.004083508,-0.004137706,-0.004174651,-0.004434713,-0.004563751,-0.004720709,-0.004796085,-0.004971757,-0.005069509,-0.005215352,-0.005287318,-0.005516846,-0.005579949,-0.005640807,-0.005696302,-0.00574108,-0.005926741,-0.005980738,-0.005809214,-0.006037273,-0.005998864,-0.006236132,-0.006220814,-0.006248583,-0.006285079,-0.006261485,-0.006342934,-0.006292244,-0.006361913,-0.006274759,-0.006393566,-0.00632211,-0.00638723,-0.006336955,-0.006320701,-0.006190666,-0.006204431,-0.006156507,-0.006175239,-0.006082702,-0.005978409,-0.005961656,-0.005861182,-0.005752656,-0.005732012,-0.005689265,-0.005448664,-0.005440624,-0.005288366,-0.005207747,-0.004985843,-0.004918545,-0.004807698,-0.004676611,-0.004501734,-0.004386224,-0.004252186,-0.004096177,-0.003978625,-0.003757521,-0.003538035,-0.003362765,-0.003197224,-0.003129902,-0.002852474,-0.002635962,-0.002418109,-0.002206507,-0.002036232
GDOR,1.8032e-05,3.982806e-05,-0.0001592735,-8.373599e-06,4.656915e-05,-3.60939e-05,1.093517e-05,-4.902131e-08,-1.412989e-05,3.146429e-06,-7.186677e-05,5.75552e-06,3.312452e-05,-4.360129e-05,2.342674e-06,2.3867e-05,9.502053e-06,6.659425e-05,4.746446e-06,7.044722e-05,1.636098e-05,1.274129e-05,1.182262e-05,-2.428113e-05,2.307711e-05,5.335199e-05,7.652096e-05,0.0001106213,-1.427687e-05,-1.936328e-05,8.796633e-05,9.970496e-05,4.012263e-05,-4.921293e-05,1.006571e-06,2.097801e-07,6.537385e-05,-4.864014e-05,3.236294e-06,0.0001056601,2.27739e-05,3.593493e-05,6.555892e-06,4.682472e-05,0.0001118339,-2.574068e-05,-4.196767e-05,-3.614548e-05,6.657268e-05,5.54361e-05,-1.287034e-05,5.873912e-05,1.657439e-05,-4.912903e-05,3.042807e-05,4.002621e-06,0.0001047517,5.725264e-05,2.409035e-05,-6.890061e-05,-5.90953e-05,-2.679036e-05,-1.831e-05,-6.821808e-05,-4.778317e-05,8.62811e-05,-6.429351e-05,-9.151451e-06,-5.331753e-05,-3.820799e-05,-4.665199e-05,-1.974796e-06,-8.465021e-05,4.35812e-05,-4.49695e-05,-7.188194e-05,-6.47297e-05,-1.958523e-05,-2.635572e-05,7.871733e-05,-8.30532e-05,6.992072e-05,-2.55693e-05,-3.50146e-05,-2.863258e-05,1.852777e-06,1.013521e-05,9.17717e-05,2.420065e-05,5.35101e-05,1.478789e-06,0.0001066711,-2.511573e-05,5.030426e-05,6.531668e-05,-5.45837e-05,3.817395e-06,-2.055067e-05,4.418641e-05,-2.619601e-05,6.072978e-06,7.174126e-05,-7.035564e-05,-1.486575e-05,-5.768527e-05,-0.0001185379,-5.27905e-06,7.899918e-05,7.683605e-05,5.355524e-05,-4.27346e-05,7.992789e-05,-5.999895e-05,4.849115e-05,-1.688839e-05,2.102905e-05,-2.641704e-05,-1.049253e-05,1.522752e-05,6.679505e-05,-3.237585e-06,5.230092e-06,0.0001199805,4.52314e-05,4.836441e-05,3.360911e-05,-1.083703e-06,0.0001053133,-5.694549e-05,-5.05541e-06,4.561378e-05,-1.926418e-05,4.477186e-05,4.602024e-05,-1.935361e-05,-8.770021e-05,2.464594e-05,8.914657e-05,9.11594e-05,2.791382e-05,1.14187e-05,-5.551027e-05,-5.344412e-05,1.016984e-05,1.921526e-05,-4.15156e-05,1.364674e-05,-3.742489e-05,9.262523e-05,-3.80352e-05,-4.171854e-07,3.542918e-05,-4.079008e-05,-0.0001025714,3.098321e-05,8.345484e-06,-1.662616e-05,-8.36039e-05,-6.35838e-06,2.773103e-05,7.135988e-05,7.339377e-05,0.0001180576,0.0001318783,-8.905088e-05,4.496735e-05,-6.152657e-05,-3.77925e-05,-2.09182e-05,7.193506e-05,9.6072e-05,7.696439e-05,1.558152e-05,0.000134229,-1.330471e-05,5.534198e-05,2.983421e-05,-5.206608e-05,-3.636117e-05,-5.339559e-05,3.156995e-05,5.913744e-05,-5.091571e-06,2.95081e-05,-6.613366e-05,-5.13769e-05,-5.082716e-05,6.392405e-05,-7.723274e-05,7.292934e-05,-8.866165e-06,4.067928e-05,-8.907041e-05,-6.28679e-05,1.26854e-05,-1.642447e-05,0.0001039158,7.476215e-05,-3.228336e-05,7.238682e-05
GDOR,-0.0008332104,-0.0006316727,-0.0007127877,-0.0002776893,-0.0004249495,-0.0001572537,-0.000229471,-4.953655e-05,0.0001818403,0.0001400657,0.0003829706,0.0003245447,0.0005739804,0.0006187461,0.0007493474,0.0009169664,0.001041346,0.00120353,0.001204978,0.001282587,0.001410289,0.00161343,0.001721664,0.001780285,0.001982389,0.001890904,0.002072913,0.002109789,0.002279771,0.002378995,0.002499833,0.002557357,0.002672831,0.002736969,0.002746185,0.002927427,0.002979888,0.002952592,0.003155245,0.003149959,0.003256954,0.003278033,0.003357145,0.003312636,0.003470803,0.003437648,0.003539717,0.003564111,0.003488954,0.003675331,0.003567997,0.003653827,0.003638017,0.003696773,0.003803281,0.003758334,0.003750741,0.003768495,0.003838067,0.003839821,0.003869217,0.003781696,0.0036902,0.003659781,0.003643063,0.003720221,0.003609829,0.003591234,0.003494891,0.003528697,0.003453283,0.003450105,0.003319929,0.0033224,0.00325003,0.003188296,0.003207201,0.003100831,0.002988283,0.00304131,0.002883567,0.002776642,0.002666304,0.002477593,0.002589553,0.002275663,0.00225264,0.002162891,0.002118909,0.002015327,0.001806674,0.001860012,0.001650904,0.001602481,0.001477788,0.001476299,0.001205941,0.001173787,0.001016782,0.0008297644,0.0007741806,0.0006041722,0.000546416,0.0003761907,0.0003494463,0.0001069549,0.0001485557,-6.240336e-05,-0.0001128076,-0.000294775,-0.0004571,-0.0005641903,-0.0006590998,-0.0007448782,-0.0008098033,-0.001019577,-0.0009828768,-0.001233498,-0.001296942,-0.001398639,-0.001403526,-0.001707395,-0.001645397,-0.00179446,-0.001937147,-0.002015152,-0.002101757,-0.002225598,-0.002298526,-0.00239213,-0.002486503,-0.00249608,-0.002623103,-0.002634264,-0.002705795,-0.002736654,-0.002912539,-0.002874292,-0.002952443,-0.003109213,-0.002984212,-0.003195849,-0.003237776,-0.003218115,-0.003326116,-0.003315462,-0.003417265,-0.003360852,-0.003451026,-0.003426292,-0.003571329,-0.003496715,-0.00359369,-0.003628892,-0.003466772,-0.003647803,-0.003601276,-0.003580902,-0.003600905,-0.003687642,-0.003440891,-0.003560576,-0.003594488,-0.00346597,-0.003546932,-0.003285236,-0.003264325,-0.003253967,-0.003432719,-0.00322453,-0.003336458,-0.003273522,-0.00322198,-0.003213553,-0.003004143,-0.003205504,-0.002922824,-0.002972302,-0.00269769,-0.002717397,-0.002721944,-0.00267577,-0.002621859,-0.002523092,-0.002570741,-0.002315691,-0.002234574,-0.002133738,-0.002133086,-0.001965283,-0.001825835,-0.001752512,-0.001573599,-0.001650229,-0.001449446,-0.001268022,-0.001189322,-0.00113137,-0.001143026,-0.0008419147
GDOR,-0.00462668,-0.00502714,-0.005250059,-0.005534283,-0.005495118,-0.00606725,-0.006335062,-0.00659493,-0.006879154,-0.007136019,-0.007520911,-0.007669334,-0.008143103,-0.008575433,-0.008817312,-0.009161491,-0.009609448,-0.009848367,-0.01016966,-0.01027942,-0.01077843,-0.01095537,-0.01114014,-0.0114144,-0.01169557,-0.01174556,-0.01201835,-0.01198867,-0.01251368,-0.01257256,-0.01237264,-0.01258005,-0.01265984,-0.0125747,-0.01275546,-0.01268061,-0.01256648,-0.01261209,-0.01268919,-0.01238973,-0.01244528,-0.01243721,-0.01238079,-0.01236549,-0.01193699,-0.01177343,-0.01146497,-0.01154572,-0.01116341,-0.0111063,-0.01056366,-0.0103274,-0.0100464,-0.009754987,-0.009325938,-0.009028078,-0.008553702,-0.008402891,-0.008089561,-0.007808917,-0.007386704,-0.006953248,-0.006890092,-0.006351269,-0.006270803,-0.005526732,-0.005191396,-0.004729142,-0.00447504,-0.004175565,-0.003654815,-0.003576,-0.002873014,-0.002475673,-0.001930425,-0.001674432,-0.001459898,-0.0006708842,-0.000547431,-4.638141e-05,0.0001600278,0.0005301817,0.0008432548,0.001131368,0.001726113,0.001929965,0.002525897,0.002657503,0.002776545,0.003151474,0.003589913,0.004033001,0.003948972,0.004296817,0.004372511,0.004699717,0.004803387,0.004885457,0.004926702,0.005399095,0.005467733,0.005489201,0.005682379,0.00588318,0.005703341,0.006048489,0.006409292,0.006384596,0.006259243,0.006236753,0.006525174,0.006576469,0.006556356,0.006628591,0.006704769,0.006815911,0.006508498,0.006632413,0.006906326,0.006757145,0.007191147,0.007022102,0.007285402,0.007254072,0.007293328,0.007310561,0.00748969,0.007244212,0.007458575,0.007424401,0.007359012,0.00722677,0.007344443,0.007443937,0.007156702,0.007181255,0.007237765,0.007377396,0.007143781,0.007060097,0.007180927,0.007319086,0.007414624,0.007208547,0.007283817,0.007101116,0.006926143,0.006919384,0.006286518,0.006545756,0.006384996,0.006393589,0.006306702,0.006096993,0.005972493,0.005960946,0.005733674,0.005695923,0.005985025,0.005886242,0.005507386,0.005486057,0.005337923,0.004938717,0.005310982,0.004922185,0.004822839,0.0048292,0.004376641,0.004226526,0.004134861,0.00387632,0.003553914,0.003161959,0.002804831,0.002582936,0.00251067,0.002229581,0.00188907,0.001922889,0.001524356,0.001390474,0.001146908,0.0007243642,0.0005290243,0.0002472306,-6.398616e-05,-0.0002230245,-0.0005658758,-0.0008849703,-0.001460506,-0.001610263,-0.001926339,-0.00223929,-0.002566894,-0.002843597,-0.003221014,-0.00362447,-0.003846178,-0.004256237
GDOR,7.560691e-05,0.0003380242,0.0005617679,0.0003887772,0.0004827924,-4.456023e-06,-5.281259e-05,-0.0001583333,-0.0001419897,-4.720391e-05,-0.0001379097,9.985134e-05,0.0001287177,0.0002013597,0.0002588539,-0.0001658606,-0.0003360638,-0.0003462103,-0.0009217542,-0.000645693,-0.0009587852,-0.0005386931,-0.000454151,-0.0003910528,-0.0006071312,-0.001021908,-0.0008870068,-0.001099536,-0.0009617473,-0.001241868,-0.001158861,-0.001499236,-0.001553434,-0.001557289,-0.001516054,-0.001189167,-0.001321493,-0.001546089,-0.001711946,-0.001448627,-0.00138701,-0.00144219,-0.001491385,-0.001607735,-0.0019554,-0.002022967,-0.001775797,-0.001928647,-0.001785381,-0.002068931,-0.00165315,-0.002048257,-0.0015828,-0.001472159,-0.001821287,-0.001360507,-0.001710646,-0.001423021,-0.00173542,-0.001571926,-0.001228291,-0.001411827,-0.001206986,-0.0009613204,-0.0009154018,-0.001013019,-0.0008576714,-0.001088138,-0.0005376149,-0.0008915286,-0.0006911232,-0.0003931305,-0.0004828774,-0.0002028535,-5.346533e-05,1.228017e-05,0.0002405184,0.0002488658,0.0002281034,0.0002181508,0.0004114937,0.0005436267,0.0002810538,0.0004204987,0.000675737,0.0005416758,0.0007115431,0.0006413711,0.0008681659,0.0005346167,0.0008464513,0.0007908348,0.001257179,0.001189496,0.0009941569,0.001348973,0.001333012,0.001180406,0.001293246,0.001008743,0.001079337,0.001596706,0.001176652,0.001096189,0.001015263,0.001010114,0.0006670156,0.0007644913,0.0003406465,0.0006139896,0.0005072964,0.0004896465,0.000289868,0.0005048227,0.0003585957,0.0004005013,0.0004937293,0.0003723105,0.0001697905,0.0001648263,-9.09528e-05,0.0001703783,-3.998331e-07,0.0001480336,0.0001433824,0.0001124768,0.0001457637,0.0002943844,-0.0002090329,-1.347355e-05,-0.0002648801,-0.0002554343,-0.0003130416,1.326929e-05,-0.0002143119,-2.525727e-05,-0.0001923882,-9.624863e-05,-7.917393e-06,-9.510197e-05,-0.0001521005,-0.0002474236,-2.076677e-05,7.005451e-05,-6.931434e-05,-2.556232e-06,0.0004185072,-0.0001999025,0.0004191833,0.0003277311,8.949972e-05,-0.0002772172,9.195497e-05,7.902532e-05,-0.0001124346,-0.0003760319,-0.0002677664,-0.0003646441,-2.781114e-05,3.646897e-05,0.0006769648,0.0004730566,0.0001222708,0.0004220949,0.0005841963,0.000639779,0.0004694865,-2.367496e-05,0.0001501318,0.0005883909,0.0004635227,0.0006734986,0.0004402357,0.0008167999,0.0008567471,0.0005820406,0.0006714544,0.0009000578,0.0006261763,0.001055609,0.0003038483,0.0005955127,0.0004385019,0.0005403555,0.0005777465,0.0003354751,0.0001515043,0.000603938,0.0005202654,0.000604063,0.0006423288,0.0005588581,0.0007564285,0.0008227382,0.001083411,0.001182942,0.001222065,0.0009827359,0.001050779,0.001075358
GDOR,-0.001635205,-0.001788519,-0.001665924,-0.001725162,-0.001737111,-0.001573936,-0.001642436,-0.001584184,-0.001617918,-0.001598793,-0.001524475,-0.00148258,-0.00137651,-0.001546626,-0.001324648,-0.001419581,-0.001301745,-0.001292581,-0.001223767,-0.001306882,-0.001172383,-0.001359381,-0.001127321,-0.001334981,-0.001020483,-0.001183106,-0.00104034,-0.001086022,-0.001080108,-0.0009304126,-0.001045627,-0.0007090141,-0.0008900206,-0.0004292622,-0.0006773,-0.0003290575,-0.0004972975,-0.0002181914,-0.0002698223,-4.029345e-05,-0.0001574054,7.210873e-05,1.079882e-05,0.0002215601,0.0001986569,0.0002483247,0.0003018393,0.0003849615,0.000512721,0.000425957,0.000498111,0.0006052388,0.0006781261,0.0007421214,0.0007457735,0.0009674602,0.0009034534,0.001051631,0.001124705,0.001282869,0.001312579,0.00138591,0.001330255,0.0016465,0.001588762,0.001662152,0.001645424,0.001723635,0.001821123,0.001727673,0.001836494,0.00168185,0.001825772,0.001772378,0.001807948,0.001706671,0.001693353,0.001817897,0.001683074,0.001913902,0.001701444,0.001980248,0.001856413,0.002022195,0.001887156,0.00199461,0.001878235,0.001943751,0.001860525,0.001910538,0.00195675,0.001897159,0.001778585,0.001632037,0.001898201,0.001523288,0.001740101,0.001486868,0.001581275,0.001441118,0.001554026,0.001394887,0.001559873,0.001314153,0.001427726,0.001372092,0.001578948,0.001343657,0.001444446,0.001349357,0.001413924,0.001330651,0.001536682,0.00141355,0.001536121,0.001268744,0.001420035,0.001253714,0.001303835,0.001082752,0.001263373,0.0009355192,0.001123702,0.0007623475,0.0009972183,0.000907686,0.0007891282,0.0009420937,0.0006631091,0.0007935813,0.000523607,0.0007330207,0.0006176024,0.0007010662,0.0006474783,0.000612537,0.0005592509,0.0005629282,0.0004236335,0.0004624816,0.0003512074,0.0003050192,0.0001601126,8.322019e-05,2.226551e-05,-0.0001610277,-7.435905e-07,-0.0003350226,-0.000248,-0.0004566939,-0.0005128188,-0.0004990397,-0.0007312943,-0.0005272232,-0.0007845006,-0.0005766266,-0.0008314803,-0.0006282852,-0.0008389122,-0.000692082,-0.0009495195,-0.0006314014,-0.0009292745,-0.0008320953,-0.0009127334,-0.0009649355,-0.0009549437,-0.001034927,-0.00102283,-0.001105025,-0.001033378,-0.001365935,-0.001096143,-0.00134506,-0.001337662,-0.001427341,-0.001376423,-0.001472212,-0.001400508,-0.001465342,-0.00144888,-0.00142837,-0.001332524,-0.00142719,-0.001454569,-0.001371462,-0.001428895,-0.00131428,-0.001393056,-0.00130599,-0.001442619,-0.001404088,-0.001381642,-0.001518546,-0.001394031,-0.001539432,-0.001521263,-0.001661846,-0.001497986,-0.001635373
GDOR,0.0004523109,3.212104e-05,-0.0003691382,-0.0008938391,-0.001427622,-0.001887413,-0.002213629,-0.00263895,-0.003112539,-0.004175764,-0.004468344,-0.004939179,-0.005131836,-0.005673637,-0.005856642,-0.006450484,-0.0067674,-0.007280583,-0.007624567,-0.007742606,-0.008301117,-0.008909417,-0.009014666,-0.009198187,-0.009753359,-0.01005302,-0.01001241,-0.01041273,-0.0107215,-0.01105914,-0.01126239,-0.01131444,-0.01176823,-0.01196181,-0.01208424,-0.01209044,-0.01239609,-0.01247391,-0.01264222,-0.01281196,-0.01303906,-0.01303903,-0.01276943,-0.01275031,-0.01339649,-0.01353647,-0.0134429,-0.0134478,-0.01357584,-0.01342455,-0.0133788,-0.01350796,-0.01352377,-0.01335131,-0.0134331,-0.01326353,-0.01330421,-0.01328406,-0.01314555,-0.01295675,-0.01291217,-0.0129793,-0.01259597,-0.01258637,-0.01202106,-0.01171886,-0.01155643,-0.01127555,-0.01105556,-0.01092611,-0.01072252,-0.01041929,-0.009979535,-0.009573356,-0.009418058,-0.00903521,-0.008822006,-0.007960496,-0.00799259,-0.007637566,-0.007288107,-0.006661446,-0.006420539,-0.005969447,-0.005215445,-0.004923793,-0.004467498,-0.004043819,-0.003347325,-0.002446617,-0.002236181,-0.001604786,-0.000926934,-0.000452806,6.418779e-05,0.0005812548,0.001762384,0.001515434,0.002615649,0.003224493,0.003800331,0.004447584,0.006175714,0.006138442,0.006203293,0.00711652,0.007455798,0.007996749,0.00937035,0.009397676,0.0102384,0.01082903,0.01235007,0.01259821,0.01085922,0.01080178,0.01101024,0.01202076,0.01280052,0.01324144,0.0136197,0.01403895,0.01443035,0.01567262,0.0163742,0.01627583,0.01647923,0.0168923,0.01596611,0.01741282,0.0179957,0.01829078,0.01854794,0.01843956,0.01887269,0.01935935,0.01993706,0.01988867,0.01986759,0.02003892,0.01997506,0.02035831,0.02039204,0.02065532,0.02033349,0.02204777,0.02302068,0.02296078,0.02325086,0.02285749,0.02219028,0.02243609,0.0220844,0.02189392,0.02177692,0.02133436,0.02157968,0.02099533,0.02166314,0.02083818,0.02093377,0.0200887,0.01925137,0.01954269,0.01891221,0.01838178,0.01833681,0.01831006,0.0174801,0.01733771,0.01668413,0.01583616,0.01595468,0.01462129,0.01349859,0.0130352,0.01288917,0.01226055,0.01215977,0.0115353,0.01104567,0.0104477,0.01030867,0.01003251,0.009112317,0.007979782,0.00739814,0.006446693,0.005575477,0.005586252,0.005409074,0.004789779,0.004419715,0.003848662,0.00342786,0.002850761,0.002019799,0.001119306,0.0007250846,0.0005077102
GDOR,0.002609877,0.00260516,0.002572198,0.002741779,0.00275742,0.002822888,0.002681682,0.002593001,0.002482702,0.002615405,0.002561615,0.002428108,0.002422595,0.002570938,0.002318131,0.0022387,0.002249568,0.002325851,0.002091177,0.002111529,0.001953137,0.002045787,0.001987104,0.001931506,0.001878628,0.001800299,0.001781996,0.001590744,0.00158751,0.001554738,0.001601603,0.001469147,0.00136731,0.001363581,0.001154541,0.001259321,0.001057902,0.0009198407,0.001185537,0.0009411616,0.001059975,0.000683687,0.0007337569,0.000662055,0.0005945826,0.0005873074,0.0006176265,0.0005924228,0.0006671029,0.0003611537,0.0003897385,0.0003145834,0.0002240274,0.0002880471,0.0004320249,0.0002751575,0.000324443,-6.907897e-05,-2.139767e-05,-0.0001969491,-0.0001669986,-5.113694e-05,-0.0004244376,-0.0002415385,-0.0003825373,-0.0003472556,-0.0006061307,-0.0005737688,-0.0007924868,-0.0006457873,-0.0008704359,-0.0008549782,-0.001006579,-0.0008936892,-0.001083991,-0.001298319,-0.001484756,-0.001374254,-0.001526165,-0.001627085,-0.00188822,-0.001839663,-0.001777987,-0.002191558,-0.002174612,-0.002258291,-0.002320861,-0.002475898,-0.002353871,-0.002619399,-0.002675473,-0.002649606,-0.002816528,-0.003015842,-0.002917155,-0.003172815,-0.00293006,-0.003164684,-0.003144884,-0.003298004,-0.003368579,-0.003479674,-0.003471027,-0.003445423,-0.003487075,-0.003522326,-0.003442451,-0.003369243,-0.00341399,-0.003357547,-0.003212307,-0.003447576,-0.003176928,-0.003208342,-0.002975137,-0.003270747,-0.003218538,-0.002979998,-0.00288699,-0.002900698,-0.002767642,-0.002826862,-0.002915672,-0.00265665,-0.002390031,-0.002359278,-0.002477773,-0.002494953,-0.00235928,-0.00227374,-0.002162857,-0.0021632,-0.002060005,-0.001886465,-0.001890006,-0.001795233,-0.001739276,-0.001712916,-0.001414239,-0.001642742,-0.001536784,-0.001597202,-0.001214017,-0.00119639,-0.001121165,-0.00102473,-0.00107517,-0.0007002098,-0.0007344048,-0.0005555774,-0.0006482742,-0.000368366,-0.0003127426,-0.000241561,-8.103844e-05,-4.000514e-05,-6.882679e-06,0.0001094549,0.0001587857,0.0001574894,0.0004217282,0.000433149,0.0003922925,0.0006276132,0.0006217855,0.0007351301,0.000596982,0.000817096,0.001077323,0.0009655434,0.001251398,0.001399186,0.001275238,0.001209335,0.001398712,0.001516222,0.001481774,0.001564811,0.001750348,0.00164214,0.001800454,0.001830346,0.002076519,0.002018104,0.002207251,0.00192458,0.002212182,0.002258056,0.002300249,0.002340297,0.00249926,0.002275319,0.002471811,0.002605089,0.00253454,0.002538361,0.002589488,0.002507275,0.00254577,0.002756109
GDOR,-0.006931747,-0.007445529,-0.007601281,-0.007750553,-0.007961314,-0.008102432,-0.008304286,-0.00852106,-0.008557656,-0.008683187,-0.009070269,-0.009106677,-0.009159756,-0.009192161,-0.009211195,-0.009479861,-0.009547536,-0.009429283,-0.009588659,-0.009729033,-0.009599407,-0.009831658,-0.009722043,-0.009613762,-0.009570744,-0.009550783,-0.009712012,-0.009703435,-0.009633006,-0.009478257,-0.009455238,-0.009470577,-0.009482848,-0.009380709,-0.009119531,-0.009080278,-0.008991578,-0.008939108,-0.008911289,-0.008816876,-0.008606611,-0.008432779,-0.008626559,-0.008388585,-0.008215638,-0.008055517,-0.008037401,-0.007848548,-0.007675555,-0.007627093,-0.007493491,-0.007403786,-0.007303085,-0.007136232,-0.00701917,-0.006882302,-0.005596614,-0.004822165,-0.004487467,-0.004073439,-0.004016832,-0.003843498,-0.003674221,-0.003911098,-0.003566605,-0.003160405,-0.003069259,-0.002934099,-0.00271042,-0.002493977,-0.002104733,-0.001817842,-0.001689242,-0.001505325,-0.00175675,-0.001485393,-0.001021446,-0.000838795,-0.0005689133,-0.0004894966,-0.0003515929,7.877559e-05,0.000501499,0.0004156775,0.0003738803,0.0006168484,0.001089796,0.001361578,0.001552503,0.001802541,0.002102676,0.002288285,0.002481756,0.002948899,0.003232867,0.003113482,0.003492267,0.003796693,0.004131778,0.004547666,0.004751808,0.00502155,0.005333253,0.005693185,0.005892461,0.006159504,0.006513152,0.006865261,0.006929483,0.007465085,0.007864334,0.008214038,0.008606324,0.008955585,0.009394492,0.009749448,0.009964081,0.0106253,0.01095155,0.01127971,0.01173052,0.01204401,0.01234335,0.0125998,0.01321392,0.01506231,0.01569918,0.01596751,0.01640218,0.01686259,0.01739732,0.01777099,0.01794274,0.01814834,0.01829501,0.01876301,0.01888448,0.01915199,0.01891662,0.01887731,0.01879711,0.01879142,0.0186432,0.0183801,0.01806569,0.01787245,0.01765804,0.01722616,0.01741482,0.01656537,0.01595664,0.01547054,0.01508504,0.01465494,0.01417036,0.01340883,0.01292745,0.0122832,0.01206598,0.01144262,0.01078384,0.01015619,0.009513786,0.00889763,0.008256435,0.007713192,0.0072659,0.006585321,0.005792728,0.005658173,0.004882528,0.004350353,0.003782613,0.003567834,0.002651024,0.002107519,0.001453553,0.001114746,0.0004992286,0.0001593125,-0.0004858896,-0.001073589,-0.001515342,-0.001856237,-0.002439297,-0.002940984,-0.003404625,-0.003829548,-0.004072069,-0.004557101,-0.004776136,-0.005229542,-0.005683008,-0.005952712,-0.00618422,-0.006623173,-0.006876311,-0.007309286,-0.007570782,-0.007721114
GDOR,-9.255921e-05,-5.098573e-05,-8.08417e-05,-4.146832e-05,-0.0001391748,-2.831678e-05,-7.765427e-05,-8.784369e-05,-5.435853e-05,-9.540201e-05,-0.0001382198,-0.0001218453,-1.117973e-05,-7.173715e-05,-0.000138864,-0.0001489462,-6.806272e-05,-5.42437e-05,-0.0001313594,-0.0001423779,-3.511054e-05,6.585345e-05,1.456604e-05,-6.308049e-05,-2.374915e-05,-3.940537e-05,0.0001156564,4.090184e-05,-1.317984e-06,3.273329e-07,0.0001207916,3.600249e-05,-2.934396e-05,2.797338e-05,1.976613e-05,9.402337e-05,3.798903e-05,5.13934e-05,8.940932e-05,5.708343e-06,-1.120481e-05,3.954543e-05,0.0001896888,5.655853e-05,9.759562e-05,4.487904e-05,7.737576e-05,6.116358e-05,0.0001133626,0.0001239131,0.0001513508,0.00010247,2.356823e-05,0.0001087955,0.0001749584,0.0001091856,0.000106984,4.613526e-05,1.452336e-05,9.598629e-05,7.753593e-05,8.996385e-05,3.909583e-05,0.0001030353,5.777147e-05,-2.394968e-05,0.0001595393,2.474168e-05,6.831233e-05,1.671812e-05,5.611969e-05,0.0001153774,6.853374e-05,3.012537e-05,5.986802e-05,1.168813e-05,4.924423e-05,8.516766e-05,0.0001401122,3.573029e-05,3.91734e-05,3.079535e-05,1.674294e-05,5.894674e-05,8.116366e-05,4.819943e-05,6.420664e-05,2.598129e-05,8.175183e-05,1.711055e-05,0.0001082627,7.780555e-05,0.0001055972,3.943698e-06,3.570619e-05,0.0001009604,7.124009e-05,3.429448e-05,2.709497e-05,0.0001151928,0.0001110112,0.0001328832,0.0001333201,0.0001479271,0.0001345993,3.25048e-05,0.0001152255,5.507785e-05,0.0001145934,1.149415e-05,0.0001509005,2.226604e-05,2.044319e-05,8.981062e-05,4.1235e-05,1.323561e-05,-2.341412e-05,3.784991e-05,0.000126271,-2.428019e-05,-2.041696e-05,-7.858894e-05,8.620329e-05,3.79616e-05,5.276304e-05,-3.745626e-05,8.633335e-05,-4.693034e-05,6.14098e-05,-1.353177e-05,8.198575e-05,5.823239e-05,4.277055e-06,-8.983272e-05,-5.496928e-05,-6.115523e-05,4.333793e-05,0.0001051944,-3.538725e-05,9.683554e-06,5.56478e-05,0.0001062936,-6.076258e-05,3.784933e-05,-5.504179e-05,-2.698944e-05,2.042458e-05,-4.972975e-06,4.611271e-05,-6.525712e-06,6.411514e-05,-1.956066e-06,-2.725178e-05,-0.0001331729,2.04202e-05,3.971238e-05,1.270414e-05,4.919083e-06,3.480842e-05,-5.979677e-05,5.375893e-05,6.789943e-05,-7.623641e-05,-3.080022e-05,-7.267245e-05,-1.663456e-05,-5.140381e-05,-8.945513e-05,-3.323502e-05,-0.0001045839,-4.481629e-05,-0.0001243159,-7.408283e-05,-0.000160866,-0.0001950637,-5.539865e-05,-0.000109241,-0.0001604982,-4.046286e-06,-0.000143989,-0.0002196809,-9.737346e-05,-0.0002002567,-8.316424e-05,-0.000104763,-8.114947e-05,-0.0002065517,-0.0001388192,-0.0001171011,-0.0002250996,-0.0001073146,-0.0001719922,-0.0001542247,-0.0001581063,-9.826864e-05,-0.0001731218,-8.207963e-05,-0.0001532299,-0.0001453825,-0.0001639374
GDOR,0.002035317,0.002029906,0.002135888,0.001947507,0.002155767,0.002027016,0.002134375,0.002369029,0.002136035,0.002193806,0.002334175,0.002230485,0.002126355,0.002380465,0.002287409,0.002277971,0.002366117,0.002202482,0.002350634,0.002424836,0.002377792,0.0022188,0.002468778,0.00228045,0.0027073,0.002420713,0.002402809,0.002269238,0.0022442,0.002382631,0.002278026,0.002157927,0.002325907,0.002233364,0.001928828,0.00225082,0.002157148,0.002077468,0.002101466,0.002111752,0.001964706,0.002054113,0.001974312,0.001912509,0.00195325,0.001810748,0.001878655,0.001642196,0.001716495,0.001756467,0.001406209,0.001531584,0.001461047,0.001342469,0.001342089,0.001322622,0.0009689521,0.001177915,0.000967457,0.0008959101,0.000691309,0.0008074529,0.0005876909,0.0006504602,0.0005550319,0.00046569,0.0004197819,0.0002428198,0.0002625491,2.263045e-05,7.436371e-07,-3.590096e-05,-0.0001648023,-0.0002133145,-0.0003226908,-0.0004496264,-0.0004659301,-0.0004991621,-0.0006609985,-0.0007275071,-0.0007176085,-0.0009444134,-0.0009660854,-0.001039564,-0.00125023,-0.001167882,-0.001238055,-0.001405403,-0.001348712,-0.001480975,-0.001466999,-0.001579754,-0.001604842,-0.001722034,-0.001776699,-0.001851444,-0.001927015,-0.001937965,-0.002125704,-0.00188171,-0.002186116,-0.002260189,-0.002005833,-0.002324999,-0.002196481,-0.002174906,-0.002428515,-0.002299942,-0.002274157,-0.00242409,-0.002361553,-0.002447653,-0.002420901,-0.002398073,-0.002417922,-0.002474365,-0.002331798,-0.002415182,-0.002355769,-0.00241063,-0.00252765,-0.002176454,-0.002485543,-0.002423863,-0.002289139,-0.002319687,-0.002365377,-0.002132862,-0.002321817,-0.002279657,-0.002067954,-0.002228445,-0.002170193,-0.002072742,-0.001938722,-0.001984301,-0.001974703,-0.001873459,-0.001865279,-0.001709612,-0.001708859,-0.001683105,-0.001807679,-0.001430249,-0.001557886,-0.001519557,-0.001328484,-0.001258263,-0.001379161,-0.00109002,-0.001122081,-0.001082135,-0.0009277291,-0.0009264675,-0.0009017261,-0.000779177,-0.0006402903,-0.0007437168,-0.000481827,-0.0005284915,-0.0003857839,-0.0002550693,-0.000345528,-4.972366e-05,-0.0002120828,-6.107108e-05,2.024668e-05,-5.943895e-05,9.986652e-05,0.0002352337,0.000155463,0.0005011316,0.0004632633,0.0004100467,0.0005960559,0.0006766612,0.0006427714,0.0008092654,0.0007765196,0.0007835031,0.001015725,0.0009078913,0.001084749,0.001121675,0.001107188,0.001370532,0.00110542,0.001356949,0.001445492,0.001296591,0.001476315,0.001516041,0.001432236,0.001551971,0.001726945,0.001439117,0.001798318,0.00187353,0.001812533,0.001696648
GDOR,0.0006605664,0.0006603203,0.0005598622,0.000661838,0.0005848685,0.0006260967,0.0006148741,0.0006104535,0.000719494,0.0006471953,0.0006515636,0.0004146791,0.000392306,0.0005877051,0.000623076,0.0005629102,0.0005229475,0.0004577849,0.0004730603,0.0004605192,0.0004114287,0.0005620076,0.0004560048,0.0004257363,0.0004572659,0.0004317275,0.0004589225,0.0003544708,0.0004980065,0.0002793703,0.0002071626,0.0004449114,0.0003568775,0.0003696923,0.0003319575,0.0002066958,0.0003251863,0.0003747595,0.0003404082,0.0002424326,0.0001985165,0.0002452698,0.0002722882,0.0002597439,0.0002562205,0.0003384046,0.0003228708,0.0001908518,0.0002517012,0.0002749518,0.0003224488,0.0002304874,0.0001872442,0.0002972478,0.0002225755,0.0002287269,0.0003218196,0.0003798268,7.999782e-05,0.000160094,0.0003495482,0.000244698,0.0003028209,0.0002106881,0.0001983865,0.0002259487,0.0002294764,0.0003069038,0.0002874018,0.0002715266,0.0002831715,0.0002863709,0.000267977,0.0003334734,0.0003457789,0.0003674793,0.0001948231,0.0002774464,0.0004480362,0.0004914675,0.0003650992,0.0003985583,0.0003356133,0.0004673384,0.000435699,0.000368006,0.0005225415,0.0004881254,0.0004829337,0.0004470164,0.0004832381,0.0005864069,0.000554618,0.0005334864,0.0004642576,0.0005076859,0.0007351143,0.0006807395,0.0005098623,0.0006684633,0.0004642749,0.0006744145,0.0005889441,0.000758192,0.0006036104,0.000677485,0.0006050112,0.0007250982,0.0007247892,0.0007211442,0.0006630896,0.0005831061,0.0005395351,0.0005669824,0.0005497296,0.0006602266,0.0005215788,0.0004570792,0.0005580304,0.0004665513,0.0005587938,0.0005023344,0.0005105637,0.0002329162,0.0002647025,0.0004605386,0.0004429801,0.0003177501,0.000287762,0.0003417288,0.000247273,0.0003098295,0.0002315772,0.0001326219,0.0001635351,0.0002183482,0.0002267627,0.0001396638,8.391823e-05,0.0001096543,3.366366e-05,-4.092889e-05,3.923292e-05,3.162144e-05,9.258699e-06,5.496258e-05,-4.902534e-05,-0.000106397,4.539075e-05,-3.655511e-05,4.350071e-05,2.932839e-05,1.926748e-05,-0.0001167442,-2.070502e-05,2.640074e-05,-1.568962e-05,-2.199472e-05,-2.996737e-06,1.418107e-05,-0.0001854423,5.934721e-05,3.233498e-05,6.950236e-05,-0.0003867228,-0.0001077675,-0.0001940669,-1.077353e-06,0.0001453481,0.0001214373,-3.303774e-05,7.794796e-05,7.829135e-05,4.555097e-05,0.0002651157,0.0001696025,9.020667e-05,0.0002478541,0.0001950696,0.0002917504,0.0002267827,0.0003492287,0.0003571032,0.0001715216,0.0003971773,0.000443381,0.0004322383,0.0004127589,0.0004238415,0.0001441291,0.0006142496,0.0005336716,0.0004652162,0.0005039942,0.0004345062,0.0004913735,0.0005118306,0.0007016301,0.0005037748,0.0005099716
GDOR,0.0005688982,0.0004274221,0.0006364943,0.0006500478,0.00054816,0.0006310627,0.0005382195,0.000495731,0.0005651274,0.0006013641,0.0004319252,0.0005110794,0.0004852659,0.0003721572,0.0004167363,0.0002900788,0.0001723727,0.0001650266,0.0002341739,-6.324951e-05,-6.51752e-05,1.757442e-05,-9.949097e-05,-7.300932e-05,-0.0001834853,-0.0002632698,-8.331706e-05,-0.0001442639,-0.0002588234,-0.0001728263,-0.0001609884,-0.0001125264,-0.0002493724,-0.0002102983,-0.0001963613,-0.0001670277,-0.0002586306,-0.0002879883,-0.0002960412,-0.0001608669,-0.0002787598,-0.0003365198,-0.0003705766,-0.0002002324,-0.0003158546,-0.0004402437,-0.0005068593,-0.0006512077,-0.000477432,-0.0005169983,-0.0007242951,-0.0007047435,-0.0005592936,-0.0006949871,-0.0007516929,-0.0007212246,-0.0006022022,-0.0005567956,-0.0007126847,-0.0006340378,-0.0006898782,-0.0004090845,-0.0004964279,-0.0005723732,-0.0004866787,-0.0005107655,-0.0003457248,-0.0004873101,-0.0005730113,-0.0007085403,-0.0003771287,-0.0005189365,-0.000654871,-0.0007041804,-0.0007002495,-0.0006426476,-0.000659661,-0.0007970791,-0.0009644313,-0.00076668,-0.0008291979,-0.0008171892,-0.0007253114,-0.0008111338,-0.0007754472,-0.0006004529,-0.0007807426,-0.0007343542,-0.0005710372,-0.0005211377,-0.0006308451,-0.0005039942,-0.0006151636,-0.0004189889,-0.0004257138,-0.0006031956,-0.0005952895,-0.0003930833,-0.0004034023,-0.0006203181,-0.0004559712,-0.000645216,-0.0004484688,-0.0005741465,-0.000618904,-0.0005864261,-0.0006212274,-0.0004605177,-0.0005838596,-0.0005401222,-0.0006452751,-0.0004409497,-0.000610975,-0.0005203039,-0.0005055295,-0.0004051477,-0.0002710035,-0.0002670187,-0.0003437117,-0.0003181896,-4.44512e-05,-0.0001862755,-2.478608e-05,-0.0001542621,1.736782e-05,0.000125352,0.0001000609,-7.730177e-05,7.0077e-05,9.608488e-05,-8.239609e-05,5.086901e-05,-1.063732e-05,9.113987e-05,-2.787319e-05,0.0001450307,-5.539602e-05,-6.499631e-06,0.0001101874,4.938049e-05,0.0001840905,0.0001218061,0.0002010454,0.0002393228,0.0003870881,0.000166932,0.0003392012,0.0004434571,0.0005241472,0.0005087717,0.0006247165,0.0005344595,0.0006404953,0.0008234078,0.0007762415,0.0006862152,0.0005848235,0.0008857266,0.0006949843,0.0007081082,0.0007319315,0.0006647918,0.0006769499,0.0007258593,0.0004899278,0.0007206373,0.0007216256,0.0007521503,0.0005440904,0.0006355711,0.0006634634,0.0007597585,0.0008590907,0.0006478,0.0008411371,0.0008874617,0.001000674,0.0007775055,0.0009422302,0.001044975,0.0009953865,0.001062465,0.0009717316,0.00104335,0.0009703521,0.001059435,0.0008242591,0.001020453,0.0007968763,0.0006757794,0.0007836401,0.0006861961,0.0006225175,0.0006736109,0.0007644891,0.0004588643,0.0005945977,0.0005866134,0.0004898551,0.0005616341
GDOR,-0.001936974,-0.002221551,-0.001985415,-0.002400253,-0.002275244,-0.00253621,-0.002494242,-0.002752391,-0.002786485,-0.002849946,-0.002951415,-0.003178682,-0.003137124,-0.003169464,-0.003356753,-0.003285171,-0.003630497,-0.003392848,-0.003649462,-0.003554576,-0.00377595,-0.003655923,-0.003798835,-0.003728142,-0.003819607,-0.003785074,-0.003983162,-0.003906632,-0.004091195,-0.003951277,-0.004098466,-0.00408147,-0.004062303,-0.004077073,-0.004142932,-0.004107514,-0.004007725,-0.004116881,-0.004094561,-0.004143641,-0.004025407,-0.004104022,-0.00390174,-0.004039972,-0.003900211,-0.004128719,-0.003768163,-0.00402573,-0.003840165,-0.003994435,-0.003680753,-0.003911349,-0.003529956,-0.003658174,-0.003426811,-0.003580124,-0.003304593,-0.003322838,-0.003257977,-0.003261222,-0.003057893,-0.003166351,-0.002947022,-0.003055005,-0.002799728,-0.002780075,-0.002605192,-0.002434393,-0.002414896,-0.002287778,-0.002337258,-0.002054374,-0.002085769,-0.001756131,-0.001779867,-0.001459709,-0.001505942,-0.001191653,-0.001362923,-0.001005662,-0.0009619662,-0.0006816673,-0.0006462376,-0.0005137218,-0.0005304306,-0.0001415539,-0.0001678184,0.000112265,0.0001537063,0.0003604569,0.0003727176,0.0006175067,0.0008021775,0.0009214106,0.00113776,0.001121465,0.001317037,0.001579343,0.001608413,0.001694854,0.001984445,0.001867435,0.00229197,0.002233811,0.002684514,0.002441273,0.002786912,0.002844823,0.003129884,0.003011585,0.003478284,0.003331365,0.003530787,0.003583191,0.003700296,0.003868123,0.003874472,0.004152769,0.00409482,0.004377985,0.004153005,0.004418991,0.004300286,0.004719574,0.004595605,0.004668041,0.004602128,0.004806696,0.004692827,0.005038305,0.004701004,0.005046101,0.004954207,0.005086936,0.004895183,0.004981878,0.004827943,0.005207797,0.004890506,0.004989446,0.005033486,0.004829617,0.004911753,0.004762927,0.005000252,0.00475845,0.00487224,0.004666392,0.00467237,0.004564913,0.004728686,0.004214923,0.004489934,0.004187448,0.004181218,0.00396734,0.003949508,0.003755821,0.003839805,0.003541481,0.003500156,0.003371764,0.003330031,0.003109127,0.003104417,0.002873377,0.002749233,0.002664515,0.002400531,0.00251076,0.002064785,0.002296885,0.001848246,0.001934444,0.001613825,0.00165822,0.001183412,0.00142038,0.0009239668,0.001031566,0.00071877,0.0005672966,0.0005085806,0.0005283065,0.0002660736,0.000179916,-0.0001763281,-9.801494e-05,-0.0003227365,-0.0005277468,-0.0006606386,-0.0008161638,-0.0007396161,-0.001136544,-0.001003655,-0.001236698,-0.001326882,-0.001576827,-0.001676042,-0.001737075
GDOR,0.008399474,0.008661049,0.008302467,0.008248973,0.008534411,0.007834798,0.008256497,0.008476985,0.007404068,0.007682091,0.008009022,0.007229587,0.00721718,0.007634291,0.006828959,0.006629991,0.007157128,0.006330347,0.006135721,0.006595501,0.005802303,0.005513538,0.006032927,0.00529831,0.004951736,0.005450342,0.004701936,0.004278455,0.004801834,0.004133406,0.003519568,0.004158622,0.003464673,0.002761756,0.003433071,0.002791367,0.002001782,0.002744447,0.002057401,0.001344595,0.001975221,0.001498515,0.000566635,0.001355741,0.0008156698,-0.0001749528,0.0005338153,0.0002671719,-0.000870456,-1.253569e-05,-0.0003140973,-0.001469904,-0.0007655484,-0.001040805,-0.00201905,-0.001386889,-0.001545952,-0.0025175,-0.002159001,-0.002121989,-0.003011894,-0.002671104,-0.00269191,-0.003487091,-0.003094187,-0.003337403,-0.003765764,-0.0038743,-0.003914934,-0.004108978,-0.004176426,-0.004110623,-0.004565744,-0.004644255,-0.004577753,-0.004839438,-0.00496472,-0.004906098,-0.005137072,-0.005279814,-0.005244822,-0.005380915,-0.005555681,-0.005608589,-0.005529094,-0.005772644,-0.005791503,-0.005676481,-0.005903793,-0.005882042,-0.00580195,-0.006129638,-0.006045979,-0.00589244,-0.006222693,-0.006136272,-0.005835403,-0.00608968,-0.006181935,-0.00578045,-0.00617379,-0.006076651,-0.005696732,-0.006016646,-0.006331881,-0.005698933,-0.006150564,-0.00610908,-0.005409291,-0.005740331,-0.005726167,-0.005241836,-0.005541487,-0.005509914,-0.004966416,-0.005263378,-0.005240522,-0.004744439,-0.00479473,-0.005001681,-0.004398174,-0.004530827,-0.00460193,-0.004110612,-0.004054117,-0.004315169,-0.003764689,-0.003526608,-0.003823842,-0.003255963,-0.002910717,-0.003284038,-0.002843368,-0.002450404,-0.00273949,-0.00232197,-0.001733526,-0.002350427,-0.001570058,-0.00111736,-0.00191701,-0.0009321079,-0.0004977456,-0.00120494,-0.0003392017,0.000253364,-0.0005919507,0.0003587794,0.0009872116,8.508081e-05,0.0009013172,0.001737741,0.0008381744,0.001640918,0.002348174,0.001724791,0.002322504,0.003115758,0.002512374,0.003072706,0.003739919,0.003135775,0.003760588,0.004429593,0.003862073,0.004308813,0.005065775,0.004507703,0.004918037,0.005733976,0.005224776,0.005507077,0.006256847,0.005923999,0.006029942,0.006845747,0.006449962,0.006542873,0.007218213,0.006999671,0.006956453,0.00763067,0.007621951,0.007241135,0.00798567,0.007904243,0.007877218,0.00810565,0.00833875,0.008085197,0.008187913,0.008522905,0.008337956,0.008419483,0.008335967,0.008496998,0.008476084,0.008497729,0.008665035,0.008329093
GDOR,-0.008438129,-0.008793009,-0.008318207,-0.009004002,-0.008576543,-0.00870805,-0.008889216,-0.008194778,-0.009473937,-0.008592277,-0.008780963,-0.009171921,-0.008728268,-0.009320714,-0.008721118,-0.009304398,-0.008662086,-0.008850697,-0.008972795,-0.008764633,-0.009088278,-0.008722073,-0.00865346,-0.008462519,-0.008234255,-0.008486933,-0.008251628,-0.008192377,-0.008088075,-0.007601721,-0.008036878,-0.007553084,-0.007687959,-0.006879192,-0.007007338,-0.006795582,-0.006294924,-0.006194425,-0.005811321,-0.005675869,-0.005458632,-0.004800236,-0.004947398,-0.004270937,-0.004381844,-0.003722969,-0.003198298,-0.003416235,-0.002217591,-0.002778574,-0.001408507,-0.002062189,-0.001083359,-0.00119386,-9.220459e-05,3.079003e-05,0.0004632421,0.000694118,0.00156465,0.001510539,0.00220098,0.002787223,0.003076241,0.003392595,0.003927479,0.004567471,0.004466179,0.00547327,0.005229276,0.006228449,0.005973108,0.006701088,0.007056301,0.00760643,0.007563032,0.007272503,0.008137967,0.008013476,0.008504161,0.008854838,0.008770823,0.009912463,0.009552344,0.009907052,0.01033636,0.01041298,0.01095214,0.01072929,0.01080526,0.01122892,0.01169949,0.01154744,0.01172103,0.0117044,0.01161511,0.01211553,0.01209506,0.0120556,0.01284736,0.01205413,0.01211949,0.0124484,0.01341585,0.01279983,0.01275062,0.01283699,0.01206352,0.01308233,0.01193408,0.01260252,0.01163088,0.01166681,0.01192257,0.01085724,0.01166794,0.01066266,0.01082231,0.0109525,0.01014807,0.01074445,0.009956923,0.00960042,0.009324857,0.008708207,0.008677654,0.008425334,0.008245219,0.007907406,0.007192036,0.007484458,0.006383841,0.006761183,0.006073328,0.005973939,0.005523455,0.005142572,0.00507769,0.004409489,0.004415016,0.003829692,0.003561479,0.003389526,0.003068895,0.002777208,0.002440384,0.002020827,0.002255515,0.001072692,0.001401359,0.0008235656,0.0006721981,0.0001899363,0.0003219125,-0.0002349141,-0.0003409105,-0.0010849,-0.0007589569,-0.001384542,-0.001284641,-0.001771989,-0.002070483,-0.001856909,-0.002614415,-0.002275206,-0.003082905,-0.00299531,-0.003464625,-0.003503049,-0.003585623,-0.00405694,-0.004413271,-0.00416886,-0.004756362,-0.004809734,-0.004894552,-0.005334797,-0.005178719,-0.005584765,-0.005835385,-0.006362958,-0.00596618,-0.006254165,-0.006065045,-0.006427382,-0.006875269,-0.006678536,-0.007128943,-0.007375957,-0.006874544,-0.007416524,-0.007887451,-0.007789664,-0.008071368,-0.007770091,-0.008200462,-0.008131717,-0.00842569,-0.008058776,-0.008657205,-0.008419403
GDOR,-0.0009116887,-0.0007299674,-0.001400427,-0.001122594,-0.0009235243,-0.0002544666,-0.001174434,-0.0005721283,-0.001559133,-0.0005397303,-0.001474142,-0.0006260286,-0.0002318104,-0.0007467833,-0.0008095913,-0.001041991,-0.0007311919,-0.0008227571,-0.0002704883,-0.0009121144,-0.0004639909,-0.001384137,-0.0002519618,-0.0005045625,0.0003987136,-0.0005596436,-0.0002616057,-0.0006553328,-0.0002204464,-0.0002020345,0.0001548716,0.0008813843,-0.0002196686,0.0003342255,-0.0007348139,0.0002017041,-0.0004309274,0.0008167857,-0.0004921837,0.0003108637,-0.001293332,0.0002413503,-1.122685e-05,-5.305642e-05,0.0009036673,-1.543113e-05,-0.0001167433,-0.0001727448,0.0006782141,-0.0001319411,0.001249855,-5.773373e-05,0.0009276723,-0.0001103197,0.0006046038,0.0006707518,0.001525674,0.0007713414,0.0008616357,0.001065525,0.0007977638,0.001479457,0.001030912,0.002164082,0.001194709,0.002012525,0.001048634,0.002450687,0.001626857,0.002499236,0.002056958,0.002489512,0.002011518,0.002406761,0.003019297,0.002606917,0.003491437,0.002691929,0.003074481,0.002673658,0.003955121,0.002866859,0.004219149,0.003098295,0.003799114,0.003511208,0.003526744,0.004440878,0.004185793,0.004146207,0.00394167,0.004560751,0.003796958,0.005374917,0.004039158,0.004979935,0.004339285,0.004298926,0.003757543,0.004778178,0.004125919,0.004754061,0.004521006,0.003912857,0.004547778,0.003987313,0.004997246,0.003980948,0.00484879,0.003583975,0.004725833,0.003945732,0.004507034,0.004065538,0.004250485,0.004028129,0.003518221,0.004441777,0.003738325,0.004458046,0.003459003,0.00407791,0.003128808,0.004332757,0.003388416,0.004062369,0.003316039,0.003307879,0.003441815,0.002956045,0.003536321,0.003161365,0.003288266,0.002551862,0.00331411,0.002256871,0.003428525,0.002391495,0.002726649,0.002267123,0.002549856,0.001888975,0.002624873,0.002012921,0.002043553,0.00211872,0.001498835,0.002166259,0.001148554,0.001984386,0.001405196,0.001838167,0.0007080348,0.001827825,0.0008739407,0.001349586,0.00111775,0.001001242,0.001090597,0.0005606784,0.0007683786,0.0004453644,0.0009335897,0.0002200037,0.0007473541,-0.0002116719,0.0007969802,5.040874e-05,0.0003973887,0.000201901,-7.646291e-05,-0.0002808623,0.0002742865,-0.0002062064,-0.000259291,-0.0002031881,-0.0007369597,-1.689705e-05,-0.001079134,6.215279e-05,-0.0007789914,-0.0006685969,-0.0006905315,-0.0005800938,-0.001243766,-0.0004887499,-0.0009526258,-0.001052966,-0.000699895,-0.001467379,-0.0005395921,-0.00128071,-0.0008589712,-0.001412701,-0.0008347743,-0.001730729,-0.0007550629,-0.001833934,-0.000827479,-0.001042785
GDOR,0.001979923,0.001719291,0.001098287,0.00140651,0.0009802117,9.051887e-05,0.0009788151,-2.690731e-05,-0.0001614801,-0.0003626461,-0.0008305849,-0.0004631178,-0.001938142,-0.001594664,-0.001863624,-0.002142632,-0.002386898,-0.002519273,-0.003006123,-0.003061335,-0.003351329,-0.004241028,-0.003548324,-0.004143433,-0.004557274,-0.004344728,-0.004689679,-0.004049561,-0.00514037,-0.004792207,-0.00464444,-0.005358628,-0.005374128,-0.005385982,-0.005703487,-0.005649796,-0.005725052,-0.006360906,-0.005954199,-0.006195232,-0.00678988,-0.005891657,-0.006450803,-0.006116219,-0.006794627,-0.006400519,-0.006287716,-0.007210891,-0.00672279,-0.006467967,-0.007089686,-0.006695744,-0.006641512,-0.006982658,-0.006653002,-0.006642464,-0.006983265,-0.006260753,-0.006724726,-0.006576882,-0.006489882,-0.006523525,-0.006096776,-0.006909596,-0.006334173,-0.006060312,-0.006209006,-0.006015228,-0.005552629,-0.00618469,-0.005622782,-0.005482418,-0.005738463,-0.005096368,-0.005038914,-0.004800148,-0.00457232,-0.00445096,-0.003917596,-0.004361336,-0.003847804,-0.003679513,-0.004241819,-0.003543327,-0.003304217,-0.003349184,-0.002890874,-0.002640521,-0.002646364,-0.002148345,-0.002096697,-0.001725006,-0.001312684,-0.001379933,-0.0004266835,-0.0009397129,-0.0002981282,0.0002363641,8.712763e-05,0.0004012432,0.0007662,0.001365063,0.001427728,0.001767448,0.002116966,0.002525364,0.002835415,0.002881913,0.003684381,0.003848015,0.004339974,0.004278087,0.004655396,0.005504136,0.004999475,0.005573001,0.005981242,0.006152376,0.006571251,0.006727163,0.007639232,0.007509022,0.007976688,0.008330096,0.008152965,0.008421366,0.009235283,0.009095723,0.009382844,0.01009571,0.009764276,0.01035402,0.01027638,0.01062983,0.01097565,0.01063757,0.0119334,0.01166867,0.01103667,0.01258476,0.01197623,0.01208386,0.01257288,0.01235452,0.01256136,0.01315678,0.01235956,0.01271287,0.0132261,0.01261797,0.01300793,0.01266223,0.01308012,0.01301526,0.0121634,0.01357385,0.01307813,0.01237192,0.01309173,0.01273693,0.0124052,0.01266426,0.01205267,0.01211066,0.0122094,0.01194981,0.01161051,0.01151852,0.01169544,0.01093119,0.01044392,0.01154118,0.01026567,0.0101506,0.0103843,0.009295554,0.009932773,0.009314539,0.008341496,0.009157784,0.008412858,0.007284312,0.008107074,0.00757018,0.006999443,0.007298539,0.006341469,0.006442455,0.006254252,0.005065627,0.005742883,0.005537954,0.004619672,0.00447537,0.004417682,0.003817599,0.003772834,0.003445285,0.003066225,0.002691208
GDOR,-0.002655475,-0.00241774,-0.002287286,-0.002280524,-0.002097906,-0.002074868,-0.001890335,-0.001810694,-0.001667975,-0.001507851,-0.001423191,-0.001234462,-0.001132234,-0.001045381,-0.0009748726,-0.0006987788,-0.0006111736,-0.000536329,-0.0002895543,-0.0001570507,-6.622929e-06,0.0001367327,0.0002036606,0.0004729777,0.0005016722,0.0006271825,0.0008086172,0.0008237313,0.000893612,0.001025731,0.001102638,0.001199099,0.001433875,0.001378536,0.001520975,0.001558428,0.001543084,0.001726366,0.001753392,0.0017523,0.00183594,0.001879454,0.001864074,0.001961676,0.001864993,0.002025886,0.002032457,0.001997232,0.002063584,0.002032142,0.002127258,0.002019299,0.002121796,0.002105223,0.002007666,0.001994972,0.001978637,0.001985616,0.002090235,0.002029627,0.001995387,0.001922972,0.001978666,0.00186401,0.001886512,0.001789668,0.001895101,0.001817543,0.001841141,0.001728276,0.001653959,0.001679836,0.001627332,0.001637991,0.00159761,0.001579926,0.001463031,0.001386048,0.001439032,0.001333879,0.001264802,0.001277329,0.001146424,0.001238027,0.001123363,0.001165943,0.001187897,0.001141767,0.001077512,0.001023552,0.001080517,0.001053446,0.001057776,0.0009216997,0.0009950771,0.0009960001,0.0009989948,0.0008446812,0.000911337,0.0007726957,0.000836483,0.0008079175,0.0007637534,0.0007003489,0.0006678424,0.0005329576,0.0005750012,0.0004578904,0.0004211646,0.0004271627,0.0003316606,0.0002894005,0.0002121036,0.0002312317,0.0003106709,0.0001450556,0.0001494169,0.0001712253,0.0001866782,-9.543692e-07,6.971144e-06,2.182919e-05,-1.71937e-05,-7.395395e-05,-8.653057e-05,-1.375449e-05,-7.998019e-05,-4.240229e-05,-0.0001609667,-0.0001851209,-0.0001526421,-0.0002185081,-0.0001728805,-0.0001617064,-0.0002829052,-0.0003177151,-0.0002793368,-0.0002506784,-0.0003262899,-0.0004200397,-0.0005138586,-0.0005237248,-0.0006063421,-0.0006096247,-0.000657175,-0.0007690729,-0.000824616,-0.0008040338,-0.001010282,-0.001110047,-0.001070468,-0.00129807,-0.001292773,-0.001366296,-0.00136687,-0.001552862,-0.001611297,-0.001683438,-0.001825794,-0.001932111,-0.00197052,-0.001926236,-0.002120435,-0.002140902,-0.002271868,-0.002257673,-0.002381033,-0.00243515,-0.002501216,-0.002574094,-0.002611629,-0.002712196,-0.002713901,-0.002802914,-0.002897598,-0.003007257,-0.002937816,-0.002983309,-0.003031355,-0.003056285,-0.003097574,-0.003229454,-0.003212369,-0.003112837,-0.003210634,-0.003113708,-0.003218331,-0.003155707,-0.003157726,-0.003222156,-0.003099286,-0.00315614,-0.003145764,-0.003058191,-0.002948601,-0.002846396,-0.002733615,-0.002737014,-0.002588131,-0.002512157
GDOR,-0.0004177236,-0.0003982302,-8.968553e-05,-0.0002274082,-0.0003390977,0.0001595366,0.0005826229,-1.236753e-05,0.00015154,0.0001939603,-0.0004819559,-0.0001255368,-2.001922e-05,-9.430727e-05,-4.450365e-05,0.000263276,-8.717041e-05,-0.0001735325,0.0002242531,-3.892415e-05,0.0001275232,-2.401631e-05,0.0001256695,-0.0001864789,-2.330569e-05,0.0001248705,-0.0002494168,-0.0001539762,0.0001679965,-0.0002085768,-0.0003305245,1.536384e-05,-0.0001294718,-0.0003155984,9.957815e-05,1.83088e-05,-0.0001458087,-1.032744e-06,9.766214e-05,-4.324407e-05,0.0001168461,-4.551799e-05,-0.0002662058,-0.0003281826,7.964147e-05,-7.590987e-05,-0.0003107142,1.180647e-05,-0.0001094784,-2.392129e-05,-5.057243e-05,-0.0001508324,-0.0003197165,-0.0002748221,-0.0002624481,-0.0003418095,-0.0004809348,-0.0003834898,-0.0004080839,-0.0005308546,-0.0003196695,-0.0003017706,-0.0005654569,-0.0002582322,-0.0004911998,-0.0004045028,-0.0003734673,-0.0003166909,-0.0001287314,-8.082944e-05,-0.0001529944,9.425577e-05,-4.488981e-05,-5.497003e-05,0.0001747359,4.841883e-05,0.0001582822,8.385802e-05,0.0003683566,0.0005312273,0.0004165558,0.0006922476,0.0006324268,0.0006391086,0.0004884652,0.0006375635,0.0005237739,0.0009608408,0.000855356,0.0006975718,0.0008337718,0.0008863728,0.001073664,0.001364199,0.001826242,0.001561344,0.001465837,0.001983847,0.001814093,0.001591341,0.002282162,0.002026151,0.001782053,0.002182112,0.002039948,0.002030123,0.002118882,0.002421894,0.002152703,0.002226692,0.002558932,0.002310389,0.001932576,0.002662267,0.002336604,0.002104526,0.002526897,0.002413697,0.002139925,0.00234612,0.002359108,0.002049364,0.002111096,0.002691187,0.002115845,0.001894888,0.002036057,0.001455634,0.001290807,0.00160782,0.001812974,0.001677386,0.001678375,0.001762345,0.00143148,0.001400176,0.001698676,0.001413563,0.001516047,0.001678956,0.00157043,0.001343298,0.001553165,0.001498657,0.00130628,0.001310001,0.001642136,0.001380816,0.001528955,0.001492409,0.001293675,0.001438814,0.001363417,0.001181451,0.00130814,0.001065797,0.00115914,0.0009129918,0.0008301354,0.0010486,0.0008777202,0.0009594613,0.001661801,0.0008228137,0.0008109884,5.893829e-05,0.0007089049,0.000964113,0.0006511103,0.000859909,0.0008141462,8.53262e-05,0.0005677265,0.0007369377,0.0006650581,0.001065514,0.0009479919,0.0008269204,0.0009637514,0.001401472,0.001216971,0.0007898724,0.001161137,0.001155175,0.0007128872,0.0009055692,0.001033494,0.0005702295,0.0009410175,0.001038612,0.0006161421,0.0007889642,0.0009694425,0.0008191955,0.000684949,0.001093842,0.0009618592,0.0007451164,0.0006796811,0.0007017496
GDOR,-0.001217231,-0.00128468,-0.001278074,-0.001356602,-0.001242187,-0.00128935,-0.001136961,-0.00126809,-0.001238105,-0.001257216,-0.001209542,-0.001176804,-0.001092217,-0.001183778,-0.001164149,-0.001196532,-0.001110491,-0.001113658,-0.001013634,-0.001086731,-0.001005438,-0.001012803,-0.001020993,-0.0009599172,-0.0008667083,-0.0009085536,-0.0008624766,-0.0008166061,-0.0008323258,-0.0007736178,-0.0007009854,-0.0007713108,-0.0006600465,-0.0006089765,-0.0006769559,-0.0006095888,-0.0005631757,-0.0005433633,-0.0005103618,-0.0004059194,-0.0004857563,-0.0004098369,-0.0003542336,-0.0003790348,-0.0002194553,-0.000170618,-0.0002471851,-0.0001434651,-0.0001637164,-0.0001033232,-9.891473e-06,5.269139e-05,4.090612e-05,0.0001135439,5.926428e-05,0.0001407084,0.0002644101,0.000302744,0.0002453678,0.000290682,0.0002493526,0.0003590612,0.000445293,0.0005033363,0.0004887371,0.000508554,0.0004649227,0.0005324676,0.0006711932,0.0006841634,0.0006940045,0.0007058241,0.0005939808,0.0007374205,0.0008107934,0.0008740322,0.0008674743,0.0008759003,0.0008019467,0.00087082,0.0009684434,0.001019925,0.001042532,0.001024153,0.000943714,0.0009679034,0.001042986,0.001132201,0.001116654,0.001104093,0.001047065,0.001031891,0.001114245,0.001202972,0.00119988,0.001103208,0.001092589,0.001106711,0.001140076,0.001235055,0.001201241,0.001165591,0.001167699,0.001100089,0.001124253,0.00120362,0.00120572,0.001115371,0.001098847,0.001068437,0.0010971,0.001101633,0.001109742,0.001125786,0.001079025,0.000996895,0.0009495438,0.0009575821,0.001034922,0.000985406,0.0009509701,0.000842444,0.0008278219,0.0008336248,0.000880072,0.0008021844,0.0008190291,0.0007052761,0.0006509532,0.0006506148,0.000663147,0.0006368951,0.0006570912,0.0005157584,0.0005068348,0.0004131736,0.0004307421,0.0004311597,0.0004277843,0.0003589196,0.0002580489,0.0002558569,0.0002273585,0.0001946908,0.0002451818,0.0001326277,7.536355e-05,1.322032e-05,1.847615e-05,-6.297218e-05,5.294703e-06,-7.79393e-05,-0.0001406755,-0.0002032561,-0.0003018629,-0.0003277146,-0.000250001,-0.0002953398,-0.0003126165,-0.0004389533,-0.0004976286,-0.0005488239,-0.0004532397,-0.0005125014,-0.0005458595,-0.0007283118,-0.0007466892,-0.00076184,-0.000717237,-0.0006901614,-0.0007290153,-0.0008628391,-0.0008853287,-0.0009220166,-0.0008856804,-0.0008897291,-0.0008696314,-0.001006212,-0.001075588,-0.001074396,-0.0009978698,-0.001005518,-0.001053954,-0.001152128,-0.001194626,-0.001191334,-0.00113876,-0.00110531,-0.001096195,-0.001206636,-0.00128686,-0.001289442,-0.001183103,-0.001180912,-0.001187093,-0.001323216,-0.001292091,-0.001303016,-0.001258719,-0.001228809
GDOR,-0.008755264,-0.008659897,-0.008976172,-0.008528963,-0.008731498,-0.008268891,-0.008051831,-0.00798078,-0.007616327,-0.007308471,-0.007465592,-0.007184123,-0.00653817,-0.006899946,-0.005801696,-0.006312313,-0.005711758,-0.005061316,-0.005369816,-0.0051183,-0.004598579,-0.004733624,-0.004854768,-0.003924679,-0.004423102,-0.003473521,-0.003557824,-0.003627374,-0.0023353,-0.002692778,-0.002533155,-0.001937986,-0.001938557,-0.001446455,-0.001635896,-0.001300911,-0.0004216468,-0.0009336827,-0.0009081094,-0.0005144307,-0.0003606134,3.267224e-06,6.658111e-05,0.0004308584,0.0004226155,0.0007926265,0.0004884638,0.0007658481,0.0007952036,0.000671525,0.001027706,0.0009922872,0.00129931,0.0007988515,0.001525929,0.00107583,0.001116794,0.0009611576,0.001400316,0.001263127,0.001095642,0.0006153202,0.001082833,0.00117188,0.001258729,0.001074585,0.001658461,0.001302283,0.001460903,0.001801261,0.001760729,0.001580562,0.001597804,0.001783276,0.002101314,0.002293207,0.002758066,0.003353309,0.002855117,0.003387316,0.003957739,0.004042907,0.00469049,0.004717023,0.004687914,0.005468412,0.005644414,0.005670704,0.006972116,0.006687165,0.007426438,0.007409528,0.007835489,0.008116372,0.008669876,0.008493213,0.009476934,0.009697503,0.009778649,0.01042063,0.01022715,0.01063408,0.01143575,0.01057245,0.01061591,0.01104046,0.01094727,0.01145146,0.01164682,0.01128663,0.0121216,0.01223855,0.01193436,0.0123267,0.01184752,0.01214176,0.01223411,0.01207543,0.01213094,0.01221656,0.01208474,0.011492,0.01168319,0.01180239,0.01174213,0.01084729,0.01127677,0.0107853,0.01075485,0.01038556,0.01030669,0.009560248,0.00907202,0.008653836,0.008662859,0.008620236,0.008349216,0.007307543,0.007064947,0.006361993,0.006403379,0.00560992,0.004847831,0.004718065,0.004090646,0.003241612,0.002777326,0.002373848,0.001852904,0.001301707,0.0008321138,0.0001671976,-0.0004615556,-0.0004689517,-0.0007185109,-0.001621149,-0.002112394,-0.002578304,-0.003033882,-0.004034127,-0.004464078,-0.00517484,-0.005708239,-0.00601958,-0.006329609,-0.006615538,-0.00731274,-0.007629836,-0.008381425,-0.00860481,-0.009442519,-0.00931621,-0.01000465,-0.01048696,-0.01048081,-0.0106923,-0.01107497,-0.01065857,-0.01024964,-0.01104379,-0.01054604,-0.01161316,-0.01105804,-0.01150182,-0.01142021,-0.01103204,-0.01074776,-0.01045511,-0.01102738,-0.01024722,-0.01042415,-0.010233,-0.009862258,-0.009680194,-0.009009044,-0.009107284,-0.008489086,-0.008520412,-0.008262532,-0.008196625
GDOR,0.0001176675,0.0002878312,0.0002789727,0.000210005,0.000152836,8.270601e-05,0.000183949,2.617508e-05,-1.963425e-05,-2.917537e-06,-1.301194e-05,0.0001409459,-9.230265e-05,-0.0001103978,-0.0001985777,-7.896534e-05,-0.0001821878,-0.0001977023,-9.581938e-05,-0.0002887908,-0.000102129,-0.000419826,-0.0003779364,-0.0003042193,-0.0005269729,-0.0001691941,-0.0006245789,-0.0003319448,-0.0003920207,-0.0005968861,-0.0006866725,-0.0006532994,-0.0003987852,-0.0005489081,-0.0007417577,-0.0007070685,-0.0007041561,-0.0007490711,-0.0008157011,-0.0008061242,-0.0008235918,-0.0007159579,-0.00062812,-0.0007336939,-0.0007038257,-0.0007205401,-0.0006482891,-0.0008189536,-0.0007645199,-0.0007284025,-0.0006494257,-0.0004960601,-0.0006965582,-0.0006481525,-0.0006694739,-0.0006627964,-0.0006130398,-0.0007536988,-0.0007152433,-0.0007801185,-0.0006623853,-0.0008929615,-0.000575309,-0.0007019831,-0.0004460999,-0.0005531245,-0.0006845896,-0.000447061,-0.0005339581,-0.0004781933,-0.000469376,-0.0005387184,-0.0004309553,-0.0003905238,-0.0004412061,-0.0003474272,-0.0003200628,-0.0001798353,-0.0003532092,-0.0002558788,-0.0004289881,-0.0004110901,-0.000309466,-0.0002924734,-0.0003243294,-0.0003995421,-0.000344799,-0.0002542654,-0.0002587451,-0.0003005959,-0.0001891189,-6.656288e-05,-4.585482e-05,-0.0001943072,-0.0001771734,-6.788655e-05,-0.0002835986,-0.0002044811,-0.0001064536,-0.0001078389,-8.419627e-05,-0.0002853549,-0.0001957447,-0.0001374524,-8.522828e-05,-9.666835e-05,-8.275728e-05,4.615683e-05,-0.0001645363,-0.0002983788,9.839539e-06,-4.834649e-05,-0.0001923047,-0.0002422894,-0.0001253504,-0.0001761749,-0.0001791385,-0.000133248,-6.182683e-05,1.797509e-05,8.42182e-05,7.678966e-05,2.992648e-05,-1.538962e-05,2.38551e-05,-7.646588e-05,-8.831205e-05,0.0002402914,0.0001200307,0.0002714759,9.551315e-05,0.0001650101,0.0004071954,0.0001895445,0.0002506323,0.0001348453,0.0001980638,0.0003059304,0.0003916848,0.0002908909,0.0003108871,0.0001803922,0.0002051204,0.0003419217,0.0004385563,0.00034288,0.0004813323,0.000407692,0.0005551809,0.0004313545,0.0004557157,0.0005272408,0.0004242855,0.0004981789,0.0006738097,0.0007539798,0.0007483864,0.0007137259,0.0008283606,0.0008438602,0.0007209969,0.0008252708,0.0009339143,0.0008560541,0.001066328,0.0009512753,0.0009312953,0.0008696154,0.0009744032,0.0008902238,0.001107526,0.001001552,0.001157922,0.001010048,0.00105926,0.001069024,0.001179179,0.0009630347,0.001198245,0.0009807168,0.001143486,0.0009862455,0.0009257133,0.0009544495,0.0008316091,0.0008168467,0.0008023474,0.000631021,0.0009158042,0.0006455015,0.000539799,0.0006961218,0.0003675194,0.0003277438,0.0003501566,0.0003465679,0.0001339347,0.0001819717,0.0003813017,0.0001266238
GDOR,-0.0004389198,-0.0004474981,-0.0003478125,-0.0008476083,-0.001340828,-0.0002183186,-0.0002736838,-0.0004636835,-0.0007681001,-0.001156123,-0.0005182077,-8.936139e-05,-0.0009369359,-0.0008925587,-0.001759515,-0.001202463,-0.0001901981,-0.0003693778,-0.0006488303,-0.001149942,-0.0003509266,-5.737581e-05,-0.0002510621,-0.0005891761,-0.001038607,-0.0004724892,2.544947e-05,-7.832886e-05,-0.0005999687,-0.0009918161,-0.0003973791,-0.0003415318,-2.393835e-05,-0.0004188833,-0.001361557,-0.0008266519,-0.000650007,-0.0003824632,-0.0005679153,-0.001706973,-0.000974857,-0.0006595118,-0.0003482621,-0.0004743675,-0.001555493,-0.000710901,-0.0007676955,-0.000346384,-0.0004961016,-0.001124335,-0.0005136647,-0.0006978923,-0.0001905872,-0.0003739651,-0.0009157481,-0.0005108559,-0.0009902667,-0.0001825152,-0.0002458273,-0.0008381224,-0.0005525776,-0.000734511,-0.000137582,-8.689219e-05,-0.0002145265,-7.720261e-05,0.0001333678,0.0004373489,0.0004898231,0.0001038009,-0.0002590776,3.678937e-05,0.0001282137,0.0006959383,0.0002708115,-5.446975e-05,0.0002647829,0.0002905894,0.0008746484,0.0004705184,0.0001425075,0.0001890099,0.0001763084,0.001019601,0.0007777123,0.0004179248,0.0002856086,0.0002539136,0.001082449,0.0008127159,0.0008548741,0.0003868423,0.000312503,0.001473344,0.0007713944,0.001020267,0.0004098388,0.0002414319,0.001448668,0.0009589859,0.0009721906,0.0005971094,0.0002681003,0.001421771,0.0008880577,0.001303511,0.0006176135,0.0002701743,0.001500039,0.001086952,0.001160839,0.0006576855,0.0002908702,0.001451519,0.001191259,0.001495987,0.0007888336,0.0005155935,0.001144895,0.001505756,0.001612332,0.0003991616,3.694898e-05,0.0007515652,0.001000569,0.001201057,0.0004927738,-5.306643e-06,0.0006874496,0.001059636,0.001176387,0.0004905198,-2.918475e-05,0.0005530353,0.000961313,0.001145538,0.0004892236,-0.0001318675,0.0004967995,0.001089098,0.00114028,0.0009555596,-0.0006317847,0.0001792309,0.001214816,0.001324404,0.0005627417,-0.0002004508,0.0005939031,0.0008753474,0.001261007,0.0006140137,-0.0002440161,0.0004696874,0.0006803506,0.001036405,0.0007169294,-0.0003787401,0.0002884002,0.0003896785,0.0009082939,0.0005499016,-0.0003631868,0.0004064795,2.68429e-05,0.0007739762,0.0005038445,-0.0004720818,0.0003175499,-0.0001547396,0.0006923514,0.0003021862,-7.942352e-06,-5.308472e-05,-0.000445487,0.000477069,0.0002858053,-5.193789e-05,-0.0001550997,-0.0006415189,0.000589246,9.635288e-05,-5.623636e-05,-0.0003645263,-0.0007083062,0.0003974262,-0.0001369488,-7.957459e-05,-0.0005162329,-0.001008248,0.0001568437,-0.0002466088,-0.0001694819,-0.0006755153,-0.0008899838,-2.397417e-07,-1.249042e-05,-2.3758e-05,-0.0006418577,-0.0009322187
GDOR,-0.0005970799,-0.0005230718,-0.0005696194,-0.0004409848,-0.0004960013,-0.000409811,-0.000332412,-0.0003721506,-0.0003453467,-0.0002301226,-0.0002326963,-0.0001430531,-0.0001096437,-9.573759e-05,-6.983675e-05,1.032026e-06,7.219136e-05,9.870216e-05,9.877708e-05,0.0001778935,0.0002007769,0.0002294113,0.0002537975,0.0003627487,0.0004116452,0.0004119203,0.0004247852,0.0005686843,0.0005429605,0.0005749781,0.0006535083,0.0006283462,0.0006854506,0.0007061148,0.0007386075,0.0008387677,0.0008017439,0.000877216,0.0009219294,0.0009633346,0.0009936198,0.001006678,0.001045528,0.001105639,0.001049122,0.001095034,0.001133701,0.001159479,0.001197364,0.001177006,0.001179156,0.001255196,0.001304538,0.001344852,0.001270945,0.001342866,0.001331234,0.001386986,0.001320287,0.001366844,0.001326801,0.001378329,0.001417775,0.001357141,0.001309135,0.001370748,0.001370959,0.001391081,0.001323178,0.001369008,0.001328525,0.001411616,0.001295814,0.001355961,0.001330307,0.001332768,0.001257946,0.001248207,0.001257142,0.001245019,0.001170842,0.001204179,0.001128891,0.001150035,0.001089354,0.001116301,0.001090683,0.0009966315,0.0009960152,0.000941792,0.0009566951,0.0008854329,0.0008993351,0.0008268993,0.0008083418,0.0007468476,0.0007600719,0.0006569095,0.0006965895,0.0006507295,0.0005556026,0.0004987271,0.00044763,0.0005114806,0.0004335025,0.0003447917,0.0003481307,0.0002393382,0.0002404269,0.0001847702,0.000144773,9.814397e-05,5.546957e-05,2.366358e-05,-2.561541e-05,-6.951502e-05,-0.0001010962,-0.000140505,-0.0002132358,-0.000279373,-0.0002860206,-0.0003110202,-0.0003345508,-0.0004255519,-0.0004336713,-0.0005117222,-0.0005921188,-0.0005781984,-0.0005711446,-0.000632949,-0.0007081634,-0.0007137524,-0.0007604844,-0.0007935113,-0.0008052292,-0.0009125691,-0.0009403233,-0.000906841,-0.0008352881,-0.000999051,-0.001008756,-0.001017676,-0.001078599,-0.001071333,-0.001121471,-0.001115801,-0.001232254,-0.00120668,-0.001191841,-0.001221597,-0.00124429,-0.001252077,-0.001196817,-0.001223641,-0.001290398,-0.001288691,-0.001326638,-0.001334343,-0.001310944,-0.001382554,-0.001380618,-0.001392571,-0.001319278,-0.001346291,-0.001372285,-0.001388706,-0.001313936,-0.001373669,-0.001336806,-0.001315923,-0.001333061,-0.001321391,-0.001236353,-0.001318596,-0.001276096,-0.001254329,-0.001181979,-0.001219281,-0.001205357,-0.001193622,-0.001157167,-0.001108885,-0.001127561,-0.001142507,-0.001086307,-0.001069379,-0.001014951,-0.001007751,-0.0009863887,-0.0009490694,-0.0009323927,-0.0009280962,-0.000847125,-0.0008481585,-0.0008019998,-0.000725108,-0.0007332724,-0.0006985571,-0.0007019161,-0.0006005152
GDOR,0.0001222106,0.0001239718,0.0001266849,0.0002609833,0.0003340281,0.0004270849,0.0003547049,0.0004081814,0.0006384581,0.0005360563,0.0006371081,0.000846298,0.0007967908,0.0009258389,0.001033457,0.001041866,0.001255516,0.001147804,0.001249559,0.001545935,0.001382097,0.001478401,0.001618146,0.001649662,0.001748225,0.001811407,0.001859467,0.002120458,0.001922938,0.002044229,0.00218407,0.002102996,0.002247594,0.002285359,0.00238031,0.002473102,0.002406244,0.002507597,0.002751749,0.002562701,0.002666062,0.002754174,0.002740633,0.002748881,0.002703626,0.002870323,0.002910797,0.002737441,0.002852521,0.002938795,0.002855817,0.002812889,0.002810654,0.002951065,0.002819459,0.002790642,0.002863274,0.002817912,0.002702769,0.002716199,0.002804901,0.002727738,0.00254012,0.002631547,0.002630006,0.002493741,0.002422689,0.002389793,0.00231369,0.002334116,0.00206469,0.002197362,0.002241254,0.00186955,0.002004563,0.001890019,0.001861482,0.001721316,0.001603802,0.001715809,0.001554462,0.001245776,0.00138215,0.001286357,0.00109825,0.001055858,0.0009562461,0.0009717984,0.0007926023,0.0005493625,0.0006832578,0.0005196526,0.0003621113,0.0004078035,0.0002394995,0.000226421,3.681183e-05,-0.0001625472,-4.342715e-05,-0.0002424737,-0.0004274933,-0.000349919,-0.000530253,-0.000566053,-0.0006496683,-0.0007072297,-0.0007033524,-0.0009176636,-0.001059048,-0.0009401326,-0.001064037,-0.001276099,-0.001230166,-0.001337167,-0.001294619,-0.001471542,-0.001493639,-0.001462671,-0.001620227,-0.001671183,-0.001624803,-0.001689893,-0.001781404,-0.001870636,-0.001756694,-0.00189396,-0.00195223,-0.002025868,-0.001934268,-0.001979693,-0.002067041,-0.002055615,-0.002003699,-0.00207508,-0.002110688,-0.002029446,-0.002076735,-0.00207688,-0.002150502,-0.002064786,-0.002021516,-0.002147781,-0.002114472,-0.002036876,-0.002159735,-0.002100605,-0.00206759,-0.002055609,-0.002067777,-0.002121648,-0.002013793,-0.001926673,-0.002096471,-0.002040921,-0.001896375,-0.001911074,-0.00189821,-0.001965874,-0.001805264,-0.001784735,-0.001943507,-0.001782188,-0.001645436,-0.00176823,-0.001693633,-0.001706872,-0.001515736,-0.001520011,-0.001604722,-0.001461665,-0.001393811,-0.001534757,-0.001476811,-0.001308175,-0.001324692,-0.001238993,-0.00132811,-0.001118766,-0.001124717,-0.00110673,-0.001100701,-0.0009405994,-0.0009861336,-0.0009064457,-0.0009214145,-0.0007594207,-0.0006778299,-0.0007714135,-0.0006535939,-0.0005306219,-0.0006072639,-0.0006234082,-0.0003689055,-0.0004220015,-0.0003636581,-0.0004057844,-0.000187186,-0.000117105,-0.0001436351,-0.0001080485
GDOR,0.01003462,0.009730733,0.01023444,0.010374,0.01016411,0.01046813,0.01044782,0.01088263,0.01036186,0.01073276,0.01043423,0.01085052,0.01061403,0.01066949,0.0106399,0.01043999,0.01080287,0.01031801,0.01063402,0.01014499,0.01032731,0.01021834,0.01012626,0.01016451,0.009729673,0.009955473,0.009293413,0.009546556,0.008919179,0.009318004,0.008793576,0.008562918,0.008694249,0.008066182,0.008327722,0.007431981,0.008234913,0.007025609,0.007047644,0.006732256,0.006525476,0.006328824,0.006061285,0.006008825,0.005331123,0.005418089,0.004697621,0.004636198,0.00435461,0.004076751,0.003703085,0.003035474,0.003518245,0.002555803,0.002787896,0.001908429,0.002193691,0.001528183,0.001207379,0.001149292,0.0005038031,0.0005491007,-0.0003338199,0.0001675257,-0.0009426005,-0.0007165699,-0.001472257,-0.001742622,-0.001608799,-0.002354952,-0.002215092,-0.002761856,-0.002545474,-0.003582465,-0.003099927,-0.003911054,-0.003758528,-0.004096551,-0.004559903,-0.004433133,-0.004933597,-0.004724753,-0.005663762,-0.005070666,-0.005887534,-0.005622662,-0.005982014,-0.006172585,-0.006217811,-0.006629337,-0.006495766,-0.006885545,-0.006921444,-0.007379483,-0.007350943,-0.007185132,-0.00755581,-0.007286763,-0.00808992,-0.007416622,-0.008019101,-0.007731838,-0.008442349,-0.007928226,-0.008393826,-0.00833128,-0.008171191,-0.008533642,-0.008363944,-0.00858382,-0.008219431,-0.008596471,-0.008631798,-0.008366018,-0.008608658,-0.008594411,-0.008505112,-0.008295536,-0.008456438,-0.008200475,-0.008442026,-0.008209314,-0.008015428,-0.007993176,-0.007716656,-0.00814571,-0.007612815,-0.007965082,-0.007344065,-0.007416781,-0.006976217,-0.007351709,-0.00728596,-0.006805669,-0.006809323,-0.006311447,-0.006520963,-0.006054934,-0.006166582,-0.005858634,-0.005614018,-0.005513824,-0.005033585,-0.004981471,-0.00450973,-0.004570084,-0.004241508,-0.004216856,-0.003848805,-0.003380749,-0.003428332,-0.003010618,-0.002804483,-0.002280199,-0.002439361,-0.00184208,-0.001824703,-0.001434429,-0.0009460622,-0.000946507,-0.0004946325,-0.0003402804,7.254147e-05,0.0004424032,0.0007985228,0.0008639261,0.00137795,0.001745527,0.001894737,0.00265898,0.002159229,0.002861762,0.00279672,0.003536928,0.003382358,0.003877171,0.004360853,0.004539214,0.004830109,0.004919409,0.005735492,0.005443939,0.006094945,0.006333156,0.006445642,0.006900551,0.007012984,0.007485924,0.007381301,0.007742625,0.007837747,0.008170035,0.008574838,0.008633927,0.008828292,0.008865995,0.009495524,0.008939983,0.009674362,0.009342682
GDOR,7.317412e-05,-1.422079e-05,9.518411e-05,3.781964e-05,-8.547545e-07,-6.220015e-05,-0.000177226,0.0001054402,1.350374e-05,-1.98441e-05,-5.626398e-05,4.69734e-05,5.422556e-05,2.055395e-05,-1.319156e-05,0.0001433589,-0.000150126,-4.901764e-05,7.724054e-05,3.73196e-05,0.0001356773,-0.0001396844,6.22723e-05,9.197835e-05,3.61412e-05,2.055914e-06,-3.220217e-05,5.713346e-05,-3.346014e-05,7.583217e-05,-2.527363e-05,-1.464307e-05,1.59866e-06,-4.796845e-05,-0.0001305042,-0.0001387326,0.0001064113,-1.424644e-06,4.336678e-05,5.4997e-05,7.802142e-05,2.824011e-05,3.343675e-05,-4.308184e-05,-5.281812e-06,-4.150366e-05,-8.081284e-06,-1.72965e-05,1.426386e-05,0.0001116845,2.154358e-06,0.0001032135,-5.108696e-05,2.798358e-05,-0.0001357155,2.379114e-05,-4.662226e-05,-4.704132e-05,-3.28317e-05,1.471986e-06,2.767142e-05,7.358179e-06,-4.428877e-05,3.951131e-05,2.241557e-05,8.053598e-05,-2.13346e-05,4.470855e-05,-3.295356e-05,-6.649306e-05,-2.865242e-05,-9.165387e-05,5.079254e-05,-6.17945e-05,-0.0001125468,-1.145085e-07,-4.858169e-05,7.757951e-05,0.0001281864,9.084935e-05,-4.724033e-05,8.928914e-05,-1.422328e-05,1.42825e-06,0.0001279564,7.242279e-05,4.989675e-05,-0.0002001354,2.503032e-05,4.380214e-05,-5.741e-05,-6.663391e-06,5.306202e-05,-9.315293e-06,-3.521887e-06,-9.692842e-06,-9.863622e-06,-9.602541e-06,-5.242691e-06,1.216301e-05,-1.35555e-05,2.624966e-05,-1.273851e-06,1.484537e-05,2.877715e-05,7.583755e-05,8.167399e-06,-2.900751e-05,-3.582653e-05,-2.713312e-05,-7.69045e-06,3.888419e-05,3.90975e-05,3.428915e-05,0.0001541684,-2.336238e-05,-2.415342e-06,-3.071935e-05,-3.790185e-05,5.36184e-05,-9.240549e-05,-5.570973e-05,-4.115431e-05,5.688327e-06,6.483401e-05,-2.100049e-05,6.904865e-05,7.167103e-05,8.815775e-05,-6.576784e-05,-1.950674e-05,-1.532533e-05,5.364713e-06,1.237491e-05,2.640247e-05,-0.000110387,0.0001046031,1.791259e-05,7.982842e-05,-6.673273e-05,-0.0001050875,-4.79948e-05,-9.561087e-05,-5.733449e-05,4.9558e-05,-3.29887e-05,-4.114712e-05,5.119949e-05,5.532182e-05,7.15948e-05,-0.0001440233,-1.488078e-05,0.0001355196,-3.718656e-05,4.950793e-05,-4.767106e-05,-0.0001389089,-2.965341e-05,5.307217e-05,-8.064565e-05,-2.514749e-06,-2.055281e-05,-2.267003e-05,-3.693487e-05,0.0001240698,3.628766e-05,-2.038535e-05,-0.0001386429,0.0001386148,-7.519039e-05,0.0001092654,8.380078e-05,-2.030359e-05,-8.7692e-05,-7.881132e-05,5.116972e-05,2.967266e-06,9.45157e-05,5.267074e-05,-1.524676e-05,8.618003e-07,-3.01383e-05,4.499159e-05,-7.882178e-05,-5.896302e-05,9.995041e-05,-4.553602e-05,1.943804e-05,-7.785547e-05,-2.548303e-05,-5.921948e-06,-2.597938e-05,-3.150787e-05,-1.066634e-05,4.805985e-05,4.789605e-05,-7.250695e-05,-6.717924e-05,1.945402e-05,-5.387848e-05
GDOR,0.0002204504,0.0001932785,0.0002359734,0.0002115916,0.0002722743,0.0002025994,0.0002901753,0.0003383847,0.0002888087,0.0002717208,0.0002781947,0.0002191614,0.0002274106,0.0004015058,0.0003417271,0.000321717,0.0004201747,0.0004512412,0.0003094813,0.0003664864,0.0003633949,0.0003190757,0.000427102,0.0004293467,0.0003838692,0.0004108962,0.0002672351,0.0003100175,0.0002053754,0.0001607048,0.0001154646,0.0002259685,0.0002225618,0.0002474679,0.0001398497,0.0001147677,0.0001729585,0.0001890932,0.0002671618,0.0001963369,0.0001966634,0.0001901921,0.0001868208,0.0002017442,0.0001091865,0.0001616237,9.21329e-05,0.0001618942,0.0002015872,0.0001590829,0.0001642091,9.875162e-05,0.0001262679,6.69007e-05,0.0001107871,5.754708e-05,0.0001086333,8.156879e-05,0.000119756,7.281765e-05,2.666213e-05,-1.261584e-06,-3.633605e-05,-3.762829e-05,-5.718716e-05,-1.960986e-05,-3.795762e-05,-1.730898e-05,-1.311123e-05,2.562513e-05,-9.023955e-05,4.496463e-06,-2.133213e-05,-8.001287e-05,-7.162151e-05,-3.693819e-05,-4.850558e-05,-0.0001224024,-4.496049e-05,-5.111934e-05,-0.0001061427,-0.0001195649,-9.178847e-05,-0.0001017845,-0.0001225701,-9.469216e-05,-0.0001542649,-9.452839e-05,-1.496228e-05,-0.0001466223,-0.0001530626,-0.0001010415,-0.0001284339,-8.530205e-05,-8.691809e-05,-5.068909e-05,-0.0001420167,-0.0001522922,-0.0001355095,-0.0001899258,-0.0001607978,-0.0001838519,-0.000233663,-0.0001705594,-0.0001258048,-0.0001911807,-0.0002053,-0.0002748903,-0.0001845097,-0.0002276402,-0.0001989237,-0.0002346507,-0.0002975386,-0.0002340688,-0.0003071054,-0.0003100557,-0.0003880994,-0.0003288235,-0.0002747195,-0.0003779279,-0.0003413051,-0.0003045014,-0.0002810583,-0.0003328245,-0.0002684667,-0.0003426105,-0.0002825296,-0.0003496269,-0.0002960692,-0.0002151063,-0.0003296691,-0.0003367815,-0.0002356988,-0.0003619978,-0.0003552364,-0.0003009571,-0.0003481034,-0.000286168,-0.0003229828,-0.000367742,-0.0003572659,-0.0002953689,-0.0003541966,-0.0002845448,-0.0002876666,-0.0002376304,-0.0002699864,-0.0002584065,-0.0003231262,-0.0002532246,-0.0002998166,-0.0002489171,-0.0002363884,-0.0002661507,-0.0001852277,-0.0001672296,-0.0002437168,-0.0001806582,-0.0001965047,-0.0001673228,-0.0002054226,-0.0001590614,-0.0001780275,-0.0001696591,-0.0001963786,-0.0002553168,-0.0002065454,-0.0002288562,-0.0002377045,-0.0003766937,-0.0004461472,-0.0002916767,-0.0002905715,-0.0002433153,-0.0001887773,-0.0004355018,-0.000257326,-0.0003427155,-4.194559e-05,-3.666661e-05,-5.130877e-05,2.281153e-05,-9.516378e-05,-4.172476e-05,-2.400833e-05,-4.362103e-05,2.823969e-05,-0.0001064379,1.858894e-05,9.480029e-05,-4.839918e-05,-3.503757e-05,2.933562e-05,6.399492e-06,-1.751455e-05,0.0001531736,0.0002750862,0.0002065275,0.0001557624,0.0001713027
GDOR,0.0005841969,0.0004088043,0.0003858221,0.0003177384,0.0001447695,0.0002710689,0.0001996362,0.0003012605,0.0002353737,0.0001308107,0.0001437315,0.000223535,0.0002939464,0.0001628081,0.0002216818,3.253063e-05,0.0001454136,4.083704e-05,5.680806e-05,-8.819083e-05,-2.435987e-05,6.742567e-06,-9.619167e-05,7.784402e-07,0.0001410321,-2.957001e-05,-8.670075e-05,-8.765983e-05,-0.0002619028,-0.0001076732,-0.0001016127,-0.0002248049,-0.0001674351,-0.0002068046,-7.427696e-05,-0.0002270279,-0.0002834412,-0.0002013655,-0.0002290042,-0.0003251558,-0.00054529,-0.0003263368,-0.0002300667,-0.0003657003,-0.0004061691,-0.0004084346,-0.0006497569,-0.000513752,-0.0002230952,-0.0002622866,-0.0005301008,-0.0005264777,-0.000348611,-0.0004119721,-0.0003699863,-0.0005776528,-0.0005464474,-0.000455359,-0.0004543928,-0.0004343868,-0.000613226,-0.0006535791,-0.0005810821,-0.0005245153,-0.0005275945,-0.0005576924,-0.0006196912,-0.0005834718,-0.0004942532,-0.0004748501,-0.000513352,-0.0005936691,-0.0005315488,-0.0004568714,-0.0006238235,-0.0007096019,-0.0004993129,-0.0008204721,-0.0006599912,-0.0004371128,-0.00063039,-0.0004586708,-0.0006458193,-0.0006490296,-0.0005876505,-0.0005762423,-0.0005813044,-0.0006663879,-0.0005488975,-0.0005938663,-0.0005342755,-0.0005822689,-0.0006446193,-0.0004365626,-0.0005330768,-0.0003084549,-0.0004506714,-0.0002637945,-0.0004613606,-0.0005357943,-0.0004997891,-0.0003212936,-0.0003580054,-0.0005106692,-0.000418115,-0.0004075455,-0.0002739838,-0.0003486214,-0.000428156,-0.0002102555,-0.0002733905,-0.0002170131,-0.0001753668,-0.0001709904,-0.0002187725,-7.857501e-05,-0.0003524775,-0.0001057164,-0.0001223111,-9.768555e-05,-0.0001463513,-4.525083e-05,2.219918e-05,6.147259e-05,0.0001461434,0.0002058788,0.0002091666,0.0002482352,0.0001579814,0.0001309825,0.0001137223,0.0002023583,0.0002810339,0.0002320509,0.00036622,0.0003279682,0.0002987098,0.0003266206,0.0004281265,0.0002955136,0.0004398843,0.0005667429,0.0006523017,0.0004416638,0.0005363137,0.0003549202,0.0005216894,0.0004328794,0.0006360766,0.0006106095,0.0006485643,0.000496881,0.0006108575,0.0007706701,0.0005897075,0.0006443395,0.0005939623,0.0007236914,0.0007854913,0.0007550977,0.0006189889,0.0007527506,0.0007886198,0.0006948689,0.0007317267,0.0007659716,0.0007457118,0.0007771624,0.000842252,0.0007605451,0.0007579956,0.0005825309,0.0007761891,0.000602197,0.0006076743,0.0007713031,0.0006227454,0.0006469798,0.0007187757,0.000541651,0.0006000316,0.0007016514,0.0006789513,0.0007129801,0.000607147,0.000626957,0.0006801444,0.0006046881,0.0006125684,0.0005258858,0.0005155856,0.0005232885,0.0003753884,0.0006150176,0.0005522086,0.0004494537,0.0004543106,0.0003923022,0.0004514264,0.0003897414
GDOR,-0.008971056,-0.009258954,-0.007715461,-0.007717459,-0.008672355,-0.007902316,-0.006654885,-0.007338909,-0.007704291,-0.006692736,-0.005936784,-0.006823187,-0.006573127,-0.00488235,-0.005740345,-0.006179958,-0.004852214,-0.003894491,-0.004972067,-0.004799684,-0.003251755,-0.002880029,-0.004382701,-0.002657163,-0.001464665,-0.002648538,-0.002926145,-0.001337102,-0.0003248832,-0.001942928,-0.0006414512,0.0008887214,0.0006527505,-0.000931546,0.001349551,0.002076447,0.0006368979,0.001073425,0.002864304,0.003005233,0.001139448,0.003168653,0.004369821,0.003058335,0.002896085,0.004628877,0.005329186,0.003857909,0.004868421,0.006727753,0.005888202,0.004649162,0.007028076,0.007566622,0.006430333,0.00652233,0.008562475,0.008338445,0.006947885,0.008681769,0.009489502,0.008534531,0.008103862,0.01031404,0.009611333,0.009040567,0.00972482,0.01140602,0.01008023,0.00962094,0.01132699,0.01108884,0.01028939,0.01056083,0.01237302,0.01063967,0.01075224,0.01163726,0.0120751,0.009979764,0.01085805,0.01230513,0.01101975,0.01124209,0.01196636,0.01223429,0.01015137,0.01116683,0.01202065,0.0115127,0.009765097,0.01096398,0.0113831,0.009623227,0.01050786,0.01103131,0.01122222,0.008930009,0.01018649,0.0104179,0.008934329,0.008727546,0.0101937,0.009832445,0.007326907,0.00874518,0.008701746,0.007700737,0.006316813,0.00791433,0.007526168,0.005518006,0.006405626,0.006869575,0.006037841,0.004116077,0.006066336,0.005285708,0.004473523,0.003226613,0.004859396,0.003723497,0.001716796,0.003223781,0.003413949,0.001955215,0.0007006614,0.002281242,0.001615297,-0.0005205587,0.0007024592,0.001178697,-0.0003065249,-0.001363857,1.75544e-05,-0.0004935091,-0.002258408,-0.002277461,-0.001055352,-0.002023182,-0.00364017,-0.002566957,-0.002262327,-0.004195399,-0.004267765,-0.003364009,-0.003964629,-0.005862524,-0.004570479,-0.0042596,-0.005554333,-0.006856497,-0.005170734,-0.005342823,-0.007203989,-0.00664019,-0.006105268,-0.006307148,-0.008016568,-0.006406887,-0.005908624,-0.007714113,-0.008023739,-0.006911467,-0.007532451,-0.009088382,-0.007853636,-0.007822985,-0.008506527,-0.009412216,-0.008150242,-0.00813709,-0.009638864,-0.008843246,-0.009086765,-0.009462324,-0.01023636,-0.008786093,-0.008868472,-0.00969133,-0.009864121,-0.008972503,-0.009202559,-0.01034814,-0.009007314,-0.009235254,-0.00984809,-0.01022867,-0.008862475,-0.009233945,-0.01014705,-0.009290045,-0.008647576,-0.009670652,-0.009617435,-0.008257146,-0.008833441,-0.009330596,-0.009010482,-0.008046074
GDOR,0.03188167,0.03180169,0.03023192,0.03097257,0.03117225,0.02895097,0.02961841,0.02792887,0.02836599,0.02736303,0.02610477,0.02594515,0.02548994,0.02380382,0.02370642,0.02269995,0.02176631,0.02151778,0.02042849,0.02010384,0.01835023,0.01798869,0.01701928,0.01623552,0.01547606,0.01434128,0.01367979,0.0133192,0.01198242,0.01144753,0.01084416,0.00881146,0.008522682,0.008326342,0.006066675,0.006336174,0.005706544,0.004410108,0.004236214,0.002854154,0.002277913,0.002038794,-7.819432e-05,0.0006082972,-0.0003779359,-0.001914308,-0.002012777,-0.00250412,-0.003675004,-0.00381799,-0.004744745,-0.004986492,-0.005346313,-0.006792627,-0.006649622,-0.00788806,-0.008455739,-0.008256146,-0.00877516,-0.00990575,-0.009893069,-0.01046752,-0.0112757,-0.01134186,-0.01263212,-0.01235721,-0.01254789,-0.0133069,-0.01353317,-0.01423303,-0.01462902,-0.01430831,-0.01469659,-0.01554729,-0.0149249,-0.01595056,-0.01610649,-0.01606588,-0.0166002,-0.01635981,-0.0163464,-0.01670056,-0.01662544,-0.01672613,-0.01735969,-0.01687794,-0.01730801,-0.0178356,-0.01776771,-0.01784165,-0.01757975,-0.01797042,-0.01797397,-0.01791029,-0.01810579,-0.01810912,-0.01799083,-0.0181047,-0.01777742,-0.01790492,-0.01734291,-0.01744917,-0.01736732,-0.01710694,-0.01690727,-0.01649109,-0.01658338,-0.0160492,-0.0159654,-0.01541258,-0.01529739,-0.0150199,-0.01471806,-0.0140802,-0.01363677,-0.01325207,-0.01339316,-0.01245334,-0.01244153,-0.01184526,-0.0112906,-0.01094257,-0.009915962,-0.01014852,-0.00928505,-0.008733699,-0.008103416,-0.007495747,-0.007401099,-0.006457146,-0.00596374,-0.005984227,-0.005158256,-0.00436938,-0.004032045,-0.003286049,-0.002816072,-0.001355298,-0.001035696,-0.0006844812,0.000415556,0.001113307,0.001226591,0.002622149,0.00289432,0.003162978,0.004268576,0.004575933,0.006509717,0.00668969,0.006876573,0.008470498,0.008994562,0.009417014,0.01038056,0.01126181,0.01187691,0.01275273,0.01321328,0.01465849,0.01482991,0.01559311,0.01712794,0.0168929,0.01747273,0.018908,0.01972844,0.02008137,0.02014037,0.02180635,0.02227385,0.02239273,0.02348135,0.02506366,0.0244988,0.02546047,0.02661385,0.02700522,0.02742569,0.02750111,0.02844169,0.02986908,0.02893718,0.03027576,0.03155839,0.02988909,0.03132627,0.03208586,0.03111381,0.03154153,0.03229549,0.0315079,0.03274921,0.03225189,0.03188197,0.03281672,0.03097484,0.03203485,0.03141501,0.03061485
GDOR,0.006960079,0.006953196,0.006605024,0.006457823,0.006486342,0.006359195,0.00633319,0.006169226,0.006134022,0.006248991,0.006053062,0.00593848,0.004200153,0.003079963,0.00321524,0.003150936,0.003113413,0.003137888,0.003057756,0.003001827,0.002895848,0.002772392,0.002767819,0.00294165,0.002993099,0.002764723,0.002953244,0.002895037,0.002804088,0.002885624,0.004888961,0.005693397,0.00508608,0.005078438,0.004946095,0.004963416,0.004720367,0.004479492,0.004369326,0.003989941,0.003930039,0.003405984,0.003281653,0.002805529,0.002900445,0.002034965,0.001743263,0.001502378,0.001268911,0.0006049387,0.0001993577,0.0002096411,-0.0002853406,-0.0005698223,-0.0009029711,-0.001236895,-0.001316212,-0.001536773,-0.0020088,-0.002015416,-0.002481613,-0.002475517,-0.00278309,-0.00294538,-0.003175259,-0.003464997,-0.003605046,-0.00388616,-0.003846542,-0.00419405,-0.004191927,-0.004465599,-0.004513398,-0.004741092,-0.004917652,-0.004987355,-0.005071768,-0.005427806,-0.005313623,-0.005288652,-0.005532414,-0.005552412,-0.005528957,-0.005675212,-0.005566682,-0.005695791,-0.0056625,-0.005508128,-0.005524941,-0.005506642,-0.005458896,-0.005422165,-0.005367188,-0.005345239,-0.005296801,-0.005232131,-0.005189523,-0.004974787,-0.004977887,-0.004998632,-0.004721225,-0.004759163,-0.004579738,-0.004257183,-0.004345385,-0.003942601,-0.003997979,-0.003944872,-0.003700689,-0.003842429,-0.003832583,-0.003505147,-0.003438237,-0.003316992,-0.002976284,-0.002978052,-0.002708093,-0.002622764,-0.00239877,-0.002477521,-0.002080902,-0.001976398,-0.001822871,-0.001694986,-0.00140723,-0.001330666,-0.001110799,-0.001150613,-0.0006758642,-0.0005521083,-0.0006392368,-0.0002812431,-0.0001184721,9.690297e-05,0.0003916654,0.0004515004,0.0006379423,0.0009614479,0.001122919,0.001108572,0.001415442,0.001899908,0.00207566,0.002310772,0.002650874,0.002883517,0.003005384,0.003384532,0.003654393,0.003998229,0.004392009,0.004838319,0.005298104,0.00601998,0.006091982,0.006475881,0.00749941,0.007973635,0.008458327,0.009264449,0.01015493,0.01103023,0.01183449,0.01211251,0.01102319,0.01123973,0.01139827,0.01168172,0.01237043,0.01243465,0.01255881,0.0128725,0.01238845,0.01293109,0.01263514,0.01255427,0.01240566,0.01283396,0.01254221,0.01256494,0.0121466,0.01235304,0.0125056,0.01195238,0.01176001,0.01226711,0.01351882,0.01329602,0.01282556,0.0123121,0.01209531,0.0114267,0.01099572,0.0106742,0.00983059,0.00985097,0.009394581,0.008716288,0.00845694,0.008233438
GDOR,-1.875946e-05,1.888831e-05,-3.308026e-05,-5.581099e-05,2.243976e-06,-0.0001064457,-3.613321e-05,-1.840444e-05,0.0001220385,-5.640769e-05,4.406279e-05,0.0001055758,-8.314903e-05,8.100103e-05,4.718834e-05,8.263797e-05,0.0001043489,-8.308244e-05,1.366274e-06,3.907285e-05,-4.223598e-05,3.708743e-05,2.471746e-05,1.43633e-05,4.105827e-05,4.040194e-05,-0.0001136455,-4.996672e-05,-1.624137e-05,1.623791e-05,3.216321e-05,8.846539e-05,-1.07045e-05,3.713153e-06,-5.010873e-05,-6.21396e-05,-7.617164e-05,-3.175558e-05,-5.143831e-05,-3.410707e-05,0.0001229052,1.110607e-05,-9.195693e-05,1.057344e-05,2.03398e-05,0.0001278187,7.585698e-05,0.0001038838,4.181581e-05,-3.273081e-06,6.051743e-05,-8.800042e-05,0.0001119381,0.0001136258,-6.939554e-05,6.242859e-05,8.772424e-05,2.49496e-05,8.146085e-05,3.175934e-05,-6.910319e-06,7.566588e-06,-5.131311e-05,4.170453e-05,5.432878e-05,0.0001009506,4.767195e-05,6.062612e-05,-3.186853e-05,5.591161e-05,1.969958e-05,1.896825e-06,0.0001108668,0.0002039663,5.17021e-05,-2.531861e-05,2.19058e-05,1.071071e-05,5.922329e-05,-1.311868e-05,-3.81845e-06,-0.0001323438,3.103073e-05,6.89266e-05,-6.70318e-05,3.3081e-05,-5.244986e-05,0.0001339938,-1.7335e-05,-9.556607e-05,-7.997293e-05,-7.841883e-05,6.947268e-05,0.0001249925,7.297738e-05,-5.742625e-05,-1.463787e-05,5.570075e-05,-2.3001e-05,-3.502772e-05,4.650787e-05,-4.237685e-05,0.0001368271,2.114992e-05,3.140965e-05,-2.371889e-05,8.333588e-05,-5.352316e-07,7.086745e-05,-1.671645e-05,-6.60841e-05,-0.0001147056,3.145246e-05,-6.912301e-07,-4.770773e-06,4.767949e-05,7.312738e-05,9.298999e-05,1.113243e-05,4.628064e-05,-0.0001690997,0.0001223843,-8.45899e-06,5.392262e-05,3.355356e-05,9.41917e-05,-5.361562e-05,-8.834969e-05,5.01383e-05,-9.488463e-05,5.487113e-05,1.365243e-05,-7.908299e-05,-3.885476e-05,6.349891e-05,3.334081e-05,0.000107412,5.362992e-06,1.838932e-05,-5.787904e-05,-0.0001048486,-7.576944e-05,-3.884207e-05,-9.745963e-05,0.000143303,4.680873e-05,-3.594301e-05,-6.921009e-05,5.481399e-05,3.678428e-05,-4.445706e-05,-6.054024e-05,6.937389e-05,-1.372889e-05,-3.368629e-05,2.159368e-05,3.683511e-06,-0.0001239781,3.247665e-07,-0.0001468368,5.993203e-06,7.800138e-05,-9.849368e-05,-0.0001087901,4.059864e-05,-8.487608e-05,-1.733414e-05,-2.061561e-05,8.408252e-05,4.419836e-05,8.646573e-06,-2.345944e-05,-5.176872e-05,2.421654e-05,6.731233e-05,-3.62703e-05,-0.0001191413,-1.994175e-05,1.303773e-05,-8.286911e-05,-0.0001428348,-0.000150076,2.680783e-05,0.0001245749,2.063161e-05,-4.57836e-05,-5.823875e-05,-4.677014e-05,-1.096487e-05,3.003855e-05,-0.0001407526,-5.328995e-05,-9.040182e-05,5.120251e-05,2.43599e-06,2.076623e-05,0.0001167578,6.695493e-05,-9.029733e-05,3.000842e-05
GDOR,0.0007900416,0.001061742,0.001000422,0.001291181,0.001314476,0.001694395,0.001931681,0.002044535,0.002057813,0.002273446,0.002462107,0.002645033,0.002733481,0.003105924,0.00299275,0.003252483,0.003300525,0.003610492,0.003573446,0.003734902,0.00387397,0.004143834,0.004172165,0.004407172,0.004366334,0.00455384,0.004697382,0.004602736,0.004874064,0.00477588,0.004959976,0.004887474,0.005136849,0.005181228,0.005377808,0.005364041,0.005332263,0.005436843,0.005530331,0.005486249,0.005479318,0.005460446,0.005495996,0.005515471,0.005341765,0.00563592,0.005481893,0.005272964,0.005369339,0.005413756,0.005290546,0.0052572,0.005242046,0.005190184,0.005068773,0.004976019,0.005017214,0.004818145,0.004788837,0.004677671,0.004564899,0.004425071,0.004239064,0.004330019,0.004058762,0.003868752,0.003767747,0.003611259,0.003569802,0.003308124,0.003397763,0.003023237,0.003048242,0.002923957,0.002580372,0.00263177,0.002306603,0.002220359,0.002125122,0.001874062,0.001690426,0.001629048,0.001250546,0.001351909,0.00118363,0.0009504873,0.0009636473,0.0007620418,0.0004774248,0.0004945896,0.0001101222,8.291585e-05,-0.0001357799,-0.0002540116,-0.0003207356,-0.0004067133,-0.0003514011,-0.000807345,-0.0009842523,-0.00129705,-0.001172018,-0.001293355,-0.001625305,-0.001618606,-0.001765572,-0.001813695,-0.001878494,-0.002038936,-0.002310597,-0.002014066,-0.002427229,-0.002548598,-0.002552881,-0.002655134,-0.002940335,-0.002796077,-0.003045944,-0.003015226,-0.003146813,-0.003154427,-0.003250667,-0.003438971,-0.003533864,-0.003298406,-0.003676967,-0.003516851,-0.003668838,-0.003534825,-0.003704837,-0.003664627,-0.003761454,-0.003759665,-0.003976027,-0.003883608,-0.003805658,-0.004029787,-0.004055592,-0.004039912,-0.004054738,-0.003930211,-0.004009002,-0.004142568,-0.003968995,-0.004158534,-0.004039342,-0.003958034,-0.003998138,-0.004011627,-0.004038801,-0.003970277,-0.003950824,-0.003935977,-0.003917524,-0.00391308,-0.004015239,-0.003849568,-0.003797433,-0.00389645,-0.003769295,-0.00364109,-0.003770234,-0.003527284,-0.003541688,-0.003728593,-0.003333076,-0.003572629,-0.00330727,-0.003279595,-0.003262169,-0.003077267,-0.003139653,-0.002908225,-0.002890531,-0.002887855,-0.002751685,-0.002510451,-0.002652008,-0.002425592,-0.002218011,-0.002219287,-0.002041159,-0.002001466,-0.001892389,-0.001623532,-0.001595739,-0.001396731,-0.001219448,-0.001209089,-0.001179184,-0.0008534514,-0.0007690453,-0.0004456878,-0.000463128,-0.0002923204,-0.0001422025,0.0001380824,9.700088e-05,0.0002714802,0.0003692299,0.0005463861
GDOR,-0.0002017218,-4.07415e-05,4.887448e-05,-0.0002094754,1.429039e-05,3.658094e-05,0.0001400965,-6.231409e-05,0.0001558595,6.04322e-05,0.0002026424,-7.441779e-06,0.0001365662,-8.5362e-05,2.998194e-05,-2.553899e-05,-2.784568e-06,5.559087e-05,8.441903e-05,-6.112536e-05,-2.414532e-05,-0.0002055014,-0.000343323,-0.0001724318,-0.0002264235,-0.0002998836,-0.0004488094,-0.0001718515,-7.21913e-05,-0.0001151819,-3.201816e-05,-0.0001786035,-0.0001364621,9.869438e-05,-0.0001977123,-0.000410659,-0.0005746825,-0.0002126707,-0.0004399444,-0.0003907288,-0.0004019464,-0.0003684738,-0.0003709939,-0.000375555,-0.0002842954,-7.905552e-05,-0.0003410559,-9.494731e-05,-0.0002521137,-0.000251732,-0.0002031985,-0.0002623748,-0.0003120505,-0.0003173105,-0.0003176562,-0.0003796147,-0.0003175521,-0.0003383151,-0.0005067764,-0.0003189249,-0.0004148836,-0.0004381251,-0.0005281228,-0.0002082554,-0.0002855965,-0.0003764651,-0.0002076066,-0.0006658003,-0.0004888375,-0.0003391293,-0.0006246332,-0.0003576014,-0.0005451478,-0.0004692278,-0.0004832488,-0.0004334512,-0.0001503518,2.495556e-05,-0.0001870144,-0.0001947467,-9.157263e-05,-0.0002176622,-0.0003782704,-0.0004563498,-0.0004156556,-0.0002082868,-0.0002848826,-0.0002661618,-0.0004287827,-9.001848e-05,-0.0001198151,-0.0002548962,0.0001077109,-7.162071e-05,-9.941866e-05,-8.830374e-05,-0.0002355933,-4.917523e-05,-0.0003199701,-0.0002779222,-0.0001085738,-9.757984e-05,-0.0002942067,-0.000164695,-0.0002392283,-0.0003230058,-0.0002829356,-0.0003640587,-0.000100306,-0.0001229491,0.0002421296,0.0001907124,3.269358e-05,0.0003003535,0.000283088,4.691342e-05,-6.734982e-06,0.0001623266,9.498415e-05,0.0002995628,0.0001236184,4.817642e-05,0.0002298228,0.0001560033,-1.35822e-05,0.0003623777,9.053588e-05,0.0003280383,0.0002386663,0.0002710373,6.378508e-05,0.00016063,0.0001805492,0.0001548136,0.0004141022,0.0002633751,0.0001731015,0.0003794635,0.0001102413,0.0002364563,0.0003053327,0.0003416546,0.0004784268,0.0004657788,0.0002139546,0.0003549077,0.0005833427,0.0001580298,0.0005102682,0.0003916336,0.0003706789,0.0001478047,0.0003029782,0.0003700799,0.000129066,0.0001439406,0.0003260563,0.000233582,0.0004201317,0.0004674612,0.0003252873,0.0004504558,0.0004746658,0.0004260722,0.000304107,0.0003193012,0.0005258727,0.0003697414,0.0003038524,0.0001275371,0.0003104562,0.0001858508,0.0002482804,0.0001185763,0.0002196451,8.196164e-06,-5.287436e-05,0.0003164681,0.0003887005,0.0003064045,0.0001892646,-1.108092e-05,0.0006210659,0.0004528489,0.0005574163,0.0003113544,0.0005846908,0.0003069131,0.0003328055,0.0003147427,0.0001817112,0.0001488701,0.0001670901,0.0003829141,0.000405502,0.000207472,0.0001137587,5.168543e-05,0.0001352233,4.383305e-05
GDOR,0.01734313,0.0174065,0.01654302,0.01603358,0.01559924,0.01499716,0.01522993,0.01526137,0.01491594,0.01398148,0.01379795,0.01306161,0.01292762,0.01277806,0.0124852,0.01141535,0.01197357,0.01097214,0.01051413,0.008884586,0.008489291,0.008741402,0.008354516,0.008190689,0.006879403,0.006573258,0.006551634,0.005190567,0.005432833,0.004185862,0.004260993,0.003533057,0.002879319,0.002782515,0.001617856,0.00198685,0.00100508,0.0008885325,0.0003480936,0.0004693484,2.745507e-05,-0.0002291023,-0.001308341,-0.001867401,-0.002103698,-0.002633242,-0.002439437,-0.002392296,-0.003041061,-0.003445405,-0.003290507,-0.003602844,-0.004329264,-0.004228499,-0.004568637,-0.004950093,-0.005684434,-0.005107575,-0.006199971,-0.005593214,-0.0056518,-0.006581108,-0.006129906,-0.005894902,-0.006288728,-0.00641252,-0.00652354,-0.006707161,-0.006773967,-0.006963978,-0.007074271,-0.007628501,-0.007733908,-0.007947073,-0.00772797,-0.007925932,-0.006978229,-0.00752942,-0.0075082,-0.007404719,-0.007259019,-0.007977266,-0.007611291,-0.007649922,-0.007257123,-0.008776912,-0.007991648,-0.009178289,-0.008728703,-0.008361367,-0.007986248,-0.00763761,-0.00826937,-0.008171862,-0.008648947,-0.008553701,-0.008460128,-0.008344308,-0.0105982,-0.01006027,-0.009578524,-0.01087363,-0.008243365,-0.007590557,-0.007114697,-0.007711413,-0.007553298,-0.00874975,-0.008772619,-0.009125669,-0.00893559,-0.008596961,-0.009167404,-0.008516135,-0.00908101,-0.0084824,-0.009149197,-0.007984369,-0.007883836,-0.007694066,-0.007615156,-0.007514246,-0.008604758,-0.008363759,-0.008229697,-0.00782373,-0.008226666,-0.007158062,-0.008217826,-0.007089391,-0.007276526,-0.00728943,-0.006699161,-0.006211215,-0.005578679,-0.005980726,-0.00558068,-0.005544268,-0.005641282,-0.005036644,-0.004940704,-0.004591939,-0.004429938,-0.003819699,-0.003543115,-0.003431848,-0.003098466,-0.002691784,-0.001570778,-0.0015101,-0.001216152,-0.0008406803,-0.000514446,-9.485747e-06,0.0006926841,0.001548507,0.001906322,0.002702747,0.003445501,0.003858862,0.003675035,0.003849702,0.004931392,0.004936764,0.006404614,0.006660101,0.007366837,0.007681542,0.008228111,0.009712691,0.009564089,0.01058775,0.01133438,0.0111553,0.01128536,0.01323395,0.01293095,0.01357059,0.01479995,0.01500604,0.01576336,0.01558997,0.01560565,0.0159574,0.01686646,0.01786339,0.01831982,0.0179666,0.01844337,0.01766781,0.01731312,0.01644807,0.01766587,0.01807274,0.01805678,0.01657268,0.01741541,0.01743103,0.01781812,0.01738604
GDOR,-0.001975615,-0.002036577,-0.001720155,-0.001401974,-0.00163729,-0.00137102,-0.001780461,-0.001509829,-0.001450313,-0.001567989,-0.001515896,-0.001518704,-0.001631146,-0.001314547,-0.00152588,-0.001425946,-0.001481043,-0.0014351,-0.001336121,-0.001198648,-0.001071176,-0.001216459,-0.00125265,-0.0009359108,-0.001032136,-0.001064906,-0.0008761635,-0.0009793317,-0.0007336565,-0.0007085885,-0.0007677817,-0.0008684699,-0.0007661783,-0.0003634795,-0.0006270261,-0.0003699712,-0.000213981,-0.0001387215,-0.0001561485,-0.0001868217,0.0001178519,0.0002528483,0.0001886299,0.0002636487,0.0005098433,0.0001833535,0.0006238717,0.0007181697,0.0006339564,0.0009772236,0.0008233514,0.001162919,0.0008911862,0.0009638888,0.00126942,0.001554078,0.001525553,0.001912868,0.001632234,0.001864635,0.001999833,0.002184628,0.00253637,0.002445289,0.002621522,0.002746984,0.002645672,0.002622355,0.003009032,0.003102919,0.003043572,0.003256966,0.003524119,0.003767116,0.00359705,0.003456458,0.00377202,0.003741521,0.003839006,0.003791998,0.004004536,0.004089099,0.003666692,0.004151613,0.004214564,0.00416353,0.004418913,0.004162526,0.004393984,0.003968371,0.003760162,0.003989834,0.004235079,0.004365975,0.004527676,0.00439597,0.00473995,0.004397286,0.004284696,0.004152541,0.004555595,0.004408626,0.004387469,0.004437609,0.004302527,0.004379962,0.004270537,0.004094781,0.004166475,0.004221963,0.003996022,0.003961021,0.003974805,0.003921115,0.00384899,0.003891317,0.003888126,0.003698166,0.003789177,0.003514919,0.003496876,0.003278212,0.003495475,0.003298742,0.003267262,0.002705958,0.002907731,0.002594621,0.002396804,0.002618592,0.002218008,0.002100375,0.002117182,0.001911366,0.001650561,0.001847677,0.001785028,0.001267544,0.001545205,0.001454788,0.001284839,0.001267082,0.001182717,0.001108942,0.0009572078,0.0009789182,0.0006949786,0.000675231,0.0005890901,0.0006033406,0.0006445677,0.0001020445,0.0003366179,0.0003879731,0.0004206289,0.0002287252,7.159309e-05,0.000173276,0.0003893411,-0.0001241548,-0.0001918693,1.834977e-05,5.15928e-05,-0.0002390116,-0.0002502761,-0.0002492173,-0.0002141365,-0.0001118396,-0.0002326387,-0.0004159512,-0.0005850706,-0.0004485046,-0.0006994748,-0.0006850905,-0.0007145114,-0.0005823819,-0.0006344241,-0.0009002126,-0.0006579364,-0.0007099733,-0.000493283,-0.001168223,-0.0009727353,-0.001099573,-0.001057033,-0.0008209479,-0.001303226,-0.001001155,-0.001467323,-0.00157541,-0.001330659,-0.001426852,-0.001471072,-0.001382903,-0.001591499,-0.001402528,-0.001400473,-0.001562297,-0.001594546,-0.00144776
GDOR,0.02435039,0.02483889,0.02427645,0.02377127,0.02385366,0.02430031,0.02346693,0.02276307,0.022895,0.0225732,0.02191511,0.02186771,0.02270737,0.02288875,0.02370053,0.02304995,0.02303912,0.022674,0.02296458,0.0238452,0.02476765,0.02534321,0.02520882,0.02557366,0.02612327,0.02537501,0.02278776,0.02418374,0.02177194,0.01867909,0.01801184,0.01773161,0.01788542,0.01785765,0.01879829,0.01794363,0.01821355,0.01706849,0.01722128,0.01986136,0.0215986,0.02216014,0.02162575,0.02094545,0.0195428,0.01968453,0.0191031,0.01956671,0.01936213,0.01864031,0.01858395,0.01690405,0.01687495,0.01632071,0.01612209,0.0163764,0.01512813,0.01454371,0.01365503,0.01243678,0.01224804,0.01180334,0.01154089,0.01074676,0.009762388,0.009071832,0.008152177,0.007837956,0.007399908,0.007072677,0.006293555,0.00530143,0.004697836,0.004044518,0.003467255,0.003062414,0.002852458,0.001948641,0.001224536,0.0005039113,9.703738e-06,-0.0003675387,-0.0008130642,-0.001170623,-0.00195605,-0.002470395,-0.00328107,-0.003610314,-0.003930913,-0.004360923,-0.004675557,-0.005287689,-0.005720542,-0.006391094,-0.006636349,-0.006879513,-0.007341416,-0.007613115,-0.007974702,-0.008470303,-0.008942878,-0.009070133,-0.009183404,-0.009673013,-0.009936734,-0.01016926,-0.01056978,-0.01089144,-0.01095908,-0.01119729,-0.01135829,-0.01164576,-0.01191213,-0.01204823,-0.01220506,-0.01243696,-0.01243628,-0.01256589,-0.01264654,-0.01296443,-0.01309331,-0.01319905,-0.01316145,-0.01317917,-0.0131373,-0.01323239,-0.01328711,-0.0133369,-0.01324736,-0.01314682,-0.013089,-0.01270047,-0.01281064,-0.01281923,-0.012873,-0.01257319,-0.01228194,-0.01209475,-0.01156916,-0.01148309,-0.01135865,-0.01115734,-0.01084221,-0.01028927,-0.009977881,-0.00929524,-0.00878453,-0.008622033,-0.008362367,-0.007841684,-0.007099273,-0.006339681,-0.005470073,-0.004958083,-0.004235671,-0.003992119,-0.003123252,-0.002428726,-0.001210218,-0.000394005,0.0002969117,0.001203365,0.001322571,0.002486696,0.003284051,0.004556523,0.005302204,0.00659274,0.007177684,0.007794153,0.00886979,0.01005515,0.01183973,0.01239048,0.01382053,0.01443625,0.01528347,0.01615921,0.01706589,0.01926995,0.01943074,0.02036379,0.02065825,0.02130911,0.02147441,0.02217452,0.02314388,0.02431794,0.02366404,0.02382347,0.0235945,0.02380304,0.0240966,0.02476525,0.02501082,0.02444668,0.02417024,0.02394458,0.02411324,0.02415131
GDOR,-0.002600704,-0.001934456,-0.00134952,-0.001911805,-0.001499145,-0.0013625,-0.001487393,-0.001420596,-0.0003898056,-0.0009605432,-0.0007678158,-0.0007933869,-0.0003639003,0.0002133943,0.0005647374,0.0009868647,0.0007861999,0.0009921677,0.001531528,0.001512589,0.00160101,0.002149368,0.002266421,0.00233807,0.002862224,0.002984114,0.00289405,0.003233087,0.003524252,0.003674528,0.003732414,0.004647898,0.004093014,0.004172461,0.004208108,0.004442549,0.004529596,0.005047436,0.005051111,0.005115928,0.00521826,0.005166091,0.005823597,0.005461894,0.005633006,0.006035373,0.005958574,0.006150754,0.006214926,0.006428557,0.00650932,0.006235308,0.006663002,0.006589854,0.006856162,0.006783694,0.006484841,0.006962503,0.006746826,0.007010407,0.006678369,0.00677726,0.006772476,0.007391549,0.007305555,0.006995311,0.00712915,0.007046028,0.007199168,0.006658331,0.007021745,0.006733845,0.006726787,0.00639237,0.006832679,0.006299628,0.006527489,0.00658533,0.006194178,0.00597329,0.005746939,0.005819192,0.005847334,0.005503444,0.005519859,0.005216043,0.005174879,0.0051113,0.004624977,0.004817486,0.004280412,0.004305827,0.003689673,0.003697233,0.004358541,0.003370166,0.003596047,0.003662061,0.003902742,0.003251018,0.00271691,0.002692987,0.002697847,0.00259648,0.002640757,0.00160608,0.001513532,0.001236214,0.001791303,0.0007605699,0.0007761461,0.0007135835,-4.314077e-05,-0.0001669392,-0.0003539182,-0.0001741816,-0.0009304977,-0.0006490855,-0.0009538033,-0.001233382,-0.001469644,-0.001315695,-0.001951045,-0.001827672,-0.002235669,-0.002033271,-0.002542835,-0.002758817,-0.002963638,-0.00292072,-0.003420717,-0.003684333,-0.003818469,-0.003928639,-0.003660189,-0.004136781,-0.004179909,-0.0043552,-0.004228863,-0.004282304,-0.00452541,-0.004798305,-0.004804692,-0.00516424,-0.005103017,-0.005429049,-0.004935328,-0.00573934,-0.005442323,-0.005532542,-0.005668111,-0.005882581,-0.005765224,-0.005912235,-0.005903244,-0.005945143,-0.005987254,-0.006106964,-0.006224214,-0.006062274,-0.006472152,-0.006181062,-0.006429945,-0.006092088,-0.00614395,-0.006120175,-0.006495411,-0.006084942,-0.00618456,-0.006238581,-0.006336264,-0.006092053,-0.006073453,-0.006069448,-0.00601104,-0.006177631,-0.005904668,-0.005866182,-0.005812479,-0.005609691,-0.005012173,-0.005557574,-0.0053633,-0.005472176,-0.004490388,-0.004906683,-0.00491035,-0.004550287,-0.004363638,-0.004249085,-0.004157314,-0.004191889,-0.003871346,-0.003647602,-0.003397982,-0.003504022,-0.003179947,-0.003128554,-0.002740647,-0.002472005
GDOR,-0.004863298,-0.004551299,-0.004356831,-0.004261808,-0.004355959,-0.003795967,-0.004156159,-0.003388047,-0.003641417,-0.003013901,-0.003659091,-0.003008151,-0.00316466,-0.002489448,-0.002742821,-0.001930232,-0.002192552,-0.001387776,-0.00165749,-0.001157987,-0.001074952,-0.0007640864,-0.0005545455,-0.0004815787,6.760846e-05,-0.0001343434,0.0007852561,0.0001620433,0.001425337,0.00035082,0.002013047,0.001121696,0.002384071,0.001788207,0.002922093,0.002218993,0.003259313,0.002911448,0.003184426,0.003187586,0.003921288,0.004411484,0.004211395,0.005325493,0.004443761,0.005689391,0.004531702,0.005106706,0.004840457,0.006065385,0.005460395,0.006709909,0.005960898,0.007087775,0.006471358,0.007514345,0.007018525,0.007220786,0.007363091,0.007392531,0.007822369,0.007550917,0.008271746,0.007095868,0.008458942,0.007850357,0.009022606,0.008350391,0.009469621,0.00879723,0.009698297,0.00848463,0.009669757,0.008902483,0.00939325,0.009166406,0.009120431,0.009488166,0.009334529,0.009594265,0.008862852,0.009750719,0.009044924,0.009475076,0.008611071,0.009472936,0.008420188,0.009498109,0.008751443,0.009529995,0.00831947,0.008427951,0.008150054,0.007937383,0.007970912,0.008095429,0.007553876,0.007616676,0.00719045,0.006595335,0.006489779,0.00654117,0.006345256,0.006128924,0.006215445,0.005872712,0.005853388,0.005443431,0.005421815,0.005292999,0.005075305,0.004202582,0.00473428,0.003894686,0.004338461,0.003242844,0.003777743,0.002819913,0.003443635,0.002311787,0.002650843,0.002560497,0.002206196,0.001316701,0.001884395,0.001930095,0.001362364,0.001128343,0.0007049817,0.001217412,0.0001338725,0.0007273696,-0.0003791318,0.0001355354,-0.0009642935,7.308112e-05,-0.001218769,-0.0004558236,-0.0009523725,-0.0008022551,-0.001197879,-0.001295468,-0.001730086,-0.001908816,-0.001768765,-0.002467548,-0.001906869,-0.00272724,-0.00213559,-0.003380531,-0.002501033,-0.003864746,-0.002749545,-0.004169225,-0.003428277,-0.004221296,-0.003775463,-0.004353481,-0.004006064,-0.00441234,-0.00466936,-0.004503967,-0.004936015,-0.004539179,-0.005309322,-0.004620189,-0.005432531,-0.005222117,-0.006249521,-0.005218177,-0.006272091,-0.005442195,-0.006075789,-0.005705161,-0.006085254,-0.005640075,-0.005951579,-0.006118062,-0.005995705,-0.006396042,-0.005950275,-0.006263879,-0.005709403,-0.006427398,-0.005910882,-0.006606981,-0.00579355,-0.006377455,-0.005733713,-0.006151535,-0.005644498,-0.005941725,-0.005466112,-0.005858362,-0.005666422,-0.005500477,-0.005405552,-0.00527926,-0.005222538,-0.005280486
GDOR,0.02817139,0.02787535,0.02840813,0.02627519,0.02652103,0.02681098,0.02577751,0.02574468,0.02451145,0.02420727,0.02390906,0.0230919,0.02211094,0.02218151,0.02016487,0.02094953,0.01938768,0.01938023,0.01838848,0.01722829,0.01645963,0.01598685,0.01488842,0.01356579,0.01345643,0.01287348,0.01216613,0.01094039,0.01024399,0.009223505,0.008982169,0.007420863,0.007382793,0.006962112,0.006111862,0.005024223,0.004535277,0.003237254,0.002812997,0.001990569,0.001553577,0.000706549,-1.393139e-05,-0.0008206189,-0.00133216,-0.002463594,-0.002375167,-0.003282086,-0.00349395,-0.004290414,-0.005045213,-0.005722723,-0.005880613,-0.007044405,-0.006742767,-0.007574743,-0.008058558,-0.008434602,-0.009158143,-0.009941873,-0.01024016,-0.01091572,-0.01189274,-0.01243704,-0.01210089,-0.01246923,-0.01259446,-0.01338847,-0.01363747,-0.01387852,-0.01461171,-0.01446106,-0.01495947,-0.01553701,-0.01555986,-0.01624722,-0.01647189,-0.01633973,-0.01694287,-0.01677866,-0.01709997,-0.01747439,-0.01725763,-0.01785504,-0.01792812,-0.01781248,-0.01839024,-0.01796783,-0.01829,-0.01844325,-0.0182223,-0.01853556,-0.01853295,-0.0182106,-0.01867584,-0.01813861,-0.01829668,-0.01798753,-0.01818016,-0.01863444,-0.01893645,-0.01843411,-0.01842765,-0.01816388,-0.0177747,-0.01743114,-0.01807275,-0.01722806,-0.01727388,-0.01670415,-0.01639306,-0.01615473,-0.01580173,-0.01504119,-0.01539878,-0.01470888,-0.01508667,-0.01464887,-0.01386173,-0.01373893,-0.01322033,-0.0131295,-0.01241874,-0.01169389,-0.01125486,-0.01071332,-0.009497316,-0.009754913,-0.00813483,-0.008085975,-0.007283323,-0.006421314,-0.005747636,-0.005269817,-0.004403903,-0.003829582,-0.002890568,-0.002449599,-0.001343065,-0.0009321986,3.126044e-05,0.0007979766,0.001757613,0.002306853,0.003533378,0.003700117,0.00536902,0.004926431,0.006058275,0.007228215,0.007874029,0.008979294,0.009891966,0.01005765,0.01152334,0.01119962,0.01245517,0.01357421,0.01399431,0.01519255,0.01598383,0.01634461,0.01720523,0.0171489,0.0188309,0.01917615,0.02010407,0.02080993,0.02150987,0.02264518,0.0224141,0.0228482,0.02365109,0.02432252,0.02515654,0.02543693,0.02614824,0.0271549,0.02656406,0.02703,0.02725113,0.0274895,0.02911583,0.02855281,0.029204,0.02991068,0.02862658,0.02998292,0.02870343,0.02946005,0.02950369,0.02921502,0.02986929,0.03023447,0.02891715,0.02975545,0.02809331,0.02873153,0.02845309,0.02871753
GDOR,-0.0001438679,-0.0005269984,-0.0004783727,-0.0006177384,-0.0002672467,-0.000359267,-0.0002936831,-0.0002271026,-0.0001810925,-0.0002184303,-0.0001243411,-0.0001186372,-7.289474e-05,-2.491358e-05,8.267712e-05,6.216848e-05,-0.0004046302,0.0005299781,0.0002155196,0.000242942,0.0002653956,0.0004217286,0.0004574105,0.0005118946,0.0005552634,0.0005705365,0.0005936747,0.000683279,0.0007770279,0.000768014,0.0007960309,0.0008963526,0.0008943805,0.0005966143,0.001280748,0.001040362,0.001119307,0.00110215,0.001187183,0.001191721,0.00128606,0.001335166,0.001367659,0.001358223,0.001446127,0.001445408,0.001496844,0.001559789,0.001532179,0.001526856,0.001572147,0.001671055,0.001653553,0.001759798,0.001764594,0.001820263,0.001817983,0.001909762,0.001870871,0.001891159,0.001910759,0.001936795,0.00196614,0.002134032,0.00182003,0.002091644,0.002051639,0.002252228,0.001884453,0.002014599,0.002052788,0.002057597,0.002023641,0.002072426,0.002077756,0.002057417,0.002061928,0.002036771,0.001887805,0.001950252,0.002306043,0.001470033,0.001832507,0.00182298,0.002254251,0.001496708,0.001789735,0.001728417,0.001723694,0.001657271,0.00156444,0.001531029,0.00158019,0.001440562,0.001416505,0.001335626,0.001302247,0.001769576,0.0007402538,0.001250117,0.001035099,0.00156457,0.0007439484,0.0009830914,0.000866058,0.0008565844,0.0007332697,0.0006285161,0.0005543011,0.0005479917,0.0005005199,0.000421602,0.0003281925,0.000268181,0.0005492054,-0.0002108841,0.00012333,-5.653011e-06,0.0003297187,-0.0003512907,-0.0002346591,-0.000275037,-0.0002939035,-0.0003765427,-0.0005203048,-0.0005491744,-0.0005865223,-0.0006614784,-0.0007202612,-0.0006919912,-0.0008127046,-0.0007128008,-0.0009613142,-0.0009242724,-0.0009657544,-0.0008704094,-0.001140159,-0.00114233,-0.0011613,-0.001266807,-0.001286774,-0.00125739,-0.001298169,-0.001324948,-0.001362679,-0.001416344,-0.001517829,-0.001475205,-0.001682279,-0.001424242,-0.001564815,-0.001509737,-0.00167305,-0.001572289,-0.001612575,-0.001583531,-0.001589927,-0.001664861,-0.001674608,-0.001692233,-0.001720745,-0.001596765,-0.001636065,-0.001702745,-0.001681805,-0.002000933,-0.001322756,-0.001599543,-0.001675173,-0.001894494,-0.001480169,-0.001629124,-0.001590329,-0.001561682,-0.001542613,-0.001508285,-0.001548561,-0.001496677,-0.001471161,-0.001424474,-0.001354864,-0.001316679,-0.001757687,-0.0008607377,-0.001256456,-0.001246106,-0.001399796,-0.001036873,-0.001092068,-0.001039195,-0.0009459379,-0.0009285772,-0.0009318567,-0.0009020453,-0.0009141293,-0.0008139804,-0.000707052,-0.0006848301,-0.0006425748,-0.001178326
GDOR,-0.01410927,-0.01417624,-0.01424485,-0.01425791,-0.01446481,-0.01433839,-0.01416848,-0.01438839,-0.01411673,-0.01440609,-0.0143791,-0.01418587,-0.01431567,-0.01419976,-0.01412938,-0.01397411,-0.01386954,-0.01357551,-0.01338837,-0.01294631,-0.01301819,-0.01293494,-0.01287008,-0.0128447,-0.01264812,-0.01259534,-0.01209006,-0.01199664,-0.01150756,-0.01127814,-0.01078811,-0.01054873,-0.01011886,-0.009820083,-0.009456122,-0.009187857,-0.008843586,-0.008421789,-0.008450953,-0.007668565,-0.007670437,-0.007138147,-0.006791794,-0.006505729,-0.006001343,-0.005255764,-0.004628493,-0.004233651,-0.003647312,-0.003262479,-0.002887141,-0.00269731,-0.00247693,-0.002231943,-0.001671192,-0.001281716,-0.0005926252,0.0003806882,0.000897823,0.001477979,0.002213722,0.002264151,0.002645605,0.002694569,0.002799425,0.003315706,0.003555749,0.004338142,0.004927101,0.005705683,0.006296671,0.006891403,0.00707421,0.00747954,0.007567557,0.007852097,0.008180375,0.008441249,0.008985904,0.009336829,0.00989892,0.01031542,0.01065119,0.01098892,0.0114096,0.01148484,0.01181465,0.0119058,0.01227617,0.01252722,0.01269652,0.0131915,0.01316061,0.01347706,0.01357319,0.01382308,0.01383024,0.01402671,0.01427027,0.01432619,0.01433877,0.01460032,0.01464766,0.01470068,0.01484416,0.01476435,0.01474193,0.01463848,0.01466732,0.01470703,0.0145842,0.0146262,0.01456433,0.01439951,0.01441811,0.01425179,0.01382359,0.01379324,0.01360778,0.01337427,0.01315073,0.01293871,0.01273345,0.0125693,0.01241488,0.0121629,0.01182167,0.01150991,0.0112668,0.01091033,0.01045416,0.01002738,0.00967187,0.009272089,0.0090092,0.008651969,0.008304483,0.007758521,0.007465454,0.007269961,0.006883062,0.0065439,0.006157921,0.005734562,0.005157898,0.004509258,0.003939242,0.003304551,0.002751224,0.002387342,0.001911321,0.001760612,0.001693922,0.001284133,0.001013505,0.0003221584,-0.0003249848,-0.001080611,-0.001602028,-0.002179644,-0.002924921,-0.003203085,-0.003571771,-0.003590884,-0.004075096,-0.004481869,-0.004723853,-0.005307823,-0.005808609,-0.006323564,-0.007025174,-0.00725694,-0.007752692,-0.008209653,-0.008226445,-0.008472497,-0.008882424,-0.009205836,-0.009574085,-0.01008473,-0.01032853,-0.01078054,-0.01100733,-0.01132709,-0.01154471,-0.01164726,-0.01193741,-0.01225966,-0.01232236,-0.01269797,-0.01301235,-0.01335034,-0.01327891,-0.01361864,-0.01337359,-0.0135598,-0.01369871,-0.01382444,-0.01384057,-0.0142702
GDOR,-0.000362475,-0.0004896392,-0.0005339303,-0.0005124384,-0.0007012416,-0.00067323,-0.0006125756,-0.000494923,-0.0003845303,-0.0004536687,-0.0002372115,-9.110446e-05,-9.756048e-06,0.0002006278,2.477362e-05,0.0002360582,0.0002422908,0.000198311,0.0002273844,0.0001199404,0.000139728,-8.912089e-05,-0.0002349346,-0.0003288232,-0.0005305067,-0.0005961218,-0.0007530403,-0.0008824841,-0.0008440443,-0.0008708097,-0.001073279,-0.0008620392,-0.0009100562,-0.0008289212,-0.0006694947,-0.0007245692,-0.0004621473,-0.0003844521,-0.0002364789,-8.464542e-05,-0.0001068749,-4.864795e-05,-4.057827e-05,-1.654247e-06,-5.231646e-05,-0.0002616021,-0.0002985448,-0.0003859205,-0.0005822257,-0.0007038863,-0.0007259255,-0.0007849403,-0.0008371809,-0.001016837,-0.0009766417,-0.0009175633,-0.00092213,-0.0008775117,-0.0008356478,-0.0007004084,-0.0004971823,-0.0004241503,-0.0002816715,-0.0002381612,-2.434216e-05,8.66288e-05,4.508721e-05,9.308988e-05,0.0001216815,1.925751e-05,2.724215e-05,-0.000182962,-0.0002900756,-0.0003680787,-0.000495263,-0.0004504997,-0.0006440006,-0.0008311569,-0.0006731495,-0.000740187,-0.0006802906,-0.0007630762,-0.000656945,-0.0003485945,-0.0003887533,-0.0002596222,-0.0001499546,5.092682e-05,0.0002670292,0.0003016967,0.0004159793,0.0005488521,0.0005849932,0.000551892,0.0005293989,0.0004496725,0.0004249662,0.0002721565,0.000164932,0.0001167417,-5.39093e-05,-0.0001436954,-0.0002895155,-0.0002764234,-0.0003221555,-0.000447793,-0.0002756923,-0.0002223742,-0.0002357739,-6.701842e-06,4.840657e-05,0.0003081888,0.0004841749,0.0004825523,0.0007738612,0.0007935447,0.0009056851,0.0009021428,0.0008597702,0.0009616752,0.0007987971,0.0006012477,0.0005792169,0.0004591737,0.0003209864,0.0001087219,2.233709e-05,-2.406717e-05,-9.218705e-05,-0.0002839883,-0.0002442397,-0.0002138645,-0.0001448195,-1.890748e-05,-9.426619e-05,0.000250031,0.000289566,0.0004061321,0.0006945612,0.0006650694,0.0008997949,0.0008568228,0.0008962137,0.001049405,0.0007996283,0.0007768383,0.0006256769,0.0004517518,0.000334963,0.0001105478,0.0001134926,-1.230549e-05,-0.000183493,-0.0002701673,-0.0003346961,-0.000262656,-0.0002343414,-0.0002833183,-0.0001749224,0.000141234,0.0001734317,0.0003684004,0.0004518428,0.0006286908,0.0008096791,0.0007939686,0.0009593556,0.000998183,0.0009217634,0.0009314916,0.0007080456,0.000711993,0.0005187776,0.0003883326,0.0002969683,0.0001221859,2.066559e-05,-0.0001835216,-0.0002327508,-0.0001454371,-0.0002241232,-0.0001725694,-0.0001261228,3.660633e-06,9.764874e-05,0.0002060444,0.0002343346,0.0005044993,0.0005624508,0.0006416434,0.0006790311,0.0005879371,0.0008421508,0.0006008518,0.0004826845,0.0004887368,0.0002263978,0.0001998946,5.402504e-06,-0.0001571952
GDOR,-0.003492611,-0.003687629,-0.004232941,-0.003939217,-0.00380154,-0.003982265,-0.004054208,-0.004022725,-0.003820148,-0.004147339,-0.004149978,-0.004708573,-0.004400579,-0.004323078,-0.004646837,-0.004553782,-0.004746522,-0.004778713,-0.005480209,-0.006222504,-0.006371421,-0.006760075,-0.006359308,-0.006878655,-0.00678243,-0.007027406,-0.007297741,-0.007138318,-0.00720747,-0.007118517,-0.006941778,-0.007021006,-0.007096652,-0.007270038,-0.006796597,-0.00679677,-0.006785808,-0.006682791,-0.006620721,-0.00642469,-0.00626097,-0.006278288,-0.006479154,-0.006261102,-0.006151037,-0.00589148,-0.005689697,-0.005449433,-0.005569792,-0.005356815,-0.005141228,-0.005021296,-0.004409592,-0.004457444,-0.004308975,-0.003838129,-0.002924847,-0.002235044,-0.002076005,-0.001939624,-0.001437936,-0.001428954,-0.001277296,-0.001165956,-0.0009489413,-0.0008516875,-0.0006918589,-0.0005470398,-0.0002740792,0.0001569743,0.0002388452,0.0004868282,0.0008382267,0.0009945693,0.001204457,0.001028137,-0.0004678468,-0.0004228286,-4.911136e-05,5.02822e-05,0.0003822221,0.0006451329,0.00101687,0.001062023,0.001370212,0.001159394,0.001964005,0.00239528,0.00249951,0.00276392,0.003573131,0.003836206,0.0041607,0.004422223,0.004820682,0.005204471,0.005602572,0.005684357,0.005718295,0.00636482,0.006037814,0.006350267,0.006241921,0.006607306,0.006482737,0.006697242,0.006499281,0.006108596,0.006906415,0.006943847,0.007173083,0.00680752,0.007646117,0.007452721,0.00769164,0.0076952,0.008299447,0.008845365,0.009025886,0.009177892,0.01009077,0.01008824,0.0104156,0.01062106,0.01073472,0.0114102,0.01183571,0.01257983,0.0124428,0.01324818,0.01307436,0.01345375,0.01319497,0.01374932,0.01384459,0.01389629,0.01418506,0.01428536,0.0143925,0.01475536,0.01413547,0.01440166,0.01451491,0.01423174,0.01429537,0.01387996,0.01415312,0.01406708,0.01405016,0.01376774,0.01348947,0.01331578,0.01295918,0.01248205,0.01193676,0.01204074,0.01180089,0.01166824,0.0114722,0.01102369,0.01091069,0.01045761,0.01010597,0.009618265,0.00951077,0.008994174,0.00899207,0.008193783,0.008002089,0.007536668,0.006854613,0.006923643,0.006067192,0.005728633,0.005345712,0.004649043,0.004499019,0.003981386,0.003550988,0.003384298,0.002660379,0.002082952,0.001921865,0.001551189,0.0008059008,0.0005343375,0.0002826742,-1.514939e-05,-0.0007469998,-0.0009714494,-0.001402239,-0.001713115,-0.00176007,-0.002613161,-0.002500599,-0.002928043,-0.002850776,-0.003590942,-0.003708864,-0.003901543
GDOR,-0.001375214,-0.001378573,-0.001495231,-0.001605316,-0.001561155,-0.001837956,-0.00183196,-0.001932417,-0.002151573,-0.002047927,-0.00220951,-0.002332469,-0.002242855,-0.002519119,-0.002480948,-0.002643465,-0.002671352,-0.002678223,-0.002854201,-0.002673566,-0.002931546,-0.002989291,-0.003028119,-0.003004499,-0.003029714,-0.003071775,-0.003154076,-0.003322234,-0.003159234,-0.003096638,-0.003241763,-0.003259674,-0.00293139,-0.003310907,-0.003154213,-0.003164302,-0.003286359,-0.003065408,-0.003029605,-0.00301735,-0.002933818,-0.002950899,-0.002883275,-0.002657425,-0.00289548,-0.002762484,-0.002663302,-0.00253024,-0.002520376,-0.002403462,-0.002423606,-0.002096896,-0.002250035,-0.002042233,-0.001827215,-0.001875744,-0.001796073,-0.001508906,-0.00152791,-0.00125554,-0.00143445,-0.001256312,-0.001055584,-0.001109991,-0.0009219417,-0.0006668992,-0.0007139125,-0.0005492109,-0.0003245653,-0.0003274341,-0.000105538,-0.0001835477,7.844756e-05,0.0001602588,0.0003113877,0.0003186635,0.000540372,0.0004098149,0.000627622,0.0008527495,0.0007363002,0.0009921208,0.0009717846,0.0009347624,0.001090599,0.001299516,0.001352241,0.001434816,0.001381887,0.001435597,0.001653548,0.00152297,0.00163469,0.001589081,0.001661944,0.001764186,0.001819849,0.001722572,0.001748384,0.001753163,0.00185873,0.001690282,0.001808148,0.001795457,0.001775011,0.001810709,0.001764761,0.001646393,0.001623437,0.001508754,0.00168623,0.001604388,0.001534942,0.001434995,0.001373352,0.001446271,0.001511174,0.00143497,0.00143897,0.001339457,0.001323506,0.001187235,0.001398358,0.001038567,0.001189315,0.001215909,0.001135747,0.001173142,0.001144699,0.001156281,0.001127485,0.001042032,0.00112163,0.001016153,0.0009899812,0.0009978306,0.001161657,0.001085902,0.001026027,0.0009480772,0.001072799,0.0009512486,0.0009641646,0.001052396,0.0009831801,0.0009950978,0.0009874015,0.001051553,0.001074199,0.0008834414,0.0009736422,0.0009555226,0.0009341227,0.0009302056,0.001021285,0.0008380666,0.0007929623,0.0009273129,0.0009027583,0.0008316668,0.0008355167,0.0007824068,0.0008891808,0.0008742466,0.0007172864,0.0007947005,0.0006544921,0.0007351667,0.0005978822,0.0005561296,0.0005608662,0.0004397471,0.000470592,0.0004445337,0.0003815296,0.0004797405,0.0003459705,0.0002089375,0.0002475159,0.000155991,3.056343e-05,-6.272325e-05,7.029861e-05,-0.0001454984,-0.0002926626,-0.0002733097,-0.0002809477,-0.0004452555,-0.0004959896,-0.0006026626,-0.000637222,-0.0007844125,-0.0008336142,-0.0007609915,-0.001088669,-0.0009817659,-0.001100552,-0.001212336,-0.001302923,-0.001336832
GDOR,-0.0007223984,-0.000769578,-0.0006527715,-0.0006445985,-0.000561022,-0.000576638,-0.0006092095,-0.0005054167,-0.0004718344,-0.0003627877,-0.0004157396,-0.0003776129,-0.0002302463,-0.0002660153,-0.0001919073,-0.0001088336,-0.0001035376,-4.960923e-05,-7.641532e-05,-9.873322e-06,3.90528e-05,6.929771e-05,0.0001308367,0.0001101099,0.0002031415,0.0002404835,0.0003817825,0.000309038,0.0003453601,0.0004223007,0.0004658984,0.000521747,0.0005272601,0.0005920283,0.0006410167,0.0006723279,0.00084049,0.000840194,0.0009148025,0.0008003885,0.0008718494,0.000889441,0.0009745617,0.000964981,0.0009925265,0.000976128,0.001051752,0.001017592,0.001080293,0.001161929,0.001158748,0.001156217,0.00118446,0.001130989,0.001238988,0.001203535,0.001268086,0.001282929,0.001346871,0.001262004,0.001329041,0.001344909,0.001368446,0.001326224,0.001335205,0.001306101,0.001315585,0.001385133,0.001387922,0.001278106,0.001315926,0.001336398,0.001390825,0.001340524,0.001269965,0.001286812,0.001438856,0.001228616,0.001283824,0.001197273,0.001286189,0.001246027,0.001193114,0.0012456,0.001142748,0.001103675,0.001095663,0.001139396,0.001052766,0.0009655917,0.001129027,0.000970212,0.0009060604,0.0009391988,0.0009127299,0.0008471367,0.0008571429,0.0007842947,0.0007738165,0.0007125929,0.0006580314,0.0006405326,0.0006205792,0.0006048239,0.0005855919,0.0004761152,0.000440124,0.0003824734,0.0003601468,0.0003442766,0.0002536526,0.0003406102,0.000158885,0.0001969954,0.0001664319,1.954636e-05,8.029281e-05,3.815908e-05,-3.023568e-05,-7.441961e-05,-0.0001367348,-0.0001932395,-0.0001625499,-0.0002423624,-0.0002316784,-0.0003870963,-0.0003858533,-0.0004949621,-0.0004320496,-0.0004450814,-0.0004272509,-0.0005436861,-0.0005796336,-0.0006301097,-0.000658165,-0.0006870574,-0.0007339469,-0.0007870548,-0.0008272919,-0.0008844579,-0.0008367134,-0.0009311963,-0.0009161707,-0.001024828,-0.001100473,-0.00103338,-0.001032603,-0.00103605,-0.001121722,-0.001148252,-0.001018413,-0.001170651,-0.001155215,-0.001208056,-0.001203539,-0.00121561,-0.001188266,-0.001280118,-0.001255658,-0.001273866,-0.001234868,-0.001315534,-0.001268918,-0.001283294,-0.001272455,-0.001276219,-0.001259034,-0.001327377,-0.001337822,-0.001279654,-0.001313362,-0.001330769,-0.001235421,-0.001283065,-0.001231124,-0.001286068,-0.001319363,-0.001288495,-0.001190968,-0.00119338,-0.001266753,-0.001180245,-0.001170347,-0.001210414,-0.001144735,-0.001105146,-0.001201685,-0.00105868,-0.00109796,-0.001102821,-0.0009950105,-0.001057019,-0.001051008,-0.001030891,-0.0008970693,-0.0008954944,-0.0009284826,-0.0008836263,-0.0007958901,-0.0007277261
GDOR,-0.0005748464,-6.626797e-05,-0.0006766873,-0.0002045078,-0.0007756187,-0.0002531912,-0.0007398108,-0.0004299631,-0.0007286092,-0.0004951775,-0.0009466739,-0.0004541538,-0.000975162,-0.0005569855,-0.000979049,-0.0006372009,-0.0008498217,-0.0007216221,-0.0008910545,-0.0006590646,-0.001047998,-0.0007652978,-0.0006360013,-0.0008515066,-0.0004101218,-0.000872389,-0.0005139329,-0.0008619458,-0.0004659323,-0.0006905409,-0.0004169836,-0.001100605,-0.0001255924,-0.0009910391,-0.0001320625,-0.0008878584,-4.610555e-05,-0.0006927389,4.156179e-05,-0.0005051128,-0.0002609522,-0.0004907412,-0.0002597206,-0.0005516531,-3.774025e-05,-0.0001678267,-0.0001322098,-0.0001278612,-0.0002112253,-0.0002025196,0.0001892973,-0.0001380582,-0.0004136279,0.0001359291,-0.0001270537,0.0002822111,-0.0004192343,0.0005862366,0.0004262208,0.0005881996,5.658642e-05,0.0004517582,0.0001134243,0.0008510054,-3.439613e-05,0.0009641382,0.0003721486,0.0009945318,0.0005857739,0.001063335,0.0007009245,0.0009195489,0.00108163,0.0009818797,0.001476892,0.0009545965,0.001501531,0.001101071,0.001517394,0.001301996,0.001354151,0.001540722,0.001567245,0.001272352,0.001954311,0.001401197,0.002155423,0.001399079,0.001992885,0.00164811,0.002069121,0.001703141,0.00196277,0.001791194,0.002032708,0.002236719,0.001962719,0.002124299,0.001949318,0.002318583,0.001928453,0.002242693,0.001943495,0.002477624,0.002196633,0.002597876,0.001982635,0.002825404,0.002016535,0.002592556,0.002395837,0.002619203,0.002374828,0.002504754,0.002526487,0.00244849,0.002547376,0.002605015,0.002669672,0.002450873,0.00287613,0.002405129,0.002839224,0.002453764,0.002911066,0.002205086,0.002849835,0.002096719,0.003001173,0.002084591,0.002816712,0.002207867,0.002657123,0.00214108,0.002543526,0.002155798,0.002614125,0.002246465,0.002583063,0.001955684,0.002309144,0.002277235,0.002232433,0.002211809,0.002243293,0.002267238,0.00209162,0.00218071,0.001763137,0.002290952,0.001565351,0.002358744,0.00142818,0.002222452,0.001498588,0.002159231,0.00152508,0.002147733,0.00126374,0.001981247,0.001163487,0.001897041,0.0011514,0.001635601,0.001229798,0.001500205,0.001248546,0.001354087,0.0009760598,0.001215285,0.001163528,0.000784303,0.001125919,0.0007673374,0.001047439,0.0007720214,0.00082595,0.0006938538,0.0009201682,0.0002092185,0.0007430419,-0.0001294473,0.0005104805,-0.0001620827,0.0002331874,-0.000114299,9.175779e-05,-0.0002018904,-0.0001636077,-0.0002232515,-0.0001484799,-7.348316e-05,-9.409442e-05,2.553175e-05,-0.000158466,3.734299e-05,-0.00031424,-0.000152664,-0.0002084222,-0.0002856552
GDOR,0.0003660401,0.000266031,0.0002373529,0.0007146596,0.000526035,0.000685267,0.0006391401,0.000633162,0.0002596971,0.0005287431,0.0004534389,0.0005592396,0.0006368424,0.0005576918,0.0007300698,0.0004473021,0.0006809501,0.0005951207,0.0006265846,0.0008173274,0.0007944889,0.0006723684,0.00053099,0.0005229767,0.0007050933,0.000564414,0.0007120636,0.0006026993,0.0004111808,0.0006173081,0.0005582645,0.0005812938,0.0007326552,0.0007353395,0.000734933,0.0007261691,0.0008402395,0.0007128845,0.0007437275,0.0006873526,0.0006968472,0.0007500938,0.0006193804,0.0006877332,0.0005554637,0.0006207995,0.0006772481,0.0005274601,0.000568749,0.0006768059,0.0005203554,0.0004431899,0.0003798816,0.0005902286,0.0004359071,0.0004109896,0.0005517724,0.0003224103,0.0003423874,0.000474782,0.000391331,0.0002516387,0.0002760075,0.0002498811,0.0002153282,0.000313772,0.0004700813,0.0001984022,0.0001545432,0.0002535823,0.000232944,0.000186707,0.0001683693,1.176754e-05,-5.825239e-05,5.074109e-05,-0.0001225073,8.128663e-07,-1.563678e-05,-8.302894e-05,-0.0001061392,-6.623419e-05,0.0001700567,-3.809031e-05,-0.0004753786,-0.0002347032,-1.045312e-05,-0.0003504453,1.940127e-06,-0.0004302426,-0.0002743641,-0.0003807399,-0.0003195709,-0.0001561597,-0.0001725174,-0.0001539795,-0.000542574,-0.0005221618,-0.0004733754,-0.0004537261,-0.0004570978,-0.0004003202,-0.0005379819,-0.0005101042,-0.0004164691,-0.0005963962,-0.0003989669,-0.0004821537,-0.0005839792,-0.000440582,-0.0003388358,-0.0003479215,-0.0004693451,-0.0005599368,-0.0004916337,-0.000575092,-0.0005862628,-0.0007479102,-0.0005679631,-0.0005188005,-0.0004526086,-0.0006107186,-0.0005381371,-0.0005157494,-0.0004334059,-0.0003515578,-0.0004827316,-0.0006951001,-0.0006323387,-0.0006432936,-0.0004398575,-0.0006191171,-0.0004894276,-0.0006509897,-0.0005516481,-0.0003726633,-0.000448942,-0.0004144124,-0.0005521568,-0.0005204545,-0.0005457281,-0.0004590913,-0.0002868686,-0.000435287,-0.000528806,-0.0004812751,-0.0003317313,-0.0004257536,-0.0004108063,-0.000447077,-0.0004815687,-0.000323104,-0.0004544879,-0.0004803988,-0.000413396,-0.0002732443,-0.0003613912,-0.0003726647,-0.0003869967,-0.0002761761,-0.0004166,-0.0003214056,-0.0004323061,-0.0001993833,-0.000127513,-0.00014621,-0.0002102155,-0.00016863,-0.0002729358,-0.000132144,-0.0002406365,-0.0001025084,7.793308e-05,-0.000222839,-0.0001723255,-9.82842e-05,-9.985089e-05,4.886352e-05,-5.394421e-05,0.0001425187,2.304608e-05,9.321291e-05,6.71099e-05,-0.0001651671,0.0001191275,-7.197986e-05,8.839308e-05,0.0002468098,0.0002350895,0.000292055,0.0001519523,0.0002654036,6.609226e-05,0.0003555447,0.0003982371,0.0004529428,0.0002504918,0.0003273739,0.000379057,0.0002961936
GDOR,0.001147223,0.001527777,0.001828447,0.002007003,0.002124384,0.002562513,0.002712949,0.003005596,0.003199837,0.003547371,0.003689365,0.004056047,0.00411757,0.004538264,0.004654793,0.004878326,0.005156283,0.00532267,0.005536217,0.006007463,0.00597692,0.005945598,0.006204198,0.006421133,0.006513985,0.006970459,0.00690011,0.007128026,0.007378387,0.007484227,0.007631409,0.008037081,0.007889993,0.008221244,0.008159488,0.008479207,0.008529478,0.008853787,0.008612231,0.008921553,0.008806326,0.008990476,0.008971836,0.009271035,0.009106221,0.009351082,0.009227261,0.009276401,0.009369583,0.009437958,0.009127155,0.00942332,0.009123521,0.009097891,0.009196859,0.00920458,0.008875913,0.009137314,0.008744919,0.008637354,0.008707181,0.008473085,0.00832599,0.008377975,0.008087233,0.007772022,0.007807066,0.007537866,0.007278338,0.007376022,0.006957873,0.00658054,0.006641804,0.006318414,0.006145092,0.005904284,0.005420378,0.005057202,0.004971656,0.004588593,0.004296714,0.004395909,0.003912196,0.003503998,0.003376713,0.003028327,0.002705427,0.0027396,0.002277671,0.001889153,0.001621328,0.001222694,0.00115467,0.0007589865,0.0003449066,0.0001511404,2.912612e-05,-0.0004639636,-0.0006295193,-0.0008985362,-0.001156795,-0.001358446,-0.001535469,-0.001913497,-0.002063359,-0.002282703,-0.00262736,-0.002826471,-0.003140991,-0.003374257,-0.003400526,-0.003592858,-0.004046467,-0.00417011,-0.004426094,-0.00470961,-0.00472495,-0.004969617,-0.005240459,-0.005275316,-0.005491367,-0.005703513,-0.005533775,-0.005951751,-0.006107619,-0.006021055,-0.006496619,-0.006417054,-0.006461701,-0.00665629,-0.006856997,-0.006685258,-0.006959361,-0.007007744,-0.006989314,-0.007069193,-0.007245001,-0.007005133,-0.007295444,-0.007397367,-0.007196566,-0.007415871,-0.007523606,-0.007172934,-0.007475213,-0.007499687,-0.007287954,-0.007325586,-0.007468053,-0.00718379,-0.007425399,-0.007370418,-0.007133255,-0.007141481,-0.007156078,-0.006783416,-0.007150819,-0.006918367,-0.006602942,-0.006652655,-0.006482643,-0.006365373,-0.006530952,-0.006228763,-0.005935977,-0.006080314,-0.005811657,-0.005639499,-0.005712925,-0.005449384,-0.005234686,-0.005266497,-0.004997426,-0.004901554,-0.004768869,-0.004491159,-0.004172243,-0.004189493,-0.003897166,-0.003750982,-0.003609228,-0.003447694,-0.003053279,-0.003026532,-0.002650654,-0.002467323,-0.002308177,-0.001964325,-0.001835909,-0.001542342,-0.001237174,-0.001091029,-0.0009613832,-0.0003839034,-0.0003863734,-7.972671e-05,0.0002348173,0.0004071356,0.0006044729,0.001006761
GDOR,0.00106043,0.001060461,0.000916028,0.0007444338,0.001105255,0.00090109,0.0008901284,0.0009183128,0.0006447405,0.0008140219,0.0008829731,0.0009049153,0.000862328,0.0007239339,0.0008496949,0.0004788518,0.0005239748,0.000474368,0.0004360921,0.000362132,0.0005853992,0.0003748214,0.0002413912,0.0003248487,0.0001495206,0.0004781275,4.663113e-05,-4.155836e-05,-8.468729e-05,-4.030046e-05,-3.63737e-06,-0.0001107139,-0.0003991089,-0.0003473547,-0.0003521967,-0.0003817184,-0.000326501,-0.0002957343,-0.0004432291,-0.0005872176,-0.0006296752,-0.0008170821,-0.0008893629,-0.0008082279,-0.0007894908,-0.0008362691,-0.001110215,-0.001185647,-0.001080819,-0.001258064,-0.00115323,-0.001255404,-0.001325725,-0.001212426,-0.001095434,-0.001134688,-0.001355575,-0.00143273,-0.001615757,-0.001489422,-0.001391319,-0.001467863,-0.001262626,-0.00148155,-0.00154797,-0.001503039,-0.001707385,-0.001701739,-0.001521573,-0.001717605,-0.001656705,-0.001735995,-0.001709831,-0.001623811,-0.001793438,-0.001647831,-0.001754507,-0.001703613,-0.001751788,-0.001579002,-0.001608478,-0.001703528,-0.001672831,-0.00160461,-0.001785488,-0.001685451,-0.001761231,-0.001690055,-0.001715384,-0.001976571,-0.001511633,-0.00181207,-0.001538954,-0.00150782,-0.001860468,-0.001566836,-0.001245716,-0.001491338,-0.001571637,-0.001253587,-0.001401603,-0.001132371,-0.001206919,-0.001109892,-0.001035509,-0.0008706033,-0.0009083958,-0.001106964,-0.0005030658,-0.000664902,-0.0007467004,-0.0004790795,-0.000634423,-0.0004569568,-0.0005108847,-0.0004296832,-0.0003895368,-0.0003176573,-0.0002159168,-0.0002158833,-0.0003154184,-0.0001770354,-0.0002401596,-0.0001007235,-2.599201e-05,-0.0002647756,-4.825303e-05,9.751185e-05,1.037705e-05,0.0001925877,0.0001254842,0.0003068752,0.0002365332,0.0001341725,0.0003822878,0.0003622437,0.0004296529,0.0001657781,0.0002616887,0.0005841817,0.0004257052,0.0005228526,0.0005728488,0.0005794546,0.0003445318,0.0006008372,0.0006474239,0.0009148035,0.0008064118,0.001060724,0.001263805,0.001066082,0.001191545,0.00117869,0.001242868,0.001409753,0.001460237,0.00149125,0.001420412,0.001527506,0.001384104,0.001354035,0.001380157,0.001431448,0.001374051,0.001453756,0.001474714,0.001401038,0.001140264,0.001489523,0.00133568,0.001287889,0.001545092,0.001476551,0.001254645,0.001638891,0.001669531,0.001824541,0.001685683,0.001528471,0.001549164,0.001456017,0.001699675,0.001379234,0.001443859,0.001428627,0.001523997,0.001396421,0.001322597,0.001527932,0.001415944,0.001307538,0.001510282,0.001175308,0.0009767822,0.0009530848,0.0009336246,0.0008735344,0.001298178,0.001464962
GDOR,0.002690498,0.003063512,0.002823766,0.002728695,0.002864486,0.002789462,0.002446381,0.00288225,0.002549755,0.00253228,0.002534656,0.002480594,0.002365843,0.002257054,0.002148771,0.002016821,0.002136864,0.002150641,0.001917809,0.001944742,0.001629736,0.001787662,0.00144585,0.001241687,0.001213541,0.001156073,0.001186738,0.0008435929,0.0006111115,0.0005926047,0.0003487527,0.0003548065,0.0003308488,0.0003672614,0.0001768913,-9.654272e-05,1.635139e-05,-0.0002753952,-0.0003430163,-0.000870081,-0.0008453037,-0.0009113448,-0.001381978,-0.001284324,-0.001363839,-0.001367221,-0.001639802,-0.001748242,-0.002063754,-0.001926351,-0.002262284,-0.00221673,-0.002511147,-0.002576501,-0.002616307,-0.003030014,-0.002805314,-0.003108336,-0.003135297,-0.003322889,-0.003417292,-0.003292553,-0.003625811,-0.003651264,-0.003791389,-0.003739289,-0.00390321,-0.004101993,-0.004159902,-0.004080207,-0.004223527,-0.0042371,-0.004464594,-0.004572366,-0.004748248,-0.004388959,-0.004719585,-0.004667723,-0.004427132,-0.004520821,-0.004433003,-0.004645855,-0.004727237,-0.004599549,-0.004779716,-0.004828055,-0.004665161,-0.004785722,-0.004391906,-0.004334059,-0.004356944,-0.004278174,-0.004220793,-0.004405131,-0.004181144,-0.003918046,-0.003706307,-0.003720821,-0.003498109,-0.003509126,-0.003397806,-0.003424866,-0.003264471,-0.003252471,-0.003263928,-0.002742563,-0.002553499,-0.002682836,-0.00229489,-0.002321139,-0.002198349,-0.00244091,-0.002047929,-0.001831795,-0.001600487,-0.001505452,-0.001470285,-0.001403748,-0.00121036,-0.000997415,-0.00103485,-0.0006967536,-0.0007242457,-0.0006690813,-0.000506937,-0.0003844486,-0.0001711757,-0.0001684559,-0.0002087316,-0.0002406996,0.0001033649,-0.0001680991,9.508541e-05,0.0002759502,0.0001696698,0.0004868928,0.000801134,0.0007091078,0.0007155595,0.0006135149,0.0009701989,0.0008784999,0.001064578,0.001301209,0.001215199,0.001432629,0.001315666,0.001459791,0.001595231,0.001581557,0.00150483,0.001803208,0.001538867,0.001468578,0.00167255,0.001741604,0.001911504,0.001866355,0.001836168,0.001946021,0.001932491,0.002144259,0.002194038,0.001844745,0.002110054,0.002171692,0.002336369,0.002250684,0.002276947,0.002580216,0.002513683,0.002511454,0.002547514,0.002487667,0.002634076,0.002804336,0.002806814,0.002779311,0.002818271,0.002882762,0.002743249,0.002988238,0.002902423,0.002822463,0.00303186,0.003154208,0.002923436,0.003011927,0.003083749,0.002891614,0.003116696,0.00298226,0.002953346,0.003006575,0.002839688,0.003206395,0.002984064,0.002975214,0.003121902,0.002866168
GDOR,0.01359348,0.01381053,0.01412006,0.01431272,0.01425442,0.01447211,0.01457168,0.01467572,0.01422498,0.01485764,0.01483016,0.01487301,0.01496113,0.01558302,0.01484175,0.0148644,0.01450815,0.014714,0.01497988,0.01494467,0.01498524,0.01513298,0.01493062,0.0140436,0.01438067,0.01496559,0.01503083,0.0144306,0.01442608,0.01390703,0.01365142,0.01372625,0.01322346,0.01297625,0.01307545,0.01241065,0.0123484,0.01234487,0.01178483,0.01063773,0.009851816,0.01025527,0.009099185,0.009487078,0.008566804,0.008379702,0.008082996,0.008002282,0.0078804,0.00655068,0.006880631,0.006604014,0.006611382,0.005950497,0.005795442,0.004886855,0.005006018,0.004271548,0.004138318,0.00373375,0.003322039,0.002718575,0.002838805,0.002371852,0.001904196,0.001664091,0.001372996,0.001067965,0.000845156,0.0007348574,0.0004063633,5.390949e-05,-1.785043e-05,-0.0004185047,-0.000497619,-0.0006146696,-0.0007969752,-0.0008061272,-0.0005858883,-0.001360858,-0.001437968,-0.001655323,-0.001963335,-0.002556394,-0.002227637,-0.002764051,-0.002436429,-0.002800524,-0.003157311,-0.003440869,-0.004328838,-0.004075731,-0.003957654,-0.004456052,-0.004868016,-0.004705315,-0.005154203,-0.005516187,-0.005596716,-0.005786093,-0.006146125,-0.006283945,-0.006557419,-0.006608821,-0.007207655,-0.006951544,-0.007064634,-0.007405085,-0.007440413,-0.00754158,-0.007611641,-0.007665871,-0.00762442,-0.007564593,-0.007926281,-0.007962693,-0.007896352,-0.007914539,-0.00810165,-0.008370891,-0.008269885,-0.007690453,-0.008292214,-0.008523212,-0.008626539,-0.00864545,-0.008195852,-0.008101559,-0.00804196,-0.008047719,-0.008204624,-0.007672935,-0.007898365,-0.007776725,-0.007430327,-0.00750434,-0.007527234,-0.007405635,-0.007345467,-0.00708488,-0.006901734,-0.00678083,-0.006820951,-0.006654127,-0.006415674,-0.006281398,-0.006270273,-0.005695946,-0.005654676,-0.005329896,-0.005291807,-0.005033222,-0.004676032,-0.004491207,-0.00425654,-0.004119265,-0.004218868,-0.00370797,-0.003371093,-0.002488366,-0.002640102,-0.002271004,-0.002023598,-0.001621042,-0.00107202,-0.001169832,-0.0005410562,-0.0003354445,0.0004276914,0.0007332732,0.001017698,0.0007762142,0.001638535,0.00188027,0.001943456,0.002472827,0.003026861,0.003783861,0.004128975,0.004559795,0.004919149,0.005453961,0.005401171,0.006095695,0.006842961,0.006939286,0.007842219,0.008341222,0.008715686,0.009368303,0.009386184,0.01036377,0.01082854,0.01108722,0.01170563,0.01199612,0.0125461,0.01264223,0.01316926,0.01362927
GDOR,0.00386253,0.003610461,0.003416914,0.003221434,0.003004927,0.002737255,0.002434185,0.002338035,0.002122448,0.001919476,0.00163036,0.001490975,0.001159551,0.0009660791,0.0008270104,0.0006088085,0.0003549952,0.0001067403,-4.087903e-05,-0.0002400066,-0.0004132849,-0.0006136479,-0.0007540936,-0.001008085,-0.001249374,-0.001386239,-0.001563585,-0.001823045,-0.002080724,-0.00215934,-0.002428206,-0.002612113,-0.002764065,-0.003069287,-0.003113172,-0.00340454,-0.003596265,-0.003609484,-0.003946012,-0.004111947,-0.004225146,-0.004365834,-0.004644642,-0.004740071,-0.004941751,-0.005009531,-0.005134983,-0.005293985,-0.00540272,-0.005353474,-0.005609131,-0.005552896,-0.005683067,-0.005859758,-0.005956576,-0.00594103,-0.006055357,-0.006150445,-0.006277894,-0.006417602,-0.006291002,-0.006427609,-0.006404262,-0.006528754,-0.006435384,-0.006451555,-0.006341744,-0.006515302,-0.006487858,-0.006474436,-0.006503814,-0.006507054,-0.00640526,-0.006395166,-0.006430035,-0.006218862,-0.006191879,-0.00614045,-0.006150118,-0.006043639,-0.005937177,-0.005938768,-0.005676024,-0.005664791,-0.005584552,-0.00558952,-0.005349021,-0.005242292,-0.005166673,-0.005069104,-0.004950699,-0.00472386,-0.004545227,-0.004475633,-0.004354844,-0.004110063,-0.00386822,-0.003853296,-0.003643815,-0.003441749,-0.003405657,-0.003160497,-0.002919228,-0.002735904,-0.00259184,-0.002425751,-0.002112628,-0.001860458,-0.00171268,-0.001576611,-0.001235408,-0.001203889,-0.0009288739,-0.0007709085,-0.0005063429,-0.0004560973,-0.0002651316,-2.425574e-05,0.0002705398,0.0004379651,0.0005841696,0.0008225124,0.001022754,0.00128197,0.001478592,0.001643211,0.001923713,0.002020144,0.0022246,0.002411972,0.002685881,0.002810333,0.003062474,0.003242164,0.003534224,0.003720565,0.003937482,0.004123143,0.004316387,0.004483871,0.004586588,0.004839241,0.004963588,0.005013779,0.00518954,0.005409161,0.00553507,0.00563843,0.005726807,0.005899924,0.006073332,0.005988479,0.00626661,0.006307269,0.006333631,0.006398983,0.006550069,0.006572981,0.006563083,0.006676362,0.006772798,0.006850955,0.006868045,0.007000586,0.007067459,0.007087978,0.007058453,0.007170216,0.007146076,0.007162696,0.007013038,0.006963239,0.007009846,0.006911213,0.006865992,0.006947362,0.006829071,0.006698677,0.006655529,0.006658164,0.006541509,0.006369814,0.006324091,0.006278222,0.006164236,0.006011359,0.005794218,0.005767797,0.005622986,0.005525831,0.005454182,0.005296761,0.005190008,0.005005607,0.004844322,0.004722531,0.004544878,0.004278442,0.004210325,0.004030087
GDOR,-0.005049197,-0.00478824,-0.004595725,-0.004429613,-0.004128315,-0.004006829,-0.003673946,-0.003487131,-0.003200325,-0.002989692,-0.002645329,-0.00256805,-0.002271367,-0.001820533,-0.001681176,-0.00146481,-0.00104927,-0.0007972437,-0.0003841295,-0.0002276228,0.0001245869,0.0003429254,0.0007341226,0.001034142,0.00119593,0.001563115,0.00184681,0.002101695,0.002473997,0.002518913,0.002943955,0.003172268,0.00341583,0.003585209,0.00390923,0.004459487,0.004320998,0.004547844,0.004965873,0.00519212,0.005409434,0.00550315,0.005860082,0.006180355,0.006235596,0.006403701,0.006612147,0.006853985,0.007027763,0.00713713,0.007245137,0.007480632,0.007642103,0.007740076,0.007862666,0.008119161,0.008169187,0.008311065,0.008256561,0.00843869,0.008662136,0.008573666,0.008771671,0.008551165,0.008867023,0.009016011,0.009103228,0.009033436,0.008914919,0.009024621,0.009027093,0.009139878,0.00908716,0.008927962,0.009004473,0.008934136,0.008787624,0.008837689,0.008763225,0.008611237,0.008595214,0.008358972,0.008320086,0.00810966,0.008103039,0.007988631,0.007830285,0.007668903,0.007467856,0.007545723,0.007235875,0.007033828,0.006951191,0.006723084,0.006604138,0.006454214,0.006151669,0.006114867,0.005816245,0.005481964,0.005324895,0.005014042,0.005048422,0.004710745,0.004345834,0.00429661,0.003923255,0.003599239,0.003351833,0.003055651,0.002798196,0.002627613,0.002350939,0.002034743,0.001705821,0.001405691,0.001173832,0.0009493204,0.0005160655,0.0004483938,-7.268368e-05,-0.0002759933,-0.0005407801,-0.0008266993,-0.001126619,-0.001487119,-0.001737999,-0.001881667,-0.002241113,-0.002400593,-0.002662973,-0.002749532,-0.003198232,-0.003569282,-0.003748805,-0.004051375,-0.003972995,-0.004293545,-0.004524969,-0.004855214,-0.004876538,-0.005259252,-0.005192496,-0.005563502,-0.005729008,-0.005993004,-0.005949638,-0.006470251,-0.006379883,-0.006692504,-0.00687572,-0.006938782,-0.007232639,-0.007031038,-0.007250539,-0.007371635,-0.007590188,-0.007639379,-0.007708286,-0.00780223,-0.007858224,-0.00786995,-0.008102753,-0.008118146,-0.008164103,-0.00804227,-0.008285423,-0.00829549,-0.008366139,-0.008301057,-0.008417747,-0.008343043,-0.008253652,-0.008259457,-0.008369679,-0.008311393,-0.008150517,-0.00813314,-0.008063954,-0.008174872,-0.007858865,-0.007959025,-0.007872668,-0.00765348,-0.007527169,-0.007518404,-0.007355636,-0.007168475,-0.007089728,-0.006864147,-0.00670817,-0.006669798,-0.006469471,-0.006290272,-0.006202611,-0.006011465,-0.005823705,-0.005458089,-0.005404744,-0.005280152
GDOR,-0.003782111,-0.00361084,-0.003768453,-0.003609717,-0.003492341,-0.003665575,-0.003509368,-0.00342543,-0.003525367,-0.003403585,-0.003287864,-0.0034735,-0.003563447,-0.003332078,-0.003348204,-0.003325559,-0.00313072,-0.003247828,-0.003084763,-0.002849253,-0.002858354,-0.00284397,-0.002609175,-0.002631736,-0.002617256,-0.00238444,-0.002423887,-0.002421981,-0.002289672,-0.002307796,-0.002151733,-0.002111309,-0.001949773,-0.001873159,-0.001733117,-0.001604247,-0.001672596,-0.001298616,-0.001171909,-0.001229064,-0.000829675,-0.0008898983,-0.0009649844,-0.0005212025,-0.000725884,-0.0006103104,-0.0001893451,-0.0003695751,-0.0003164446,0.000174488,-6.169888e-06,8.472105e-05,0.0006775565,0.000627497,0.0006465092,0.001325004,0.001110704,0.001346196,0.001581492,0.001507859,0.001743496,0.001466319,0.001063708,0.00105866,0.001107098,0.001009431,0.001034856,0.001432912,0.001271651,0.001494041,0.001765173,0.00168582,0.001873175,0.002189546,0.001983465,0.00227752,0.0024468,0.002113892,0.002436299,0.00261603,0.002168122,0.002421551,0.002622601,0.002342163,0.002593271,0.002575464,0.002317822,0.002681051,0.002547497,0.002492111,0.002885669,0.002798056,0.002843081,0.003721609,0.003240505,0.003164065,0.003215978,0.003117156,0.003034314,0.003091187,0.00292144,0.002925684,0.002899156,0.002782055,0.002683037,0.002640578,0.002595205,0.002493617,0.002458399,0.002319011,0.002254179,0.002192963,0.002078762,0.002044787,0.001955226,0.001738864,0.00174476,0.001569763,0.001641971,0.001543465,0.001437741,0.001414055,0.001293821,0.001233485,0.001227337,0.001164999,0.001133308,0.00115895,0.001147389,0.001111704,0.001202438,0.001010127,0.001173191,0.001179161,0.0009850982,0.001221588,0.00110746,0.0009302824,0.001098731,0.001083838,0.0009089692,0.000934845,0.0009592056,0.0008193035,0.0008548035,0.0007267094,0.0007907509,0.0006252961,0.0004232947,0.000541085,0.0003091249,0.0002483307,-4.313446e-05,-2.269599e-06,7.511263e-05,-0.0001558923,-0.0001103927,-0.000187855,-0.0003409966,-0.0004380583,-0.0004700947,-0.0007218056,-0.0006146856,-0.0008291582,-0.001052988,-0.0009588418,-0.001229226,-0.001412609,-0.001396255,-0.001797209,-0.002206123,-0.002190488,-0.002481107,-0.00237132,-0.002503146,-0.00269207,-0.002656536,-0.002860391,-0.002714291,-0.002449936,-0.002501796,-0.002605909,-0.002486429,-0.002532976,-0.002622695,-0.002659383,-0.002664636,-0.002789651,-0.002783309,-0.002980409,-0.003115723,-0.003401421,-0.003023612,-0.002545497,-0.002417652,-0.002395386,-0.002478264,-0.002428642,-0.002468264,-0.002502078
GDOR,5.419866e-05,4.950681e-05,1.269015e-05,-4.433672e-06,-5.666992e-05,-1.924718e-05,2.911471e-05,-1.386523e-05,8.771179e-05,3.237465e-05,-5.970214e-05,-1.953468e-05,3.715671e-05,-1.317075e-05,3.893042e-06,4.217485e-05,1.076713e-05,-5.45799e-05,-1.683362e-05,4.438272e-05,-2.872376e-05,-1.086712e-05,4.97127e-05,-6.249089e-05,4.100382e-05,-3.665365e-05,-4.635164e-05,1.728248e-05,-4.331797e-05,8.733449e-06,-3.739513e-05,-1.182186e-05,0.0001249719,-1.011065e-05,2.405868e-06,1.559615e-07,5.801227e-05,8.744817e-06,2.021487e-05,-1.470185e-05,6.258445e-05,-1.668969e-06,-5.516195e-06,-5.140099e-05,3.8194e-05,5.464776e-05,-7.303985e-05,-3.368216e-07,5.784814e-05,3.205357e-05,7.116651e-05,-2.88438e-06,-3.26552e-05,-7.013952e-07,-1.248409e-05,-5.729389e-05,5.083265e-06,4.889205e-06,1.551613e-05,-1.766718e-05,2.428839e-05,-9.067447e-05,-2.161647e-05,-8.156121e-06,-2.428012e-06,4.087304e-05,-7.413568e-07,-7.9068e-05,-1.887412e-05,7.084091e-05,2.953627e-05,5.600361e-05,-2.915373e-05,-2.673018e-05,6.315683e-05,-9.186456e-07,-5.434696e-05,-5.098274e-05,6.08121e-05,-3.401362e-05,4.825123e-05,-2.845542e-06,-4.940722e-05,-8.721409e-05,-4.579406e-05,-9.946782e-05,9.695513e-06,2.042733e-05,-4.949314e-05,-2.315352e-05,-0.0001058459,6.265916e-05,-6.274015e-05,4.812279e-05,7.460695e-05,-7.685769e-05,-2.496817e-05,5.395996e-06,-0.0001008891,-9.684489e-06,-7.921852e-05,-5.154468e-06,-1.357153e-05,5.74708e-05,3.856562e-06,-2.299859e-05,4.779392e-05,1.357179e-05,4.644713e-05,0.0001249967,3.411711e-05,7.006672e-06,-1.750227e-05,-3.300239e-05,-5.095784e-05,-9.944592e-05,-6.316366e-05,8.888816e-06,2.692195e-05,-6.761633e-05,-1.515532e-05,-2.32994e-05,-4.831021e-05,3.110517e-05,-2.584967e-05,1.106271e-05,8.933913e-05,-4.175542e-06,5.799141e-05,6.469282e-05,-8.077619e-05,2.455643e-05,3.131969e-06,-1.311659e-05,-1.223702e-05,4.576494e-05,-1.003955e-05,3.168169e-05,-2.180962e-05,3.131969e-06,4.763489e-05,-5.189157e-06,-3.578516e-06,-1.740627e-05,4.367576e-07,0.0001016334,-4.759869e-05,6.600977e-06,-8.374082e-05,5.249574e-05,-3.702937e-05,-1.701674e-05,-3.162926e-05,-4.397798e-05,-1.170147e-05,4.080922e-05,1.783448e-05,8.282428e-06,-3.060118e-05,-4.165056e-05,-3.620051e-08,2.764918e-05,6.67525e-05,2.884058e-05,-1.363701e-05,-5.084799e-05,4.798092e-05,2.326445e-05,3.566999e-05,-3.721253e-06,7.370301e-05,-3.005044e-05,4.917778e-05,3.701815e-05,-6.419748e-05,-7.039087e-05,-4.25853e-05,-6.649103e-05,5.942705e-05,-1.618879e-05,1.300819e-05,0.0001309922,3.742749e-05,9.774389e-06,2.712797e-05,-5.581534e-05,6.043515e-05,-3.039838e-06,6.281134e-05,4.121898e-05,-1.665429e-05,-5.920936e-06,3.055823e-05,6.062865e-05,1.298866e-05,-6.307871e-05,-0.0001138297,-1.45859e-06,3.432356e-05,7.971973e-05
GDOR,0.001282942,0.001148102,0.001063695,0.001028424,0.0008368276,0.0009374688,0.0008782822,0.0008570555,0.0006365795,0.0005358472,0.0005474281,0.0005461313,0.0006432296,0.0004033786,0.0006138528,0.0004537396,0.0003569929,0.0003115626,0.0003457785,8.286301e-05,0.0002724524,0.000138172,-6.164782e-05,1.214793e-05,-0.0002022989,-0.000323475,-0.0004426808,-0.0002650051,-0.0003884792,-0.0005295376,-0.0006127637,-0.0007595411,-0.0005870081,-0.0008411714,-0.0009189671,-0.0009263346,-0.0009982139,-0.00112286,-0.001247284,-0.00134199,-0.001339398,-0.001543195,-0.001344263,-0.001525187,-0.001689999,-0.00158205,-0.001694479,-0.001716437,-0.001974356,-0.001833991,-0.001872304,-0.001912517,-0.001875971,-0.002060773,-0.001802718,-0.002183064,-0.002178773,-0.002360908,-0.002005972,-0.002219536,-0.002159528,-0.002114673,-0.002221524,-0.002072373,-0.002304137,-0.002138742,-0.002388142,-0.002102605,-0.002126787,-0.001968827,-0.002088558,-0.002206892,-0.002197745,-0.002209187,-0.002152488,-0.002201795,-0.00235296,-0.002376057,-0.00231162,-0.00231852,-0.002130739,-0.002207635,-0.002271783,-0.001942338,-0.002148459,-0.002087912,-0.002077544,-0.00194107,-0.001868357,-0.001853659,-0.001912509,-0.001796009,-0.001873364,-0.001735063,-0.001718337,-0.001565545,-0.001559704,-0.00144116,-0.001391255,-0.001459138,-0.001366082,-0.001401439,-0.001241206,-0.001204878,-0.001226275,-0.0009924632,-0.0009561088,-0.000720528,-0.0008684244,-0.0006863802,-0.0007111621,-0.0005477168,-0.0005776436,-0.0004638142,-0.0004066931,-0.0003257655,-0.0004538108,-0.0001409201,-0.0002538507,-0.0002033675,2.941614e-05,3.767064e-06,0.0002349851,8.963239e-05,0.0002299667,0.0003820603,0.0005204995,0.000548005,0.0004769703,0.0007283061,0.0006585394,0.0008307159,0.0009432326,0.001171057,0.001035142,0.001119341,0.001087932,0.001306532,0.001198436,0.001224926,0.001352246,0.001554111,0.001472148,0.001685016,0.001529193,0.001728944,0.001837617,0.001928318,0.001968115,0.002018206,0.002171832,0.001889336,0.002191937,0.002261695,0.00223062,0.002184922,0.002171239,0.002287881,0.002302612,0.002383949,0.002463482,0.002258104,0.002417353,0.002475787,0.002364463,0.002353296,0.002381152,0.002453297,0.002555022,0.002360399,0.002297685,0.002381005,0.002364396,0.0023224,0.002505339,0.002400057,0.00229855,0.002371944,0.002312996,0.002299357,0.00218071,0.002321173,0.002223392,0.002108162,0.002047974,0.002077925,0.001946277,0.001930227,0.001898715,0.001868543,0.001879216,0.001726878,0.001783635,0.001855706,0.001879121,0.001512365,0.001671743,0.001497264,0.001418791,0.00130137
GDOR,-0.001196556,-0.001359104,-0.00145907,-0.001495295,-0.001481532,-0.001767595,-0.001664744,-0.001639307,-0.001897048,-0.001859162,-0.001989668,-0.001977842,-0.00222233,-0.002321529,-0.002104078,-0.002332436,-0.002502024,-0.002351063,-0.002425468,-0.00268691,-0.002709805,-0.002468376,-0.002729401,-0.00286066,-0.002676028,-0.002651086,-0.002945103,-0.002931783,-0.002554238,-0.003002235,-0.003184911,-0.002903244,-0.002739791,-0.003097638,-0.003243298,-0.00296823,-0.003008902,-0.003326996,-0.003105236,-0.002887634,-0.003217478,-0.003298351,-0.003039556,-0.00305245,-0.003204664,-0.003109544,-0.002894901,-0.003090585,-0.003089973,-0.002777916,-0.002640177,-0.003162416,-0.002643041,-0.002552317,-0.002509447,-0.00275252,-0.002506682,-0.002272838,-0.002389101,-0.002381852,-0.001980874,-0.001929418,-0.002090552,-0.001870801,-0.001553581,-0.001625309,-0.001592808,-0.001200081,-0.001127785,-0.001238959,-0.001079337,-0.0006438806,-0.0007878547,-0.0006745163,-0.0003233258,-0.0001202065,-7.555464e-05,-0.0001266966,0.0003420018,0.0005814293,0.0004663145,0.0006318856,0.0008903004,0.0009492417,0.0009334488,0.001334975,0.001419033,0.001560409,0.001666794,0.001798136,0.001947837,0.002068377,0.002253475,0.002296227,0.002534574,0.002606825,0.002636121,0.002995328,0.00301111,0.003320774,0.003234033,0.003550044,0.003623607,0.003704839,0.003760836,0.00406594,0.004176815,0.003998548,0.004544669,0.004947,0.004999442,0.004665387,0.005128374,0.004648502,0.004528496,0.004439916,0.005099947,0.004816125,0.004726652,0.004960237,0.005164148,0.005031276,0.004673288,0.005374743,0.005312395,0.004798802,0.005144427,0.00552807,0.005060175,0.004734596,0.005474653,0.005346777,0.00478441,0.005076609,0.005469885,0.004964927,0.004687197,0.005399541,0.005130896,0.004525217,0.005058897,0.005379621,0.004914035,0.004482763,0.004833507,0.005172455,0.004490642,0.004277571,0.005021628,0.004666717,0.00402196,0.004535902,0.004704092,0.004112666,0.003949832,0.004557642,0.004176623,0.003624988,0.004001094,0.004148854,0.003383534,0.003482679,0.003817624,0.003438511,0.003153006,0.003041659,0.003440046,0.00288854,0.002483549,0.002894273,0.00278284,0.002211764,0.002150112,0.002375527,0.001959123,0.001654367,0.002004236,0.001815628,0.001534814,0.001599603,0.001647557,0.001286019,0.0009178193,0.001242888,0.0009494929,0.0006717782,0.0006331541,0.0007302905,0.000396278,0.0002424849,0.000100272,0.0001000046,-0.0001619455,-0.0002925281,-0.0003218396,-0.0005212295,-0.0006169227,-0.0007039254,-0.0007982647,-0.0009430288
GDOR,7.086312e-06,7.506603e-06,1.552449e-05,1.348221e-05,1.103172e-06,-5.881211e-06,-1.403578e-05,8.261333e-06,-8.652853e-06,-8.618199e-06,-7.057761e-06,-1.157179e-05,-1.228999e-05,-5.43404e-06,-1.692743e-05,-1.116726e-05,-9.684478e-06,-7.900238e-06,-1.233287e-05,-1.720711e-05,-1.615647e-05,-2.725778e-05,-2.342615e-05,-1.329162e-05,-1.695028e-05,-2.368028e-05,-1.999681e-05,-1.42597e-05,-2.643025e-05,-1.048685e-05,-2.392019e-05,-3.204794e-05,-1.96844e-05,-2.619492e-05,-1.665355e-05,-3.030276e-05,-2.301335e-05,-2.306265e-05,-2.632731e-05,-5.529106e-06,-2.305561e-05,-1.678856e-05,-2.583771e-05,-2.470923e-05,-2.739221e-05,-1.962874e-05,-9.756122e-06,-1.815801e-05,-1.628208e-05,-9.36104e-06,-1.414524e-05,-2.85712e-05,-2.641692e-05,-1.380927e-05,-3.015081e-05,-3.18264e-05,-2.538454e-05,-2.652457e-05,-2.336271e-05,-6.880164e-06,-1.525582e-05,-1.406955e-05,-2.837101e-05,-1.347892e-05,-1.837465e-05,-1.718308e-05,-2.07787e-05,-6.519406e-06,-4.68985e-06,-8.898371e-06,-1.156557e-05,-2.419634e-05,-1.72675e-05,-1.647045e-05,-1.495765e-05,-1.601284e-05,-1.258572e-05,-9.893515e-06,-1.506652e-05,-7.901513e-06,-7.519043e-06,-7.547477e-06,-7.462886e-06,-5.083484e-06,-1.500153e-05,-2.44248e-05,-1.873498e-05,-8.779879e-06,-5.277192e-06,2.316491e-06,-6.529876e-06,4.989296e-06,-8.277129e-06,-1.578913e-06,2.532282e-06,1.289727e-06,-9.443697e-06,3.393903e-07,-1.073071e-06,1.411208e-06,4.843913e-06,7.65055e-06,4.294376e-06,-2.263213e-06,1.195476e-05,-9.561579e-07,2.264065e-06,3.279799e-06,-1.074618e-06,2.738165e-06,8.504953e-06,2.959299e-07,1.955641e-06,1.620664e-05,1.588544e-05,2.497807e-05,1.694891e-05,9.47968e-06,1.14666e-05,2.539737e-05,2.003984e-05,3.043963e-05,3.328093e-05,3.32888e-05,3.651763e-05,2.758294e-05,3.51402e-05,3.681594e-05,3.3046e-05,4.480216e-05,3.841839e-05,3.873062e-05,3.338374e-05,3.260382e-05,4.103758e-05,5.111427e-05,2.29568e-05,4.950874e-05,3.164094e-05,3.659095e-05,2.785398e-05,2.783723e-05,4.149957e-05,3.571825e-05,4.140183e-05,2.674494e-05,4.862765e-05,2.353366e-05,1.194083e-05,2.5034e-05,1.96373e-05,2.004924e-05,1.759182e-05,2.1394e-05,2.213275e-05,1.173351e-05,2.933582e-05,2.386433e-05,1.60315e-05,6.873233e-06,7.780282e-06,2.082087e-05,4.637926e-06,1.905707e-05,2.355076e-05,1.633613e-05,2.534102e-05,5.722718e-06,2.261083e-05,2.967454e-05,4.453846e-06,6.711336e-06,1.635153e-05,1.827903e-05,3.101094e-06,1.337114e-06,5.326951e-06,1.612036e-05,6.84598e-06,7.563321e-06,1.07138e-05,3.227432e-06,3.705852e-06,1.173816e-05,-2.121895e-06,9.12557e-06,1.797106e-05,1.028071e-05,-5.239592e-06,1.204265e-05,-1.36148e-06,-1.154717e-06,-1.336403e-06,-3.678662e-06,2.387398e-06,-5.128472e-06,8.658695e-06,1.769742e-06,2.138284e-06,4.885546e-06
GDOR,-0.01023802,-0.01065267,-0.009722972,-0.009756532,-0.009872362,-0.009309417,-0.009560423,-0.008470517,-0.008780116,-0.008454991,-0.00782188,-0.008232764,-0.00719062,-0.007524326,-0.006632544,-0.006397049,-0.006496627,-0.005613924,-0.005813096,-0.004592348,-0.004339432,-0.004342003,-0.003944977,-0.003957648,-0.002218151,-0.002266672,-0.001611941,-0.001759884,-0.001168018,-0.0002658663,0.0003833126,0.0007396294,0.001080272,0.001668324,0.002619855,0.002821513,0.003377853,0.003907935,0.00396379,0.005369666,0.005467786,0.006540544,0.006989186,0.007014995,0.007743882,0.007787898,0.009618051,0.009242769,0.009955836,0.01013555,0.01043859,0.01198819,0.01185308,0.01280376,0.01230311,0.01273105,0.0141398,0.01431697,0.01540361,0.01389048,0.01530164,0.01586334,0.01625421,0.01724277,0.01592004,0.01711978,0.01729381,0.01766985,0.01889598,0.01724394,0.01829557,0.01783619,0.01840791,0.01901038,0.01810811,0.01876098,0.01846421,0.01880521,0.0194399,0.01885563,0.01895307,0.01881562,0.01856371,0.01866185,0.01829801,0.01869279,0.01782999,0.01796209,0.01760095,0.01797509,0.01744942,0.01671766,0.01693697,0.01621844,0.0165533,0.01612204,0.01530567,0.01541044,0.01428074,0.01467973,0.01410145,0.01387397,0.01379201,0.01233909,0.01222727,0.0118185,0.01137581,0.01080347,0.0101638,0.009648011,0.009234921,0.009137028,0.008602627,0.007824219,0.007162349,0.006979783,0.006212558,0.00599271,0.005345981,0.004631495,0.003423717,0.003504516,0.002618816,0.002252651,0.002631067,0.001060113,0.001400476,0.0009139588,0.0001047102,0.0002351343,-0.001391675,-0.00149006,-0.001449562,-0.001952942,-0.001988756,-0.003728968,-0.003589405,-0.004395413,-0.004007365,-0.004172727,-0.005238222,-0.005659631,-0.006316658,-0.005443379,-0.006313041,-0.006682782,-0.00703448,-0.007894961,-0.007457623,-0.007780246,-0.00797552,-0.008499268,-0.009144108,-0.009099044,-0.009345786,-0.009619256,-0.009776628,-0.01039932,-0.01005328,-0.01045487,-0.01071239,-0.01039878,-0.01142639,-0.01117659,-0.0114661,-0.01146877,-0.01115863,-0.01216558,-0.01189916,-0.01225142,-0.01168874,-0.01180618,-0.01278554,-0.01229891,-0.01246268,-0.01191904,-0.01219714,-0.01254629,-0.0121879,-0.01292025,-0.01206084,-0.01235919,-0.01249197,-0.01245622,-0.01302371,-0.01205766,-0.01238042,-0.01223765,-0.01223922,-0.01278271,-0.0114455,-0.01192192,-0.01157725,-0.01165655,-0.01203265,-0.01098735,-0.01128735,-0.01066233,-0.01076064,-0.01119229
GDOR,-1.353791e-05,-1.699598e-05,1.035397e-05,-9.271224e-05,-7.843655e-05,-4.532028e-05,-0.0001095186,-9.675961e-05,2.512546e-06,-2.747354e-05,4.844378e-06,-1.200749e-05,-1.765493e-05,-2.574084e-05,-2.733761e-05,7.081398e-05,1.440533e-05,-2.34754e-05,8.349763e-06,1.776872e-05,3.721245e-05,1.941355e-05,2.859916e-05,7.541121e-05,2.747632e-05,5.439638e-05,4.684865e-05,7.817926e-07,-4.031165e-05,2.330291e-05,-3.214769e-05,-2.34697e-05,-7.105961e-05,1.113929e-05,-9.884784e-06,-1.60755e-05,-7.698421e-05,-7.053293e-05,6.966626e-06,-3.871787e-05,6.858672e-06,8.814892e-05,-3.525826e-05,1.378113e-06,1.404976e-05,1.531619e-05,9.055674e-05,2.083333e-05,4.092585e-06,1.842793e-05,-1.506273e-05,-1.519971e-05,-1.612756e-05,-1.769612e-05,4.175607e-05,2.407171e-05,2.075767e-05,-5.040772e-06,3.83987e-06,-5.351679e-05,3.140291e-05,-2.644928e-05,-4.66825e-05,-2.690196e-05,2.453435e-06,-5.277294e-05,-2.936002e-05,-4.379546e-05,3.170286e-05,6.251111e-05,-4.035138e-05,-5.103719e-05,-4.879067e-05,-1.366363e-05,2.68678e-05,-3.893692e-05,-1.936669e-05,-1.897858e-07,1.813033e-05,-4.501453e-05,-6.213427e-05,2.802198e-05,-1.724124e-05,9.364415e-06,4.208395e-05,8.013115e-06,2.900712e-05,7.036182e-05,5.470978e-05,5.488623e-05,6.166583e-06,7.005587e-05,4.592414e-05,2.521456e-05,7.479793e-06,2.229884e-05,3.904671e-05,8.236019e-05,5.814925e-05,5.826079e-05,7.002823e-05,8.607825e-05,5.869794e-05,5.504239e-05,9.422526e-05,6.89831e-05,1.244733e-05,8.904547e-05,6.451799e-05,7.033964e-05,8.373201e-05,2.382701e-05,6.805919e-05,2.528659e-05,-8.142544e-06,5.688372e-05,3.108603e-05,5.558857e-05,4.004478e-05,-1.887756e-05,-5.100251e-06,4.583065e-06,-2.525432e-05,2.570891e-05,-1.595236e-05,-9.13857e-07,-1.488378e-05,3.928213e-05,-5.679509e-05,-2.799792e-05,-1.051256e-05,-2.611239e-05,-5.396926e-05,-2.34983e-06,-4.859784e-05,-1.015056e-05,-1.954443e-05,5.517926e-05,-3.330391e-05,6.226133e-05,-3.725279e-05,1.934185e-05,3.327891e-05,4.559575e-05,4.853715e-05,7.666044e-06,-1.384919e-05,0.0001119957,1.16224e-05,8.638408e-05,8.946678e-05,4.124535e-05,8.626117e-05,-1.141301e-05,8.252844e-06,-1.481819e-05,-2.087518e-05,3.034226e-05,3.918633e-05,1.813972e-05,-2.095724e-05,-4.010337e-05,4.508303e-05,1.296173e-05,5.388299e-06,1.483988e-05,1.212731e-05,-3.277537e-05,-2.073252e-05,-1.707831e-05,6.453132e-05,6.308689e-05,-2.688124e-05,-2.340446e-05,-9.4483e-06,3.959161e-05,1.95284e-05,6.672207e-05,-1.704773e-05,-2.918902e-06,2.162412e-05,-1.068687e-05,1.648402e-07,-1.569382e-05,1.954573e-05,6.77869e-05,3.668214e-05,6.034065e-05,7.418513e-05,3.859841e-05,9.764919e-05,7.84169e-05,-2.411041e-05,2.140557e-05,-2.373625e-05,-5.494694e-05,-3.768053e-05,-6.617912e-05,-4.149989e-05,-6.800141e-05
GDOR,-0.001092963,-0.001077457,-0.001086834,-0.001189817,-0.001164572,-0.001093943,-0.001054805,-0.0009635556,-0.001066012,-0.001077801,-0.001046943,-0.001036381,-0.001077348,-0.001066498,-0.0008939747,-0.001103643,-0.0009792252,-0.001090261,-0.000919506,-0.0009382435,-0.0008837346,-0.000939244,-0.0009255611,-0.0008323112,-0.0008745768,-0.0007871216,-0.0009282078,-0.000755879,-0.0006729289,-0.0007516395,-0.0007463383,-0.0007777226,-0.0006441001,-0.0006272866,-0.0006163638,-0.0005947145,-0.0005663348,-0.0004839356,-0.0004414573,-0.0005153766,-0.0004387067,-0.000537575,-0.0004198964,-0.0004613093,-0.0003559413,-0.0002366037,-0.000226035,-0.0002405915,-0.0001572943,-0.0001157352,-6.3231e-05,-5.880843e-05,-0.0001054678,8.228816e-05,-8.215279e-05,1.679516e-05,0.0001183873,0.0001184063,0.0001055487,0.0002358902,0.0002292517,0.0003076161,0.0003278309,0.0004017812,0.0003291277,0.0005394617,0.0003266828,0.0004564267,0.0004202446,0.0004633683,0.0004424392,0.0004946006,0.0006774093,0.000527724,0.0007503648,0.0007340992,0.0006977841,0.000701815,0.0008621543,0.0007298102,0.0009318884,0.0008812148,0.00103871,0.0009040482,0.0009335773,0.0009185747,0.00105713,0.001106772,0.0009286598,0.0008133837,0.001057791,0.001003958,0.001013091,0.001110347,0.001030665,0.0009734682,0.0009611954,0.001133918,0.0009993531,0.001143827,0.001194508,0.0009900713,0.001090579,0.001017374,0.001086203,0.001232559,0.001218077,0.001107809,0.001046892,0.001177256,0.001110705,0.001056332,0.000985381,0.001081429,0.001058109,0.0010639,0.001051589,0.001025219,0.00101154,0.0009044144,0.0009930738,0.0008973106,0.0009682146,0.0008854902,0.0009290065,0.0008389378,0.0008625656,0.0007360007,0.0007992156,0.0007670352,0.0007381035,0.0006993552,0.0006609039,0.0006740974,0.0005366257,0.0006905477,0.0004733111,0.0006098872,0.000397187,0.0004502549,0.0004432189,0.0003278221,0.0003027148,0.0003176341,0.0002756101,0.0003647828,0.0002551168,0.0003730944,0.0001341218,0.0001246627,0.000113631,0.0001732372,7.799905e-05,4.723143e-05,3.316022e-05,-0.0001005879,-0.0001026422,-0.0002606064,-0.0001589842,-0.0002547213,-0.0002153772,-0.0002956347,-0.0003212127,-0.0004499953,-0.0004313795,-0.0003813188,-0.0004672681,-0.0004727096,-0.00058845,-0.0004502913,-0.0005276423,-0.0006494423,-0.0006320108,-0.0006387696,-0.0007064539,-0.000735742,-0.0008112234,-0.0006267427,-0.0007353878,-0.0008151393,-0.0008137642,-0.0008233803,-0.0009307336,-0.0009020141,-0.0009983975,-0.0009467777,-0.0009222852,-0.0007920375,-0.0009037569,-0.0009657741,-0.000856358,-0.0009849686,-0.0009676997,-0.001061653,-0.001053511,-0.001111291,-0.0009955339,-0.0009487036,-0.001078794,-0.001111809
GDOR,0.001728777,0.002024753,0.002397611,0.00224564,0.002936375,0.003237868,0.003050874,0.00361141,0.003900662,0.004069441,0.00450808,0.004550612,0.004668099,0.005194467,0.005084472,0.005715106,0.005983518,0.005661665,0.006295818,0.006630247,0.006765752,0.00716943,0.007040626,0.007076675,0.007547513,0.007623158,0.008020293,0.008393453,0.007805526,0.008396947,0.008654959,0.008737727,0.009171257,0.008797136,0.008934884,0.009248354,0.009284955,0.009557983,0.009873475,0.009144293,0.009671006,0.009704288,0.009837591,0.01002137,0.009921728,0.009820589,0.01001075,0.00995513,0.01028504,0.01016002,0.009528852,0.01008355,0.009679832,0.009601112,0.009726214,0.009600379,0.009212099,0.0092669,0.009195351,0.009206523,0.009291118,0.008437638,0.008695808,0.008561324,0.008338138,0.008427977,0.008153513,0.007638532,0.007556869,0.007562901,0.007341511,0.007449308,0.006585679,0.006616515,0.006530142,0.006178354,0.0062516,0.005987776,0.005337404,0.005167572,0.005294722,0.004853509,0.004926537,0.004162793,0.003995643,0.003873235,0.003561645,0.003654479,0.0033229,0.00272253,0.002424118,0.002593345,0.00220761,0.002242492,0.001551995,0.001292012,0.00123944,0.0009059651,0.0009671429,0.0006868077,8.45259e-05,-0.0001362107,-6.558932e-05,-0.0003798948,-0.0003919507,-0.0009150175,-0.001283797,-0.001155881,-0.001523646,-0.001423542,-0.001804509,-0.002226246,-0.002273418,-0.002305463,-0.002614742,-0.002596599,-0.003106797,-0.00322509,-0.003173876,-0.003517016,-0.003382902,-0.00367722,-0.004074895,-0.004095948,-0.004005333,-0.004289622,-0.004388111,-0.004566704,-0.004804292,-0.004705342,-0.004898206,-0.004899558,-0.004932963,-0.005265959,-0.005300606,-0.005180255,-0.005452226,-0.005499784,-0.005538119,-0.005707386,-0.005599495,-0.005663292,-0.005685994,-0.005685622,-0.005916893,-0.005899201,-0.00571945,-0.005792212,-0.005725499,-0.005782556,-0.005880386,-0.005771964,-0.005719457,-0.005678352,-0.005631397,-0.005634354,-0.00562471,-0.005418906,-0.005485498,-0.00545816,-0.005288781,-0.005243721,-0.0053167,-0.005232775,-0.005012611,-0.004999998,-0.004825592,-0.004908095,-0.004512755,-0.004417673,-0.004453035,-0.004102924,-0.003971402,-0.003984579,-0.003734876,-0.00359969,-0.003366969,-0.003200712,-0.003123899,-0.002903161,-0.002625807,-0.002773073,-0.0022612,-0.001997977,-0.002040361,-0.00164721,-0.001511268,-0.001241197,-0.0009866609,-0.0009015268,-0.0006509569,-0.0002292232,-0.0003644526,0.0001857434,0.0004875218,0.0003377655,0.0008805856,0.00111843,0.001407026,0.001720602
GDOR,0.008922384,0.008257654,0.008003844,0.007383819,0.007186121,0.006815454,0.006506961,0.006239711,0.005777186,0.005408789,0.004653834,0.004610011,0.003824818,0.003594109,0.003069293,0.002977914,0.002512388,0.00216599,0.001667026,0.001150956,0.0009122107,-4.523104e-05,-0.0003234065,-0.0009423018,-0.0009784815,-0.001105351,-0.001384117,-0.001932826,-0.002327575,-0.002493356,-0.003173403,-0.003219845,-0.003813979,-0.004009094,-0.004388631,-0.004562055,-0.005000257,-0.005390216,-0.005608376,-0.006069283,-0.006141982,-0.006628338,-0.006632302,-0.0070827,-0.007197516,-0.007656368,-0.007913689,-0.008024719,-0.008513493,-0.008485281,-0.009040664,-0.008911172,-0.009289394,-0.009304081,-0.009879638,-0.009910389,-0.00989329,-0.01024058,-0.01009956,-0.0105041,-0.01025141,-0.01064888,-0.01044261,-0.01077272,-0.01070911,-0.01081371,-0.01106414,-0.01097731,-0.01133073,-0.01102562,-0.01132198,-0.01101204,-0.01121798,-0.01121388,-0.01105279,-0.01115206,-0.01096226,-0.01116868,-0.01092057,-0.01124883,-0.01078624,-0.01095278,-0.01083749,-0.01063757,-0.01047718,-0.01026245,-0.01047432,-0.01002386,-0.01008443,-0.009953785,-0.009876852,-0.009507704,-0.009252232,-0.009028457,-0.008707383,-0.008738351,-0.008362104,-0.008390263,-0.00798173,-0.007786148,-0.007526518,-0.007200887,-0.006635881,-0.00635653,-0.006268491,-0.005820973,-0.005873359,-0.005528232,-0.005392979,-0.004964001,-0.004460987,-0.003974512,-0.003752746,-0.003406088,-0.002979507,-0.002785447,-0.002559083,-0.00193822,-0.001672192,-0.001030771,-0.0003481515,-0.0002365261,0.000330188,0.0006624215,0.0009817966,0.001201194,0.001966693,0.0020864,0.002948066,0.003423003,0.003758656,0.004358117,0.004430586,0.005054712,0.005067687,0.005905773,0.006198381,0.006831301,0.007243327,0.007575235,0.008276075,0.008482635,0.008730108,0.008851313,0.009747178,0.009948936,0.01050124,0.01069152,0.01115494,0.01175474,0.01169759,0.01196285,0.01207448,0.01280649,0.01286993,0.01342744,0.0135078,0.013702,0.01418545,0.01398647,0.01429398,0.01434106,0.01478838,0.0142089,0.01464898,0.01446664,0.0138904,0.01531046,0.01493238,0.01454499,0.01520748,0.01540862,0.01534727,0.01536372,0.01482849,0.01494084,0.01495577,0.01446721,0.0146708,0.01450761,0.01461144,0.01439912,0.01444331,0.01367965,0.01375542,0.01344847,0.0130008,0.01299109,0.01278569,0.01257381,0.01218844,0.01206683,0.01127197,0.01125189,0.01078928,0.01040474,0.01009166,0.01003204,0.009674079,0.009175349
GDOR,-0.004606856,-0.004821103,-0.004636071,-0.004521873,-0.00462183,-0.004663915,-0.004283434,-0.004274343,-0.004263792,-0.004136193,-0.004144119,-0.004262059,-0.003909789,-0.003928083,-0.003768392,-0.003762389,-0.003698498,-0.003765367,-0.003374093,-0.00320878,-0.003344955,-0.002987497,-0.003054611,-0.002977115,-0.002706825,-0.002435276,-0.002439072,-0.002302297,-0.002511467,-0.002340519,-0.00188955,-0.00171988,-0.001663874,-0.001400867,-0.001672085,-0.001301216,-0.0008737099,-0.0006680847,-0.0005701986,-0.0004115821,-0.000571016,-0.0001441249,-5.264661e-05,0.0003822461,0.0006769676,0.0006235099,0.0006790406,0.0008720011,0.001160836,0.001397973,0.001826253,0.001745453,0.001590133,0.002156849,0.002214217,0.002494609,0.002906695,0.002643665,0.002636318,0.003043942,0.003087286,0.003367433,0.003585494,0.003598526,0.003561642,0.003858787,0.003917291,0.004209371,0.00452083,0.004333958,0.004273955,0.00458456,0.004772923,0.004951904,0.005183981,0.004991313,0.004920924,0.00509299,0.005065774,0.005447261,0.005550341,0.00556683,0.005394171,0.005636544,0.005434126,0.005785784,0.005880377,0.005745918,0.005781413,0.005626141,0.005816355,0.005939458,0.005969417,0.005817905,0.00582986,0.005752288,0.005621964,0.005916357,0.006012328,0.005816191,0.005886162,0.005683076,0.005514175,0.005806394,0.005706498,0.005636576,0.005611079,0.005477195,0.005207257,0.005292417,0.005259718,0.005204564,0.004936938,0.004790217,0.004490776,0.004728475,0.004541841,0.004594977,0.004325297,0.004094421,0.00395541,0.003982497,0.003847076,0.003537942,0.003486151,0.00310877,0.00292933,0.002817025,0.002688364,0.002723416,0.002349234,0.002242927,0.001838034,0.001792353,0.001780265,0.001701075,0.00126866,0.00104833,0.0008449585,0.0008328938,0.0006542181,0.0006248763,0.0001614729,-5.881575e-05,-0.000292289,-0.0004156312,-0.0004093697,-0.000520798,-0.000879143,-0.00104532,-0.001170483,-0.001362066,-0.001491678,-0.001579632,-0.001706212,-0.002021413,-0.002181216,-0.002093014,-0.002483683,-0.002436737,-0.002676505,-0.002820344,-0.002968915,-0.002916106,-0.003136806,-0.003096894,-0.003376497,-0.003456621,-0.003570798,-0.003641893,-0.003713777,-0.003777359,-0.003835409,-0.003977515,-0.00421149,-0.004116775,-0.004225816,-0.004155084,-0.00449691,-0.004579384,-0.004670776,-0.004700619,-0.004463701,-0.004827004,-0.004906595,-0.004851042,-0.004861805,-0.005107786,-0.004832854,-0.004907154,-0.004920356,-0.004973379,-0.005014405,-0.005133611,-0.004759598,-0.005047012,-0.004859432,-0.005043135,-0.004825654,-0.004988457
GDOR,6.666813e-05,9.470606e-05,8.617225e-05,0.0001223059,0.0001160328,0.0001044754,8.397907e-05,9.139019e-05,9.636282e-05,0.0001261641,0.0001455926,0.0001083251,0.0001365034,0.0001404634,0.0001553529,0.0001484178,0.0001381476,0.0001632248,0.0001647486,0.0001864006,0.000149008,0.0001654606,0.0001665229,0.0001894795,0.0002123076,0.0002230001,0.0002400779,0.0002560746,0.0002500161,0.0002667473,0.0002701183,0.0002814581,0.0002557088,0.0002505712,0.0002680022,0.0002625615,0.0002706691,0.0002831976,0.0002824776,0.0003034016,0.0003282328,0.0003098423,0.0002637228,0.0003076338,0.0002987268,0.0003096714,0.0003085827,0.0002994695,0.000264159,0.0002209372,0.000236825,0.0002105806,0.0002396332,0.000234804,0.0002078007,0.000213064,0.0002292802,0.0002211483,0.0001925608,0.0001811694,0.0001793491,0.000131516,0.0001680547,0.0001546921,0.0001684758,0.0001486784,0.0001435943,0.0001365035,0.0001043094,0.0001192573,9.906376e-05,6.38302e-05,7.655931e-05,6.675252e-05,6.800879e-05,5.867814e-05,5.413837e-05,2.380233e-05,2.956955e-05,3.401072e-05,8.851442e-06,1.722812e-05,1.824893e-05,2.02218e-05,3.079369e-05,2.43596e-05,2.849914e-05,1.298104e-05,9.605386e-06,-1.737073e-05,-3.911283e-05,-1.572975e-05,-4.568378e-05,-2.987233e-05,-2.75699e-05,-6.477839e-05,-3.112897e-05,-3.512839e-05,-5.152092e-05,-9.335764e-05,-0.000120277,-0.0001341638,-0.0001149445,-9.98504e-05,-0.0001173907,-0.0001203668,-0.0001248307,-0.000137737,-0.0001255057,-0.0001301147,-0.0001526604,-0.0001593826,-0.0001152886,-0.0001617854,-0.0001891552,-0.0001948838,-0.0001960846,-0.0001974307,-0.0002132923,-0.0002070319,-0.0001909957,-0.0002096099,-0.0002043143,-0.0002094383,-0.0002202142,-0.0002102044,-0.0001874731,-0.0001996908,-0.0002181115,-0.0001849092,-0.0001771728,-0.0002020852,-0.0001849302,-0.0001615678,-0.0001444511,-0.0001617831,-0.0001715627,-0.0001801154,-0.0001643963,-0.0001655677,-0.0002077537,-0.000187387,-0.000168721,-0.0001939514,-0.0001988364,-0.0001912263,-0.0001442388,-0.000164609,-0.0001667717,-0.0001490298,-0.0001466452,-0.0001649539,-0.0001300732,-0.0001305909,-0.0001548764,-0.0001320706,-0.0001624893,-0.0001315079,-8.056631e-05,-0.0001141949,-9.720853e-05,-0.0001471343,-0.0001181525,-8.425609e-05,-7.860483e-05,-0.0001002199,-8.496387e-05,-9.978277e-05,-8.247901e-05,-8.387308e-05,-0.0001063008,-8.881011e-05,-8.281323e-05,-0.0001028431,-5.377806e-05,-9.353244e-05,-6.727131e-05,-7.222072e-05,-4.050784e-05,-5.278921e-05,-8.958744e-05,-7.992521e-05,-9.151442e-05,-5.689773e-05,-1.937952e-05,-5.003315e-05,-2.894921e-05,-2.218185e-05,-3.798475e-05,1.385019e-07,-1.431724e-05,-3.303208e-05,3.001396e-05,3.247256e-05,-2.722339e-05,3.057301e-05,1.026588e-05,4.308531e-05,3.783844e-05,5.275237e-05
GDOR,-0.0007272604,-0.0006832554,-0.0006528118,-0.0005617987,-0.0005817958,-0.0005129931,-0.0004852654,-0.0004078042,-0.0004564861,-0.0003799401,-0.0003190029,-0.0001992953,-0.0001655877,-0.000143104,-9.185042e-05,-7.947008e-06,3.346886e-05,0.0001657967,7.091485e-05,0.0001910961,0.0001652143,0.0003691455,0.0002947613,0.0004349147,0.0003959789,0.0005558323,0.0005692032,0.0005855811,0.0005855815,0.0008112128,0.0006632647,0.0008174384,0.0008511762,0.0008880125,0.0009112232,0.0009960354,0.001075733,0.001103432,0.001134756,0.001086868,0.001194077,0.001271943,0.001208172,0.001357257,0.001335354,0.001428407,0.001342318,0.001554835,0.001457013,0.001605676,0.001556976,0.001629679,0.001649338,0.001691613,0.001637742,0.001735511,0.001749208,0.001709755,0.001866721,0.001711443,0.001767868,0.001855958,0.001823879,0.00187182,0.001850863,0.001882363,0.001904592,0.001890331,0.001879737,0.001835253,0.001873164,0.001855858,0.001847002,0.00177094,0.001869395,0.001727842,0.001892733,0.001771154,0.001856372,0.001660401,0.001791181,0.001571454,0.001782252,0.001608706,0.001641317,0.001501416,0.001600864,0.001451444,0.001583768,0.001370916,0.001499432,0.001357123,0.001358026,0.001262759,0.001318326,0.001271543,0.001230006,0.001114976,0.001108938,0.0009953752,0.00106154,0.000978858,0.000998246,0.0008298607,0.0008961302,0.0007500541,0.0007832695,0.0006834728,0.0006434203,0.0005730595,0.0006049236,0.0004239409,0.0004894845,0.0003927159,0.0003518151,0.0002637332,0.0003000251,0.0001783767,0.0001396509,7.465349e-05,1.766139e-05,6.56074e-05,-7.692342e-05,-1.37331e-05,-0.0002376408,-0.000174737,-0.0003793881,-0.0002704308,-0.0004117946,-0.0003597514,-0.000489243,-0.0005508153,-0.00056861,-0.0005245869,-0.0006714595,-0.0005994588,-0.0007712139,-0.0006288908,-0.0009769831,-0.0007986037,-0.0009501565,-0.0008079443,-0.0009730371,-0.0009724852,-0.0009886296,-0.0008815475,-0.001059261,-0.0009845247,-0.001128491,-0.001091927,-0.001132158,-0.001161081,-0.001225399,-0.001154584,-0.001247673,-0.001208303,-0.001307369,-0.001213394,-0.001284783,-0.00129869,-0.001272209,-0.001312281,-0.001282545,-0.001341195,-0.001408379,-0.001345231,-0.001294011,-0.00140383,-0.001308243,-0.001420354,-0.001304524,-0.001350264,-0.001328994,-0.00141543,-0.001283029,-0.001409346,-0.001289116,-0.001359568,-0.001272242,-0.001334137,-0.001320344,-0.00134101,-0.001292456,-0.001239522,-0.001210028,-0.001260373,-0.001190408,-0.001151795,-0.001088416,-0.001177846,-0.001102178,-0.001105944,-0.001077525,-0.001070403,-0.0009588909,-0.0009391133,-0.0008711943,-0.0009010774,-0.0008405393,-0.0007805018
GDOR,-0.003488346,-0.003800182,-0.003529864,-0.003210363,-0.003501925,-0.003353597,-0.00318786,-0.003373208,-0.00336541,-0.003136661,-0.002822652,-0.003416592,-0.003049142,-0.002847373,-0.002976576,-0.003027757,-0.002720775,-0.002641782,-0.002955121,-0.002458952,-0.002259063,-0.002539511,-0.002518006,-0.002166448,-0.002100225,-0.002261364,-0.001765882,-0.001704119,-0.001916096,-0.001771654,-0.001327218,-0.001451493,-0.0014075,-0.0009401328,-0.0008036688,-0.001094163,-0.001021581,-0.0004090831,-0.0006171156,-0.0004939006,9.442152e-06,0.0001356793,-0.000223217,-3.946217e-05,0.0005585652,0.0004826998,0.0002681657,0.0009209,0.001096852,0.0006155487,0.001062456,0.001492385,0.001406852,0.001219282,0.001756663,0.00196414,0.001468392,0.002012988,0.002382726,0.002231946,0.002127862,0.00266859,0.002780377,0.002470598,0.002979928,0.003284937,0.002988493,0.00290063,0.003504536,0.003626846,0.003180418,0.003651416,0.003877862,0.00363007,0.003592828,0.004035344,0.004143119,0.003727662,0.004327427,0.004422886,0.004047009,0.004133111,0.004516374,0.004507148,0.004167636,0.004589869,0.004522599,0.004283233,0.004400595,0.004719439,0.004576577,0.004226486,0.004826757,0.004607494,0.003863038,0.004477094,0.004534858,0.004369469,0.004048646,0.004625408,0.004342848,0.004134397,0.004269961,0.004349179,0.004045857,0.00387624,0.004375587,0.004017062,0.003659379,0.003936403,0.003796417,0.003549848,0.003426611,0.003773601,0.003435058,0.003141043,0.003313247,0.003200044,0.002749213,0.002763577,0.003202341,0.002639255,0.002360372,0.002821432,0.002297339,0.002032618,0.00219587,0.002359973,0.001821673,0.00145635,0.002061361,0.001481783,0.001150311,0.001351736,0.0015017,0.0009179828,0.0006788591,0.001022494,0.0007866992,0.0002662635,0.0004772965,0.0003830913,1.529109e-05,-0.0001412649,0.0003147673,-0.0002057397,-0.000549142,-0.000416487,-0.0003947166,-0.0008521603,-0.001136278,-0.0006133773,-0.001180234,-0.001473931,-0.001173721,-0.001400177,-0.001719979,-0.001814077,-0.001399781,-0.002007789,-0.002129392,-0.00180092,-0.002143349,-0.002404877,-0.002382071,-0.002037317,-0.002618227,-0.002833532,-0.002612715,-0.002908551,-0.002974138,-0.002927658,-0.002718574,-0.003083713,-0.003102431,-0.002885233,-0.003082468,-0.003367551,-0.003164603,-0.003119959,-0.003433664,-0.00352081,-0.003220094,-0.003493247,-0.00379749,-0.003710075,-0.003425185,-0.003694631,-0.003618415,-0.003370091,-0.003630362,-0.003696116,-0.003535731,-0.00355235,-0.003753001,-0.003554013,-0.003444739,-0.003600986,-0.003671273,-0.003415358
GDOR,-0.003647709,-0.003370977,-0.003496106,-0.003262408,-0.00310126,-0.003101015,-0.002858344,-0.002488216,-0.002399315,-0.002742725,-0.002080764,-0.002362397,-0.001985231,-0.001533698,-0.001322616,-0.001226881,-0.001326398,-0.0005466425,-0.0009217227,-0.0009224328,-0.0004485793,-0.0001731308,0.0002129078,0.0002405996,0.001008006,0.0004616543,0.0008430101,0.001297696,0.001304396,0.001848147,0.001476459,0.002686134,0.002289876,0.002483892,0.00310963,0.00296554,0.003838285,0.003196015,0.00400123,0.004210539,0.004083399,0.004684171,0.004106935,0.005354917,0.005165441,0.006059347,0.006436507,0.005640007,0.006465253,0.005932038,0.007049401,0.006141838,0.006982116,0.007261314,0.006995322,0.007581405,0.006974899,0.008514808,0.007612789,0.007910663,0.008619298,0.0080727,0.008660811,0.007954386,0.00906355,0.008686428,0.008459538,0.009258236,0.008488164,0.009187588,0.008690827,0.009717817,0.008976016,0.008869248,0.009823213,0.008698003,0.009305133,0.00906774,0.009353817,0.008992083,0.008661312,0.00985734,0.008582377,0.009062169,0.008338887,0.009114702,0.008163556,0.008242494,0.009443723,0.008064852,0.008403558,0.008543759,0.008362519,0.007705113,0.007619017,0.008491636,0.006706101,0.007807279,0.007456442,0.007166953,0.007077768,0.006615205,0.007974912,0.005702108,0.006762492,0.006703127,0.006002662,0.005976266,0.0054821,0.006115996,0.004962435,0.005338138,0.005494906,0.004673938,0.004820797,0.003886107,0.004646674,0.003296813,0.003785525,0.003650973,0.003265245,0.002938745,0.002937994,0.002837541,0.00181788,0.002139839,0.002651967,0.001487827,0.002029004,0.001709185,0.001635579,0.00061888,0.0007749988,0.001137214,-0.0001102843,0.0004614717,-0.0002979313,1.462495e-05,-0.0007112412,-0.0006933626,-0.0004076954,-0.001246048,-0.0007946502,-0.001316343,-0.001270669,-0.002000428,-0.001796644,-0.001616306,-0.002568442,-0.001668787,-0.002316898,-0.002042064,-0.002324338,-0.002709074,-0.002382943,-0.003187458,-0.002607274,-0.003038353,-0.003226256,-0.003101367,-0.003422593,-0.00316013,-0.003716719,-0.003337101,-0.003549307,-0.003485062,-0.003339345,-0.003853279,-0.003555419,-0.003955554,-0.003808536,-0.004054471,-0.003913495,-0.003940154,-0.004309733,-0.004043756,-0.004365465,-0.004119423,-0.004211299,-0.004226477,-0.004064048,-0.004558806,-0.003935905,-0.004348279,-0.00425794,-0.004166193,-0.004227117,-0.004046037,-0.004327141,-0.003918772,-0.0042031,-0.004129958,-0.004024651,-0.003856816,-0.003582778,-0.004023041,-0.003563708,-0.003640528,-0.003582485,-0.003460047
GDOR,-0.002119615,-0.002558265,-0.002378841,-0.002740291,-0.002493012,-0.002869527,-0.002955953,-0.003148948,-0.003103841,-0.003238671,-0.003342843,-0.00332138,-0.003669341,-0.003542093,-0.003788162,-0.003648242,-0.003941991,-0.003756335,-0.004084405,-0.003970958,-0.004058304,-0.004159434,-0.004316895,-0.004251943,-0.004420553,-0.004416589,-0.004458732,-0.004512007,-0.004398475,-0.004598742,-0.004420806,-0.004551348,-0.004558847,-0.004626994,-0.004506257,-0.004602836,-0.00452502,-0.004625343,-0.004583784,-0.004564147,-0.004458374,-0.004538468,-0.004414488,-0.004595003,-0.004341262,-0.004350272,-0.00428258,-0.004245305,-0.004189585,-0.004089856,-0.004025672,-0.003982272,-0.003999338,-0.003776549,-0.003834568,-0.003584857,-0.003693416,-0.003395171,-0.003544465,-0.003127966,-0.003159975,-0.003027082,-0.002924347,-0.002839019,-0.002683399,-0.002575943,-0.002417976,-0.002428458,-0.002077117,-0.002284071,-0.001757524,-0.001952169,-0.001640835,-0.001747802,-0.001194078,-0.001472173,-0.001005055,-0.0008852527,-0.0009229596,-0.0004592111,-0.0004208743,-0.0002041174,-0.0001523944,0.0001648774,9.052909e-05,0.0006852833,0.0004090306,0.0009758364,0.0007270111,0.001232939,0.001294096,0.001648642,0.001605068,0.00188724,0.001990295,0.002057949,0.002599259,0.002443785,0.002869173,0.002663254,0.003405181,0.002948737,0.003599744,0.003400188,0.00372485,0.003797992,0.004151177,0.004141095,0.004329039,0.00451134,0.004421016,0.005098364,0.004741031,0.005425612,0.004968789,0.005568039,0.005303381,0.005876642,0.00547184,0.005942467,0.005690356,0.005942923,0.006139001,0.006002281,0.006274809,0.006035016,0.006545942,0.006075822,0.006749836,0.006121681,0.006683983,0.006086277,0.006681295,0.006360784,0.006491197,0.00635114,0.00643967,0.006474968,0.006288698,0.00654009,0.00609449,0.00617593,0.005890469,0.006218745,0.005684493,0.006090147,0.005761278,0.005942926,0.00568469,0.005617979,0.005541746,0.005320685,0.005345121,0.005178961,0.005124735,0.004840354,0.005011964,0.004682961,0.00443964,0.004343379,0.004281922,0.004119408,0.003966357,0.003725566,0.003542208,0.003479665,0.003164525,0.003157403,0.002953341,0.002659258,0.00247889,0.002395688,0.002141792,0.002102812,0.001874782,0.001557765,0.001500413,0.001248848,0.001228023,0.001047823,0.0007156481,0.0007003078,0.0004147591,0.0004685937,-6.762116e-07,0.0001675657,-0.0003779554,-0.0002236188,-0.0005339305,-0.0004747914,-0.000964755,-0.0008087304,-0.001216713,-0.001113645,-0.00137854,-0.001656563,-0.001695929,-0.001858475,-0.001875537,-0.00218437
GDOR,-0.001446005,-0.001191784,-0.001080561,-0.0008611142,-0.0007486058,-0.0005779339,-0.0007867768,-0.0004088806,-0.0002118341,-0.0001702437,-0.0002975811,0.0001303086,-0.0005650394,0.000418325,0.0005212461,0.0006541878,0.001020967,0.001046747,0.001154789,0.001429441,0.001593401,0.001535343,0.002040341,0.001892084,0.002193934,0.002233474,0.002633258,0.002397414,0.002729831,0.002823194,0.002998415,0.003068146,0.00341247,0.003127695,0.003490605,0.003537185,0.003735955,0.003521709,0.003783545,0.003922293,0.004117469,0.004020526,0.004225797,0.004206756,0.004062089,0.004288978,0.004659965,0.004423003,0.004469772,0.004580374,0.004613474,0.004695403,0.004587172,0.004737553,0.004657849,0.004809472,0.004503421,0.004764305,0.004462458,0.004866726,0.00451308,0.004811564,0.004450831,0.004737712,0.004410669,0.004508596,0.004201265,0.004665121,0.004091516,0.004603974,0.004053984,0.004247087,0.004171773,0.004102495,0.004219257,0.003896007,0.00402305,0.003630467,0.003859011,0.003477097,0.003730163,0.003368364,0.003666118,0.003024389,0.003207159,0.002770142,0.003197215,0.002796774,0.002852895,0.002285046,0.002860591,0.002228304,0.002242104,0.002170199,0.002145899,0.001930391,0.00176402,0.001955719,0.001440917,0.001868221,0.001333227,0.001485603,0.0009016967,0.001232631,0.000803049,0.001015918,0.0005247365,0.000584033,0.0001077573,0.0002665929,0.0002142076,0.0002141106,-0.0002600205,-0.0002143867,-0.0003137682,-0.0007024554,-0.0005325347,-0.0007503266,-0.0006316342,-0.0009150794,-0.000699414,-0.001040309,-0.0009145664,-0.001234147,-0.001117036,-0.001452179,-0.001359939,-0.001606765,-0.001602604,-0.001862673,-0.001816427,-0.001995602,-0.002077121,-0.001946314,-0.002212584,-0.00232874,-0.002478429,-0.00252136,-0.002726298,-0.002648662,-0.002761504,-0.002807644,-0.00322283,-0.00295314,-0.003229239,-0.003057881,-0.003386787,-0.00325344,-0.003440698,-0.00331689,-0.003499661,-0.003338877,-0.003617615,-0.003429823,-0.003592765,-0.003545026,-0.003711744,-0.003614212,-0.003809233,-0.003589577,-0.00372931,-0.003698888,-0.003647613,-0.003745893,-0.003716961,-0.003726538,-0.003667206,-0.003722616,-0.003628703,-0.003769701,-0.003702025,-0.00371512,-0.003602279,-0.003588319,-0.003470447,-0.003426705,-0.003606742,-0.003461557,-0.003283532,-0.003233736,-0.003234424,-0.003009466,-0.003092444,-0.003303401,-0.003027759,-0.002970292,-0.002757283,-0.002602727,-0.002662082,-0.002541801,-0.002457112,-0.002305745,-0.002201542,-0.002192255,-0.002106711,-0.001883317,-0.001808161,-0.00162726,-0.001448523,-0.001152138
GDOR,-0.001046031,-0.001559055,-0.003029295,-0.003478612,-0.003205725,-0.003852847,-0.004334238,-0.004612544,-0.00564252,-0.005586439,-0.006003754,-0.006399885,-0.007363107,-0.007826458,-0.007290685,-0.007318696,-0.007812448,-0.008217419,-0.009143797,-0.00900901,-0.009313786,-0.01000047,-0.009759049,-0.01025818,-0.01054257,-0.01119864,-0.01118764,-0.01110764,-0.01153382,-0.01153224,-0.01146655,-0.01174748,-0.0119566,-0.01189182,-0.01215523,-0.01242202,-0.01243774,-0.01252274,-0.0125151,-0.01253477,-0.01271296,-0.01273373,-0.01291824,-0.01264197,-0.0126464,-0.01254175,-0.0124974,-0.01266734,-0.012562,-0.01223877,-0.01236856,-0.01222122,-0.01205816,-0.01184411,-0.01171381,-0.01155092,-0.01159372,-0.01131179,-0.01113172,-0.01091535,-0.01090066,-0.01069397,-0.01036805,-0.01003664,-0.009435161,-0.009420937,-0.009061946,-0.008821741,-0.008393891,-0.007877571,-0.007300166,-0.006733346,-0.006465177,-0.006439522,-0.006028834,-0.005514714,-0.005288191,-0.004704427,-0.004022399,-0.003650255,-0.003154327,-0.002477403,-0.001996462,-0.00149405,-0.002070142,-0.001481279,0.000387099,0.0007512057,0.001523808,0.001636753,0.002633634,0.002808918,0.003906246,0.00498669,0.004534336,0.00622409,0.006265332,0.006988406,0.007619124,0.008543845,0.00869616,0.009453657,0.01029395,0.01062632,0.01114343,0.01179339,0.01234591,0.0128582,0.01348563,0.01370813,0.01446759,0.01478548,0.01506268,0.01519227,0.01580063,0.01618979,0.01640528,0.01668655,0.01767621,0.0181166,0.01819012,0.01842307,0.01870205,0.01863462,0.01860983,0.01873767,0.01875758,0.01880567,0.0188242,0.01880428,0.01889671,0.01893913,0.01868365,0.01889056,0.01845761,0.01837514,0.01867493,0.01837505,0.01865632,0.01738537,0.01741387,0.0176884,0.01763041,0.01745196,0.01722663,0.0169663,0.01694318,0.01668516,0.01644485,0.01605217,0.01571006,0.01495408,0.01508639,0.01498766,0.01436521,0.01431965,0.01361248,0.01385131,0.01351656,0.01311324,0.01252029,0.01250431,0.01246933,0.01203458,0.01154013,0.01142262,0.01132107,0.01107105,0.01037117,0.009754562,0.008719314,0.008070574,0.00951645,0.009265561,0.008808418,0.008644475,0.008301137,0.007849387,0.007606664,0.00737465,0.006986187,0.006321496,0.005995708,0.00558588,0.005129058,0.00487962,0.004243287,0.003761317,0.003408092,0.00271362,0.002229272,0.002017037,0.001101363,0.0003678064,-0.0002744629,-0.0004545386,-0.0009154221,-0.001113331,-0.001716431,-0.002482793
RR,0.1647345,0.1595218,0.1550591,0.1495652,0.1440402,0.1396211,0.1345768,0.1295797,0.1248659,0.1204479,0.1158113,0.1107658,0.1063637,0.1021207,0.09737752,0.09269334,0.08839801,0.08379468,0.08026088,0.07521413,0.07104006,0.066474,0.06276541,0.05787979,0.05431422,0.04989187,0.04632818,0.04202287,0.03755514,0.03433618,0.02975521,0.02601374,0.02275355,0.01892616,0.01521806,0.01170296,0.008376883,0.004315474,0.001476547,-0.002483235,-0.005052583,-0.007959074,-0.01155215,-0.01418908,-0.01717967,-0.01967515,-0.02223976,-0.02517158,-0.02759589,-0.03065307,-0.03289293,-0.03495068,-0.03736659,-0.03940773,-0.04159172,-0.04347719,-0.04600767,-0.04829176,-0.05001363,-0.05151933,-0.05304498,-0.05585027,-0.05738984,-0.05927878,-0.06161734,-0.06358694,-0.06534737,-0.06745527,-0.06938533,-0.07146736,-0.07331558,-0.07616906,-0.07761534,-0.08029744,-0.08253091,-0.08462446,-0.08664701,-0.08825143,-0.09018686,-0.09184922,-0.09419017,-0.09600864,-0.09650713,-0.09787653,-0.09811785,-0.09883764,-0.09945687,-0.09961855,-0.09964468,-0.09995233,-0.09966892,-0.0995551,-0.1001038,-0.1006799,-0.1014378,-0.1024732,-0.104138,-0.1069733,-0.1087858,-0.1121713,-0.1152342,-0.1187679,-0.1224084,-0.1268011,-0.1314916,-0.1353859,-0.1408342,-0.1451539,-0.150328,-0.1552681,-0.1603136,-0.1650677,-0.1702066,-0.1752699,-0.1801857,-0.1850281,-0.1887876,-0.1928151,-0.1964722,-0.2005815,-0.2039594,-0.2065901,-0.2084008,-0.2092716,-0.2097396,-0.2095086,-0.2075635,-0.2046181,-0.1995079,-0.1914259,-0.1810836,-0.1681448,-0.1528361,-0.1331717,-0.1095647,-0.07966787,-0.04565351,-0.01008898,0.03006298,0.07010958,0.1092913,0.1429083,0.172319,0.2016933,0.2313107,0.2607328,0.2924775,0.3267856,0.361666,0.3933749,0.4199544,0.4422182,0.4578129,0.4684476,0.4737596,0.4737329,0.4717287,0.4667262,0.4602721,0.4523576,0.4432413,0.4348278,0.4248443,0.41637,0.4071217,0.3972006,0.3874755,0.3792028,0.3700152,0.3617151,0.3535187,0.3447711,0.3368641,0.3276514,0.3212049,0.3126014,0.3062941,0.2995213,0.291784,0.2853839,0.2795516,0.2724496,0.2664459,0.2598388,0.2540414,0.2475902,0.2421313,0.2355474,0.2302106,0.224751,0.218702,0.2130984,0.2075638,0.20221,0.1969537,0.1912573,0.1859913,0.180662,0.1748048,0.1705341
RR,-0.07401852,-0.06657241,-0.05985827,-0.05135519,-0.04244315,-0.03422362,-0.02482999,-0.01475294,-0.004793417,0.006292182,0.01729826,0.02787804,0.03943468,0.0507986,0.06134396,0.07196625,0.08182602,0.09088211,0.100556,0.1080435,0.1157704,0.1214475,0.1266533,0.1303006,0.1335777,0.135166,0.1353171,0.1355533,0.1343534,0.1329188,0.1306652,0.1279895,0.1250463,0.1225601,0.121256,0.1204848,0.1207958,0.122518,0.1247073,0.1266501,0.1295945,0.1336706,0.1370262,0.1404141,0.1438279,0.1464428,0.1490534,0.1515151,0.1533153,0.1544383,0.1551953,0.1555629,0.1555605,0.155334,0.1548484,0.1540664,0.1525283,0.1515096,0.149267,0.1479978,0.1464136,0.1439299,0.1416856,0.1393079,0.1373383,0.1348383,0.1327569,0.1300019,0.1280108,0.1253814,0.1224877,0.1199935,0.1179435,0.1145554,0.1127176,0.10968,0.1068508,0.1050662,0.1018072,0.09923992,0.09645952,0.09346644,0.09084055,0.08802059,0.08507999,0.08274087,0.07919838,0.07670156,0.07275812,0.07037675,0.06739071,0.06431822,0.06114496,0.05711399,0.05442262,0.05073871,0.0468808,0.04363421,0.04010793,0.0363878,0.03311205,0.02951151,0.02588176,0.02239237,0.01833917,0.01438079,0.01035026,0.007094544,0.002590384,-0.0006855735,-0.004720923,-0.008377882,-0.01239928,-0.0166769,-0.01996102,-0.02413029,-0.02800713,-0.03199966,-0.0357191,-0.03885482,-0.04373981,-0.04751252,-0.05096575,-0.05408406,-0.05857969,-0.06184203,-0.06534282,-0.06940913,-0.07252263,-0.07611202,-0.08013315,-0.08378945,-0.0871931,-0.08972602,-0.09338313,-0.09654579,-0.09966122,-0.1028424,-0.1055696,-0.1082201,-0.1111577,-0.1133461,-0.1160351,-0.1179103,-0.1209073,-0.1222159,-0.1242778,-0.1259412,-0.1276246,-0.1291594,-0.1304805,-0.1322083,-0.133429,-0.1339862,-0.1356135,-0.1359838,-0.1369799,-0.137387,-0.1383729,-0.1384898,-0.1395811,-0.1398781,-0.1397029,-0.1400199,-0.140607,-0.1413173,-0.1409656,-0.1410058,-0.141277,-0.1413015,-0.140964,-0.1414741,-0.1410832,-0.1407282,-0.1402041,-0.1402983,-0.1394298,-0.1393601,-0.1381292,-0.1372612,-0.1366602,-0.1360323,-0.1347423,-0.1334148,-0.1317176,-0.1302822,-0.1285016,-0.126608,-0.1246265,-0.1216191,-0.1185777,-0.1157006,-0.1137046,-0.1095107,-0.1057437,-0.101183,-0.09694445,-0.09146976,-0.08610811,-0.08054656
RR,0.09870842,0.09996662,0.1007698,0.1009822,0.1001452,0.09969595,0.09895353,0.0980067,0.09841801,0.09867639,0.0996189,0.1022213,0.1039494,0.1073108,0.1107882,0.1134067,0.1179376,0.1221355,0.1251865,0.1290503,0.132169,0.1349046,0.1373774,0.1391664,0.1407999,0.1429506,0.1433824,0.1438989,0.1445358,0.1438701,0.1448196,0.1443517,0.1431926,0.1428193,0.1418838,0.1410915,0.1401546,0.1388967,0.1371826,0.1367198,0.1349778,0.1329038,0.1321361,0.1304754,0.1287992,0.1271298,0.1251297,0.1233302,0.1210323,0.1192673,0.1172383,0.1151626,0.1124632,0.1109565,0.1080165,0.1051041,0.1033957,0.1005407,0.0973643,0.09429691,0.09212732,0.0888144,0.08568909,0.08242027,0.07947972,0.07608266,0.07250512,0.06881963,0.06561828,0.06230254,0.05808823,0.0545896,0.05111562,0.04717578,0.04286349,0.03950631,0.03565954,0.03169302,0.02804559,0.02369483,0.01966057,0.01566098,0.01188226,0.007313467,0.003521524,-0.0007462628,-0.004334106,-0.008266845,-0.01281201,-0.01691335,-0.02061682,-0.02541548,-0.0288727,-0.03299499,-0.03739377,-0.04128904,-0.0454189,-0.04936346,-0.05323137,-0.05713478,-0.06076018,-0.06480767,-0.06864651,-0.07251899,-0.07550518,-0.07922956,-0.08284561,-0.08669347,-0.089536,-0.09287852,-0.09604565,-0.09961429,-0.102376,-0.1048895,-0.1080511,-0.1106138,-0.1128326,-0.1157475,-0.1176527,-0.1205596,-0.12295,-0.1246441,-0.1274232,-0.1283771,-0.1311316,-0.1326998,-0.134001,-0.1358904,-0.1375666,-0.1389152,-0.1401995,-0.1418685,-0.1433601,-0.1441399,-0.1457003,-0.1464031,-0.1474754,-0.1486124,-0.1493839,-0.1502599,-0.1509284,-0.1518289,-0.1523411,-0.1526644,-0.1531829,-0.1532288,-0.1536201,-0.1542687,-0.1544338,-0.1538766,-0.1542984,-0.153549,-0.153258,-0.1528314,-0.1521153,-0.1515731,-0.1505289,-0.1486974,-0.1479267,-0.146003,-0.1445263,-0.1428161,-0.1404592,-0.1380991,-0.1357503,-0.1324748,-0.1292394,-0.1259453,-0.1217525,-0.1180205,-0.1141479,-0.1087775,-0.1042178,-0.09883916,-0.09224242,-0.08708631,-0.08047447,-0.07304419,-0.06595545,-0.05847665,-0.04973298,-0.04226585,-0.03312792,-0.02392571,-0.01571126,-0.005105743,0.003563474,0.01265739,0.02263922,0.03174896,0.04084661,0.04988763,0.05832593,0.06574246,0.0728443,0.07889453,0.08437797,0.08989563,0.09341335,0.09642652
RR,-0.127428,-0.130693,-0.1352378,-0.1394666,-0.1446373,-0.1499736,-0.1552095,-0.1594191,-0.1654795,-0.1719991,-0.1766384,-0.1816317,-0.1861913,-0.1908173,-0.1955245,-0.2000359,-0.2016874,-0.2054546,-0.2077475,-0.2097968,-0.2105443,-0.2102122,-0.2087079,-0.2067142,-0.2021667,-0.1965739,-0.1887153,-0.1783136,-0.1656777,-0.1479906,-0.1258456,-0.09659263,-0.06084764,-0.01425062,0.0434783,0.1110481,0.1747515,0.2342841,0.289861,0.3569308,0.429482,0.5064017,0.5782444,0.6413407,0.6882727,0.7191375,0.7383169,0.7464471,0.7476133,0.7436194,0.7341483,0.7229514,0.7128155,0.6986746,0.6835938,0.66731,0.6525506,0.635855,0.6213278,0.6047134,0.5900958,0.5738477,0.5597733,0.5442565,0.5303864,0.5162363,0.5025701,0.4902162,0.4762492,0.4634254,0.4512855,0.4398381,0.4294043,0.4163857,0.4060347,0.3965184,0.3859302,0.3749792,0.3657812,0.3564918,0.3466369,0.3375368,0.3291313,0.3201673,0.3112081,0.3031723,0.2948087,0.2871576,0.2793302,0.2715483,0.2642484,0.2570816,0.2493377,0.2421015,0.2350733,0.2292419,0.2212268,0.2151657,0.2089907,0.2020645,0.195517,0.188925,0.1828568,0.1763423,0.1698202,0.1640659,0.1577797,0.1525656,0.1463924,0.1391211,0.1337252,0.12761,0.1219248,0.1158891,0.1093611,0.1033897,0.09722011,0.0904766,0.08472316,0.07873207,0.07273788,0.06665582,0.06114684,0.05501883,0.04922575,0.04326814,0.03855121,0.03246573,0.02655931,0.0211558,0.01568401,0.01021396,0.005094075,0.000606022,-0.004691431,-0.009043698,-0.01402492,-0.01806104,-0.02286063,-0.02635787,-0.03071317,-0.03408258,-0.03782757,-0.04127212,-0.04512762,-0.04836874,-0.05064249,-0.0536884,-0.05584053,-0.05808755,-0.06062652,-0.06281403,-0.06466842,-0.06594219,-0.0684536,-0.0699151,-0.07116903,-0.07244811,-0.0733024,-0.074972,-0.07615523,-0.07677016,-0.07833515,-0.07943549,-0.08033699,-0.08067677,-0.08225399,-0.08278115,-0.08405016,-0.08569153,-0.08697803,-0.08877925,-0.09092886,-0.09273095,-0.09426984,-0.09760062,-0.1001724,-0.1028947,-0.1065375,-0.1099598,-0.1129116,-0.1160512,-0.1194437,-0.1216825,-0.1241203,-0.1251114,-0.1252868,-0.1255545,-0.1247584,-0.1234516,-0.1221304,-0.120384,-0.119071,-0.1182208,-0.1173677,-0.1179067,-0.1180721,-0.1195155,-0.1221648,-0.1229629
RR,0.0004460274,-0.003974058,-0.00789756,-0.01101559,-0.01527657,-0.01862733,-0.02208868,-0.02599417,-0.02875772,-0.03209011,-0.03456464,-0.0367655,-0.03941833,-0.04189773,-0.04393408,-0.04585731,-0.0483086,-0.04992484,-0.05167189,-0.05278362,-0.05417734,-0.05533658,-0.0566116,-0.05824091,-0.0594506,-0.05996442,-0.0609195,-0.06254382,-0.06297672,-0.06356899,-0.06428129,-0.06559811,-0.06669976,-0.06784014,-0.06941519,-0.07070755,-0.07127389,-0.07278196,-0.07490592,-0.07638906,-0.07758967,-0.0793058,-0.08166455,-0.08280359,-0.08475427,-0.08628866,-0.08808043,-0.08998787,-0.09178398,-0.09236749,-0.09353334,-0.0946564,-0.09537276,-0.09646088,-0.09714862,-0.0984593,-0.09825113,-0.09864348,-0.09988609,-0.100801,-0.1009957,-0.103801,-0.1046858,-0.1067911,-0.1096234,-0.1139705,-0.1179592,-0.1225829,-0.1281898,-0.1339474,-0.1390581,-0.1451499,-0.1507399,-0.1564674,-0.1626104,-0.1679486,-0.173691,-0.1784664,-0.1836777,-0.1886311,-0.1916689,-0.1959886,-0.1989821,-0.2023572,-0.2045277,-0.2057711,-0.2063893,-0.2075952,-0.2064569,-0.2046077,-0.2017358,-0.1961193,-0.1895732,-0.1794663,-0.1662268,-0.1493522,-0.1256497,-0.09496625,-0.05448206,-0.0009385899,0.06418423,0.1359819,0.1977231,0.2492885,0.3032983,0.3736036,0.4679805,0.5654138,0.6504582,0.7099661,0.7474586,0.7642441,0.7681775,0.765118,0.758653,0.7459494,0.731806,0.7157713,0.7006833,0.6827367,0.6659722,0.6486639,0.6310441,0.6144735,0.5976138,0.5817595,0.5658273,0.5511745,0.5355942,0.5210488,0.5075269,0.4941197,0.4801974,0.4681153,0.4548704,0.4433556,0.4306458,0.4195206,0.4079954,0.3963622,0.3867185,0.376074,0.3647762,0.3546643,0.3456037,0.3361875,0.3268172,0.3182063,0.3097349,0.300881,0.2929617,0.2845202,0.276742,0.2683933,0.2609704,0.2533676,0.2461954,0.2390343,0.2323421,0.2256236,0.219293,0.2124831,0.2065425,0.200297,0.1938946,0.1880264,0.1816085,0.1759259,0.1700616,0.1646118,0.1587019,0.1525786,0.1468085,0.1412635,0.1354146,0.1310982,0.124683,0.1189446,0.1131935,0.107704,0.1021388,0.09704322,0.09103648,0.08569399,0.08044676,0.07532494,0.06926855,0.06277368,0.05766865,0.05285418,0.04815636,0.0421601,0.03763695,0.03289701,0.02784669,0.02277299,0.01734929,0.01344521,0.009297365,0.004553141
RR,-0.07313184,-0.07472282,-0.07603847,-0.07776161,-0.07931548,-0.08003271,-0.08143139,-0.08333015,-0.08382809,-0.08509874,-0.08615162,-0.08752389,-0.0888143,-0.09018461,-0.09048857,-0.09152733,-0.09268667,-0.0936415,-0.09408477,-0.09479423,-0.09521355,-0.09547627,-0.0959431,-0.09655917,-0.09662752,-0.09698032,-0.09682711,-0.09704822,-0.09671032,-0.09644133,-0.0957156,-0.09559739,-0.09499079,-0.0938995,-0.09309869,-0.09265158,-0.09154359,-0.08989156,-0.08894676,-0.08738133,-0.08538995,-0.08363803,-0.08220772,-0.07979047,-0.07769357,-0.0753248,-0.07281934,-0.07018106,-0.06737491,-0.06407764,-0.06087032,-0.05723739,-0.05391403,-0.04958088,-0.04559465,-0.04170334,-0.03725404,-0.0325815,-0.02775781,-0.02237578,-0.01767711,-0.01241599,-0.006939464,-0.001706016,0.004681961,0.01071796,0.0172306,0.02343571,0.02926033,0.03581562,0.04221197,0.04860458,0.05509255,0.06168513,0.06797904,0.0744698,0.08088464,0.08702891,0.0931254,0.09919755,0.1048181,0.110232,0.1149727,0.1203631,0.124704,0.1294792,0.1333019,0.1373068,0.1406055,0.1437495,0.1473064,0.1493776,0.1517353,0.1539705,0.1557781,0.1573173,0.1588019,0.1602421,0.1611018,0.1614487,0.1624535,0.1626376,0.1632232,0.1628342,0.1624063,0.1624103,0.1611568,0.1607605,0.159972,0.1588618,0.1579328,0.1559497,0.1543116,0.1527931,0.1504286,0.1483375,0.1458026,0.1440138,0.1410065,0.1383431,0.1358837,0.1327861,0.129833,0.1265769,0.1238418,0.1206179,0.1172242,0.1143662,0.1106446,0.1071483,0.1038347,0.1006005,0.09702601,0.09380472,0.09024961,0.08658458,0.08299983,0.08021948,0.0767301,0.07312482,0.06946687,0.06646562,0.06323968,0.05990105,0.05648024,0.05308839,0.04977183,0.04631335,0.04342547,0.04015604,0.0372966,0.03376126,0.03085293,0.02779344,0.02494491,0.02203656,0.01893882,0.01596173,0.0136461,0.01068971,0.007920486,0.005118545,0.002434912,-2.367209e-05,-0.00297283,-0.005198125,-0.007672312,-0.01006927,-0.01265688,-0.01471323,-0.01713071,-0.01946672,-0.02150085,-0.02403961,-0.02585362,-0.02800462,-0.030224,-0.03258369,-0.03420347,-0.03647028,-0.03839482,-0.04080405,-0.04218728,-0.04447041,-0.04598207,-0.048238,-0.04990736,-0.05140966,-0.05330054,-0.05526968,-0.05712399,-0.05850402,-0.06050122,-0.06230851,-0.06358992,-0.06548602,-0.06722876,-0.06869124,-0.07010504,-0.07168777
RR,-0.1255598,-0.1266365,-0.1271805,-0.1282587,-0.1289438,-0.1295889,-0.1303142,-0.1314539,-0.1315017,-0.1328804,-0.1330304,-0.1338921,-0.1345339,-0.1350498,-0.135527,-0.1358269,-0.1367223,-0.1372146,-0.1373261,-0.1375698,-0.1378053,-0.1380915,-0.1387845,-0.1382466,-0.1380364,-0.1381169,-0.1375954,-0.1373094,-0.1361689,-0.135495,-0.1342339,-0.1327836,-0.1316857,-0.1295529,-0.12761,-0.1256473,-0.1229,-0.1200349,-0.1170258,-0.1129974,-0.1087387,-0.1043681,-0.09976509,-0.09372557,-0.08789197,-0.08193306,-0.07425421,-0.06695817,-0.05889659,-0.05019756,-0.04096127,-0.03188012,-0.02177827,-0.01147714,-0.0009223454,0.009922964,0.02052459,0.03140957,0.04209536,0.0522979,0.06220074,0.07194752,0.08028435,0.08872175,0.09572259,0.1016256,0.1071967,0.1117145,0.1149312,0.1168258,0.1177925,0.1177278,0.1178762,0.116883,0.1145529,0.1131988,0.111567,0.110705,0.1111942,0.1118022,0.1136193,0.1157745,0.1192748,0.1230339,0.1268668,0.1302516,0.1339014,0.1377503,0.1413946,0.143405,0.1461866,0.1487011,0.1507135,0.1520662,0.1529039,0.153495,0.1533914,0.1544335,0.153487,0.1530958,0.1517866,0.151231,0.150518,0.1486143,0.1473561,0.1455634,0.1446225,0.1424757,0.1405023,0.1389135,0.1369925,0.1353793,0.133443,0.1306272,0.1288175,0.126824,0.1246496,0.1225122,0.1205568,0.1173345,0.1151554,0.113445,0.1103591,0.1079166,0.1053578,0.1023934,0.1003202,0.09731582,0.0944479,0.09157543,0.08875295,0.0858601,0.08254269,0.07904185,0.07580069,0.07262724,0.06927858,0.06563208,0.06229791,0.05912951,0.05531868,0.05163451,0.04741363,0.04378904,0.04014999,0.03616715,0.03212555,0.02830972,0.02405271,0.01994418,0.01606363,0.01264731,0.008468203,0.00383321,1.310047e-05,-0.003866207,-0.007864402,-0.01200225,-0.0162148,-0.0201446,-0.02388148,-0.02809773,-0.03167619,-0.03579718,-0.03954657,-0.04355356,-0.04733086,-0.05122397,-0.05479316,-0.05826107,-0.06198689,-0.0654856,-0.06895223,-0.07260823,-0.0758541,-0.07933626,-0.08224782,-0.08516677,-0.08820135,-0.09128675,-0.09381317,-0.09602098,-0.09881119,-0.1015634,-0.1033167,-0.1053501,-0.1074222,-0.1093833,-0.1110863,-0.1124917,-0.1141013,-0.1154833,-0.117323,-0.1183027,-0.1196964,-0.1204349,-0.1217351,-0.1226255,-0.1242076,-0.1248542
RR,-0.01334709,-0.01669249,-0.01951069,-0.0218888,-0.0248414,-0.0273987,-0.02984639,-0.03273557,-0.03539475,-0.03765537,-0.04042695,-0.0429711,-0.04592077,-0.04819803,-0.0502886,-0.05314169,-0.05563819,-0.05774997,-0.05991906,-0.06244598,-0.06435012,-0.06666379,-0.06873995,-0.07054433,-0.07242018,-0.0747614,-0.07640512,-0.0784023,-0.07971662,-0.08118384,-0.08331205,-0.084667,-0.08633255,-0.08816984,-0.08899235,-0.08976574,-0.09128048,-0.09190657,-0.0933406,-0.09420353,-0.09512567,-0.09586573,-0.09643615,-0.09729128,-0.09749557,-0.09799319,-0.09854148,-0.09841457,-0.09880069,-0.09903428,-0.09883883,-0.09892236,-0.09900751,-0.09863383,-0.09840558,-0.09802658,-0.09812624,-0.09745592,-0.09666903,-0.09611342,-0.09520271,-0.0945368,-0.09364697,-0.09292053,-0.09161153,-0.09065151,-0.08924894,-0.08785518,-0.08618581,-0.08454727,-0.08365873,-0.08089547,-0.07958017,-0.07771523,-0.07552135,-0.07328912,-0.07072861,-0.06836829,-0.06557132,-0.06284942,-0.05974795,-0.05659445,-0.05324609,-0.04991888,-0.04612961,-0.0427755,-0.03867068,-0.03472261,-0.03031851,-0.02582598,-0.02116465,-0.01626325,-0.0120967,-0.007102758,-0.002273551,0.002632482,0.007347536,0.01317998,0.01849896,0.02325335,0.02829402,0.03334509,0.03793109,0.04242303,0.04687459,0.05171509,0.05567353,0.05903135,0.06317585,0.06662726,0.06945111,0.07312213,0.07610354,0.0779743,0.08026133,0.08236298,0.08393141,0.08632835,0.08802019,0.08962831,0.09112092,0.09249908,0.09373758,0.09514284,0.09615143,0.09732004,0.09909367,0.1003602,0.101239,0.1022747,0.1035818,0.1053091,0.1055382,0.1065154,0.1069847,0.1079748,0.1087015,0.1089219,0.1092173,0.1093177,0.109793,0.1092752,0.109247,0.1087617,0.1081269,0.1071432,0.1061483,0.1052547,0.10424,0.1036802,0.1022103,0.1003949,0.09916056,0.09806646,0.09638263,0.09447502,0.0926808,0.09053033,0.0894436,0.087429,0.08543336,0.08337204,0.0808835,0.07913348,0.07760863,0.0749887,0.07270709,0.07046347,0.06802228,0.0657283,0.06375386,0.06072438,0.05849338,0.05680363,0.05451147,0.05180681,0.04965476,0.04657573,0.04456722,0.04210563,0.03925051,0.03643313,0.03427966,0.0317451,0.02888687,0.02651588,0.02427176,0.021098,0.01891596,0.01568005,0.01291655,0.01057213,0.007503508,0.004878954,0.0025683,0.0001449129,-0.002920192,-0.005826123,-0.00898618,-0.01088475
RR,-0.1888442,-0.1939572,-0.1993246,-0.2036393,-0.2084135,-0.2127068,-0.2157316,-0.2188338,-0.2216395,-0.2243395,-0.2258784,-0.2263165,-0.2260561,-0.2241567,-0.2217487,-0.217298,-0.2099661,-0.2010133,-0.1877342,-0.1719151,-0.1504908,-0.1229132,-0.08721426,-0.04033613,0.01711627,0.08194447,0.1457323,0.1921538,0.2232622,0.2574351,0.3002204,0.3500778,0.4057361,0.4584325,0.5036407,0.5403105,0.5685571,0.5850278,0.5936859,0.595325,0.592048,0.5860301,0.5761284,0.5659088,0.5547988,0.5428979,0.5282589,0.5166268,0.5044977,0.4915999,0.4799375,0.4668077,0.4555884,0.4432085,0.4331811,0.4218039,0.4107809,0.4010664,0.3914251,0.3812334,0.3724188,0.3637107,0.3542858,0.3461623,0.3385891,0.3294535,0.3221681,0.3137924,0.3062297,0.2988816,0.2922996,0.2847996,0.2780215,0.2703573,0.2639782,0.2568102,0.2505099,0.243609,0.2371362,0.2301073,0.2246054,0.2181473,0.2126302,0.2055821,0.1995334,0.1926452,0.1868785,0.1810199,0.174024,0.1695713,0.1627238,0.156551,0.1507609,0.1455257,0.1394618,0.1340823,0.1280753,0.1234448,0.1174557,0.1124244,0.1064786,0.1013032,0.09578048,0.09087866,0.08572217,0.08076887,0.07517404,0.07068818,0.06562196,0.06022852,0.05538603,0.05044703,0.0458711,0.04143178,0.03671604,0.03247189,0.02826228,0.02297069,0.01924277,0.0147952,0.01143036,0.007902242,0.00373095,-0.0004387569,-0.003649152,-0.007555708,-0.01068382,-0.01396497,-0.01752378,-0.02083622,-0.02302299,-0.02614791,-0.02854709,-0.03140801,-0.03399465,-0.03625103,-0.03825555,-0.04125764,-0.04313199,-0.04510631,-0.04760193,-0.04954249,-0.05110569,-0.05330877,-0.05488721,-0.05664011,-0.05894949,-0.06119764,-0.0625252,-0.06451575,-0.06612937,-0.06838623,-0.07008748,-0.07287525,-0.07496959,-0.0775089,-0.0802525,-0.08201364,-0.08480837,-0.08838862,-0.09060905,-0.09393831,-0.09599808,-0.09897567,-0.1020877,-0.1044215,-0.1075758,-0.1093618,-0.1110024,-0.1136241,-0.1143641,-0.1152853,-0.1160279,-0.1153449,-0.1145584,-0.1138507,-0.1124984,-0.1114284,-0.109636,-0.1086636,-0.1076334,-0.1072321,-0.1078243,-0.1089124,-0.1105707,-0.1131504,-0.1162374,-0.1200594,-0.1248845,-0.1293906,-0.1348245,-0.1390419,-0.1453233,-0.1505467,-0.1561109,-0.1626701,-0.1671768,-0.1725222,-0.1786265,-0.183777
RR,-0.1936545,-0.1951774,-0.1974359,-0.1965871,-0.196331,-0.194032,-0.1902633,-0.184142,-0.1754935,-0.1642019,-0.1494945,-0.127985,-0.0998584,-0.0620327,-0.01168735,0.0521888,0.1167162,0.1583437,0.1801504,0.1951517,0.2162529,0.2456897,0.2866772,0.331261,0.3761013,0.4183263,0.4541637,0.4808012,0.5007316,0.5114725,0.5172794,0.5166559,0.5127036,0.504907,0.4972952,0.4874495,0.4757122,0.4645327,0.4530661,0.4419333,0.4294888,0.418817,0.4087207,0.3976978,0.3871256,0.3768162,0.3670783,0.3575642,0.3488396,0.3399816,0.3313132,0.3226531,0.3138464,0.3063059,0.2989102,0.2911226,0.2840454,0.2774043,0.2693903,0.2626915,0.2567045,0.2503838,0.2444757,0.2385729,0.2326045,0.2274248,0.2216025,0.2155775,0.2096165,0.2048046,0.2001931,0.1945518,0.1885614,0.1839881,0.1790201,0.1743814,0.1690533,0.1634948,0.160469,0.1545943,0.1499129,0.1453858,0.1407355,0.1368297,0.1313737,0.1273974,0.1222368,0.1189911,0.1134626,0.1093358,0.1045708,0.1013816,0.09652361,0.09208389,0.08769208,0.08306791,0.0783817,0.07501387,0.07073684,0.06533022,0.06148392,0.05725725,0.05249725,0.0480945,0.0435042,0.04048562,0.03589756,0.03090288,0.02699901,0.02287333,0.01923972,0.01437599,0.009817824,0.007078442,0.002585494,-0.001425293,-0.005122055,-0.008433054,-0.01294741,-0.01652686,-0.02063409,-0.02353711,-0.02631738,-0.02987815,-0.03312403,-0.03675452,-0.03942855,-0.04178126,-0.04539717,-0.04753842,-0.04962645,-0.05281824,-0.05552061,-0.0567055,-0.05914616,-0.0613175,-0.06225433,-0.06442046,-0.067046,-0.06810399,-0.06909341,-0.07069357,-0.07315292,-0.07410678,-0.07479867,-0.07617039,-0.07806221,-0.07864494,-0.07872055,-0.08086185,-0.08176677,-0.08248133,-0.08299004,-0.08437636,-0.08618649,-0.0869674,-0.0874333,-0.08831339,-0.09071321,-0.09066892,-0.09211866,-0.09297029,-0.09404639,-0.09576727,-0.09642328,-0.09672754,-0.0976896,-0.09782068,-0.09827957,-0.09803979,-0.09851339,-0.09681088,-0.09592386,-0.09514552,-0.0926504,-0.09198742,-0.09171816,-0.09186636,-0.0918124,-0.09325815,-0.09540495,-0.09873594,-0.1024039,-0.1060892,-0.11154,-0.1161044,-0.1221065,-0.1270468,-0.1332787,-0.1393336,-0.146163,-0.1510456,-0.1571271,-0.1626012,-0.1684413,-0.172701,-0.1775647,-0.1820872,-0.1869164,-0.1902972
RR,-0.1877614,-0.1835843,-0.1778204,-0.1717749,-0.1633126,-0.1532319,-0.1405611,-0.1264908,-0.1091697,-0.08940821,-0.0654844,-0.03879172,-0.007955525,0.02112168,0.04266547,0.0555704,0.06072051,0.06277598,0.0633497,0.06535627,0.07078999,0.0781277,0.08792107,0.09937841,0.1120055,0.1244408,0.1384939,0.1505231,0.1619142,0.1728564,0.1813357,0.1888286,0.1950029,0.1988488,0.2016525,0.2040398,0.2043075,0.2048731,0.2046756,0.2026249,0.200792,0.1988381,0.1956479,0.1926239,0.1899702,0.1869278,0.1826622,0.1798168,0.1766086,0.1729571,0.1696553,0.166582,0.1626729,0.1597811,0.1557893,0.1523663,0.1495921,0.1465159,0.1432691,0.139912,0.1365242,0.1334576,0.1309929,0.127236,0.1251266,0.1213017,0.1186097,0.1159559,0.1120876,0.1098104,0.1068262,0.1042359,0.1012115,0.09876747,0.09590288,0.09298375,0.09006783,0.0869159,0.08442189,0.08201393,0.07869276,0.07684511,0.07383369,0.07115451,0.06841901,0.06577078,0.06311502,0.06061301,0.05847834,0.05594589,0.0529958,0.05063707,0.04771155,0.0452143,0.04297039,0.04036119,0.03777537,0.03573256,0.0327981,0.03042657,0.02758655,0.0258806,0.02331105,0.021163,0.0182959,0.01556168,0.013124,0.01081052,0.008891396,0.006301769,0.004044862,0.001505785,-0.001277089,-0.003528124,-0.006012297,-0.008641059,-0.01085009,-0.0136452,-0.01566274,-0.01827501,-0.02113039,-0.02325256,-0.02572998,-0.02871131,-0.0310146,-0.03418878,-0.0360209,-0.03931727,-0.04128872,-0.04360128,-0.04535493,-0.04884037,-0.05065024,-0.05269755,-0.05534784,-0.05712688,-0.05917627,-0.06179506,-0.06359687,-0.06505707,-0.06665131,-0.0688566,-0.07021962,-0.07186577,-0.0736662,-0.07428874,-0.07700776,-0.07779441,-0.07884428,-0.08022457,-0.08195388,-0.08296883,-0.08427043,-0.08560032,-0.0870266,-0.08901515,-0.0903457,-0.09207427,-0.0936209,-0.09571317,-0.09825543,-0.09964383,-0.1018131,-0.1040462,-0.10659,-0.1089132,-0.1115152,-0.1140504,-0.1165774,-0.1196042,-0.1224414,-0.125774,-0.128324,-0.1322612,-0.1350869,-0.1386841,-0.1415395,-0.1452149,-0.1486021,-0.151721,-0.1554672,-0.1589803,-0.1621034,-0.1656667,-0.1681712,-0.1720372,-0.1751579,-0.1785293,-0.180813,-0.1831633,-0.186085,-0.1885005,-0.1903753,-0.1915839,-0.1928935,-0.1939432,-0.1939556,-0.1932928,-0.1926344,-0.190886
RR,-0.131515,-0.1309438,-0.1302152,-0.1291941,-0.1284318,-0.1266556,-0.1253316,-0.1236193,-0.1221922,-0.1198661,-0.1175876,-0.1157146,-0.1132686,-0.110445,-0.1074451,-0.1040429,-0.1000677,-0.0959245,-0.09149306,-0.08709446,-0.08177681,-0.07626952,-0.06991444,-0.06323013,-0.05574425,-0.04834091,-0.04000679,-0.0311961,-0.02136261,-0.01168824,-0.0009921044,0.009311998,0.02060998,0.03260522,0.04355445,0.05514425,0.06647765,0.07687269,0.0865626,0.09603496,0.1050379,0.1129068,0.1195266,0.1245672,0.1291142,0.1325342,0.1347605,0.1363012,0.1357816,0.1350783,0.1335607,0.1307136,0.1287197,0.1258162,0.1241818,0.1223818,0.122047,0.1228455,0.1240144,0.1271741,0.1302145,0.1337977,0.1371747,0.1400582,0.1432449,0.1465355,0.1483285,0.1507582,0.152357,0.153848,0.1544054,0.1542644,0.1553203,0.1544092,0.1531397,0.1523266,0.1514783,0.1499092,0.1486919,0.1468624,0.1451781,0.142363,0.1412033,0.137642,0.1354715,0.1329988,0.1306478,0.1280293,0.1249096,0.1223042,0.1203416,0.1173698,0.1141951,0.1118593,0.1090503,0.1060922,0.1028781,0.1007431,0.09737383,0.09477025,0.09231433,0.08894175,0.08664029,0.08337218,0.08094207,0.07827137,0.07538326,0.07255964,0.07010699,0.06683361,0.06338641,0.06141198,0.05803934,0.05522275,0.05220078,0.0494604,0.0464905,0.04324089,0.03998412,0.03672111,0.03383898,0.03029632,0.02751147,0.02447693,0.02076739,0.0174684,0.01379067,0.01081618,0.006881161,0.003268585,2.158723e-05,-0.003690288,-0.006562503,-0.01049654,-0.01371309,-0.01760546,-0.02159578,-0.02491262,-0.02872289,-0.03186902,-0.03575568,-0.0397066,-0.04321012,-0.04654723,-0.05053562,-0.05388333,-0.05714091,-0.06082222,-0.06480916,-0.06813803,-0.07102972,-0.07511378,-0.07829142,-0.08115068,-0.08482654,-0.08837262,-0.09113239,-0.09449058,-0.09719791,-0.1004882,-0.1026882,-0.1058267,-0.1079258,-0.1106816,-0.1128697,-0.1155413,-0.1169432,-0.119254,-0.1212233,-0.1229266,-0.1244267,-0.1259506,-0.1276649,-0.1286139,-0.130266,-0.1306867,-0.1319876,-0.1331445,-0.1340064,-0.1340988,-0.1354157,-0.135029,-0.1358297,-0.1365789,-0.1360442,-0.1365602,-0.1365508,-0.1366255,-0.1365872,-0.1364015,-0.1362933,-0.135778,-0.1356452,-0.1354873,-0.1358644,-0.1347501,-0.1344867,-0.1336016,-0.1331503,-0.1328041
RR,0.04235378,0.03948863,0.03733506,0.03455682,0.03203611,0.02918292,0.02681195,0.02447463,0.02169939,0.01876305,0.01595388,0.01372238,0.01051726,0.007841886,0.004880004,0.002404261,-0.000355217,-0.003900539,-0.006325861,-0.008968669,-0.01175927,-0.01486236,-0.01756594,-0.02066186,-0.02338962,-0.02652627,-0.02915552,-0.0318238,-0.03481891,-0.03774286,-0.0406058,-0.04341621,-0.04614194,-0.04905874,-0.05169954,-0.05444906,-0.05659917,-0.05962536,-0.06205808,-0.06496223,-0.06757821,-0.06970469,-0.07161643,-0.07403166,-0.0763106,-0.07780619,-0.08041958,-0.08221766,-0.08387265,-0.08525551,-0.08694556,-0.08867806,-0.08988605,-0.09123684,-0.09216293,-0.09346428,-0.09475847,-0.0955506,-0.09622252,-0.09712476,-0.09790427,-0.09903643,-0.09943818,-0.09977836,-0.1006175,-0.1007009,-0.101539,-0.1022296,-0.1028706,-0.1024678,-0.1030659,-0.1041392,-0.1043347,-0.1047311,-0.104966,-0.1050458,-0.105087,-0.105718,-0.1059012,-0.1063343,-0.1059664,-0.1062995,-0.1062555,-0.1063396,-0.1063822,-0.1061079,-0.1055659,-0.1056566,-0.1051183,-0.1046789,-0.1040325,-0.1032578,-0.1021048,-0.1012977,-0.1000576,-0.09871867,-0.09732008,-0.0956011,-0.09375069,-0.09113973,-0.0884844,-0.08591665,-0.08292028,-0.07936306,-0.0761066,-0.07165988,-0.06688397,-0.06217865,-0.05729302,-0.05130667,-0.04520752,-0.03877298,-0.03174919,-0.02452287,-0.01656413,-0.009151146,-0.0002536332,0.008425447,0.01628246,0.02509424,0.03330691,0.04132514,0.04964932,0.05710523,0.06341846,0.06980873,0.0753616,0.08025507,0.08436208,0.08682796,0.08885621,0.09052468,0.09120676,0.09153679,0.09070464,0.08927569,0.08820544,0.08803166,0.08765977,0.08826515,0.08906082,0.09114543,0.09394678,0.09555826,0.09846687,0.1003365,0.1031791,0.1057686,0.1076678,0.1094228,0.1105237,0.1121075,0.1128302,0.1139205,0.1143355,0.1143796,0.1137284,0.1139117,0.1137027,0.1134405,0.1125431,0.1118094,0.110642,0.1094508,0.1087454,0.1076352,0.1058402,0.10435,0.102764,0.1012464,0.09985957,0.0978128,0.09638128,0.09456597,0.09272876,0.09129933,0.08968412,0.08778023,0.08630781,0.08427008,0.08330704,0.0810798,0.079161,0.07744505,0.07542841,0.07407714,0.07179944,0.06945515,0.0677646,0.06593829,0.06398169,0.06220119,0.06012195,0.05792107,0.05579958,0.05349209,0.05133868,0.04900048,0.04664169,0.04435935
RR,0.07507857,0.06970271,0.06482241,0.05913783,0.05439559,0.04708351,0.04311015,0.03799606,0.03276721,0.02774828,0.02234225,0.01790717,0.01254769,0.008407671,0.003561693,-0.001416424,-0.005528547,-0.01058261,-0.01444161,-0.01846907,-0.02331677,-0.02627562,-0.03156285,-0.03411477,-0.03814344,-0.04186387,-0.0445352,-0.04779718,-0.05047922,-0.05256582,-0.05655707,-0.0585648,-0.06136873,-0.06311366,-0.06533863,-0.06662923,-0.06915493,-0.07023752,-0.07107352,-0.07345788,-0.07423624,-0.07518382,-0.07663979,-0.076998,-0.07806882,-0.07937254,-0.07948843,-0.0805491,-0.079934,-0.08133561,-0.08195192,-0.0824341,-0.08358343,-0.08390518,-0.08535521,-0.08660618,-0.08656137,-0.08794903,-0.08982924,-0.09045088,-0.09218605,-0.09417808,-0.09592825,-0.09682406,-0.1005677,-0.1006827,-0.1027121,-0.1046499,-0.1065563,-0.1077556,-0.1089431,-0.109665,-0.1101322,-0.1101781,-0.1110451,-0.1104609,-0.1104453,-0.1105471,-0.1102529,-0.1106161,-0.1106082,-0.1126618,-0.1153392,-0.1186882,-0.1218497,-0.1273515,-0.1324334,-0.1387289,-0.1437829,-0.15043,-0.1557173,-0.1632252,-0.1672591,-0.1734562,-0.1798991,-0.1839133,-0.1882953,-0.1922923,-0.1961645,-0.1991422,-0.2004409,-0.2021003,-0.2013791,-0.2010026,-0.1998744,-0.1970453,-0.1920074,-0.1849009,-0.175414,-0.1653007,-0.1463263,-0.1259017,-0.09765851,-0.06182966,-0.01124106,0.05178909,0.1262023,0.1996087,0.2616168,0.3195787,0.3946202,0.4864501,0.5828721,0.6636333,0.725371,0.7611989,0.7789988,0.786581,0.7831415,0.7761917,0.7636194,0.7500036,0.7360064,0.7178063,0.7007982,0.6836995,0.6650449,0.6478659,0.6310099,0.6135727,0.5967656,0.5799531,0.5641788,0.5494054,0.5334703,0.5181437,0.5043136,0.4905033,0.4769394,0.4633556,0.4507425,0.4380922,0.4265165,0.4140675,0.4030548,0.3915394,0.3803031,0.3704857,0.3592272,0.3489294,0.3388337,0.3297861,0.3204514,0.3107471,0.3022541,0.2931489,0.2846115,0.2768749,0.267793,0.2603322,0.2525083,0.2447529,0.2383286,0.2301924,0.2243456,0.2169383,0.2107202,0.2047162,0.1979499,0.1914252,0.1847007,0.1793308,0.173765,0.1684632,0.1620244,0.1562905,0.1515938,0.1453815,0.1400531,0.1348111,0.1287265,0.1241599,0.1177331,0.1130961,0.1080823,0.1016235,0.09746223,0.09166655,0.08579214,0.0802941
RR,0.0042965,0.01019103,0.01624128,0.02214512,0.02661888,0.03158489,0.03626416,0.04098294,0.04464379,0.04841432,0.05213118,0.05589423,0.05884933,0.06236351,0.06508718,0.06973967,0.07257842,0.0758047,0.07888104,0.0827233,0.08642934,0.08886556,0.0915857,0.09457628,0.09810314,0.09942097,0.1013296,0.1040751,0.1057858,0.1078382,0.1080585,0.1095581,0.1112698,0.1132892,0.1127763,0.1136052,0.1151802,0.1161616,0.1164256,0.116498,0.1172179,0.1188329,0.1188914,0.1188585,0.1191748,0.1200148,0.1202968,0.1199683,0.1191059,0.1198212,0.1201983,0.1198296,0.1180722,0.1185753,0.1185422,0.1173979,0.1164911,0.1152456,0.1153898,0.1143958,0.112757,0.1099271,0.1101543,0.1082796,0.1070176,0.1040292,0.1031177,0.1011735,0.09857915,0.09623414,0.09407687,0.09223496,0.08978736,0.08620072,0.08362711,0.08183169,0.07952658,0.07538645,0.07298779,0.06978846,0.06783517,0.06339047,0.06004286,0.05681776,0.05451214,0.05112271,0.04638516,0.04328344,0.04047246,0.03699169,0.03297084,0.02902935,0.02625825,0.02260275,0.01872855,0.01461341,0.01168496,0.008286911,0.004862948,0.0001112568,-0.002465403,-0.005702401,-0.009380187,-0.0133469,-0.01767412,-0.02029271,-0.02357876,-0.0269401,-0.03088629,-0.03351967,-0.03696579,-0.03970686,-0.04347515,-0.0464316,-0.0486912,-0.05207491,-0.05506425,-0.05770926,-0.06071084,-0.06297426,-0.06626666,-0.06798176,-0.07029059,-0.07284305,-0.0756499,-0.07832484,-0.07954741,-0.08196133,-0.08458511,-0.08633462,-0.08809558,-0.08949289,-0.09220673,-0.09397599,-0.0954362,-0.09701044,-0.09934302,-0.100656,-0.1019846,-0.1037351,-0.1046969,-0.106775,-0.1080467,-0.1091561,-0.1100039,-0.1119549,-0.1135632,-0.1139968,-0.1149597,-0.1165253,-0.1175932,-0.1179776,-0.1189157,-0.1204543,-0.1205992,-0.1216828,-0.1218153,-0.1227596,-0.1231143,-0.1237539,-0.1231508,-0.1238579,-0.1239032,-0.1244698,-0.1238247,-0.1236044,-0.1239245,-0.1234683,-0.1221234,-0.1216664,-0.1208919,-0.1199948,-0.118311,-0.1169844,-0.1157333,-0.1142152,-0.1114787,-0.1094877,-0.1072597,-0.1049744,-0.1018049,-0.09858853,-0.0947686,-0.09192933,-0.0873846,-0.08334513,-0.07830506,-0.07454185,-0.06855582,-0.06409585,-0.05752396,-0.05194579,-0.04616986,-0.03978068,-0.03274769,-0.02733671,-0.0210756,-0.01416621,-0.007655664,-0.0008853959
RR,-0.1981818,-0.1968228,-0.1938311,-0.1861858,-0.1798653,-0.1679613,-0.1544246,-0.1341186,-0.1108413,-0.08567185,-0.04889207,-0.01282316,0.04074731,0.08847874,0.1399905,0.1951644,0.2452784,0.2866151,0.329089,0.3668895,0.4231306,0.4720624,0.5061979,0.5375885,0.5591852,0.5674484,0.5755076,0.5726987,0.5678171,0.5587654,0.5502055,0.5349043,0.527563,0.510584,0.4956214,0.4839657,0.4713172,0.4575595,0.4448443,0.4334242,0.4206526,0.4077723,0.3977466,0.3876796,0.375841,0.3666551,0.3569574,0.3492318,0.340082,0.3311633,0.3222669,0.3145012,0.3071758,0.2988325,0.2903089,0.2838369,0.2767535,0.2690075,0.2623742,0.2563422,0.2491059,0.2430386,0.236806,0.2297714,0.2244895,0.2178137,0.2121153,0.2055556,0.2004082,0.1952572,0.1898408,0.1844622,0.1789661,0.1735281,0.1683935,0.1633327,0.1583308,0.1529573,0.1477938,0.1429479,0.1382961,0.1335823,0.128081,0.1236643,0.1190603,0.1147804,0.1093803,0.1052496,0.1004165,0.09578272,0.09117021,0.0862256,0.08170817,0.07704877,0.07230769,0.06796639,0.06330708,0.05914778,0.05401,0.0491473,0.04464735,0.03981891,0.03518921,0.03045582,0.02633259,0.02161169,0.01694195,0.01241923,0.007764722,0.003255303,-0.0006729428,-0.00526405,-0.009762819,-0.01375194,-0.01781289,-0.02338586,-0.02684216,-0.03035839,-0.03411941,-0.03809699,-0.04154799,-0.04425823,-0.04815192,-0.05138309,-0.0548301,-0.05814059,-0.06060327,-0.06329533,-0.06629039,-0.06849891,-0.07122248,-0.07263244,-0.07584415,-0.07769542,-0.07887345,-0.08083496,-0.08230587,-0.08360758,-0.08524297,-0.08663503,-0.08740377,-0.08827873,-0.08959093,-0.09108161,-0.09119274,-0.09256853,-0.09307485,-0.09412517,-0.09438527,-0.09550469,-0.09687667,-0.09792431,-0.09832121,-0.1000531,-0.1009962,-0.1024463,-0.1037155,-0.1056258,-0.1062318,-0.1076677,-0.1093654,-0.1101214,-0.1110771,-0.1125789,-0.1129118,-0.1133781,-0.1141241,-0.1130429,-0.1131395,-0.1112626,-0.1097255,-0.1079031,-0.1062249,-0.1046706,-0.1049428,-0.1045288,-0.1053106,-0.1073522,-0.1102024,-0.1132327,-0.1177069,-0.1216029,-0.1272133,-0.1321153,-0.1373165,-0.1429512,-0.1482408,-0.1542045,-0.1601244,-0.1645345,-0.1708945,-0.1754043,-0.1805564,-0.1844779,-0.1890135,-0.1924937,-0.1955364,-0.1975765,-0.1988655,-0.2002584
RR,0.2329844,0.2276203,0.2217377,0.2154968,0.2090754,0.2027451,0.197422,0.1916053,0.186155,0.180208,0.1753879,0.1688979,0.1638142,0.1577326,0.1536852,0.1479893,0.1428688,0.1387876,0.1337807,0.1291934,0.1240201,0.1188989,0.1143173,0.1092243,0.1039864,0.09968066,0.09425323,0.09000953,0.08487535,0.08050242,0.07511096,0.07109176,0.0664767,0.06106976,0.05636891,0.05115075,0.04691545,0.04233358,0.0373692,0.03187491,0.0283055,0.02316933,0.01813046,0.01403428,0.008939008,0.004978429,-0.0002504612,-0.00442954,-0.007914338,-0.01301107,-0.01777277,-0.0225393,-0.02627287,-0.03157899,-0.03409956,-0.03810566,-0.04186572,-0.04511557,-0.05030623,-0.05371704,-0.05641545,-0.06088872,-0.06282118,-0.06628223,-0.06960686,-0.07137984,-0.0739724,-0.07663487,-0.07938131,-0.08089066,-0.08199098,-0.08420689,-0.0848977,-0.08735303,-0.08865309,-0.08856533,-0.09071437,-0.09205753,-0.09286348,-0.09357917,-0.09443752,-0.09435885,-0.09538291,-0.09515141,-0.09499019,-0.09534386,-0.09664633,-0.09680761,-0.09682348,-0.09764507,-0.09909797,-0.09812668,-0.09850287,-0.1006149,-0.1000849,-0.1012885,-0.1020651,-0.1022888,-0.1042073,-0.105079,-0.106437,-0.1063957,-0.1072654,-0.1091167,-0.1101018,-0.109035,-0.1087474,-0.1069522,-0.1059972,-0.1043418,-0.1015372,-0.09909895,-0.09875574,-0.09717476,-0.09860272,-0.1000555,-0.1023894,-0.1076117,-0.1110398,-0.116605,-0.1232772,-0.1294409,-0.1357644,-0.1422528,-0.1491931,-0.1552489,-0.1609522,-0.1671135,-0.1736936,-0.1783987,-0.1831873,-0.1871256,-0.1897517,-0.192018,-0.1927894,-0.1921125,-0.1901277,-0.186537,-0.1792425,-0.1722711,-0.1615265,-0.1464492,-0.1264606,-0.09947061,-0.06523953,-0.01837713,0.04646369,0.1311623,0.2055188,0.2548752,0.2934328,0.3369054,0.399019,0.4602668,0.5268768,0.5824255,0.6237601,0.6535645,0.6692677,0.6769072,0.677281,0.6731673,0.6631234,0.650206,0.6359211,0.6224644,0.6072766,0.5916785,0.5758913,0.5601923,0.5432877,0.5281077,0.5137362,0.5006841,0.4849128,0.4709417,0.4568143,0.443728,0.4305501,0.4204148,0.4069161,0.3958221,0.385074,0.3745745,0.3648405,0.3544628,0.3437008,0.3337077,0.325268,0.31626,0.3060126,0.300662,0.2916282,0.2838354,0.2762779,0.2684737,0.2622809,0.2547361,0.24694,0.2412212
RR,-0.1751623,-0.1803561,-0.1853833,-0.1881685,-0.1917133,-0.1925909,-0.1939144,-0.1922715,-0.188607,-0.1834801,-0.1754471,-0.1651078,-0.1503315,-0.1343534,-0.1099733,-0.07715114,-0.03514601,0.02556355,0.09789567,0.185478,0.2656705,0.3268998,0.3908911,0.4632042,0.5407609,0.6132948,0.6712949,0.7196841,0.7492,0.7661034,0.7710309,0.7705104,0.7636831,0.7518561,0.7372052,0.722288,0.7065723,0.6888638,0.6704494,0.6524813,0.6351867,0.61664,0.5976824,0.5814254,0.5644415,0.5478495,0.5325616,0.5162869,0.5011767,0.4858919,0.4716856,0.4581378,0.4445844,0.4313658,0.4185439,0.4064256,0.3937319,0.3821161,0.3715104,0.3608591,0.3501142,0.3394605,0.3296169,0.3203271,0.3105199,0.3019725,0.2923934,0.2842149,0.2756554,0.2670176,0.2597515,0.2513781,0.2444332,0.2363516,0.229561,0.2218768,0.2154391,0.2081833,0.202121,0.1954133,0.1893843,0.1825616,0.1764545,0.1703035,0.1642067,0.1584367,0.1528245,0.1465856,0.1417582,0.1365569,0.1309215,0.126078,0.1203124,0.1154631,0.1099498,0.1042765,0.0999644,0.09513769,0.0892395,0.084561,0.0793965,0.0741749,0.06934768,0.06392648,0.05967085,0.05418587,0.04913379,0.04470981,0.04005663,0.03477874,0.02937292,0.02500727,0.01927921,0.01467681,0.01012381,0.005001588,0.0006253755,-0.004698819,-0.008859364,-0.01321829,-0.01847899,-0.02286897,-0.02812623,-0.0320424,-0.03698714,-0.04124822,-0.04524882,-0.0496233,-0.05361368,-0.05755129,-0.0620533,-0.06638413,-0.07025395,-0.07354321,-0.07681292,-0.08038426,-0.08384813,-0.08714047,-0.0895365,-0.09269736,-0.09487489,-0.09742291,-0.09963121,-0.1011199,-0.1035574,-0.1049734,-0.1065722,-0.1078955,-0.1093055,-0.1100801,-0.1104246,-0.1111489,-0.1119061,-0.1119316,-0.1126536,-0.1128474,-0.1129556,-0.1126304,-0.113314,-0.1123008,-0.1122554,-0.1130703,-0.1120013,-0.1122197,-0.1121568,-0.1116708,-0.1118378,-0.1124972,-0.1125186,-0.112848,-0.1132437,-0.1142583,-0.1149532,-0.116625,-0.1167207,-0.1196422,-0.1201589,-0.1221525,-0.1227736,-0.1229835,-0.1239439,-0.1232397,-0.1218802,-0.1187771,-0.1164437,-0.1140978,-0.1127198,-0.1108165,-0.1118125,-0.1137209,-0.1164776,-0.1211331,-0.1257828,-0.1310848,-0.137601,-0.1436254,-0.1497939,-0.1557095,-0.1635146,-0.1693034
RR,-0.0917766,-0.0927535,-0.09351419,-0.09406044,-0.09476035,-0.09528191,-0.09579106,-0.09622573,-0.09686883,-0.09765586,-0.09845896,-0.09936079,-0.1006584,-0.102024,-0.1037254,-0.1056378,-0.1078717,-0.1103753,-0.1131765,-0.1161795,-0.1191543,-0.1225294,-0.1262113,-0.1299427,-0.1339024,-0.1380676,-0.1423812,-0.1464716,-0.1507585,-0.1553325,-0.1598813,-0.164196,-0.168923,-0.1732015,-0.1775991,-0.181903,-0.1861435,-0.1901597,-0.1943299,-0.1984086,-0.2018451,-0.205564,-0.2087127,-0.2114642,-0.2140782,-0.2161606,-0.2176396,-0.2183841,-0.2185579,-0.2176238,-0.2155453,-0.2118676,-0.2068071,-0.199782,-0.1904272,-0.1782134,-0.1628293,-0.1430314,-0.1190706,-0.08973408,-0.05329571,-0.00906857,0.04077088,0.08666559,0.116329,0.1292534,0.1353594,0.1437786,0.1590334,0.1808665,0.2073427,0.236932,0.2666804,0.2952919,0.320873,0.3416612,0.3588085,0.369824,0.3774332,0.3808778,0.3822199,0.3805363,0.3770079,0.3719441,0.3660982,0.3594601,0.3524591,0.3455336,0.3379948,0.3310431,0.3238274,0.3163552,0.3091412,0.3019135,0.2951906,0.2884577,0.2818907,0.2754119,0.2689749,0.2626554,0.2567399,0.2508869,0.2448759,0.238934,0.2333086,0.2276448,0.2222932,0.2166183,0.2114129,0.2060012,0.200724,0.1954873,0.1902767,0.1851064,0.1801904,0.1751029,0.1701438,0.165124,0.1604135,0.155499,0.1506429,0.1456364,0.1410175,0.1364186,0.1320373,0.1275503,0.1227857,0.1186097,0.1142717,0.1098859,0.1056196,0.1014135,0.09740815,0.09343147,0.0891201,0.08509932,0.08126456,0.07747587,0.07347562,0.06993642,0.06622043,0.06268787,0.0589804,0.0552843,0.05185716,0.04838789,0.04510325,0.0417275,0.03825408,0.03498231,0.0317083,0.02853002,0.02532495,0.02233174,0.01915201,0.01609952,0.01313762,0.01031959,0.007387164,0.004660168,0.001771267,-0.0009714836,-0.003649019,-0.006413853,-0.008890155,-0.01145682,-0.01410632,-0.01664292,-0.01885299,-0.02162347,-0.02398711,-0.0263034,-0.02895009,-0.03139976,-0.03395104,-0.03617695,-0.03866146,-0.04126764,-0.04371251,-0.0463317,-0.04875923,-0.05125321,-0.05399287,-0.0563704,-0.05891399,-0.06159767,-0.06416239,-0.06669488,-0.06904085,-0.07150001,-0.07406837,-0.07646497,-0.07861024,-0.08085728,-0.08274668,-0.08471639,-0.08643344,-0.08800018,-0.08937385,-0.09066119
RR,-0.088674,-0.08994711,-0.0912298,-0.09213597,-0.09293997,-0.09463029,-0.0962951,-0.09716047,-0.09877041,-0.09977599,-0.1017971,-0.1034374,-0.105205,-0.1069142,-0.1090413,-0.1107364,-0.113286,-0.1155,-0.1177323,-0.120078,-0.1227719,-0.1260297,-0.1289906,-0.1314753,-0.1348969,-0.1380033,-0.1411624,-0.1447003,-0.1482107,-0.1508264,-0.1546876,-0.1587741,-0.1626846,-0.1662584,-0.1697061,-0.1731696,-0.1773425,-0.1813161,-0.1848647,-0.1883823,-0.1923146,-0.1955334,-0.1990624,-0.2022411,-0.2054427,-0.2090091,-0.2116729,-0.2147025,-0.2162644,-0.218654,-0.219661,-0.2208708,-0.2206677,-0.2206432,-0.2199111,-0.2179395,-0.2152199,-0.2107921,-0.204874,-0.1972693,-0.1890808,-0.1775116,-0.1638385,-0.1463691,-0.1269661,-0.1063908,-0.07984859,-0.05080636,-0.02045529,0.0154323,0.05007859,0.08134118,0.1054486,0.120447,0.1347733,0.1501106,0.1671881,0.1888611,0.2123781,0.2367921,0.2606899,0.283278,0.3023041,0.3185872,0.3323331,0.3425982,0.3479599,0.3522362,0.3533623,0.3517663,0.3495153,0.3462133,0.340996,0.3355899,0.3292718,0.3228391,0.316344,0.3106259,0.3039329,0.2973193,0.2905953,0.2839817,0.2773798,0.2708994,0.2644301,0.259437,0.2531182,0.2462253,0.2413513,0.2352677,0.229684,0.2237594,0.2170868,0.2123336,0.2068082,0.2012459,0.1960837,0.1913998,0.1861335,0.1816678,0.1764924,0.1709836,0.1660165,0.1616297,0.1563095,0.1511303,0.1471722,0.1423209,0.1370233,0.1333169,0.1292495,0.1246523,0.1203725,0.1164911,0.1124798,0.1080472,0.104239,0.1006426,0.09833082,0.09375991,0.090261,0.08670507,0.08457629,0.08009522,0.07645939,0.07432167,0.07100365,0.06710651,0.06487463,0.06126957,0.05854905,0.05619074,0.05291944,0.0496753,0.04667616,0.04342401,0.04107383,0.03814066,0.03506847,0.03227422,0.02881812,0.02598123,0.02299165,0.02003114,0.01687226,0.01352633,0.01051399,0.007519816,0.003616406,0.000621205,-0.00316751,-0.006505609,-0.009240979,-0.01379751,-0.01683146,-0.02068698,-0.02409768,-0.02728875,-0.03110944,-0.03477767,-0.03816197,-0.04162895,-0.04549877,-0.04939501,-0.05296371,-0.05592782,-0.05936264,-0.06261168,-0.06541462,-0.06879976,-0.07164959,-0.07373198,-0.07582201,-0.07839215,-0.08057363,-0.0822283,-0.08345817,-0.08516612,-0.08707669,-0.08778474
RR,-0.1470724,-0.1438318,-0.139825,-0.1353533,-0.1300533,-0.1240936,-0.1170625,-0.1094228,-0.1007657,-0.09110632,-0.08087959,-0.0694888,-0.05763427,-0.04479821,-0.03190211,-0.0188362,-0.005997608,0.006049174,0.01702761,0.02686866,0.03618558,0.04441644,0.05252896,0.06133848,0.07021273,0.07965982,0.0894429,0.09966873,0.1103496,0.1208664,0.1313232,0.1416258,0.1508402,0.1595359,0.1672276,0.1740907,0.1799818,0.1851635,0.188761,0.1917049,0.1937994,0.1949762,0.1954304,0.1952364,0.1947743,0.1934865,0.1920484,0.1901405,0.1880982,0.1859409,0.183106,0.180761,0.1779991,0.1753083,0.1720693,0.1694502,0.1664101,0.1636619,0.1606511,0.157674,0.1546326,0.1518355,0.1489842,0.1461203,0.1434277,0.1405634,0.1379763,0.1350091,0.1324824,0.129643,0.1269477,0.1243543,0.1215537,0.1189578,0.1163709,0.1137747,0.1109872,0.1082945,0.1055409,0.1029588,0.1001707,0.09752028,0.09471849,0.092331,0.08928236,0.08664561,0.08377499,0.08110705,0.07825062,0.07554486,0.07283184,0.06985931,0.06685053,0.06418847,0.06144029,0.05855237,0.05555052,0.05262072,0.04983877,0.04674764,0.04412113,0.04098291,0.03840872,0.03548467,0.0326651,0.02989112,0.02696218,0.02442132,0.02153891,0.01876384,0.01610151,0.01351032,0.01064764,0.008301155,0.005791294,0.003180204,0.000505633,-0.00203272,-0.004449848,-0.006839734,-0.008988872,-0.01165674,-0.01387363,-0.01629677,-0.01868602,-0.02087381,-0.02348711,-0.02555872,-0.02801482,-0.03024038,-0.03238532,-0.03471823,-0.0372181,-0.03951662,-0.04168176,-0.04417123,-0.04617184,-0.04891105,-0.05103479,-0.0533789,-0.05556197,-0.05812624,-0.06046315,-0.06265163,-0.06507967,-0.06753679,-0.06976086,-0.07213662,-0.07466185,-0.07692336,-0.07911576,-0.08120717,-0.08364751,-0.08593052,-0.08813983,-0.09028676,-0.09259348,-0.09464926,-0.09683646,-0.09904715,-0.1009295,-0.1031665,-0.1051917,-0.1069474,-0.109194,-0.1109332,-0.113065,-0.1149285,-0.1167023,-0.1186765,-0.1205924,-0.1226768,-0.1244648,-0.1262295,-0.1280772,-0.1300656,-0.1319467,-0.1339209,-0.1357637,-0.1377282,-0.1394649,-0.1411779,-0.1429178,-0.1447212,-0.1461828,-0.1478354,-0.1490817,-0.1506279,-0.1518212,-0.1527743,-0.1538705,-0.1543683,-0.1549037,-0.1553628,-0.1551355,-0.1549746,-0.1541931,-0.1528061,-0.1515118,-0.1495219
RR,0.390636,0.3789089,0.3662935,0.3551669,0.3426229,0.3318045,0.3207533,0.310764,0.2999709,0.2892737,0.2802829,0.2699532,0.2604088,0.2515553,0.2428112,0.2346328,0.2253413,0.2184722,0.2103267,0.2024803,0.1956629,0.1880428,0.1817441,0.174196,0.1686719,0.161943,0.1560277,0.15039,0.1450812,0.1386511,0.1331799,0.1283812,0.1221163,0.1179328,0.1129003,0.1084996,0.1043167,0.09861048,0.09492694,0.09016251,0.08544181,0.08141271,0.07678885,0.07381836,0.06925389,0.06520287,0.06110939,0.05705762,0.05278772,0.04842895,0.04524645,0.04091274,0.03740262,0.03267247,0.02916992,0.0251772,0.02041911,0.01709702,0.01298844,0.00877006,0.00537112,0.00101972,-0.003470077,-0.008399074,-0.01081152,-0.01553548,-0.01902155,-0.02365137,-0.02743964,-0.03163151,-0.03626399,-0.03997977,-0.04476628,-0.04840708,-0.05280092,-0.05708218,-0.06036691,-0.06490748,-0.06864405,-0.07260639,-0.0769098,-0.0800001,-0.08486263,-0.08733249,-0.09178895,-0.09466972,-0.0978951,-0.1013771,-0.1047255,-0.107563,-0.1097477,-0.1134215,-0.1145754,-0.1176605,-0.1188326,-0.1211398,-0.1239368,-0.123878,-0.1253393,-0.1267696,-0.1275612,-0.1282068,-0.1292538,-0.1291931,-0.1289194,-0.1290586,-0.1291554,-0.1278472,-0.1272698,-0.1270726,-0.1266035,-0.1259147,-0.1251666,-0.1241088,-0.1237388,-0.1225741,-0.1213764,-0.1209208,-0.1203095,-0.1190772,-0.1186551,-0.1174529,-0.1170914,-0.114596,-0.1144264,-0.1123423,-0.1108237,-0.1089781,-0.1065533,-0.1060555,-0.1038154,-0.1031232,-0.1017854,-0.1022342,-0.1031921,-0.1048454,-0.10895,-0.1123899,-0.1181121,-0.1235031,-0.1294647,-0.1360768,-0.1418527,-0.149235,-0.1554736,-0.1623467,-0.1680776,-0.1741929,-0.1786926,-0.1830295,-0.1863984,-0.1881309,-0.1892388,-0.1884129,-0.1831549,-0.1763026,-0.1647933,-0.1475858,-0.125985,-0.09554696,-0.05636517,-0.001494783,0.07548765,0.1722905,0.2765508,0.3653631,0.4331561,0.4867411,0.5365866,0.5966402,0.6499246,0.6973093,0.7317006,0.7561325,0.7695819,0.7754021,0.7725361,0.7663462,0.7552684,0.7413399,0.7259371,0.7078014,0.6891654,0.6696262,0.6513799,0.6316898,0.6126593,0.5938743,0.5762137,0.5586466,0.5407402,0.5239704,0.50727,0.490826,0.4750408,0.4588177,0.4466055,0.4312725,0.4184859,0.4045582
RR,0.1549845,0.1580247,0.159928,0.1603635,0.1609945,0.1611156,0.1614212,0.159848,0.1603566,0.1598245,0.1583359,0.155852,0.1533447,0.1527426,0.1499284,0.1498493,0.1458627,0.1432181,0.1400102,0.1380962,0.1352007,0.1343994,0.1303421,0.1293239,0.1255214,0.1235418,0.1209199,0.1157475,0.1146178,0.1101187,0.1086955,0.1070943,0.1048656,0.1024814,0.1012538,0.09739758,0.09453077,0.09350471,0.09004756,0.08677157,0.08522315,0.0828677,0.08007502,0.07699337,0.0763014,0.07231572,0.07119714,0.06890015,0.06461781,0.06325286,0.06232525,0.06024649,0.05896591,0.05590826,0.0544341,0.05110646,0.04926828,0.04533054,0.04375667,0.04044406,0.03698198,0.0356987,0.03286995,0.03073758,0.0279644,0.02591631,0.02253256,0.02182849,0.01842859,0.0148226,0.01168183,0.009975974,0.005556819,0.00535271,0.00212755,-0.000237334,-0.003523458,-0.006092914,-0.007654618,-0.0105369,-0.01174465,-0.01483772,-0.0163969,-0.02199359,-0.02453294,-0.02764714,-0.02988829,-0.03303476,-0.03482801,-0.0377008,-0.0396704,-0.04178493,-0.04646029,-0.04823891,-0.0492055,-0.05277292,-0.05395261,-0.05715228,-0.05970616,-0.06137262,-0.06359046,-0.06667301,-0.06911314,-0.07004534,-0.07277678,-0.07463495,-0.07632652,-0.07700585,-0.08092041,-0.08227134,-0.08339649,-0.08568297,-0.08576399,-0.08711061,-0.09001442,-0.09127996,-0.09209673,-0.09358422,-0.09662313,-0.09635787,-0.09850796,-0.1012136,-0.1013764,-0.1028468,-0.1039448,-0.1068325,-0.1072255,-0.1101305,-0.1121752,-0.1149319,-0.1153565,-0.117665,-0.1201364,-0.1222362,-0.1225723,-0.1251483,-0.127214,-0.1304762,-0.1315639,-0.1347147,-0.1365842,-0.1386385,-0.1412879,-0.1424244,-0.1444176,-0.1469709,-0.1500824,-0.1526523,-0.154364,-0.1553965,-0.1576156,-0.1594213,-0.1601855,-0.1617572,-0.1636854,-0.1627156,-0.1630102,-0.1612889,-0.1620579,-0.160748,-0.1581924,-0.1571776,-0.1533252,-0.1486787,-0.1455795,-0.1389995,-0.1319945,-0.1244113,-0.1131761,-0.1025049,-0.09022086,-0.07566502,-0.06033159,-0.042742,-0.02684934,-0.01084782,0.005971513,0.01908074,0.0282067,0.0349159,0.03981097,0.04572856,0.05077364,0.05444867,0.05857141,0.06428234,0.06902226,0.07547498,0.08460172,0.09041935,0.09943154,0.1058087,0.113482,0.1208937,0.1274922,0.134091,0.1397212,0.143135,0.1487716,0.1531198
RR,-0.1665887,-0.1697488,-0.1730943,-0.1749597,-0.1779885,-0.1802155,-0.1829141,-0.1855312,-0.1876729,-0.189251,-0.1897822,-0.1906709,-0.1900774,-0.1917125,-0.1889816,-0.187385,-0.1844859,-0.1810332,-0.1757915,-0.1693778,-0.1604043,-0.1505642,-0.1385169,-0.1241715,-0.1080408,-0.08750172,-0.064945,-0.03890921,-0.01128709,0.01684179,0.03841307,0.05228442,0.05720726,0.05862592,0.05819939,0.05904547,0.06228705,0.06905576,0.07883365,0.08978417,0.1012186,0.1137219,0.1265378,0.1392171,0.1512718,0.1614449,0.1721996,0.1792276,0.1852784,0.1913176,0.1940295,0.1975121,0.1976944,0.1988677,0.197539,0.196541,0.1942388,0.1919636,0.1896988,0.187147,0.1840962,0.1809449,0.1767285,0.1729074,0.1696559,0.1657035,0.1630675,0.1607711,0.1561678,0.1527314,0.1487211,0.1457735,0.1425359,0.1400534,0.1376066,0.1341787,0.1308897,0.1279021,0.12472,0.1218042,0.1189271,0.1170875,0.1130435,0.1098456,0.107456,0.1050149,0.1026719,0.09966563,0.09746783,0.09407078,0.09201901,0.08992433,0.08682985,0.08341876,0.08138969,0.07857396,0.07642805,0.0732723,0.07099964,0.06789411,0.0648485,0.06303073,0.06033974,0.05915349,0.05592954,0.05454573,0.05099216,0.0492712,0.04646854,0.04431085,0.04163284,0.03839732,0.03642973,0.03394319,0.03134246,0.02921763,0.02709665,0.02381801,0.02170151,0.01926083,0.01696169,0.01447559,0.01111572,0.008651112,0.00671369,0.004407867,0.001864976,-0.001053372,-0.003383256,-0.006060923,-0.009135524,-0.0114484,-0.01485475,-0.01545221,-0.01884656,-0.02102941,-0.02415466,-0.02705486,-0.02928072,-0.03270881,-0.03434869,-0.03610527,-0.03881884,-0.0413833,-0.04409837,-0.04566804,-0.04838651,-0.05008305,-0.05284816,-0.05418414,-0.05615307,-0.05831395,-0.05949097,-0.06221,-0.06325428,-0.0656137,-0.06739725,-0.06762267,-0.06942299,-0.07106546,-0.07187102,-0.07346831,-0.07514536,-0.07619589,-0.07755269,-0.07789335,-0.0802048,-0.08100493,-0.08373959,-0.08351534,-0.08621849,-0.08797288,-0.089777,-0.09203618,-0.09337808,-0.09464291,-0.09674224,-0.09905983,-0.1005873,-0.1036684,-0.1057957,-0.1096102,-0.1105519,-0.1136416,-0.1166451,-0.1191152,-0.1208875,-0.124648,-0.1281691,-0.1316468,-0.1340307,-0.1378971,-0.1403786,-0.1438291,-0.1470937,-0.1504828,-0.1548751,-0.1566333,-0.1606143,-0.163535
RR,-0.122852,-0.1257275,-0.1278861,-0.1304767,-0.1324657,-0.1343075,-0.1361382,-0.138112,-0.1398423,-0.1410877,-0.1426185,-0.1435992,-0.1443932,-0.1458396,-0.1459343,-0.1463755,-0.1471386,-0.1478171,-0.1477747,-0.1483905,-0.1484168,-0.1483698,-0.1483629,-0.1485086,-0.1487799,-0.1481912,-0.1478969,-0.1476306,-0.1473458,-0.1467045,-0.1466358,-0.1462052,-0.1458518,-0.144868,-0.144394,-0.1437862,-0.1429975,-0.1424986,-0.1414351,-0.1404369,-0.1395414,-0.1383786,-0.1368069,-0.1358809,-0.1337335,-0.1323082,-0.1300529,-0.1283042,-0.1253651,-0.1225855,-0.120015,-0.1171441,-0.1132877,-0.1097586,-0.105109,-0.1002568,-0.09506872,-0.0891868,-0.08341976,-0.07605883,-0.06893416,-0.06074486,-0.0516435,-0.04235686,-0.03206245,-0.02100199,-0.009894717,0.00293806,0.01494454,0.02898588,0.04221021,0.05590178,0.06981285,0.08291399,0.09639311,0.1085321,0.1202835,0.1305965,0.1400082,0.1469865,0.1536999,0.1588938,0.161889,0.1638389,0.1640474,0.1638117,0.1621741,0.1596683,0.155127,0.1514371,0.147223,0.1432504,0.1410623,0.1392076,0.1387152,0.1399942,0.1421184,0.1446051,0.1470503,0.1500564,0.1536458,0.1559949,0.1590601,0.1605297,0.1623364,0.1635484,0.1639153,0.1644125,0.1646466,0.1640901,0.1628858,0.1617586,0.1601823,0.1588215,0.1567952,0.154415,0.1520593,0.1492919,0.1468294,0.143732,0.1412055,0.1377547,0.1350155,0.1324848,0.1293075,0.1258919,0.1228717,0.1201529,0.1168655,0.1137522,0.1103289,0.1075066,0.1044915,0.1016775,0.09881796,0.09549212,0.09270925,0.08966848,0.08693108,0.08375364,0.08103518,0.07840736,0.07505088,0.07240117,0.06952775,0.06687222,0.06367278,0.06076246,0.05776551,0.05515307,0.0521068,0.04917942,0.04560624,0.04274547,0.03966325,0.03656115,0.03312698,0.03007632,0.0268661,0.02387562,0.01978216,0.0168622,0.01319633,0.009706622,0.006186929,0.003135503,-0.0006569445,-0.004448458,-0.008351405,-0.01178118,-0.0149778,-0.01886514,-0.02270825,-0.0267427,-0.03058114,-0.03411891,-0.03813248,-0.0422076,-0.04596313,-0.04902671,-0.05355046,-0.05730455,-0.06101277,-0.06473078,-0.06864218,-0.07245649,-0.07625836,-0.0803638,-0.08356016,-0.08698115,-0.09082591,-0.09418088,-0.09811431,-0.1013087,-0.1050077,-0.1080429,-0.1112989,-0.1145071,-0.1176398,-0.120404
RR,-0.06880295,-0.07190792,-0.07490101,-0.07823072,-0.08109186,-0.08366343,-0.08661763,-0.08855993,-0.09097315,-0.09263612,-0.09417331,-0.09526771,-0.09621669,-0.09740955,-0.09752127,-0.09781973,-0.09746495,-0.09618054,-0.09649049,-0.09660214,-0.09648501,-0.09651539,-0.09585831,-0.09683345,-0.09784627,-0.09895127,-0.1006878,-0.1025271,-0.1047423,-0.1072186,-0.1103683,-0.1131258,-0.1175874,-0.1208728,-0.1255253,-0.1298093,-0.1341917,-0.1389477,-0.1437644,-0.1476291,-0.1533124,-0.1582305,-0.163035,-0.1679747,-0.1723365,-0.1774457,-0.1811602,-0.1862186,-0.190722,-0.1954171,-0.1992395,-0.2029714,-0.2066069,-0.2098021,-0.2123941,-0.2154067,-0.2159013,-0.2178034,-0.2177773,-0.2176699,-0.2160909,-0.213238,-0.2084748,-0.2022599,-0.1937969,-0.1813156,-0.1672914,-0.1497752,-0.1255344,-0.09592195,-0.05870458,-0.01294973,0.04361334,0.1026706,0.1430502,0.1688386,0.1870223,0.2091451,0.2392062,0.2756509,0.3142363,0.354167,0.3906014,0.4213747,0.4463592,0.4647844,0.4763758,0.4829208,0.4846494,0.4833466,0.4788488,0.4723394,0.464893,0.4560055,0.4477706,0.4380372,0.4285584,0.4187528,0.4091327,0.4003457,0.3914465,0.3817692,0.3732287,0.3645066,0.3553758,0.3475307,0.3397418,0.3319649,0.3243014,0.316515,0.3093106,0.3021669,0.2948684,0.2874562,0.281341,0.2751356,0.2685102,0.261984,0.2556619,0.2493412,0.2432988,0.2367358,0.2311481,0.2250158,0.2188285,0.2131877,0.2072943,0.2009554,0.1945947,0.1891766,0.1842817,0.1787128,0.1726943,0.1666981,0.1620004,0.1558358,0.1507741,0.1451908,0.1395352,0.135071,0.1299179,0.1245226,0.119362,0.1153842,0.1098011,0.1054354,0.1012052,0.09629261,0.09185456,0.08759231,0.08294348,0.07887044,0.07459448,0.07065365,0.06609508,0.06207406,0.05842832,0.05448982,0.05109949,0.0468995,0.04372464,0.03954519,0.03561948,0.03335762,0.02908677,0.02556371,0.02304463,0.01922517,0.01580084,0.01332053,0.0104334,0.006925282,0.00422238,0.001840858,-0.001186428,-0.003664438,-0.006776621,-0.009437117,-0.0122371,-0.01424679,-0.01637668,-0.01842247,-0.02153807,-0.02432443,-0.02641759,-0.02882701,-0.03106567,-0.03327328,-0.0363661,-0.03859032,-0.04188825,-0.04336838,-0.04648219,-0.04893774,-0.05186367,-0.05431807,-0.05713804,-0.05999953,-0.06302896,-0.06565233
RR,-0.1512458,-0.152366,-0.1540422,-0.1543989,-0.1562378,-0.1570876,-0.1577659,-0.15949,-0.1595358,-0.160403,-0.1604079,-0.1608677,-0.1615012,-0.1621916,-0.1621175,-0.1626082,-0.1614551,-0.1616285,-0.1603186,-0.160974,-0.1603068,-0.1593601,-0.1586775,-0.157229,-0.1558016,-0.1546967,-0.1524845,-0.151979,-0.1494223,-0.1469579,-0.1444513,-0.1422017,-0.139379,-0.1363973,-0.1332194,-0.1297981,-0.1264369,-0.1224241,-0.1184124,-0.1133039,-0.1082384,-0.1036934,-0.09818405,-0.09267949,-0.08677103,-0.08060981,-0.07385537,-0.06706585,-0.05986023,-0.05306685,-0.04513621,-0.03761103,-0.02917172,-0.02108752,-0.01285573,-0.004088433,0.004595418,0.01256094,0.02084115,0.02846295,0.0366099,0.04403717,0.05124324,0.05746105,0.06375079,0.06915031,0.07373967,0.07651936,0.08086074,0.08305636,0.08404217,0.08569898,0.08531793,0.0855163,0.08505918,0.08514505,0.08424199,0.08503124,0.08613098,0.08739581,0.0898128,0.09169894,0.09434069,0.09883571,0.1020952,0.1063799,0.1110384,0.1157708,0.1203402,0.124081,0.1282963,0.1327235,0.1365155,0.1393028,0.1428121,0.1461138,0.1479999,0.1509258,0.153273,0.1545312,0.1572521,0.1591485,0.1597519,0.1612866,0.1620136,0.1632754,0.1633891,0.1643769,0.164087,0.1636566,0.1644344,0.1637537,0.1632543,0.1623456,0.1612819,0.1597682,0.1587466,0.1573805,0.15553,0.1527298,0.1512023,0.1488955,0.1464973,0.142632,0.1406929,0.1376089,0.1339208,0.131266,0.1271299,0.1235989,0.1196668,0.1149725,0.1113745,0.1075949,0.1030691,0.09892023,0.09428613,0.09006273,0.08511154,0.0805598,0.07632373,0.07047673,0.06668349,0.06130246,0.05709858,0.05121409,0.0476286,0.0420441,0.03680918,0.03270769,0.02696346,0.02201637,0.01776175,0.01298629,0.007371755,0.002720647,-0.002686843,-0.007434379,-0.01250726,-0.01766361,-0.02266424,-0.02684207,-0.0314832,-0.03624522,-0.04189477,-0.04550267,-0.05075451,-0.0547901,-0.05888479,-0.06333879,-0.06759766,-0.07163368,-0.07551402,-0.07982907,-0.08389946,-0.08737816,-0.09093586,-0.09443989,-0.09791463,-0.1013384,-0.1044878,-0.1078546,-0.111201,-0.1139419,-0.1171312,-0.1196042,-0.1220066,-0.1247581,-0.1276909,-0.1297964,-0.1320377,-0.1345454,-0.1366334,-0.1382738,-0.1407204,-0.1427016,-0.1450167,-0.1466679,-0.1478336,-0.1492008
RR,-0.08239405,-0.07962171,-0.07611743,-0.07257527,-0.0701583,-0.06488924,-0.05932446,-0.05779185,-0.05320338,-0.04882396,-0.04656812,-0.0418871,-0.03797253,-0.03504777,-0.02859736,-0.02689229,-0.02255539,-0.01750468,-0.01529924,-0.009541018,-0.005191385,-0.004732589,0.0002194261,0.003110604,0.006763468,0.01040816,0.01242455,0.01689635,0.01945329,0.02288366,0.02507208,0.02775238,0.03093633,0.03547683,0.0369986,0.03895994,0.04187663,0.04369176,0.04686401,0.04768077,0.05092178,0.05244414,0.05544215,0.05866116,0.05869961,0.06080763,0.06315687,0.06316833,0.0641998,0.06785813,0.06905203,0.07020751,0.07207838,0.07286178,0.07551464,0.07707307,0.07621532,0.07869961,0.07932149,0.08197428,0.08193868,0.08214413,0.08465789,0.08531462,0.08586767,0.08551934,0.08564,0.08594035,0.08638945,0.08685461,0.08795886,0.08692583,0.0867389,0.0873752,0.08666118,0.08700635,0.08599415,0.08504093,0.08508206,0.08397578,0.08299471,0.08269056,0.08201431,0.08072173,0.08124696,0.077928,0.07730009,0.07796813,0.0745931,0.0744721,0.07181683,0.0698503,0.06862812,0.06632908,0.06586293,0.06347002,0.06099979,0.05957175,0.05820893,0.05753592,0.05361074,0.05231871,0.05017443,0.04799135,0.04567508,0.04336983,0.03985974,0.03878169,0.03575228,0.03495676,0.03207646,0.02748128,0.02521431,0.02218404,0.01832799,0.01683255,0.01484979,0.009836173,0.007796374,0.004456569,7.07666e-05,-0.00314365,-0.009273354,-0.01027692,-0.01348014,-0.01849015,-0.02145959,-0.02680146,-0.02940717,-0.03547587,-0.04096813,-0.04243595,-0.04726829,-0.05360663,-0.05525381,-0.0608926,-0.06377462,-0.0691796,-0.07446934,-0.07698152,-0.07980248,-0.0842361,-0.08651912,-0.0894297,-0.09338247,-0.09567728,-0.09818649,-0.1027149,-0.1050515,-0.1087865,-0.1091588,-0.1106866,-0.1112197,-0.114141,-0.116011,-0.1179729,-0.1208267,-0.1223597,-0.1227436,-0.1231387,-0.1238654,-0.1231267,-0.1243459,-0.1244233,-0.1240735,-0.1262034,-0.1242975,-0.1278034,-0.1259875,-0.1256649,-0.125987,-0.1263698,-0.1232158,-0.1266759,-0.1241199,-0.1271836,-0.1255917,-0.1251119,-0.1219012,-0.1247509,-0.1245721,-0.1240039,-0.1211186,-0.1219444,-0.1212168,-0.1204248,-0.1189222,-0.1181816,-0.1146868,-0.1130403,-0.1110971,-0.108735,-0.1078074,-0.1033919,-0.1026282,-0.0994441,-0.09576686,-0.09405173,-0.08946107,-0.08848944
RR,0.05261192,0.04920172,0.04640481,0.04260088,0.04031838,0.03683887,0.03367661,0.03063154,0.02733753,0.02390795,0.02139668,0.01932102,0.01581877,0.01257861,0.009491759,0.006819766,0.003882725,0.0003992807,-0.00188259,-0.004539986,-0.007185881,-0.009841505,-0.01225326,-0.01487865,-0.01793081,-0.01945104,-0.0221919,-0.02466197,-0.02724181,-0.02986654,-0.03118613,-0.03381496,-0.03636131,-0.03799273,-0.03952771,-0.04252445,-0.04452883,-0.04581108,-0.04821613,-0.04940376,-0.05164727,-0.05358649,-0.05596822,-0.05715444,-0.05922784,-0.06091826,-0.06256532,-0.06395392,-0.06544889,-0.06712684,-0.06907064,-0.06983532,-0.07185099,-0.07257646,-0.07424739,-0.07582175,-0.07675582,-0.07768162,-0.07894933,-0.07954671,-0.08022696,-0.08150057,-0.08166485,-0.08155405,-0.08213756,-0.08207101,-0.08236069,-0.08213445,-0.08234137,-0.08291499,-0.08441437,-0.08426128,-0.08576822,-0.08692786,-0.08820873,-0.08968367,-0.09213182,-0.09381191,-0.0964165,-0.09896724,-0.1030174,-0.105628,-0.109054,-0.1123402,-0.116281,-0.1202717,-0.1234465,-0.1274753,-0.1319826,-0.1355995,-0.1392927,-0.1430552,-0.1473972,-0.1508476,-0.1547953,-0.1582372,-0.1617833,-0.1647799,-0.1679633,-0.170481,-0.1724038,-0.1742867,-0.1749598,-0.1755485,-0.1757198,-0.1746631,-0.1721437,-0.1686093,-0.1640812,-0.1572267,-0.1485621,-0.137294,-0.1234126,-0.1069335,-0.08712352,-0.06189848,-0.033109,-0.001585433,0.03098047,0.06021904,0.08103773,0.09347076,0.09965759,0.1054972,0.1118446,0.1204928,0.1313773,0.1446781,0.1609329,0.1765694,0.1937254,0.2100708,0.2247119,0.2369769,0.2485018,0.2573243,0.264721,0.2686668,0.2711813,0.2731099,0.2721648,0.2708617,0.267935,0.2646485,0.2605841,0.2563883,0.252173,0.2474353,0.2424166,0.2375398,0.2328846,0.2279563,0.223397,0.2184134,0.2135017,0.2089299,0.2042121,0.1993679,0.1956532,0.1907099,0.1870925,0.1828487,0.1792692,0.1749526,0.1710058,0.167483,0.1637556,0.1600767,0.1568173,0.1534729,0.1489656,0.1458168,0.1422817,0.1387196,0.1351041,0.1320178,0.1289781,0.1253459,0.1225981,0.1191154,0.1160161,0.1130946,0.109336,0.1065232,0.1035127,0.1000943,0.09657359,0.09427803,0.09079305,0.08764362,0.08442838,0.08072175,0.07829453,0.07527136,0.07133105,0.06824233,0.06570804,0.06211242,0.05924758,0.05579162
RR,0.1258645,0.1252554,0.1240803,0.1224588,0.119512,0.1192395,0.1167953,0.1149381,0.1124863,0.110652,0.1081135,0.1061033,0.1034912,0.1009255,0.0986371,0.09643987,0.09188969,0.08978233,0.08734383,0.08447587,0.08121373,0.07762013,0.07478093,0.07103966,0.06877786,0.06449645,0.06141569,0.05809354,0.05527989,0.0507404,0.0463867,0.04341659,0.040452,0.03630472,0.03202484,0.0291651,0.02485356,0.02178355,0.01727835,0.01308727,0.009862546,0.00630469,0.002339571,-0.001907568,-0.005393015,-0.008735863,-0.01259941,-0.01661614,-0.01985573,-0.02370496,-0.0267106,-0.03076725,-0.03399396,-0.03839121,-0.04103036,-0.04439129,-0.04838235,-0.05091527,-0.05429544,-0.05730667,-0.06059936,-0.06329542,-0.06650404,-0.06836794,-0.07062253,-0.07395764,-0.07627037,-0.07861175,-0.08109508,-0.08364046,-0.08579805,-0.08724414,-0.08955329,-0.09190503,-0.09286425,-0.09500122,-0.09651104,-0.09780881,-0.0996662,-0.1014429,-0.1031118,-0.1041844,-0.1056124,-0.1067791,-0.1079912,-0.110084,-0.1110506,-0.1117561,-0.112938,-0.1137839,-0.115481,-0.1157684,-0.1169312,-0.1174723,-0.1186569,-0.1201872,-0.120377,-0.1210747,-0.1221083,-0.1227621,-0.123378,-0.123878,-0.124199,-0.125026,-0.1245222,-0.1255781,-0.1259603,-0.1259942,-0.1259176,-0.1255906,-0.1254143,-0.1253259,-0.1251946,-0.1238772,-0.1227077,-0.1219456,-0.121117,-0.1195974,-0.1183984,-0.1163662,-0.1142122,-0.1120996,-0.1098483,-0.107021,-0.1038041,-0.1020441,-0.09713656,-0.09344905,-0.08955027,-0.08532867,-0.08031954,-0.07442342,-0.07019946,-0.06423595,-0.0586335,-0.05123807,-0.04472998,-0.03862998,-0.03170307,-0.02355378,-0.01579657,-0.009740204,-0.002144736,0.005526781,0.0137246,0.02111609,0.02735063,0.03522514,0.04081417,0.04785705,0.05277022,0.05874255,0.06301991,0.06866511,0.07234892,0.07519922,0.07883677,0.08191431,0.08593146,0.08736187,0.09038351,0.09327349,0.09622152,0.09935199,0.1011114,0.1054813,0.1079134,0.1112938,0.1134781,0.1169403,0.1194478,0.1228011,0.1254941,0.1267553,0.1285118,0.1308177,0.1326165,0.133073,0.1341691,0.1360463,0.1359327,0.1370096,0.1359556,0.1380001,0.1376272,0.1381071,0.1374808,0.1375572,0.1372646,0.1374484,0.1368832,0.1354288,0.1360712,0.1342995,0.1335203,0.132035,0.1318199,0.1306981,0.1292192,0.1277912
RR,-0.1143688,-0.1159963,-0.1182206,-0.1194417,-0.1196846,-0.1223927,-0.1236789,-0.1234865,-0.1253015,-0.1262334,-0.12592,-0.1280897,-0.1285596,-0.1283931,-0.130087,-0.1305171,-0.1296265,-0.1315917,-0.131642,-0.1315599,-0.1319621,-0.1318329,-0.1309613,-0.1317947,-0.1314197,-0.1301562,-0.1304389,-0.1292935,-0.1267099,-0.1277149,-0.1265857,-0.123755,-0.1225754,-0.121257,-0.1176865,-0.1154272,-0.1141296,-0.1094492,-0.1064829,-0.1037361,-0.09942444,-0.09556055,-0.09208833,-0.08634908,-0.08161834,-0.07678271,-0.07033843,-0.06425876,-0.06025039,-0.05188506,-0.04639594,-0.04002353,-0.03205231,-0.02438946,-0.01882987,-0.009453622,-0.003148469,0.002779164,0.01097415,0.01723506,0.0229429,0.03051077,0.03653889,0.04043736,0.04566526,0.05093241,0.05386852,0.05832956,0.06260711,0.06337444,0.06799372,0.07039857,0.07144708,0.07449132,0.07799613,0.07974457,0.0828376,0.08611606,0.08694784,0.09179357,0.09508656,0.09752253,0.09948512,0.1039132,0.1054485,0.108992,0.1120041,0.1136224,0.116065,0.1185693,0.1184631,0.1214998,0.1229743,0.1238146,0.124357,0.1266931,0.1254272,0.1269145,0.129295,0.1282288,0.1292913,0.1314039,0.1295503,0.1306341,0.1326087,0.1312923,0.131489,0.1330533,0.1306377,0.1309418,0.1318515,0.1299012,0.1298109,0.1300177,0.1270379,0.1266924,0.1276451,0.1248816,0.1233348,0.1227281,0.119214,0.1182766,0.1175729,0.1137794,0.1118693,0.1113378,0.1072179,0.1047373,0.1033003,0.0993291,0.09617838,0.09424354,0.08996306,0.0870794,0.08550593,0.08037908,0.07732433,0.07489517,0.0703492,0.06679831,0.06447186,0.05928761,0.05554317,0.05253873,0.04779804,0.04414821,0.04212052,0.03697085,0.03263519,0.02971222,0.02433808,0.02083654,0.01851709,0.01293846,0.008666912,0.006136282,0.001505099,-0.002321967,-0.00523639,-0.009758931,-0.01396611,-0.01578591,-0.02150055,-0.02536502,-0.02707083,-0.0320037,-0.03484706,-0.03809233,-0.04215601,-0.04527019,-0.04776466,-0.05142386,-0.05531605,-0.05739029,-0.06070841,-0.06427743,-0.06616017,-0.06835881,-0.07234669,-0.07392401,-0.07661583,-0.07965332,-0.08083703,-0.08306861,-0.08633459,-0.08805462,-0.08998314,-0.09314308,-0.0935675,-0.09577174,-0.09874786,-0.1000311,-0.1015376,-0.1040293,-0.1049265,-0.1062734,-0.1086008,-0.1099079,-0.1111257,-0.1134502
RR,-0.00350592,-0.004374052,-0.004423992,-0.005074729,-0.005438489,-0.00584386,-0.005910149,-0.006554611,-0.006546696,-0.006506578,-0.007231127,-0.007202408,-0.007415676,-0.00692207,-0.007294917,-0.007254046,-0.007049361,-0.0072473,-0.006792258,-0.006598201,-0.006070696,-0.00592036,-0.005588945,-0.00531417,-0.005390099,-0.005097655,-0.004469238,-0.003996995,-0.003800239,-0.003001296,-0.002753703,-0.002604754,-0.002106518,-0.00184349,-0.001718233,-0.001015732,-0.0007698816,-0.0008233539,-0.0003050135,2.558959e-05,0.000211415,0.0003962792,0.000686417,0.001176476,0.00160442,0.00149005,0.002055899,0.001882554,0.002645629,0.002345559,0.002545926,0.002746359,0.002838816,0.002899395,0.002945244,0.003065186,0.002980154,0.002868588,0.003169891,0.002762245,0.002914461,0.003147457,0.002779725,0.002635342,0.002959281,0.002512962,0.002157432,0.001841409,0.00179365,0.001349461,0.001110978,0.0005589495,0.0007740058,-0.0001130771,-0.0002235994,-0.001005198,-0.001145787,-0.001372631,-0.002333845,-0.002315441,-0.002698747,-0.003435276,-0.003936348,-0.004449761,-0.005134734,-0.005388258,-0.005378102,-0.005681751,-0.006399135,-0.006386481,-0.007014324,-0.007174124,-0.007028793,-0.007768538,-0.007829541,-0.008434697,-0.007693792,-0.008350159,-0.008341552,-0.008343006,-0.008971367,-0.008473629,-0.009246407,-0.008779907,-0.009348676,-0.008747366,-0.008806218,-0.008944794,-0.008464247,-0.008856049,-0.0078777,-0.007921736,-0.007974585,-0.007614192,-0.00755917,-0.006957598,-0.006409423,-0.005625925,-0.005425904,-0.004960968,-0.004449374,-0.003918413,-0.002814793,-0.002528746,-0.001444621,-0.001205655,-7.866303e-05,0.0005623478,0.0008405565,0.001759844,0.001697731,0.002958934,0.003255312,0.004478245,0.005034841,0.005522098,0.006209078,0.007029444,0.007740235,0.00848727,0.009003148,0.009760488,0.01063915,0.01092599,0.01209698,0.01242475,0.01290039,0.01371374,0.01408362,0.01443278,0.01469092,0.015555,0.01539235,0.01597779,0.01622877,0.01663391,0.01686287,0.01698836,0.01721386,0.01728063,0.01751738,0.01738566,0.01767657,0.0177995,0.01789166,0.01755094,0.01777185,0.01762816,0.01701017,0.0172653,0.01654161,0.01647707,0.01618329,0.01542292,0.01521121,0.01429546,0.01393395,0.01290893,0.01259933,0.01190305,0.01071327,0.01036191,0.009207738,0.008659038,0.007529575,0.006700765,0.006431198,0.005238396,0.005068078,0.003436214,0.003339187,0.002016892,0.001569236,0.001129896,-0.0002261943,-0.0004982981,-0.001517882,-0.001592618,-0.00300121,-0.003125296
RR,-0.1674485,-0.1656147,-0.1626622,-0.1590409,-0.1547831,-0.1497743,-0.1434779,-0.136419,-0.1283572,-0.1191663,-0.1085855,-0.09627188,-0.08218402,-0.06657467,-0.04968189,-0.03274619,-0.01619222,-0.001871618,0.009393737,0.0174703,0.02257652,0.02577028,0.02798804,0.03001051,0.03187995,0.03448917,0.03764416,0.04165745,0.04659516,0.05183938,0.0578042,0.0640247,0.07014458,0.07676502,0.08337911,0.08914445,0.09493484,0.1002339,0.1049691,0.109542,0.1132167,0.1168092,0.1195776,0.1214491,0.1236039,0.12499,0.1262172,0.1265813,0.1271889,0.1266907,0.1265639,0.1262173,0.1259094,0.1248399,0.1236057,0.1223009,0.1211428,0.119736,0.1181895,0.1169089,0.1151624,0.1134491,0.11189,0.1099354,0.1085791,0.1065865,0.1048724,0.1030475,0.1013715,0.09968751,0.09790652,0.09582681,0.09395781,0.0916763,0.08981842,0.08822365,0.08662587,0.08426825,0.08248076,0.08069239,0.07813471,0.07678345,0.07465172,0.07247724,0.07059187,0.06854483,0.06665331,0.06445538,0.06230574,0.0601575,0.05841392,0.05612648,0.05425919,0.0518778,0.04966791,0.04744643,0.04532382,0.04308556,0.04093485,0.03852224,0.03616726,0.03424314,0.03164483,0.02968802,0.02733085,0.02496417,0.02279215,0.02027432,0.01815302,0.01583764,0.01355876,0.01135715,0.009233827,0.006852799,0.004727673,0.002400347,0.0003987452,-0.001978747,-0.004327893,-0.006598155,-0.008504125,-0.01065941,-0.01269484,-0.01485767,-0.01712067,-0.01901312,-0.02086655,-0.02319348,-0.02501561,-0.02690906,-0.02881273,-0.03071059,-0.03296067,-0.03474782,-0.03694237,-0.03874391,-0.04086168,-0.0427508,-0.04464954,-0.04652048,-0.04843875,-0.05049233,-0.05262777,-0.05407963,-0.05631678,-0.05828398,-0.06045405,-0.06262133,-0.06448673,-0.06692088,-0.06830505,-0.07081202,-0.07291679,-0.07527481,-0.07721222,-0.07916651,-0.08148087,-0.08360279,-0.08612613,-0.08849148,-0.09056033,-0.09277999,-0.09516127,-0.09763603,-0.09979689,-0.1024861,-0.104612,-0.107275,-0.1096666,-0.1122916,-0.1148085,-0.1173878,-0.1202902,-0.1227006,-0.1252208,-0.1280137,-0.1310648,-0.1334489,-0.1362215,-0.1389091,-0.1415453,-0.1441304,-0.1470155,-0.149327,-0.1519006,-0.1544921,-0.1564703,-0.1590194,-0.1612227,-0.1633331,-0.1647894,-0.1667226,-0.1680795,-0.169318,-0.1701981,-0.1708636,-0.170941,-0.1707516,-0.1702561,-0.1690121
RR,-0.07791377,-0.07902751,-0.08081889,-0.08117814,-0.08202592,-0.08264962,-0.08304082,-0.08429804,-0.08484365,-0.0844503,-0.08496242,-0.08542744,-0.08597555,-0.08641887,-0.08745022,-0.08792915,-0.08917302,-0.09086147,-0.09228881,-0.09407784,-0.09737179,-0.09968638,-0.1024174,-0.1051505,-0.108552,-0.1119237,-0.1155893,-0.1195503,-0.1233936,-0.1279753,-0.1322086,-0.1362797,-0.1404748,-0.1448137,-0.1486471,-0.1530696,-0.1580392,-0.1613097,-0.1665481,-0.1698707,-0.174473,-0.1780834,-0.1815466,-0.1850748,-0.187909,-0.1915557,-0.1936096,-0.195654,-0.1974432,-0.1980536,-0.1986385,-0.197916,-0.1955636,-0.1933143,-0.1880693,-0.1813809,-0.1736436,-0.1621494,-0.1485072,-0.1317819,-0.1103785,-0.08294044,-0.0518202,-0.01358025,0.02891547,0.06789213,0.09651773,0.1102413,0.1150795,0.1186492,0.1267615,0.1397943,0.1569417,0.1776453,0.2005381,0.2238602,0.2469734,0.2677575,0.2839901,0.2997295,0.3103859,0.3181197,0.3223035,0.3240349,0.3235048,0.3218766,0.3188751,0.3145693,0.3094552,0.3037753,0.2981344,0.2928865,0.2867171,0.2805022,0.2738159,0.2676714,0.2621516,0.2559584,0.2510575,0.2448768,0.239968,0.2335588,0.2287839,0.2246042,0.2191404,0.2141829,0.2082856,0.2038155,0.2004183,0.1959409,0.1907726,0.1860007,0.1821384,0.1772306,0.1730859,0.1688877,0.1645842,0.1615935,0.1559381,0.1528682,0.1483514,0.1449098,0.1400777,0.137066,0.132247,0.1291332,0.125176,0.1212653,0.1183033,0.1142029,0.1109961,0.1068833,0.1030392,0.09969419,0.09535804,0.09163625,0.08950536,0.0851397,0.08077487,0.07768305,0.0741974,0.07106239,0.06762723,0.06426123,0.06131392,0.05776853,0.05417022,0.051945,0.04733511,0.04423057,0.04148176,0.03769673,0.03550109,0.032368,0.02863665,0.02539597,0.02271909,0.02026228,0.01615078,0.013475,0.01038431,0.008642482,0.004925372,0.002760225,-8.855807e-05,-0.002092988,-0.005043696,-0.007192311,-0.009630959,-0.01204237,-0.01478016,-0.01755104,-0.02006961,-0.0216577,-0.02412086,-0.02631894,-0.02886634,-0.03074743,-0.03344326,-0.03454686,-0.03735312,-0.03901268,-0.04135821,-0.04406238,-0.04675602,-0.0485559,-0.05020615,-0.05308823,-0.05526154,-0.05764393,-0.05908348,-0.06197127,-0.06340715,-0.06566091,-0.06730168,-0.06916381,-0.07153456,-0.07300766,-0.07556708,-0.07630899
RR,0.693833,0.6785435,0.6629938,0.6457394,0.6285142,0.6106608,0.5915888,0.5771621,0.5596467,0.5444587,0.5304966,0.515794,0.5003389,0.4871613,0.4726932,0.4575362,0.4458892,0.4326565,0.4217613,0.4082275,0.3979811,0.3876646,0.3782643,0.367735,0.3574244,0.3465703,0.338836,0.3287666,0.3207358,0.313244,0.3043898,0.2967004,0.2887394,0.279856,0.2720103,0.2661402,0.2587319,0.251238,0.2438254,0.2378172,0.2302581,0.2243901,0.2185361,0.2106976,0.2039559,0.1986337,0.1923154,0.1855724,0.1799186,0.1741961,0.1680792,0.1617592,0.1567673,0.1500668,0.144735,0.1397463,0.1337818,0.1288844,0.1235062,0.1174993,0.1130173,0.1054739,0.1015633,0.09519642,0.08937617,0.08494153,0.07915224,0.07332441,0.06849077,0.06243934,0.0576288,0.05211625,0.04727114,0.04055705,0.03722919,0.03055368,0.02526935,0.01905274,0.01607814,0.00964274,0.006201488,-0.000137091,-0.005123576,-0.01024796,-0.01436648,-0.01863506,-0.02412027,-0.02857657,-0.03249085,-0.03787147,-0.04158118,-0.04546104,-0.04937408,-0.05309425,-0.05696844,-0.05998712,-0.06350645,-0.06700838,-0.06937615,-0.07345389,-0.07555813,-0.07817485,-0.07939654,-0.08168779,-0.08396705,-0.08546492,-0.08685461,-0.08786653,-0.08937972,-0.09039409,-0.09220622,-0.09251863,-0.09332648,-0.09476583,-0.09442044,-0.09561865,-0.09724405,-0.09737899,-0.09696968,-0.09776367,-0.09890626,-0.09894356,-0.09968598,-0.1006692,-0.1024788,-0.1031526,-0.104795,-0.1064518,-0.1072485,-0.1092,-0.110114,-0.1125278,-0.1130494,-0.1153648,-0.1169281,-0.1183505,-0.1182815,-0.1190592,-0.1186899,-0.1172432,-0.1156663,-0.1127046,-0.1103853,-0.1086247,-0.1077234,-0.1060593,-0.1057326,-0.1054921,-0.1077181,-0.111033,-0.1145301,-0.1190045,-0.1235613,-0.128781,-0.135841,-0.1414611,-0.1472316,-0.1538824,-0.159286,-0.1654979,-0.1700233,-0.1759845,-0.1804179,-0.1847348,-0.1869122,-0.1880662,-0.1908112,-0.1913682,-0.1901613,-0.1878861,-0.1833497,-0.177031,-0.168992,-0.1578813,-0.1445431,-0.1259052,-0.1032506,-0.07401451,-0.03503026,0.007594337,0.06941075,0.1246121,0.1770576,0.2618672,0.3178971,0.3806296,0.4525154,0.5265864,0.5905062,0.6410975,0.6770933,0.7113938,0.7352249,0.7512661,0.7588434,0.757091,0.7511588,0.7398803,0.7290742,0.7131112
RR,0.06053147,0.05826158,0.05435842,0.05156379,0.04828051,0.04333507,0.04115479,0.03685035,0.0331779,0.03118217,0.02553134,0.02316159,0.01863071,0.0148432,0.0118714,0.007135303,0.004868196,0.000464415,-0.004309728,-0.006705168,-0.01259804,-0.01499857,-0.01923351,-0.02455741,-0.02766862,-0.03269697,-0.03583087,-0.03947482,-0.04433485,-0.04768964,-0.05299086,-0.05575708,-0.05993101,-0.06504161,-0.06763655,-0.0721783,-0.07613593,-0.07912955,-0.08403212,-0.08625633,-0.09117858,-0.09409235,-0.09648849,-0.1011055,-0.103368,-0.106433,-0.1095087,-0.1114298,-0.114406,-0.1159801,-0.118513,-0.1207732,-0.1230716,-0.125553,-0.1268331,-0.128089,-0.1296489,-0.1308204,-0.1331114,-0.1343371,-0.135238,-0.1364609,-0.1366144,-0.1385293,-0.1392934,-0.140145,-0.1415714,-0.1415667,-0.1432116,-0.1430278,-0.1441492,-0.1448775,-0.1448115,-0.1460824,-0.1464999,-0.1466264,-0.1475596,-0.1469973,-0.1484051,-0.1480587,-0.1481855,-0.1492847,-0.1482718,-0.1492892,-0.1492335,-0.1484153,-0.1489957,-0.1473631,-0.147458,-0.146529,-0.1461867,-0.1448101,-0.1441549,-0.141483,-0.140353,-0.1387154,-0.1358772,-0.1335832,-0.1304919,-0.1279318,-0.1239772,-0.1205948,-0.1163411,-0.1111965,-0.1059945,-0.1010095,-0.09411599,-0.08762839,-0.0807153,-0.07208416,-0.06453543,-0.05477008,-0.04531082,-0.03588506,-0.02384401,-0.0145839,-0.003257931,0.008158746,0.01891337,0.03099837,0.03996702,0.05118227,0.05959558,0.06725345,0.07671783,0.08233425,0.08853055,0.09436519,0.09904902,0.1049013,0.108643,0.1141748,0.1193054,0.1245737,0.1307601,0.1358674,0.1417214,0.1474851,0.1527523,0.1580473,0.1616954,0.165674,0.1680112,0.1711225,0.1732516,0.1747961,0.177845,0.1768945,0.1783081,0.1794664,0.1785752,0.1796482,0.178812,0.1779708,0.1782147,0.177071,0.1766595,0.1738339,0.1736852,0.1719191,0.1695167,0.1683451,0.1653353,0.1641114,0.1615542,0.15851,0.1574262,0.1537473,0.1522635,0.1492082,0.1465995,0.1441216,0.1404409,0.1389171,0.1354261,0.1334213,0.1302779,0.1269492,0.1256417,0.1230058,0.1193044,0.1173632,0.1141921,0.111959,0.1093729,0.1053277,0.1030005,0.1000066,0.09748339,0.09444211,0.09132323,0.08915476,0.08565582,0.08336618,0.08033833,0.07646567,0.07455718,0.070482,0.06786253,0.06503638
RR,-0.02886585,-0.02783034,-0.0269576,-0.02616752,-0.0252231,-0.02431151,-0.02371254,-0.02217426,-0.02121091,-0.02027944,-0.01923872,-0.01793871,-0.01685179,-0.01602439,-0.01459058,-0.01334651,-0.01231119,-0.01119583,-0.009735404,-0.008346083,-0.007152859,-0.005887603,-0.004356385,-0.003338106,-0.001843371,-0.000533676,0.0009309324,0.001930413,0.003774127,0.004837568,0.006230537,0.007679164,0.008778012,0.01039614,0.0115493,0.01320947,0.01453701,0.01558661,0.01707337,0.01848986,0.01963382,0.02141901,0.02265316,0.02389376,0.02551014,0.02672932,0.02752821,0.02881067,0.0302431,0.0312469,0.03262138,0.03348561,0.0348124,0.03598327,0.03691896,0.03769276,0.03859822,0.03972894,0.04041515,0.04131575,0.04199145,0.04261977,0.04369652,0.04429398,0.04472355,0.04504871,0.04577742,0.04621335,0.04649693,0.04736201,0.04755534,0.04767665,0.04779707,0.04811028,0.04793314,0.04787037,0.04806975,0.04811357,0.04799484,0.04762439,0.04758423,0.04722324,0.04685553,0.04636298,0.0463207,0.04545047,0.0454901,0.04459245,0.04402025,0.04325363,0.04261618,0.0423198,0.04104025,0.04052488,0.03948693,0.0384836,0.03803552,0.03667068,0.03576187,0.03479521,0.03345991,0.03224451,0.03144992,0.03013244,0.02842769,0.0274925,0.02609607,0.02540799,0.023572,0.02239218,0.02103893,0.01965711,0.01851369,0.01742897,0.01557193,0.01450322,0.01267321,0.0114725,0.0102327,0.009005909,0.007326067,0.005985943,0.004564794,0.003438581,0.001740963,0.000539756,-0.000813617,-0.002113887,-0.003630481,-0.004941219,-0.005978454,-0.007214868,-0.008663028,-0.0100355,-0.01099095,-0.0124784,-0.01394491,-0.01456002,-0.01583111,-0.01703452,-0.01818244,-0.01934361,-0.02009457,-0.02129138,-0.0226315,-0.0233069,-0.02420665,-0.02519801,-0.02601362,-0.0271508,-0.02816601,-0.02872149,-0.02942424,-0.03011579,-0.03084003,-0.03133288,-0.03243964,-0.03297608,-0.03349889,-0.03405933,-0.03449845,-0.03540903,-0.03603867,-0.03640553,-0.03691078,-0.03704773,-0.03746163,-0.03765097,-0.03806854,-0.03808358,-0.03853364,-0.03888997,-0.03857079,-0.03897292,-0.03908508,-0.03837885,-0.03917854,-0.03844944,-0.03862548,-0.0381723,-0.03866144,-0.03869439,-0.03815315,-0.03822051,-0.03805607,-0.0373744,-0.03724446,-0.03674393,-0.03655548,-0.03613803,-0.03558747,-0.03502755,-0.03432674,-0.03381179,-0.0333178,-0.03245366,-0.03147565,-0.03087202,-0.03024957,-0.02914853
RR,-0.08206607,-0.08288255,-0.08416475,-0.0845997,-0.08605146,-0.08649952,-0.08695675,-0.08761619,-0.08737354,-0.08899336,-0.0890763,-0.08971824,-0.09011764,-0.09145391,-0.09253908,-0.09358279,-0.09502722,-0.09681941,-0.09854781,-0.1007198,-0.1026716,-0.1056003,-0.1081222,-0.1103165,-0.1130886,-0.1165168,-0.1200347,-0.1231579,-0.126577,-0.1299174,-0.1336119,-0.1377163,-0.1414799,-0.1449494,-0.1488149,-0.1526022,-0.1568948,-0.1612042,-0.1646022,-0.1684352,-0.1717269,-0.1756741,-0.1788439,-0.1826719,-0.1849556,-0.1879232,-0.1905959,-0.1928059,-0.1940763,-0.1955808,-0.1959932,-0.1957405,-0.1945295,-0.1924744,-0.1893793,-0.1849073,-0.1792291,-0.1714656,-0.1613487,-0.1491932,-0.1346907,-0.116458,-0.09514303,-0.06860196,-0.0371276,-0.001642272,0.03415804,0.0625065,0.08133491,0.09170312,0.09946135,0.1058492,0.115078,0.1258506,0.1400505,0.1559534,0.1729201,0.1907033,0.2071911,0.2228116,0.2375904,0.2491933,0.2589895,0.2670792,0.2726122,0.2762675,0.277936,0.2781543,0.2773483,0.2755376,0.273064,0.2693236,0.2655833,0.2610231,0.2567524,0.2518505,0.2465568,0.241898,0.237333,0.2323199,0.2273729,0.2224111,0.2177777,0.21295,0.2082486,0.2036137,0.199058,0.1948898,0.1907261,0.1860745,0.1819693,0.1779652,0.173487,0.1699137,0.1653307,0.1619015,0.1578105,0.1540851,0.1503728,0.1465356,0.1428522,0.139096,0.1352772,0.1318696,0.128561,0.1247467,0.1214567,0.1176187,0.1140904,0.1105796,0.1076927,0.1039798,0.1002871,0.09725162,0.0938478,0.0906408,0.08746054,0.08416286,0.08094157,0.07758964,0.07465447,0.07067642,0.06795783,0.06485056,0.06142502,0.05877765,0.05541098,0.05255659,0.04991994,0.04661416,0.04380723,0.04042978,0.03755096,0.03452232,0.0319046,0.02870771,0.02588649,0.02350545,0.02053708,0.01752684,0.01499421,0.01225307,0.009775098,0.006839704,0.004118247,0.00162197,-0.001092772,-0.004121846,-0.006166288,-0.009006537,-0.01135109,-0.01430042,-0.01644256,-0.01919672,-0.02134581,-0.024384,-0.02676066,-0.02920673,-0.03196124,-0.03466019,-0.03689208,-0.0400724,-0.0419439,-0.04514556,-0.04764338,-0.05037208,-0.05280678,-0.05548539,-0.05791598,-0.06056953,-0.0634179,-0.0652345,-0.06763402,-0.06997848,-0.07205396,-0.07424816,-0.07578212,-0.07797685,-0.07909466,-0.08085728
RR,-0.04331096,-0.04440417,-0.04710068,-0.04945507,-0.05048853,-0.05225752,-0.05395653,-0.05577184,-0.05709182,-0.05956194,-0.06139388,-0.06360158,-0.0643768,-0.06568269,-0.06765473,-0.0695179,-0.07006615,-0.07225845,-0.07326163,-0.07472862,-0.07549013,-0.07634652,-0.07829203,-0.07816736,-0.07959451,-0.08003024,-0.08033575,-0.08165114,-0.08206939,-0.08154721,-0.08172075,-0.08245896,-0.08174608,-0.08177163,-0.08116442,-0.08171939,-0.08229026,-0.08282417,-0.08415702,-0.08484872,-0.08506317,-0.08649796,-0.08894081,-0.09157208,-0.09313554,-0.0961082,-0.09952966,-0.1029121,-0.1050467,-0.1086922,-0.1126789,-0.1164549,-0.1207975,-0.1250753,-0.1288736,-0.1329115,-0.1363243,-0.1404886,-0.1441789,-0.1474956,-0.1521703,-0.1558289,-0.1589742,-0.1623833,-0.1656383,-0.1671833,-0.1696893,-0.1709807,-0.1713628,-0.1723781,-0.1716437,-0.1696524,-0.1671583,-0.162817,-0.1571959,-0.1497194,-0.1399484,-0.127088,-0.1123793,-0.09294054,-0.07020354,-0.04336255,-0.01339923,0.01795807,0.04587102,0.06756634,0.08210304,0.08994835,0.09539254,0.1002702,0.107389,0.1161369,0.1276613,0.1406581,0.1554164,0.1718797,0.1862053,0.2004677,0.2145997,0.2257947,0.2350569,0.2432532,0.2482194,0.2530023,0.2539882,0.2544846,0.2537436,0.2515763,0.2496223,0.2456331,0.2420896,0.2375329,0.234141,0.2296016,0.2236146,0.2196437,0.2145493,0.2101151,0.2058758,0.2009329,0.1963948,0.1922271,0.1876672,0.1836068,0.1795058,0.1755962,0.1719469,0.1682957,0.1643006,0.160547,0.1577081,0.1533924,0.150541,0.1469119,0.1434961,0.1404923,0.1365767,0.1333156,0.1306474,0.1281259,0.1252146,0.1218641,0.1177894,0.1162415,0.11323,0.1101297,0.107263,0.1038996,0.1015655,0.09886312,0.09540033,0.09314046,0.08985807,0.0867897,0.08436191,0.08136886,0.07805932,0.07556943,0.07306551,0.06942182,0.06745273,0.064911,0.06117051,0.0586153,0.05499648,0.05203169,0.04952348,0.0459049,0.04342118,0.04017152,0.03713464,0.03454396,0.03121809,0.02802397,0.02512619,0.02268052,0.01950321,0.0165704,0.01341719,0.01041512,0.008042876,0.005182131,0.001902735,-0.0005306742,-0.003674478,-0.006193387,-0.008501068,-0.01213423,-0.01410933,-0.0170156,-0.01914865,-0.02170988,-0.02443874,-0.02664277,-0.0291361,-0.03157473,-0.03357881,-0.03596699,-0.0385519,-0.03996089
RR,-0.01008993,-0.01361273,-0.01622199,-0.01915647,-0.02181558,-0.02411631,-0.02645884,-0.02834841,-0.03085133,-0.03288143,-0.03537011,-0.03674468,-0.03890984,-0.04047313,-0.04279466,-0.04488106,-0.04603483,-0.04797208,-0.04991357,-0.05211393,-0.05431774,-0.05581118,-0.05847059,-0.06062978,-0.06264615,-0.06517756,-0.06776299,-0.07036587,-0.07341422,-0.07612344,-0.0786159,-0.08190317,-0.08523197,-0.08871383,-0.0916151,-0.09449602,-0.09752058,-0.1000923,-0.1027567,-0.104771,-0.1068753,-0.1081449,-0.108824,-0.1094147,-0.1085498,-0.1079614,-0.1067353,-0.1052144,-0.1036267,-0.10162,-0.100546,-0.09968601,-0.09930558,-0.1001135,-0.1012354,-0.1030036,-0.1054703,-0.1088429,-0.1122544,-0.1168063,-0.1215827,-0.1259583,-0.1316895,-0.1374456,-0.1426137,-0.148009,-0.1537643,-0.1591607,-0.164574,-0.1701747,-0.1758453,-0.1807038,-0.185573,-0.190228,-0.1948057,-0.199258,-0.2028022,-0.2063242,-0.2097119,-0.2124308,-0.2144872,-0.2161172,-0.2167206,-0.2164195,-0.2150673,-0.2121812,-0.2079398,-0.2014775,-0.192771,-0.1812742,-0.1661815,-0.1461168,-0.1213345,-0.08935289,-0.04545837,0.007767168,0.07135864,0.1388867,0.1940763,0.2347379,0.2690115,0.3105151,0.3615734,0.4139791,0.4659777,0.5128042,0.5538672,0.5837002,0.6032411,0.6152334,0.619442,0.6184751,0.6129425,0.6047971,0.5945139,0.5830533,0.5708719,0.5578715,0.5454814,0.5328054,0.5196704,0.5066727,0.493753,0.4816004,0.469815,0.457609,0.4469797,0.4356365,0.4253151,0.4149786,0.4047292,0.3951028,0.3856066,0.3762814,0.3672241,0.3582984,0.3504315,0.3421901,0.3336984,0.32616,0.3182775,0.3108126,0.3033892,0.2960236,0.2886412,0.2812206,0.2745773,0.2676249,0.2608893,0.2538041,0.247007,0.2406752,0.2333717,0.227431,0.2203378,0.2143143,0.2075493,0.2013985,0.1948107,0.188663,0.1826741,0.1759808,0.1698893,0.1637552,0.1582693,0.1516956,0.1466481,0.1404966,0.1348244,0.1290575,0.1233527,0.1174592,0.1122251,0.1069571,0.1011549,0.09594966,0.09096913,0.08594862,0.08051644,0.07538858,0.07045522,0.065357,0.06067295,0.05596956,0.05107313,0.0469215,0.04198266,0.03799815,0.03356684,0.02919347,0.02491497,0.02100538,0.01710517,0.01334091,0.009493727,0.005865869,0.002311036,-0.0009301035,-0.004158028,-0.00750346
RR,0.5566378,0.5472602,0.5361756,0.5254897,0.5145319,0.5040203,0.4927028,0.4813699,0.4702899,0.4594845,0.448788,0.4382066,0.4281919,0.41756,0.4079749,0.3975733,0.3883507,0.3791578,0.3698573,0.3605577,0.3507935,0.3421314,0.3338499,0.3241817,0.3166627,0.3076265,0.2992656,0.2914165,0.282957,0.2748278,0.2667833,0.2588451,0.2509196,0.2427136,0.2352091,0.2274209,0.220252,0.2129882,0.2052153,0.1976646,0.1904671,0.1833398,0.1761859,0.1693206,0.162821,0.1558327,0.1487024,0.14239,0.1359712,0.1296541,0.1233402,0.1179668,0.1113017,0.105955,0.1002561,0.09454058,0.08954515,0.08414299,0.07902011,0.07430966,0.06962792,0.06483244,0.06070186,0.05615848,0.05192906,0.04815073,0.04387711,0.04016688,0.03651753,0.03297406,0.02959288,0.02618739,0.02284381,0.02004287,0.01684792,0.0138328,0.01057787,0.008028718,0.005176779,0.00244415,-5.971198e-05,-0.002893513,-0.005172395,-0.008028776,-0.01065123,-0.01279989,-0.01559772,-0.01799232,-0.02073421,-0.02334928,-0.02597515,-0.02890829,-0.03172436,-0.03475341,-0.03719565,-0.04017427,-0.04380804,-0.04672265,-0.05005977,-0.05329776,-0.05714096,-0.06096617,-0.06481525,-0.06915197,-0.07320591,-0.07752513,-0.08227683,-0.08671247,-0.09133499,-0.09713604,-0.1020798,-0.1071015,-0.111662,-0.1160143,-0.1198754,-0.1223226,-0.1241995,-0.125687,-0.1259582,-0.1256148,-0.1236639,-0.1222057,-0.1205434,-0.1186464,-0.1170458,-0.1154661,-0.1139952,-0.1136881,-0.1136303,-0.1143906,-0.115373,-0.1167511,-0.1190109,-0.1213964,-0.1243687,-0.1280699,-0.1313507,-0.1353815,-0.1395321,-0.1437476,-0.1484961,-0.1532356,-0.1580746,-0.1627765,-0.1679862,-0.1728147,-0.178012,-0.1830895,-0.1882523,-0.1931122,-0.1986377,-0.203622,-0.2081806,-0.2131671,-0.2174225,-0.2222957,-0.2259566,-0.2302663,-0.2343957,-0.2382299,-0.2414356,-0.2444044,-0.2470793,-0.2489233,-0.2504564,-0.2508025,-0.2508455,-0.249821,-0.2476422,-0.2436759,-0.2385919,-0.2311459,-0.2223265,-0.2109031,-0.1962905,-0.1782768,-0.1558034,-0.1287169,-0.0959888,-0.05402857,-0.002631816,0.05630303,0.1131609,0.1588358,0.1923869,0.2270585,0.2686773,0.3205448,0.3749109,0.4279679,0.4765112,0.5174223,0.5469238,0.5658709,0.5773213,0.5820568,0.582629,0.578936,0.573046,0.5655962
RR,0.4767773,0.4627629,0.4498581,0.4360314,0.4254439,0.4133513,0.4007121,0.3899591,0.3796595,0.3687791,0.3577814,0.3481826,0.3388474,0.3306392,0.3206719,0.3133559,0.303312,0.2953892,0.2875971,0.279808,0.2722581,0.2638206,0.2577751,0.2503164,0.2439173,0.2374067,0.2301218,0.2231551,0.2165929,0.2087909,0.2031815,0.197501,0.1920365,0.1852936,0.1801399,0.1745594,0.168562,0.1630765,0.1571552,0.1516198,0.1473005,0.1411401,0.1358861,0.1310795,0.1259126,0.1214034,0.1150219,0.1105329,0.1045703,0.1004798,0.09510809,0.09056933,0.08543294,0.08116581,0.07547718,0.07063294,0.06585545,0.05942505,0.05491647,0.05054636,0.04519335,0.04050478,0.03554886,0.03068176,0.02529649,0.02059644,0.01587261,0.01183533,0.005884284,0.001214087,-0.002435725,-0.007887632,-0.01259003,-0.01619693,-0.02077622,-0.02534262,-0.02944776,-0.03410128,-0.03812832,-0.04207377,-0.04581694,-0.04987722,-0.05243324,-0.05704851,-0.05936728,-0.06327226,-0.06567793,-0.06944857,-0.07170595,-0.0745457,-0.07624599,-0.07935984,-0.08193095,-0.08276035,-0.0855416,-0.08775686,-0.09011349,-0.09015436,-0.09119298,-0.09233788,-0.09256332,-0.09515174,-0.09541881,-0.09614611,-0.09732141,-0.09776661,-0.09839355,-0.09833053,-0.09842887,-0.09971234,-0.1010874,-0.1017492,-0.1014858,-0.103296,-0.1034158,-0.1042802,-0.1048868,-0.1065877,-0.1076885,-0.1098331,-0.1107469,-0.1127809,-0.1134655,-0.1158216,-0.1170398,-0.1180225,-0.1197033,-0.1194732,-0.1202338,-0.1195775,-0.1195642,-0.1187643,-0.1174417,-0.1150078,-0.1135793,-0.1117805,-0.1119735,-0.1127025,-0.1141444,-0.1156599,-0.1192746,-0.1241459,-0.1287956,-0.1344193,-0.1406535,-0.14725,-0.1536475,-0.1591226,-0.1655238,-0.1713815,-0.1773375,-0.1834648,-0.1890747,-0.1948726,-0.1981547,-0.2027413,-0.2059144,-0.2076235,-0.2093409,-0.2091495,-0.2077293,-0.2053707,-0.2014235,-0.1947397,-0.1865554,-0.1749615,-0.1604712,-0.1399001,-0.1139703,-0.07829262,-0.02854309,0.0349245,0.1150514,0.1862069,0.2376722,0.2778774,0.3277176,0.3897841,0.4593243,0.5291549,0.5858693,0.629339,0.6587769,0.6755725,0.6844732,0.6844655,0.6788498,0.6686049,0.6560221,0.6440254,0.6297399,0.6119382,0.5968063,0.5808588,0.5653746,0.5507253,0.5338563,0.5192721,0.5044712,0.4896403
RR,0.01717543,0.01374871,0.00977965,0.005980511,0.002070752,-0.001390057,-0.004972388,-0.008643231,-0.01256701,-0.01607895,-0.01974804,-0.02331953,-0.02706938,-0.03062877,-0.03413308,-0.03789713,-0.04166225,-0.04501423,-0.0489164,-0.05204149,-0.05561239,-0.05874727,-0.06239367,-0.06570455,-0.06839044,-0.07183616,-0.07481403,-0.07800998,-0.0805634,-0.08330492,-0.08621459,-0.08849327,-0.09176296,-0.09380002,-0.0963054,-0.09854405,-0.1009026,-0.1033734,-0.1049394,-0.1074235,-0.1091265,-0.1107752,-0.1130142,-0.1143919,-0.11599,-0.1178995,-0.1195527,-0.1212902,-0.1219035,-0.1233753,-0.1249158,-0.1261321,-0.1268803,-0.1278543,-0.1292375,-0.1299498,-0.1309048,-0.1316853,-0.132078,-0.1329677,-0.1337731,-0.1340802,-0.1348936,-0.1342648,-0.1350566,-0.135237,-0.1349866,-0.1350603,-0.1346847,-0.1348174,-0.1347844,-0.1340602,-0.133418,-0.1320401,-0.1314329,-0.1303815,-0.129374,-0.1279406,-0.126011,-0.1244706,-0.1224271,-0.1204468,-0.1180791,-0.1152153,-0.1122827,-0.1097896,-0.1064598,-0.1022733,-0.09859614,-0.09477902,-0.09094395,-0.08599486,-0.08174279,-0.07541049,-0.07037047,-0.0650854,-0.05969238,-0.05266119,-0.04557206,-0.03874007,-0.03216786,-0.02511563,-0.0178522,-0.009639852,-0.00203041,0.004206831,0.0121758,0.02041097,0.02866052,0.03498643,0.04132074,0.04784516,0.05456921,0.06113446,0.06593299,0.07027051,0.07439037,0.07821318,0.08172574,0.08402815,0.08538619,0.08704163,0.08798603,0.0896317,0.08880339,0.08874552,0.08941562,0.09038521,0.09138588,0.09237074,0.09375959,0.09634759,0.09961393,0.1028515,0.10564,0.1081762,0.1122164,0.1160094,0.1192974,0.1223272,0.1242234,0.1274629,0.1300213,0.1324159,0.133842,0.13448,0.135614,0.1366718,0.1366427,0.1369528,0.1364689,0.1369418,0.1365617,0.1359946,0.1347368,0.1340459,0.1331438,0.1320892,0.1312201,0.129338,0.1280501,0.1273118,0.1255295,0.1239664,0.1224466,0.1204818,0.1191014,0.1172514,0.1151198,0.1131926,0.1111068,0.1090919,0.1065872,0.1041011,0.1017309,0.09900439,0.09690841,0.09411837,0.09140333,0.08808642,0.0858776,0.08291372,0.07980493,0.076628,0.07351303,0.07032105,0.06748843,0.06365129,0.06026324,0.0570845,0.05349174,0.05027861,0.04663548,0.04322713,0.03946339,0.0359135,0.03211283,0.02832505,0.02493057,0.02097347
RR,0.04277862,0.04688767,0.04989094,0.05270313,0.05562333,0.05873648,0.06068421,0.06385453,0.06660248,0.06903226,0.07233495,0.07432092,0.0773944,0.08020096,0.08391823,0.08638379,0.09004108,0.09223894,0.09489029,0.09815519,0.09912255,0.1015459,0.1036213,0.1055399,0.1071375,0.1083824,0.110078,0.1113726,0.1131377,0.1137362,0.1152115,0.1170045,0.117071,0.1188511,0.1198378,0.1202983,0.1213921,0.1217639,0.1223294,0.1226026,0.1235964,0.1234057,0.1238102,0.1230791,0.1230853,0.1229359,0.1230445,0.1228674,0.121904,0.1210919,0.120172,0.1189309,0.1178529,0.1156558,0.1150623,0.1132901,0.1120416,0.1095553,0.1075754,0.1056972,0.10316,0.101216,0.0982157,0.09610421,0.09398324,0.09062678,0.088376,0.08482653,0.08249543,0.07969631,0.07581832,0.07314546,0.0695994,0.06615522,0.06321416,0.06006372,0.05580165,0.05304404,0.04892655,0.04551492,0.04259232,0.03802174,0.03495087,0.03153238,0.02795319,0.02401667,0.02006426,0.01632856,0.0124497,0.009535416,0.005220859,0.001920038,-0.001951687,-0.006081197,-0.008633795,-0.0125276,-0.01614581,-0.01990149,-0.02261682,-0.02595517,-0.02989089,-0.03324038,-0.03619189,-0.03960503,-0.04199646,-0.04524754,-0.0488564,-0.05137958,-0.0540937,-0.05723156,-0.05971633,-0.06265108,-0.06598755,-0.06790566,-0.07072623,-0.07301291,-0.07549357,-0.0772415,-0.07961409,-0.08174359,-0.08437768,-0.08646321,-0.08846314,-0.09027177,-0.092323,-0.09430682,-0.09665559,-0.09776199,-0.1002594,-0.1014813,-0.1025353,-0.1046405,-0.1064739,-0.1080746,-0.109303,-0.1104284,-0.1121334,-0.1143217,-0.1151076,-0.1162495,-0.1175485,-0.1180776,-0.1198113,-0.1203652,-0.1208835,-0.1219544,-0.1234653,-0.123671,-0.1242955,-0.1245476,-0.1250811,-0.1259099,-0.1258718,-0.1263833,-0.1261536,-0.1260999,-0.1265315,-0.1263502,-0.1252224,-0.1248248,-0.1246407,-0.1245837,-0.123613,-0.1224701,-0.1210465,-0.1200604,-0.1188026,-0.1165617,-0.1146704,-0.1123434,-0.1101938,-0.1066764,-0.104215,-0.1015989,-0.09801652,-0.09514396,-0.09050461,-0.08616143,-0.08190596,-0.07670044,-0.0722639,-0.06679405,-0.06153492,-0.05531668,-0.04949637,-0.04339463,-0.03584253,-0.03043239,-0.02328955,-0.01710517,-0.01013029,-0.003627236,0.002337027,0.008696227,0.0147663,0.02086034,0.02600721,0.0304542,0.03504384,0.03953249
RR,0.06674948,0.06382021,0.06079755,0.05762826,0.0544517,0.05135301,0.04809228,0.04548541,0.04213775,0.03977678,0.03648297,0.03382299,0.03052764,0.02751414,0.02475896,0.02202209,0.01927475,0.01660446,0.01338426,0.01091095,0.008475267,0.005942796,0.003075585,0.0004569367,-0.001763928,-0.004376187,-0.007167655,-0.00984185,-0.01211905,-0.01475558,-0.0170717,-0.01883762,-0.02215292,-0.02445202,-0.02616718,-0.02924898,-0.03169155,-0.0335405,-0.03653557,-0.03882775,-0.04136814,-0.04354253,-0.04629605,-0.04942038,-0.05084889,-0.05392987,-0.05662521,-0.05860884,-0.06082319,-0.06309944,-0.0651502,-0.06769723,-0.06972648,-0.07216834,-0.07332016,-0.07569544,-0.07681822,-0.07891638,-0.08009163,-0.08150454,-0.08212239,-0.08326007,-0.08428543,-0.08525749,-0.08557229,-0.08566467,-0.08643916,-0.08723266,-0.08767392,-0.08785494,-0.08905508,-0.08927147,-0.09020869,-0.09189185,-0.09280322,-0.09413804,-0.09578476,-0.09850766,-0.1003909,-0.1029881,-0.1050173,-0.1073226,-0.1112163,-0.1135862,-0.1170148,-0.1205406,-0.1240528,-0.1275979,-0.1309269,-0.1351542,-0.1390876,-0.1423796,-0.1463011,-0.1508419,-0.1547215,-0.1589619,-0.1624965,-0.1663729,-0.1700341,-0.1735236,-0.1767532,-0.1803653,-0.183191,-0.1865345,-0.18879,-0.1914905,-0.1928647,-0.1936906,-0.19436,-0.1943538,-0.1931207,-0.1910588,-0.1876418,-0.1835749,-0.1764949,-0.1683239,-0.1585865,-0.1460797,-0.1303288,-0.1111396,-0.08835888,-0.06029328,-0.02802541,0.007319976,0.04352336,0.06952295,0.08564719,0.09407928,0.09878354,0.1037082,0.1108927,0.1222332,0.1356871,0.1506975,0.1677183,0.185925,0.2027198,0.2185816,0.2333258,0.2452917,0.2561236,0.2631169,0.2689326,0.2724071,0.2745673,0.274392,0.2735536,0.2714248,0.2683634,0.2642539,0.2610432,0.2567355,0.2525002,0.2469206,0.2421752,0.2376681,0.2326392,0.227771,0.2228101,0.21842,0.2130823,0.2082193,0.20391,0.1987291,0.1952196,0.1913185,0.1863652,0.1821825,0.1785384,0.1742422,0.170299,0.1661389,0.1618554,0.1580478,0.1547196,0.1505078,0.1473539,0.1434212,0.1399281,0.1362913,0.1319889,0.1289963,0.1251825,0.1222466,0.1190991,0.1157147,0.1122707,0.1082704,0.1050981,0.1016428,0.09878592,0.0955415,0.09214338,0.08918068,0.08526917,0.08281489,0.07925883,0.07630789,0.07295275,0.06990816
RR,-0.1150736,-0.1163036,-0.1154317,-0.1214956,-0.1243136,-0.1283952,-0.1304016,-0.137831,-0.1442245,-0.1500298,-0.1565637,-0.1614861,-0.1683267,-0.1755128,-0.1817737,-0.1864241,-0.1929996,-0.1986671,-0.2032738,-0.2108164,-0.2148917,-0.2190305,-0.2208423,-0.2251277,-0.2309116,-0.2331726,-0.2330999,-0.2363869,-0.2368806,-0.2364318,-0.2346143,-0.2305539,-0.2241372,-0.2162199,-0.2046072,-0.1901614,-0.1699965,-0.1445441,-0.111263,-0.06572858,-0.008757739,0.06043637,0.1323681,0.196776,0.2402569,0.2831586,0.3340391,0.3973448,0.4709989,0.5429076,0.6018791,0.6488294,0.6788934,0.6965156,0.7039273,0.7018508,0.6975339,0.6872672,0.6741974,0.6620566,0.6456714,0.6316634,0.6153204,0.6013331,0.5861413,0.5702319,0.556275,0.5405738,0.5263839,0.5121841,0.4980829,0.4858285,0.4729516,0.4601907,0.4481727,0.4374034,0.4255667,0.4156859,0.4046788,0.3948078,0.3839158,0.3748838,0.3650195,0.3566892,0.3471618,0.3375863,0.3285649,0.3210081,0.3103031,0.3054173,0.2935834,0.2878754,0.2806396,0.2737469,0.2668919,0.2576999,0.2513506,0.2423579,0.2356922,0.2282736,0.221134,0.2149972,0.2084714,0.2015312,0.1924099,0.188587,0.1805894,0.1749978,0.1688648,0.1619343,0.1569323,0.1506663,0.1447168,0.1383199,0.1330502,0.1245322,0.1206677,0.1151849,0.108856,0.103305,0.09777872,0.09176923,0.08598676,0.08082683,0.07423636,0.07087086,0.06260858,0.05815114,0.05267578,0.04851955,0.0422633,0.03656694,0.03292074,0.02827801,0.02250572,0.01723838,0.01524601,0.00817012,0.004493169,-0.0009666039,-0.003737036,-0.008903745,-0.01192436,-0.01622751,-0.02062873,-0.02205445,-0.02566414,-0.0300008,-0.03337947,-0.03725031,-0.04050275,-0.04163523,-0.04520567,-0.0456123,-0.05028968,-0.04984444,-0.05457129,-0.05612748,-0.05816538,-0.06002721,-0.06189059,-0.06257575,-0.06471854,-0.06617412,-0.06844402,-0.06897949,-0.06967201,-0.07293017,-0.07374845,-0.0756603,-0.07749522,-0.07848988,-0.08181135,-0.08092671,-0.08502915,-0.08650135,-0.08878741,-0.09201693,-0.09393144,-0.09512869,-0.09871028,-0.100701,-0.1027261,-0.105792,-0.1093992,-0.112342,-0.1136883,-0.11584,-0.118823,-0.1187635,-0.1208052,-0.120281,-0.121328,-0.1193891,-0.1194764,-0.1191471,-0.1178643,-0.1148974,-0.1154488,-0.1142986
RR,-0.08542085,-0.08642163,-0.08709735,-0.088047,-0.0887242,-0.08976254,-0.09038365,-0.09116875,-0.09195082,-0.09265714,-0.09341669,-0.09417493,-0.0950324,-0.09561916,-0.09615887,-0.09645663,-0.09698949,-0.09760319,-0.09766939,-0.09713035,-0.09709693,-0.09621646,-0.09565812,-0.09416898,-0.09278208,-0.09081955,-0.08977994,-0.0882605,-0.0870849,-0.08737274,-0.08779462,-0.08920161,-0.09084479,-0.09336847,-0.09716732,-0.1013923,-0.1060827,-0.1111087,-0.1164706,-0.1221294,-0.1278926,-0.1335737,-0.1398293,-0.1455864,-0.1515334,-0.1573742,-0.1629569,-0.1679133,-0.1731666,-0.1779056,-0.1820436,-0.1852043,-0.1877561,-0.1892976,-0.1907029,-0.1902622,-0.1886083,-0.1857133,-0.1805541,-0.1733463,-0.1635033,-0.150028,-0.1319422,-0.1075998,-0.07238578,-0.02493228,0.03502919,0.09563211,0.1380588,0.1593964,0.1696286,0.1808475,0.1983341,0.2243788,0.2568136,0.2942721,0.3296445,0.3639686,0.3932965,0.4170279,0.4337671,0.4444457,0.4495307,0.450609,0.4483505,0.4436247,0.4360641,0.4281647,0.418747,0.4090176,0.3991136,0.3892394,0.3791781,0.3693411,0.3595042,0.3497597,0.3406393,0.3319897,0.3230653,0.3147661,0.3064856,0.2983972,0.2906524,0.2837218,0.2764446,0.2694122,0.2628159,0.2560584,0.249779,0.2434436,0.23698,0.2314883,0.225874,0.2201022,0.2149274,0.2094991,0.2044498,0.1992565,0.1941906,0.1893844,0.184487,0.1801131,0.1752801,0.1707415,0.1660612,0.1618127,0.1574288,0.1528715,0.1490862,0.1444362,0.1405318,0.1362493,0.1322472,0.1282446,0.1243766,0.1200994,0.1161973,0.112252,0.108064,0.1044984,0.1003035,0.09651621,0.0927055,0.08856868,0.08489748,0.0806483,0.07682474,0.07298005,0.0691786,0.06553687,0.06147606,0.05727151,0.05355399,0.04926628,0.04523857,0.04148501,0.03745945,0.03324149,0.02970607,0.02555396,0.0217509,0.01762787,0.01384598,0.009800833,0.005877651,0.002171801,-0.001901205,-0.005696228,-0.009402039,-0.01311936,-0.01714612,-0.0201995,-0.0235343,-0.02705241,-0.03072214,-0.03379393,-0.03686578,-0.0400773,-0.04331039,-0.04616407,-0.04929582,-0.05177548,-0.05458538,-0.05751624,-0.05963129,-0.06189471,-0.06410889,-0.0662551,-0.06811371,-0.07030194,-0.07207476,-0.07385424,-0.07556879,-0.07712888,-0.078426,-0.07986373,-0.08113158,-0.0821421,-0.08319309,-0.08460066
RR,-0.1943691,-0.1868442,-0.1770577,-0.1662887,-0.1534039,-0.1363301,-0.1163419,-0.09149779,-0.06314991,-0.02794798,0.01536381,0.05076157,0.07232001,0.08348612,0.08656348,0.08883191,0.09362124,0.1022262,0.1159072,0.1299949,0.1470839,0.1666227,0.1855752,0.2027497,0.2200062,0.2341218,0.2459823,0.2554632,0.2626653,0.2683561,0.2703423,0.2714275,0.2714941,0.2685745,0.2669839,0.2635729,0.2591593,0.2550665,0.2514545,0.2465445,0.2415424,0.2364467,0.2311886,0.2265897,0.2208133,0.2170246,0.2118669,0.207018,0.2023387,0.1977985,0.1931544,0.1887797,0.1847748,0.1796093,0.1756459,0.171367,0.1674556,0.1634378,0.1594282,0.155034,0.1509006,0.1474207,0.1426803,0.1387003,0.1358391,0.1313729,0.1277435,0.1243045,0.1209873,0.1173474,0.1131998,0.1096918,0.1063882,0.1029351,0.09999584,0.09639288,0.09334755,0.08955856,0.08685904,0.08355233,0.08013605,0.07734301,0.07452832,0.0712859,0.0687871,0.06517021,0.06247598,0.06030514,0.05643294,0.05478818,0.05179786,0.04823697,0.04641572,0.04325754,0.04071162,0.03830881,0.03435738,0.03256486,0.03043559,0.02721822,0.02519616,0.0225437,0.01952799,0.01648641,0.01437284,0.01190574,0.008948124,0.005735841,0.003288092,0.001362481,-0.002545571,-0.004380051,-0.007241496,-0.01015889,-0.01304302,-0.01626633,-0.0189769,-0.02083921,-0.02464751,-0.02696494,-0.02998722,-0.03330251,-0.03621453,-0.03840943,-0.04232349,-0.04452255,-0.04762737,-0.05022757,-0.05339519,-0.05541843,-0.05787878,-0.0599831,-0.06343571,-0.06480532,-0.06736033,-0.06988989,-0.07082531,-0.07255377,-0.07448168,-0.07538574,-0.07769915,-0.0784503,-0.07982504,-0.08088896,-0.08209964,-0.08315164,-0.08480553,-0.08614157,-0.08660883,-0.08863422,-0.0889314,-0.09035514,-0.09149665,-0.09273027,-0.09423276,-0.09635366,-0.09693282,-0.0996748,-0.1015323,-0.1037324,-0.1058583,-0.1072763,-0.1108439,-0.1125849,-0.1156695,-0.1181994,-0.1213515,-0.1243473,-0.1278864,-0.1305984,-0.1339624,-0.1381188,-0.1406383,-0.1447414,-0.1475856,-0.1511458,-0.1563522,-0.1593541,-0.1631783,-0.1667481,-0.1700105,-0.1742532,-0.1775905,-0.1806732,-0.18485,-0.1878794,-0.1911818,-0.1945155,-0.1969638,-0.200013,-0.202712,-0.2044422,-0.2061912,-0.2077844,-0.208351,-0.2085328,-0.20775,-0.2053221,-0.2031913,-0.1983376
RR,0.2017844,0.1970097,0.1933995,0.1884725,0.184177,0.1800062,0.1760776,0.172276,0.1684694,0.16446,0.1603455,0.1566351,0.1531058,0.1490954,0.1454823,0.1420964,0.1382818,0.1350786,0.1315629,0.1278578,0.1248806,0.1215537,0.118605,0.1152356,0.1117305,0.1084832,0.1051022,0.1023375,0.09896781,0.09589235,0.09302627,0.08967389,0.08634443,0.08349713,0.08076809,0.07755225,0.07462355,0.07156113,0.06869607,0.06559245,0.06281909,0.05964985,0.05671964,0.05401682,0.05120141,0.04826525,0.04537166,0.04258886,0.03965393,0.03700475,0.03407319,0.03152281,0.02840593,0.02601207,0.02301494,0.0205919,0.01795853,0.01496193,0.01239066,0.009984866,0.007345809,0.004853901,0.002232005,-0.0004773127,-0.002715004,-0.00544576,-0.007976967,-0.01047957,-0.01295489,-0.01494593,-0.01784355,-0.02039815,-0.0224674,-0.02546155,-0.02713298,-0.02988008,-0.03254222,-0.03464305,-0.03680696,-0.03967645,-0.04201574,-0.04427074,-0.04683151,-0.04915865,-0.05153712,-0.05390283,-0.05601589,-0.05834548,-0.06048264,-0.06289706,-0.06496369,-0.06671807,-0.06849461,-0.07054193,-0.07187741,-0.07424555,-0.07499126,-0.07668873,-0.07738628,-0.07907461,-0.07993754,-0.08057812,-0.08171808,-0.08200021,-0.08312158,-0.08349787,-0.08373041,-0.08462697,-0.08486191,-0.08616345,-0.08682973,-0.0878944,-0.08939265,-0.09040973,-0.09170369,-0.09340538,-0.09524937,-0.09724551,-0.09947547,-0.1020011,-0.1043374,-0.1071775,-0.1101207,-0.1136047,-0.1162084,-0.1196443,-0.12341,-0.1268152,-0.1305542,-0.134105,-0.1377441,-0.1413985,-0.145167,-0.1489586,-0.1532408,-0.1568179,-0.1601386,-0.1638689,-0.1675714,-0.1712342,-0.1744699,-0.1771051,-0.1802007,-0.1827223,-0.1851655,-0.187059,-0.1884282,-0.1900144,-0.1901526,-0.189739,-0.1883087,-0.1862535,-0.1827077,-0.1783305,-0.1719188,-0.1644149,-0.1541344,-0.1421016,-0.1270068,-0.1090732,-0.0872311,-0.06277739,-0.0333083,-5.099315e-05,0.03254816,0.05930347,0.07747099,0.08622766,0.08984149,0.09248433,0.09668633,0.1038412,0.113153,0.1262429,0.1404838,0.1562801,0.1722842,0.1871819,0.2023851,0.2147845,0.22636,0.2354496,0.242884,0.2479962,0.2508501,0.2529535,0.2532847,0.2525679,0.2509924,0.2480381,0.2451878,0.2413782,0.2379556,0.2328531,0.22932,0.2249732,0.2197715,0.2152891,0.2109212,0.2058835
RR,0.2248929,0.2201432,0.2137282,0.2089994,0.2021581,0.1952546,0.1897585,0.1850299,0.1798272,0.1748509,0.1693843,0.163768,0.1576971,0.1531619,0.1468774,0.141712,0.1360271,0.1309491,0.1255098,0.1203758,0.1146506,0.1101131,0.1054933,0.09887297,0.09456253,0.08732928,0.08387876,0.07833382,0.07266135,0.06818161,0.06291366,0.05665069,0.05190724,0.04770591,0.04355587,0.03834853,0.03352053,0.0281032,0.02449177,0.01849864,0.01609217,0.010291,0.006344922,0.002229409,-0.001985432,-0.007194922,-0.008476825,-0.01279433,-0.01620509,-0.01949905,-0.02374902,-0.02583922,-0.02952164,-0.0320567,-0.03550816,-0.03759581,-0.03934907,-0.0420736,-0.04491334,-0.04655813,-0.04792525,-0.05105709,-0.05314414,-0.05412989,-0.05559349,-0.05785895,-0.0596479,-0.06054403,-0.06341662,-0.06435644,-0.0653393,-0.06694981,-0.06958999,-0.07013231,-0.07187343,-0.07415324,-0.07576423,-0.07884372,-0.07964586,-0.08216313,-0.08380302,-0.08590445,-0.08990423,-0.09185755,-0.09351028,-0.09677603,-0.09875916,-0.1014927,-0.1037618,-0.1065651,-0.1081303,-0.10933,-0.1095522,-0.1099556,-0.1102204,-0.1107357,-0.1078812,-0.1067766,-0.1056529,-0.1027471,-0.1010477,-0.09952179,-0.09706006,-0.09693596,-0.09762713,-0.09786388,-0.09992978,-0.1014769,-0.1045783,-0.1083734,-0.1134012,-0.1179573,-0.1226908,-0.1278447,-0.1325839,-0.1392546,-0.1443296,-0.1495288,-0.1553472,-0.1619495,-0.1665612,-0.1716971,-0.1759633,-0.1807306,-0.1858343,-0.189164,-0.1916144,-0.1963442,-0.1993792,-0.2011609,-0.2031925,-0.2021368,-0.2007447,-0.1968374,-0.1944409,-0.1861304,-0.1770393,-0.1632196,-0.1463899,-0.1235236,-0.09977122,-0.06173057,-0.02440083,0.02040152,0.07813628,0.1301277,0.1900405,0.2515353,0.3146499,0.3750989,0.4289221,0.4795658,0.5260154,0.5682184,0.6013017,0.6231444,0.6398561,0.6406412,0.6397172,0.638413,0.6208787,0.6073236,0.5966061,0.5816036,0.5638759,0.5486839,0.5333839,0.5140489,0.5010142,0.4861439,0.467509,0.4580042,0.4474912,0.4286045,0.4199274,0.4077586,0.3946529,0.3837179,0.3750839,0.3648781,0.3571,0.3472619,0.3388713,0.3278546,0.3228403,0.3168558,0.3081073,0.3009211,0.2953561,0.2870664,0.2816538,0.2747106,0.2690865,0.2632442,0.2592311,0.2529394,0.2461816,0.2401069,0.2362524,0.2287484
RR,0.09633517,0.09376796,0.09117825,0.08928052,0.08676885,0.08422839,0.0823961,0.08030479,0.07813133,0.0754277,0.07323396,0.07135808,0.0692175,0.06670727,0.06453198,0.0619616,0.05969051,0.05763648,0.05498669,0.05264274,0.0504952,0.04805903,0.04593035,0.04405417,0.04128606,0.03931365,0.03650076,0.03445688,0.03199597,0.02959547,0.02761313,0.02531566,0.022989,0.02033383,0.01831174,0.01586855,0.01378739,0.0109455,0.008807698,0.006835292,0.004514222,0.002023679,7.185715e-05,-0.002125687,-0.004444446,-0.006760668,-0.008626488,-0.01102579,-0.01319168,-0.01481921,-0.01775958,-0.0195506,-0.02148738,-0.0237955,-0.02554272,-0.02765582,-0.02978611,-0.03148432,-0.03347804,-0.03584544,-0.03761706,-0.0394924,-0.0413861,-0.04264553,-0.04492785,-0.04659827,-0.04850895,-0.0499449,-0.05149752,-0.05272543,-0.05427208,-0.0560184,-0.05704471,-0.05836986,-0.05937997,-0.06077264,-0.06170049,-0.06285497,-0.06378897,-0.06434119,-0.06548814,-0.06601654,-0.06661737,-0.06759474,-0.06834191,-0.0687348,-0.0697945,-0.07114059,-0.07172248,-0.07270731,-0.07380322,-0.07520124,-0.07668775,-0.07749879,-0.07914317,-0.08060906,-0.08227149,-0.08410013,-0.08594831,-0.0883939,-0.09024422,-0.09257402,-0.0947609,-0.09718522,-0.09974865,-0.1025186,-0.1050492,-0.1074895,-0.1104471,-0.1129718,-0.1153707,-0.1184135,-0.1206354,-0.1229501,-0.1253537,-0.1280877,-0.1301359,-0.1317306,-0.1342156,-0.1356409,-0.1364941,-0.137632,-0.1385051,-0.1391345,-0.1388574,-0.1380913,-0.1367228,-0.1346735,-0.13194,-0.1283203,-0.1236687,-0.1179012,-0.1112051,-0.1029734,-0.09376988,-0.08284727,-0.07088472,-0.05669566,-0.04178041,-0.02615095,-0.01016942,0.006175562,0.0203275,0.03273,0.04313289,0.05050569,0.05664809,0.06097326,0.06554522,0.06917834,0.07434094,0.0795626,0.08546363,0.09249124,0.09990645,0.1066735,0.1144896,0.1224016,0.1290887,0.1362817,0.1420758,0.1480168,0.1528728,0.1570656,0.1599779,0.1628673,0.1648344,0.1661051,0.1670814,0.1670141,0.1662328,0.1652207,0.1643174,0.1627166,0.1610834,0.1591651,0.1567662,0.1542034,0.1519658,0.1494294,0.1462993,0.1438178,0.1412314,0.1386959,0.1361461,0.1333562,0.1305168,0.1277602,0.125137,0.1230237,0.1202533,0.1180574,0.1155279,0.1128684,0.1102996,0.1080095,0.1058128,0.1033776,0.1005082,0.09802115
RR,0.1641381,0.1587394,0.1514874,0.1455134,0.1417656,0.1350211,0.1290539,0.1225769,0.1187717,0.1138491,0.1095393,0.1027902,0.09916869,0.09316425,0.088302,0.08288079,0.07818429,0.07179044,0.06906904,0.06380542,0.05707419,0.05369128,0.04624564,0.04355328,0.03949743,0.03347443,0.02900486,0.02548067,0.01898214,0.01306887,0.009910083,0.004023822,-0.0006449661,-0.005503907,-0.00948045,-0.01504535,-0.01856596,-0.02434372,-0.02785895,-0.03146474,-0.03688236,-0.04199994,-0.04519223,-0.04969656,-0.05179973,-0.05868259,-0.06086364,-0.06305507,-0.06852346,-0.06922691,-0.07194099,-0.07663148,-0.07629494,-0.08042627,-0.08550566,-0.0860221,-0.08782917,-0.09111221,-0.09302485,-0.09565404,-0.09946854,-0.100575,-0.1031012,-0.1045077,-0.1067618,-0.1077173,-0.1113923,-0.1103327,-0.112855,-0.1141633,-0.1130372,-0.1172894,-0.1163458,-0.117355,-0.1178006,-0.1170125,-0.1185732,-0.1181149,-0.117791,-0.1184458,-0.1187959,-0.1186803,-0.1189638,-0.1175282,-0.1172152,-0.1177536,-0.1186538,-0.1174843,-0.1204238,-0.1209878,-0.121158,-0.1230343,-0.1218888,-0.1251289,-0.1277939,-0.126088,-0.1293534,-0.1311604,-0.1317787,-0.1322384,-0.1323066,-0.1318946,-0.1312253,-0.1315479,-0.1286469,-0.1281807,-0.1271042,-0.1242628,-0.1255638,-0.1253938,-0.1246655,-0.1276859,-0.1278796,-0.1318425,-0.1346559,-0.1364413,-0.1411548,-0.1421261,-0.1447339,-0.1449918,-0.1480748,-0.1469159,-0.1465367,-0.1447621,-0.1406771,-0.1355458,-0.1294033,-0.1200917,-0.1072676,-0.09456415,-0.06966081,-0.04239361,-0.00564867,0.04766432,0.1034935,0.1783254,0.2587408,0.3532773,0.4580106,0.5616766,0.653381,0.7248459,0.7555503,0.7262778,0.731142,0.7397705,0.7361251,0.747699,0.770337,0.7827128,0.7778534,0.755273,0.7387673,0.720004,0.6964931,0.6860549,0.6617065,0.6432515,0.6270418,0.6050721,0.5896388,0.5755876,0.5528702,0.5388109,0.5228796,0.5095942,0.4907001,0.4773905,0.466917,0.4461819,0.4351099,0.4234765,0.4078107,0.3981198,0.3828846,0.3735381,0.3619283,0.3480384,0.3421767,0.328784,0.3201245,0.3086498,0.2994341,0.2899991,0.2822522,0.2703761,0.2618694,0.2546678,0.2467086,0.2379855,0.2307917,0.2230912,0.2156916,0.2080693,0.2023137,0.1943338,0.1889561,0.1811945,0.1766341,0.1703661
RR,-0.1305722,-0.1267709,-0.1222092,-0.1163588,-0.1105028,-0.1050592,-0.09693439,-0.08870322,-0.08176925,-0.07224043,-0.06179105,-0.0505274,-0.04032386,-0.02722953,-0.01340232,-0.001870648,0.0117523,0.02560886,0.04046361,0.05250029,0.06689665,0.08041819,0.09125701,0.1023016,0.1132133,0.122929,0.1296588,0.1375345,0.1439855,0.14875,0.1529899,0.1576226,0.1624586,0.165557,0.1711993,0.1768062,0.1809238,0.1865163,0.1927092,0.1984291,0.2020157,0.2067064,0.2107384,0.2134832,0.2158121,0.2181895,0.2191728,0.2199595,0.2207966,0.2212723,0.22055,0.2199739,0.219506,0.2180948,0.2163643,0.2143678,0.2127735,0.2107748,0.2077314,0.205425,0.2020424,0.1990665,0.1960901,0.1925459,0.1890896,0.1850384,0.1819726,0.1775028,0.1739086,0.1699899,0.1666544,0.1619554,0.1581959,0.1545252,0.1502576,0.1467935,0.1427725,0.1393421,0.1349567,0.1311033,0.1274462,0.1233278,0.1200942,0.1162592,0.1125435,0.1085536,0.1049375,0.1017549,0.09804371,0.09442413,0.09074084,0.08754925,0.08411558,0.08011224,0.07685781,0.0728569,0.07027124,0.06655089,0.06324378,0.05959668,0.05581996,0.05246193,0.04814186,0.04498221,0.04114052,0.03823192,0.03368573,0.0300022,0.02658269,0.02205173,0.01919635,0.01462509,0.01149593,0.007218262,0.003260889,-0.0006898279,-0.005305626,-0.008307883,-0.01262477,-0.01643466,-0.02090097,-0.02486919,-0.02903583,-0.03377854,-0.03730011,-0.04145108,-0.04480221,-0.04965849,-0.05341129,-0.05764529,-0.06229002,-0.0654636,-0.07011208,-0.07372854,-0.07832604,-0.08215477,-0.08613891,-0.09085324,-0.09391054,-0.09813173,-0.1015586,-0.1055413,-0.1094171,-0.1126808,-0.1170317,-0.1192377,-0.1227143,-0.1253136,-0.1285383,-0.1315663,-0.1335367,-0.1365199,-0.1382044,-0.140605,-0.1421353,-0.1435424,-0.1457694,-0.1467781,-0.1482749,-0.1494003,-0.1504439,-0.1508903,-0.1522003,-0.1527914,-0.1531669,-0.1538469,-0.1541003,-0.1547415,-0.1547183,-0.1556884,-0.1559429,-0.1556728,-0.1561438,-0.1559936,-0.1566924,-0.1564265,-0.1571238,-0.1576393,-0.1571404,-0.1571735,-0.1573907,-0.1576282,-0.1572075,-0.156927,-0.1568584,-0.156558,-0.1561134,-0.1559718,-0.155302,-0.1541533,-0.1536153,-0.1525331,-0.1510606,-0.1490821,-0.1482366,-0.1460125,-0.1433375,-0.1409579,-0.1384703,-0.1342343
RR,0.007373757,0.0130075,0.01757872,0.02306853,0.02715775,0.03180332,0.03589357,0.04006643,0.0433805,0.04657153,0.05014298,0.05351382,0.05597267,0.05904885,0.06228954,0.06614707,0.06941713,0.07279926,0.07405344,0.07828476,0.08084638,0.08476762,0.08703282,0.08989528,0.09217902,0.09402151,0.09672779,0.09771872,0.1004145,0.1014367,0.1038162,0.1042869,0.1056186,0.1080221,0.1080065,0.109485,0.1092213,0.1110274,0.1113597,0.1133126,0.1134746,0.1145057,0.1151899,0.1145802,0.115428,0.1153619,0.1156558,0.1163015,0.1160393,0.1158488,0.1162511,0.1154092,0.1148457,0.1151972,0.1140002,0.1130894,0.1129381,0.1119619,0.1109462,0.1094491,0.1079718,0.1061439,0.1057394,0.1032348,0.1023716,0.100531,0.0974873,0.09530979,0.0929855,0.09137044,0.08951981,0.0865594,0.08302321,0.08135976,0.07694318,0.07566126,0.07321163,0.06942921,0.06588369,0.06339643,0.0600291,0.05615395,0.05346144,0.04967807,0.04724489,0.04319813,0.03969733,0.0359822,0.03248237,0.02932776,0.02605291,0.02199519,0.0183246,0.01533,0.01125153,0.008358556,0.004933508,0.001207813,-0.003374792,-0.006270479,-0.01056365,-0.01405685,-0.01732587,-0.02076158,-0.0228542,-0.02796734,-0.03060657,-0.03372108,-0.03753703,-0.04042346,-0.04346826,-0.04654882,-0.04972756,-0.05235719,-0.05564521,-0.05787351,-0.0600573,-0.06415435,-0.06576509,-0.06893967,-0.0712447,-0.07371101,-0.07563473,-0.07829124,-0.08034656,-0.08293951,-0.08486547,-0.08665282,-0.08881158,-0.09143656,-0.09312459,-0.09466048,-0.09676465,-0.09881555,-0.09992091,-0.1013596,-0.1033675,-0.1048083,-0.1056812,-0.1076014,-0.1094403,-0.1100296,-0.1116566,-0.1135156,-0.1150411,-0.1159971,-0.116515,-0.1174459,-0.119053,-0.1195937,-0.1210602,-0.1210214,-0.1213318,-0.1239603,-0.1238515,-0.1247354,-0.1241897,-0.1254456,-0.1253284,-0.1258237,-0.1254459,-0.1255909,-0.1265596,-0.1255708,-0.1253777,-0.1251184,-0.1247808,-0.1241008,-0.1238919,-0.1227991,-0.1206507,-0.1209876,-0.1185013,-0.1173084,-0.1152213,-0.1131172,-0.1102575,-0.1088645,-0.1061157,-0.1031619,-0.09992168,-0.09660106,-0.09310554,-0.08857065,-0.08487981,-0.07998837,-0.07567231,-0.07042441,-0.06527644,-0.05947267,-0.05335498,-0.04864979,-0.04262017,-0.03636561,-0.02996767,-0.02257303,-0.01740537,-0.01057308,-0.00393441,0.001719157
RR,-0.02142041,-0.01331988,-0.006322288,0.001099155,0.008335271,0.01486788,0.0209802,0.02677837,0.03237323,0.03752773,0.04172415,0.04685301,0.04887784,0.05143235,0.05403312,0.05523438,0.05596191,0.0567192,0.05782443,0.05800663,0.05900961,0.05969678,0.06080044,0.06284274,0.06515364,0.06713989,0.06989563,0.07277683,0.07672419,0.07907323,0.08285545,0.08659036,0.09008528,0.0943033,0.09720489,0.1007366,0.1038192,0.1075895,0.1100383,0.113174,0.1154353,0.1182337,0.1208041,0.1221177,0.1240574,0.1266385,0.1290612,0.1295063,0.1305614,0.1326565,0.133818,0.1342054,0.1350184,0.1356256,0.1354079,0.1361976,0.135346,0.1355926,0.134873,0.1346778,0.1327721,0.1320819,0.1313068,0.1299706,0.1280746,0.1260988,0.1239102,0.1224705,0.1201912,0.1188893,0.1151086,0.1121327,0.1102974,0.1071876,0.1037752,0.1009976,0.09884245,0.09475745,0.09174019,0.08848492,0.08449731,0.08086018,0.07793871,0.07399286,0.07033699,0.06695889,0.06251027,0.05846819,0.0554496,0.0515637,0.04728522,0.04364375,0.03920095,0.03552744,0.03165894,0.02825479,0.02411985,0.01979321,0.01645587,0.01189335,0.008231826,0.004412298,-8.853829e-05,-0.003550531,-0.007394498,-0.01163499,-0.0156367,-0.01930601,-0.02251478,-0.0269189,-0.03005435,-0.03404669,-0.03766507,-0.04144753,-0.04434135,-0.04773423,-0.05120956,-0.05452596,-0.05783284,-0.060837,-0.06379144,-0.06688855,-0.07089303,-0.07299752,-0.07642284,-0.0781821,-0.08161616,-0.08427653,-0.08714975,-0.08924868,-0.09229263,-0.09448624,-0.09744016,-0.09931453,-0.1010904,-0.1040202,-0.1060881,-0.1084062,-0.1104587,-0.1124703,-0.1135624,-0.1165832,-0.1182742,-0.1195612,-0.1210822,-0.1232415,-0.1246014,-0.1257829,-0.1272911,-0.1290113,-0.1296491,-0.1314185,-0.1321935,-0.1328606,-0.1343778,-0.1350133,-0.1357946,-0.1364183,-0.1371363,-0.1377207,-0.1379293,-0.1385753,-0.139013,-0.1390323,-0.1391678,-0.1385938,-0.1387349,-0.1388409,-0.1382861,-0.1371472,-0.1369986,-0.1364686,-0.1350335,-0.1343681,-0.1331642,-0.1320846,-0.1301335,-0.128515,-0.1263382,-0.1240486,-0.1226484,-0.119363,-0.1165764,-0.1137497,-0.1108313,-0.1070896,-0.1031508,-0.09904368,-0.0949702,-0.08984692,-0.08475945,-0.08007211,-0.07413886,-0.06827667,-0.06189464,-0.05584437,-0.0493459,-0.04295517,-0.03463227,-0.02760064
RR,-0.03434231,-0.03741531,-0.04039113,-0.04269576,-0.04565725,-0.04976002,-0.05333036,-0.05755222,-0.06184814,-0.06671947,-0.0700582,-0.07558721,-0.08012804,-0.08397476,-0.08796728,-0.09232873,-0.09519214,-0.09853485,-0.1009065,-0.102976,-0.1045752,-0.105945,-0.1061682,-0.1062361,-0.1060435,-0.1049574,-0.104186,-0.1032792,-0.10294,-0.1024893,-0.1026491,-0.1028854,-0.1038799,-0.1057342,-0.1071859,-0.1089111,-0.1118985,-0.1148295,-0.118117,-0.1216755,-0.1260227,-0.1299291,-0.1342953,-0.1385741,-0.1433427,-0.1480707,-0.1530413,-0.1563357,-0.1621193,-0.1671146,-0.1721925,-0.1774464,-0.1825242,-0.1873322,-0.1922425,-0.1980655,-0.2028254,-0.2074767,-0.2121967,-0.2170905,-0.2216484,-0.225688,-0.2293538,-0.2338142,-0.2372243,-0.2404705,-0.2430912,-0.2451237,-0.2472031,-0.2478396,-0.2479662,-0.248082,-0.2471982,-0.2442974,-0.2406231,-0.2344945,-0.2275171,-0.2167875,-0.203577,-0.1853674,-0.1624985,-0.1347563,-0.09930696,-0.05531211,-0.003272225,0.05548783,0.118911,0.1713466,0.2106344,0.2532122,0.3094474,0.379134,0.4486902,0.5099034,0.5620251,0.594817,0.6130785,0.6209829,0.6226958,0.6191474,0.6135568,0.6049972,0.5958354,0.58496,0.5737855,0.5613548,0.5507395,0.5387058,0.5274425,0.5162962,0.5049708,0.4930906,0.482028,0.4709925,0.4604588,0.4500848,0.4391077,0.4287916,0.4181878,0.4081837,0.3984386,0.388539,0.3790338,0.3690045,0.358519,0.3493153,0.3403456,0.3309144,0.3217238,0.3141739,0.3042858,0.2960928,0.2877555,0.2790413,0.2703801,0.2627645,0.2538871,0.2457158,0.2377684,0.2298126,0.2223335,0.2144274,0.2070086,0.1995951,0.1929907,0.185628,0.1783709,0.172019,0.1647753,0.1583255,0.1508597,0.144767,0.1389183,0.1325795,0.1265707,0.120672,0.1149887,0.109325,0.1027748,0.09770973,0.09278584,0.08757594,0.08224134,0.07737853,0.07263693,0.06795347,0.06352763,0.05909459,0.05501916,0.05035414,0.04738596,0.04282277,0.03866703,0.03568755,0.03176315,0.02823144,0.02435316,0.02257411,0.01821368,0.01524255,0.01305461,0.01015145,0.007559173,0.004927265,0.00265583,5.726011e-05,-0.002058522,-0.004443334,-0.005647374,-0.008636073,-0.0100925,-0.01341494,-0.01468751,-0.01712121,-0.01877118,-0.02118523,-0.02300627,-0.02607724,-0.02863701,-0.03078447
RR,0.2373344,0.2321338,0.2268204,0.2213796,0.2160357,0.210974,0.2061863,0.2010099,0.1964239,0.1924755,0.1877224,0.1834366,0.1790372,0.1745563,0.1704905,0.1667452,0.1632761,0.1593604,0.1555573,0.1518376,0.1481009,0.1439953,0.141335,0.1369774,0.1339378,0.1303263,0.1266178,0.1236255,0.1196366,0.1168559,0.1134423,0.1101124,0.1067003,0.1032114,0.100377,0.09681059,0.09355654,0.09016784,0.08697283,0.08371828,0.08038855,0.07711242,0.07364914,0.07034686,0.06672725,0.06367517,0.06001738,0.05655629,0.05374621,0.04984821,0.04656392,0.04299392,0.04008795,0.03634446,0.03318509,0.03000796,0.0265407,0.02302515,0.01994567,0.01659129,0.01328276,0.009765713,0.006634005,0.003141199,0.0004185911,-0.002756673,-0.005710592,-0.008740162,-0.01156591,-0.01440515,-0.01782126,-0.02072214,-0.02317052,-0.02596843,-0.02838984,-0.03120506,-0.03391067,-0.03595855,-0.03849397,-0.04100556,-0.04321488,-0.0451064,-0.04707829,-0.04929274,-0.05149001,-0.05313516,-0.05524569,-0.05712719,-0.05867201,-0.0605871,-0.06248146,-0.06381341,-0.06526617,-0.06673607,-0.06831533,-0.06989504,-0.07075243,-0.0722626,-0.07377258,-0.07497716,-0.0765183,-0.07745662,-0.07900003,-0.07997576,-0.08069878,-0.08217391,-0.08327004,-0.08418222,-0.08503377,-0.08578135,-0.0858381,-0.0864237,-0.08651716,-0.08628161,-0.08634878,-0.08583479,-0.08581895,-0.08537324,-0.08481844,-0.08471087,-0.08452359,-0.08431759,-0.08516314,-0.08555209,-0.08710574,-0.08844015,-0.09084453,-0.09317449,-0.09627494,-0.09917473,-0.1028563,-0.1065808,-0.1111169,-0.1154743,-0.1198604,-0.1243555,-0.1292679,-0.1337691,-0.1386026,-0.1431562,-0.1480394,-0.15275,-0.1571068,-0.1618554,-0.1652266,-0.1693993,-0.1730175,-0.1765335,-0.1791401,-0.1815371,-0.1829594,-0.1838477,-0.1840523,-0.1832775,-0.1809235,-0.1772691,-0.1717111,-0.1642568,-0.1538698,-0.1409863,-0.1241298,-0.1024503,-0.07503856,-0.04241906,-0.003467672,0.04004217,0.07515148,0.09811936,0.1108324,0.1175451,0.1230598,0.1312658,0.1440953,0.1607973,0.1807179,0.2015287,0.2240982,0.2460709,0.266105,0.2831073,0.2967612,0.3078941,0.3148633,0.3197291,0.3215665,0.3215891,0.3191109,0.3158699,0.3108042,0.3052909,0.2999004,0.2939627,0.2872969,0.2812386,0.2747288,0.2681332,0.2621575,0.2554142,0.2494181,0.2437041
RR,-0.04936134,-0.05261705,-0.05392845,-0.05540392,-0.05761629,-0.06094942,-0.06403215,-0.0663579,-0.06693313,-0.07029928,-0.07249625,-0.07424951,-0.07693479,-0.07921582,-0.08274224,-0.08409689,-0.08714969,-0.08770023,-0.09120966,-0.09264751,-0.0937601,-0.09456541,-0.09770759,-0.1008386,-0.1016432,-0.1042432,-0.1047197,-0.10641,-0.1080585,-0.1088774,-0.1109827,-0.1123575,-0.1135155,-0.1137911,-0.1141226,-0.1157581,-0.1146371,-0.115741,-0.1164191,-0.11757,-0.1190759,-0.1195332,-0.1204887,-0.1195992,-0.1218709,-0.1222506,-0.1229875,-0.1219719,-0.1253509,-0.1266346,-0.126768,-0.1276707,-0.1266887,-0.1307203,-0.1316112,-0.1340138,-0.1329844,-0.1353891,-0.1364417,-0.1370532,-0.1348881,-0.136101,-0.1353463,-0.1359615,-0.1339852,-0.1331597,-0.1341293,-0.1319417,-0.1295768,-0.128334,-0.127473,-0.1243881,-0.1202974,-0.1127648,-0.1089894,-0.1051061,-0.09585108,-0.08839767,-0.07504384,-0.06345984,-0.04833112,-0.02959976,-0.009531224,0.007805241,0.02679545,0.05009551,0.07649907,0.1022694,0.1294717,0.1568821,0.1834103,0.202011,0.2159464,0.2345647,0.2555079,0.2815895,0.3000389,0.3154573,0.3296825,0.3445389,0.3629417,0.376721,0.3897732,0.40628,0.414697,0.4183782,0.427628,0.4300626,0.4307896,0.4305228,0.4280083,0.4265679,0.4187754,0.4152919,0.4029504,0.3941939,0.3860465,0.3847282,0.3777651,0.3652788,0.3609129,0.3536234,0.3435231,0.3316412,0.318648,0.3118723,0.306514,0.2997449,0.2966763,0.2887028,0.2810619,0.2707464,0.2632415,0.2560391,0.2494576,0.2437824,0.2387153,0.2311484,0.226058,0.2173578,0.2088068,0.2027716,0.1949491,0.1896539,0.1849775,0.1798328,0.1734215,0.1685598,0.1590408,0.152233,0.1468196,0.1417291,0.137632,0.1326809,0.1272496,0.1231825,0.1166423,0.1108576,0.1048604,0.09969597,0.09570696,0.0920554,0.08708807,0.08139583,0.07630313,0.07157575,0.06547407,0.06156901,0.0576591,0.05381008,0.04934638,0.04570934,0.04133144,0.03844905,0.03373619,0.02772058,0.02533184,0.0221691,0.01815426,0.01535864,0.01177859,0.007993856,0.004326372,0.001770902,-0.001662364,-0.006429211,-0.007721879,-0.01123048,-0.01510417,-0.01745495,-0.02005317,-0.02395947,-0.02678745,-0.0297465,-0.03186142,-0.03455332,-0.03653994,-0.03955026,-0.04288651,-0.04641459
RR,-0.04423244,-0.03650946,-0.02759037,-0.02158666,-0.01284589,-0.006050212,0.0006037304,0.006497422,0.01088634,0.01604475,0.01847061,0.02089261,0.02380548,0.02338103,0.02579545,0.02549137,0.02747437,0.02806969,0.03130845,0.03260996,0.03612461,0.03916283,0.04415214,0.04756756,0.05211333,0.054857,0.05914108,0.06215991,0.06460356,0.06725051,0.06892248,0.07148022,0.07309861,0.07531317,0.07620503,0.07961612,0.07974143,0.08245737,0.0838068,0.08656206,0.08709108,0.08936779,0.09102511,0.09293914,0.09492353,0.09773283,0.09966216,0.1012989,0.1028829,0.1043077,0.106505,0.1066727,0.1093599,0.1096943,0.1119717,0.1121701,0.1137436,0.1135278,0.1144267,0.1147549,0.1153798,0.1149966,0.1154645,0.1149255,0.1149163,0.1145255,0.1132468,0.1134393,0.1115581,0.1107679,0.1085189,0.1088664,0.1068735,0.1047743,0.1023053,0.1010492,0.09801404,0.09606966,0.09411984,0.09163909,0.08851506,0.08634997,0.08381264,0.08061786,0.07826725,0.07432399,0.07250164,0.06882869,0.06585967,0.06275697,0.05826561,0.05558886,0.05135299,0.04802268,0.04433254,0.0407862,0.03699303,0.03248618,0.02920022,0.02574096,0.0212505,0.01772375,0.01330232,0.01062407,0.005113421,0.002148431,-0.00295023,-0.00649902,-0.01037168,-0.01508986,-0.0179247,-0.02283767,-0.02653988,-0.03122647,-0.03388548,-0.03927157,-0.04265413,-0.04586261,-0.04977604,-0.05357621,-0.05708447,-0.061296,-0.0647281,-0.06769598,-0.07128292,-0.07474644,-0.07939273,-0.08096397,-0.08447206,-0.0873716,-0.09058415,-0.09405205,-0.09662269,-0.09951553,-0.1020767,-0.1047439,-0.10683,-0.1097261,-0.111875,-0.1148173,-0.1176107,-0.118902,-0.1207111,-0.1229151,-0.1248269,-0.1273879,-0.1294039,-0.1307375,-0.1331259,-0.1344398,-0.1367711,-0.1371488,-0.1387565,-0.1401192,-0.1420114,-0.1424796,-0.1442184,-0.1447909,-0.1466536,-0.1470613,-0.1479898,-0.1480137,-0.1494346,-0.1496156,-0.14967,-0.1507331,-0.1502231,-0.1512123,-0.1503763,-0.1518342,-0.150608,-0.1514926,-0.1495538,-0.1504333,-0.1488564,-0.1485956,-0.1476279,-0.1456049,-0.1442298,-0.1429356,-0.1420196,-0.1385224,-0.1379606,-0.1343634,-0.1329887,-0.1289749,-0.1261809,-0.1227598,-0.1182756,-0.1144455,-0.1097238,-0.1039499,-0.09892438,-0.09291646,-0.08704026,-0.08100495,-0.07330554,-0.06675179,-0.0586093,-0.05238589
RR,0.1255621,0.1264325,0.1272484,0.1260572,0.1264892,0.1261642,0.1269738,0.1256601,0.125436,0.1240981,0.1241123,0.1230413,0.12231,0.1213742,0.1203372,0.1199977,0.1183517,0.1168036,0.1156011,0.1140752,0.113302,0.1111405,0.1089086,0.1081603,0.1069929,0.1038343,0.1010418,0.09969941,0.09683456,0.09382428,0.09160344,0.08915178,0.08605448,0.08373,0.0797862,0.07736477,0.07400665,0.0708971,0.06754118,0.06408124,0.06152006,0.05759187,0.05340572,0.05045706,0.04694471,0.04402551,0.03937199,0.03558669,0.03203982,0.0281887,0.02445342,0.02066695,0.01626334,0.01302666,0.008541517,0.004949919,0.0005117072,-0.002996861,-0.006865558,-0.01141557,-0.01509796,-0.01900693,-0.02269169,-0.02635471,-0.03030794,-0.03469983,-0.03875369,-0.0418904,-0.04600189,-0.04966046,-0.0528886,-0.05686148,-0.06062918,-0.06411079,-0.06741845,-0.07116978,-0.07397182,-0.07756887,-0.08053512,-0.08390614,-0.08642373,-0.09003717,-0.09194347,-0.09540936,-0.09780335,-0.09974475,-0.1027833,-0.1048745,-0.1073952,-0.1094553,-0.1120892,-0.1135432,-0.1155621,-0.117516,-0.1197666,-0.1220009,-0.1232658,-0.1248816,-0.127184,-0.1283579,-0.1299348,-0.1317321,-0.1327988,-0.1345734,-0.135319,-0.1369002,-0.1389938,-0.1391753,-0.1403901,-0.1418742,-0.1429538,-0.1436803,-0.1451285,-0.1458838,-0.1471889,-0.1477261,-0.1486439,-0.1485832,-0.1488921,-0.15028,-0.1497813,-0.1497591,-0.149759,-0.1507772,-0.1501056,-0.149888,-0.1493987,-0.148842,-0.1485212,-0.1472756,-0.1465491,-0.1446668,-0.1437951,-0.1426442,-0.1405779,-0.1381168,-0.1356092,-0.1332931,-0.1306274,-0.1269077,-0.1240665,-0.1202346,-0.1164049,-0.1112363,-0.1059263,-0.1011902,-0.09653335,-0.0896359,-0.08342064,-0.07639147,-0.06987881,-0.0623584,-0.05424152,-0.0461624,-0.03734116,-0.02825155,-0.01929962,-0.010999,-0.001333817,0.0078234,0.01598726,0.02558501,0.03351297,0.04217606,0.04906846,0.05720551,0.06205903,0.06757189,0.07297007,0.07672767,0.07911818,0.08061668,0.08196521,0.0822732,0.08152452,0.08132365,0.08077274,0.08023037,0.08001884,0.08000702,0.08177642,0.08389531,0.0858837,0.08876059,0.0917125,0.09591011,0.09896616,0.1022754,0.1054997,0.1097168,0.1124757,0.1140119,0.1164068,0.1191513,0.1210839,0.1215728,0.1226159,0.1240212,0.1250215,0.125013
RR,-0.07443201,-0.07471766,-0.07688566,-0.07830878,-0.0787323,-0.08032392,-0.08158591,-0.08234834,-0.08376149,-0.08518595,-0.08650148,-0.08754241,-0.08877181,-0.0906709,-0.09164049,-0.09367916,-0.09532879,-0.09743586,-0.09918675,-0.1006464,-0.1030507,-0.1049349,-0.1078177,-0.1103529,-0.1132721,-0.1157402,-0.1187129,-0.1207062,-0.1241875,-0.1276202,-0.1304155,-0.1336154,-0.1368404,-0.1401812,-0.1435875,-0.1471873,-0.1501739,-0.1539906,-0.1576069,-0.1619895,-0.1651925,-0.1682471,-0.171662,-0.1754496,-0.1788452,-0.1814935,-0.1854034,-0.1881357,-0.1913127,-0.1934012,-0.1956989,-0.1985584,-0.1998193,-0.2014933,-0.2017374,-0.2023421,-0.201728,-0.2005145,-0.1982982,-0.1949864,-0.1909423,-0.1851598,-0.1776076,-0.1682464,-0.1569207,-0.1433154,-0.1274536,-0.1077385,-0.08458121,-0.05685169,-0.022788,0.01364841,0.04525661,0.06550129,0.07442137,0.07763303,0.07818232,0.08127153,0.08706509,0.09609366,0.1088002,0.1213744,0.1377085,0.1533366,0.1695743,0.1839913,0.197932,0.2109921,0.2201404,0.2289254,0.2347898,0.2387899,0.2413978,0.2427019,0.2429281,0.2415379,0.2387692,0.2368199,0.2331735,0.2300756,0.2257218,0.2219963,0.21744,0.2129268,0.2082337,0.2040374,0.2001734,0.1953789,0.1907227,0.186192,0.1822578,0.1781919,0.1732066,0.1694764,0.1654835,0.1620552,0.1575402,0.153854,0.1505083,0.1457551,0.1429117,0.1391226,0.1357209,0.1321114,0.1284467,0.1253734,0.1215961,0.1182409,0.115254,0.1117867,0.1085468,0.1055341,0.1019737,0.09948152,0.09619763,0.09453856,0.08989676,0.08816793,0.08488648,0.08232984,0.07895172,0.07688407,0.0729911,0.07096934,0.06854702,0.06583399,0.06343156,0.06105815,0.05762992,0.05557111,0.05290823,0.05096161,0.04806552,0.04542082,0.04334566,0.03982321,0.03776455,0.03505359,0.03246117,0.02984688,0.0274439,0.02464301,0.02192488,0.01914891,0.01674388,0.01430117,0.01120093,0.00788584,0.004922727,0.002955855,-0.0005817407,-0.003283366,-0.006230945,-0.009096412,-0.01208174,-0.01501473,-0.01830958,-0.02065811,-0.02423831,-0.02698299,-0.02980486,-0.03268654,-0.03572261,-0.03930565,-0.04120794,-0.04388347,-0.04688917,-0.049429,-0.05196093,-0.05441453,-0.0564747,-0.05880064,-0.06021976,-0.06297002,-0.06491957,-0.06637473,-0.06775816,-0.06964078,-0.07142422,-0.07263587
RR,-0.1367317,-0.1377085,-0.1386559,-0.1395929,-0.1409237,-0.1411999,-0.1424965,-0.1424619,-0.1427407,-0.1432862,-0.1432574,-0.1434823,-0.1429544,-0.1431253,-0.1429999,-0.1419796,-0.1414178,-0.141418,-0.1404186,-0.1399402,-0.1384705,-0.1374775,-0.1366643,-0.1359808,-0.1343917,-0.1332676,-0.1319159,-0.1305733,-0.1284408,-0.1272061,-0.125211,-0.1234663,-0.1206709,-0.1185268,-0.1158129,-0.1127446,-0.1105668,-0.1073966,-0.1040475,-0.1000704,-0.09613018,-0.09199921,-0.08692573,-0.08208022,-0.07666333,-0.0717743,-0.06538139,-0.05856887,-0.05067832,-0.04272272,-0.0345374,-0.02565577,-0.01600101,-0.004874682,0.005521555,0.01603891,0.02802775,0.04005241,0.05204182,0.06463263,0.07673655,0.08923598,0.1012044,0.1121625,0.1231223,0.1319039,0.140703,0.1477592,0.1533223,0.1584605,0.1617611,0.1635483,0.1644623,0.1647755,0.1632025,0.1616114,0.1587093,0.1564917,0.1542137,0.1526515,0.151687,0.1527218,0.1543909,0.1569629,0.1604755,0.1636128,0.1677415,0.1707099,0.1737824,0.1769888,0.1784545,0.17963,0.1814172,0.1818495,0.1814733,0.1811221,0.1805019,0.1800126,0.1786859,0.1771613,0.1746227,0.1733035,0.1702078,0.1686958,0.1660325,0.1630564,0.1601527,0.1568544,0.1539163,0.1508444,0.1476174,0.1443723,0.1404825,0.1373069,0.133894,0.1306507,0.1266133,0.123336,0.1198717,0.1169213,0.1129149,0.1093562,0.1057946,0.1023811,0.09886704,0.09508603,0.09206738,0.08854873,0.08509195,0.08152111,0.07813598,0.0745184,0.07130171,0.06789949,0.06483085,0.06176812,0.05782089,0.05517521,0.05128698,0.04827083,0.04574133,0.04218405,0.03856631,0.03531737,0.03269316,0.0293824,0.0256708,0.02238759,0.01987672,0.01591631,0.01253207,0.009980164,0.006309311,0.003212059,-0.0006439924,-0.003783277,-0.006604694,-0.01007114,-0.01387096,-0.0169032,-0.02063281,-0.02463805,-0.02704408,-0.03070594,-0.03420502,-0.03721532,-0.04088395,-0.04476326,-0.04816565,-0.05169219,-0.05529611,-0.0579509,-0.06153843,-0.06558915,-0.06868923,-0.07115857,-0.0746472,-0.07873099,-0.08190829,-0.08522741,-0.08807032,-0.09163611,-0.0946913,-0.09812398,-0.1006541,-0.1037794,-0.1068189,-0.1101058,-0.1122704,-0.1151711,-0.1176124,-0.1200583,-0.122646,-0.1240762,-0.1267622,-0.128601,-0.130641,-0.1323263,-0.1338913,-0.1352638
RR,0.01110602,0.007484267,0.003789148,-4.450266e-05,-0.003235423,-0.00674035,-0.01102411,-0.01421747,-0.01765707,-0.02026082,-0.02383349,-0.02681055,-0.02964857,-0.0324825,-0.03511313,-0.03773299,-0.04071827,-0.04191016,-0.04458892,-0.04695998,-0.04842209,-0.05065115,-0.05205005,-0.05371515,-0.05606532,-0.05723782,-0.05965684,-0.05996798,-0.06180174,-0.06257652,-0.0639523,-0.06491918,-0.06602367,-0.06755629,-0.06928574,-0.0703235,-0.07175197,-0.07235858,-0.07411242,-0.07547797,-0.07713185,-0.0783085,-0.07949913,-0.08064782,-0.08228988,-0.08304003,-0.08501872,-0.08666401,-0.08795256,-0.0885607,-0.09015854,-0.09198777,-0.09182019,-0.09315659,-0.09332909,-0.0933762,-0.0932644,-0.09219264,-0.091353,-0.08947637,-0.08884207,-0.08759446,-0.08688198,-0.08672565,-0.08811381,-0.0892415,-0.0918725,-0.09430879,-0.09813365,-0.1023363,-0.1061646,-0.1109491,-0.1163713,-0.121962,-0.1282603,-0.1343229,-0.1392035,-0.145261,-0.1512995,-0.1568286,-0.1613529,-0.1666228,-0.1719659,-0.1756397,-0.1806066,-0.1837252,-0.1865401,-0.1897803,-0.1913778,-0.1921474,-0.1911854,-0.1911555,-0.1891002,-0.1845697,-0.178143,-0.1701393,-0.1581147,-0.1421064,-0.1221472,-0.09470394,-0.05663342,-0.008042305,0.05419475,0.1221358,0.1649224,0.1886828,0.2044256,0.225612,0.2568991,0.2969143,0.3429727,0.38755,0.4304078,0.4642775,0.4910837,0.5094297,0.520798,0.5256785,0.5252396,0.5211934,0.5146012,0.506584,0.4967247,0.4858931,0.4741655,0.4629167,0.451075,0.439542,0.4285145,0.4178038,0.4068457,0.39614,0.3863802,0.3761593,0.3665666,0.3568087,0.3480045,0.3403423,0.3315077,0.3232489,0.3159483,0.3070305,0.299685,0.2931433,0.2864258,0.2786331,0.2726391,0.2663114,0.2593288,0.2529856,0.2467387,0.2412102,0.2357502,0.2295187,0.2239223,0.2174028,0.2129208,0.2079055,0.2024305,0.1972496,0.191769,0.1869231,0.1821964,0.1764356,0.1708913,0.1669958,0.1624653,0.1567332,0.1527663,0.1475567,0.1430101,0.1386025,0.1335368,0.12909,0.1246267,0.1200133,0.1146843,0.1112249,0.1059101,0.1005761,0.09711928,0.09291039,0.08882519,0.08397773,0.07984087,0.07461222,0.07055274,0.06654558,0.06190776,0.05701045,0.05346254,0.0484159,0.04411025,0.03969885,0.03540799,0.03143139,0.02742638,0.02354074,0.01946031,0.01585708
RR,-0.06697385,-0.06911435,-0.07144736,-0.0740441,-0.07664139,-0.07838618,-0.0807042,-0.08307216,-0.08529933,-0.08675947,-0.0889011,-0.09134872,-0.09353985,-0.09468268,-0.09635257,-0.09809055,-0.09980044,-0.1014295,-0.1034079,-0.1043917,-0.1064188,-0.1073636,-0.1088031,-0.1103245,-0.1117888,-0.1128089,-0.1138726,-0.1145969,-0.1162528,-0.1169235,-0.1172721,-0.119414,-0.1194506,-0.12044,-0.12109,-0.1217261,-0.1223133,-0.1222744,-0.1227458,-0.1230599,-0.1226929,-0.1230905,-0.1229403,-0.1228788,-0.1225789,-0.1223157,-0.1208756,-0.1205778,-0.1197863,-0.118808,-0.1171259,-0.1158945,-0.1143856,-0.1127411,-0.1105334,-0.1092455,-0.1061867,-0.1035772,-0.1007823,-0.09779903,-0.09484893,-0.09121569,-0.08692288,-0.08274775,-0.07848498,-0.07366297,-0.06868535,-0.06406561,-0.05815497,-0.05275921,-0.04735732,-0.04133625,-0.0344498,-0.02885575,-0.02232371,-0.01716588,-0.01082487,-0.004081205,0.0006389668,0.006731394,0.01170088,0.0169406,0.02203622,0.02640896,0.0306086,0.03444478,0.03767253,0.04166187,0.04479043,0.0474622,0.05022413,0.05388985,0.05664327,0.05851572,0.06232762,0.06472398,0.06734723,0.07119962,0.07419758,0.07658666,0.07915135,0.08227658,0.08562318,0.08770491,0.08992461,0.09214766,0.0944468,0.09561373,0.0980813,0.09922558,0.1013451,0.1031141,0.1042179,0.1056324,0.1071165,0.1076413,0.1093272,0.1101207,0.111246,0.1126709,0.1138451,0.1141155,0.1148301,0.1165097,0.1164797,0.1180701,0.116774,0.1182871,0.1189198,0.1187249,0.118501,0.1185027,0.1192673,0.1188655,0.1175634,0.1179838,0.1169687,0.1157489,0.1147539,0.1136792,0.1124204,0.1112744,0.1091079,0.1073148,0.1060244,0.1047708,0.1014115,0.1002071,0.09763148,0.09506147,0.0929736,0.09059027,0.08723481,0.08572124,0.08203135,0.07909543,0.0763758,0.07317591,0.0699273,0.0670038,0.06380665,0.05995263,0.05669146,0.05330874,0.05022748,0.04619249,0.04374482,0.03959881,0.0360797,0.0324929,0.02928067,0.02505875,0.0223073,0.01895225,0.01456715,0.01101477,0.008324137,0.004877185,0.0003131581,-0.002750274,-0.005964157,-0.009423136,-0.01321084,-0.01653916,-0.02020198,-0.0232263,-0.02551597,-0.02978236,-0.03233389,-0.0364076,-0.03887812,-0.04284193,-0.04484835,-0.04732477,-0.05055538,-0.05364654,-0.05620728,-0.05944296,-0.06186178,-0.06379974
RR,-0.01469116,-0.01799093,-0.02015305,-0.02271115,-0.02574295,-0.0287695,-0.03099795,-0.03308162,-0.03589487,-0.03872289,-0.04119434,-0.04339314,-0.04628211,-0.04823738,-0.05029797,-0.05320856,-0.05457896,-0.05678292,-0.05913743,-0.06092121,-0.06280871,-0.06435308,-0.06622633,-0.06860094,-0.0698994,-0.07182629,-0.07441011,-0.07563256,-0.0778309,-0.07998202,-0.08214577,-0.08387378,-0.08601069,-0.08797026,-0.09032016,-0.09303461,-0.09483369,-0.09742467,-0.09979591,-0.1025709,-0.1050074,-0.1073979,-0.1104136,-0.1128248,-0.115419,-0.1188034,-0.1215599,-0.1244078,-0.1276835,-0.1304689,-0.133499,-0.1369533,-0.1396187,-0.1426836,-0.1457838,-0.1487946,-0.1524203,-0.1555195,-0.1585098,-0.1608344,-0.1643905,-0.1672291,-0.1693331,-0.1733081,-0.1753085,-0.1773736,-0.1803943,-0.1820355,-0.1837686,-0.1860003,-0.1871027,-0.1886138,-0.1893634,-0.1903954,-0.1904722,-0.190658,-0.1901886,-0.1891174,-0.1879562,-0.1861537,-0.1832878,-0.1805753,-0.1766446,-0.1714223,-0.1654601,-0.1580423,-0.1495379,-0.1387679,-0.126676,-0.1123958,-0.09588549,-0.07743157,-0.05711906,-0.0347254,-0.01060981,0.01413159,0.03851328,0.06069846,0.08016805,0.09629664,0.1107424,0.1270725,0.1448036,0.1644296,0.1861619,0.2079763,0.2295264,0.2499279,0.2674319,0.2825981,0.2939982,0.3024243,0.3091531,0.3125009,0.3136234,0.3132428,0.3114572,0.3089466,0.3046041,0.3003164,0.2959444,0.2905118,0.2846871,0.2789958,0.2742169,0.2680899,0.2623962,0.2570073,0.2509795,0.2462577,0.2398764,0.2356324,0.2301821,0.2252336,0.2199259,0.2144147,0.2099817,0.2058806,0.2005815,0.1958185,0.1919565,0.1869283,0.1825675,0.1783769,0.173737,0.1699662,0.1652221,0.1614082,0.1572604,0.1530904,0.1483913,0.1447074,0.1407059,0.136814,0.1326551,0.1288763,0.1247749,0.1205986,0.1161932,0.1129713,0.1088681,0.1051395,0.1014161,0.09742378,0.09435092,0.08982824,0.08642212,0.08292082,0.07960513,0.07573749,0.0720563,0.0693794,0.06558203,0.06245143,0.05880026,0.05568114,0.05272273,0.050458,0.04658062,0.04339695,0.04017112,0.03753237,0.03453061,0.03161134,0.0283457,0.02592905,0.02323223,0.01988823,0.01774345,0.01472771,0.01170264,0.009134356,0.00657693,0.003655602,0.0006181621,-0.001526968,-0.004285777,-0.006921108,-0.009502424,-0.01226062
RR,-0.00460506,0.001527699,0.001970633,0.003789143,-0.001724122,-0.002024142,0.002280155,0.002938195,8.462133e-05,-0.00248415,0.002789417,-0.0001273824,0.003591776,-0.002949836,0.001007356,0.0005168254,0.002088112,0.0002805594,-0.002203536,0.001239852,-0.0007032063,0.00433602,-0.003143983,-7.941861e-05,0.000943839,0.0003246032,-0.0001617765,0.001198031,0.001133355,-0.002280001,0.004379526,-0.00104354,0.001838514,-0.0004689097,-0.0004909696,0.001942941,0.003024671,0.001844745,-0.002680898,0.0049728,0.0006538783,0.00264593,-0.0005668328,0.000274559,0.002004963,0.00450719,-3.775165e-05,-0.002445314,0.004335978,0.002099491,0.002127728,-0.001773578,0.002143343,0.001993652,0.004352264,-0.000454737,-0.001779673,0.001496023,0.001193549,0.002602933,-0.001130423,0.001085772,0.001949008,0.003104611,-0.0004641917,-0.0008961298,0.0005038206,0.0008057791,0.00143259,-0.0004067771,0.0004080248,0.001474294,0.003360574,-0.001374353,0.001894704,-0.0007944888,-0.0009499773,0.003370579,8.329297e-05,0.0007739469,-0.0008816986,0.002788829,-0.001183823,0.003209024,-0.001985686,-0.002377684,0.003686225,0.00242605,-0.0004245805,-0.00193538,0.003218334,-0.0007948611,0.004605505,-0.001455701,-0.001088513,0.00263784,0.004617112,2.908374e-05,-0.001781358,0.003316549,0.001845532,0.003201776,-0.0004372794,-0.0006694142,0.002528584,0.00452126,6.766515e-05,-0.001691975,0.003764405,-1.805115e-05,0.002440553,-0.0007809578,-0.0006366225,0.001091505,0.004375012,0.0005901484,-0.0006194687,0.00261885,-0.001582303,0.003161676,0.000244106,0.0002014749,-0.001243026,0.004521893,-0.001295156,0.001740744,0.001066926,-0.002330447,0.003370862,0.000652233,-0.0002925034,-0.002601158,0.00468254,0.001173062,0.004244429,-0.0006579734,-0.002442916,0.004070375,0.004036007,0.0004505381,-0.001226304,0.001978076,0.0008127913,0.004059267,-0.0001587822,-0.001287598,0.004989744,0.003924494,0.001825944,-0.003334519,0.005641601,0.0009018559,0.004225228,-0.002250396,-0.001336127,0.003789154,0.003681452,0.0009728891,-0.002924092,0.002570329,0.0001506185,0.003788543,-0.003278769,-0.0004922348,0.001766952,0.002722129,-0.00271217,-0.0006425972,0.002067993,-0.001076969,0.002624959,-0.003140892,-0.0006316658,-0.0003479242,0.001785019,-0.00224198,0.0006888364,0.0003576978,-0.003158452,0.003040134,-0.0005244939,0.001458645,-0.001511108,-0.0007224248,-0.001075983,0.002920818,-0.0006592214,-0.003054043,0.003878262,0.001431451,0.001848927,-0.003636551,0.002975318,0.001724869,0.003668769,-0.0005361426,-0.002679924,0.004549353,0.002572765,0.001619658
RR,-0.0964165,-0.09765235,-0.1001448,-0.1025945,-0.1041145,-0.106017,-0.1080777,-0.1097671,-0.1111146,-0.1125363,-0.1144658,-0.1158676,-0.1171375,-0.1182441,-0.1200778,-0.1209578,-0.1228084,-0.1235359,-0.1247184,-0.1259439,-0.1264554,-0.1270986,-0.1282042,-0.1288853,-0.1300836,-0.1304323,-0.1316757,-0.1322576,-0.1323629,-0.1331962,-0.1331204,-0.1335923,-0.1338535,-0.1336861,-0.1338012,-0.1333131,-0.1333584,-0.1324938,-0.13215,-0.1317511,-0.1305643,-0.1300202,-0.1286196,-0.1278441,-0.1259238,-0.1247598,-0.1224966,-0.1199492,-0.1182553,-0.1152138,-0.1129873,-0.1097603,-0.1075344,-0.1038043,-0.09966534,-0.09556762,-0.09173087,-0.08739389,-0.08194152,-0.07689379,-0.07124303,-0.06527925,-0.05968027,-0.05347982,-0.04620997,-0.03991329,-0.03314904,-0.02503701,-0.01791095,-0.01001219,-0.002476624,0.005010244,0.012369,0.01924735,0.02758422,0.03377145,0.04104678,0.04735766,0.0524382,0.05790383,0.06191364,0.06577336,0.0698958,0.07361021,0.0755307,0.07686653,0.07821375,0.07830013,0.07837167,0.07830632,0.07797082,0.07835931,0.077728,0.07845534,0.07877184,0.08038882,0.08246125,0.08473488,0.08771187,0.09073469,0.09404425,0.09710845,0.1016769,0.1046206,0.1077368,0.1105442,0.1139115,0.1166728,0.1187991,0.1207629,0.1226504,0.1237511,0.1247245,0.1254778,0.1258714,0.1258735,0.1261233,0.1256855,0.1253992,0.1251794,0.1245767,0.1239172,0.1233077,0.1218027,0.1207923,0.1198727,0.1187963,0.1176919,0.116586,0.1150367,0.113498,0.1113909,0.1105403,0.1089864,0.1068071,0.1054309,0.1036284,0.1016718,0.09922781,0.09746947,0.09492784,0.09263653,0.09066901,0.08887368,0.0859744,0.08361913,0.08114974,0.07748957,0.07495363,0.07155154,0.06873805,0.06600213,0.0627816,0.05905227,0.05625014,0.05279915,0.04914127,0.04567512,0.04277684,0.03924501,0.03533362,0.03223713,0.02836617,0.02467414,0.02167703,0.01794638,0.01385231,0.01036098,0.00672972,0.003657711,-0.0004337542,-0.004259192,-0.007805669,-0.01130572,-0.01511513,-0.01910775,-0.02226839,-0.02524962,-0.02926103,-0.03275355,-0.03660403,-0.03980738,-0.04366458,-0.04686627,-0.04968881,-0.0529503,-0.05684009,-0.06025155,-0.06300332,-0.06622685,-0.06950647,-0.07258888,-0.07547306,-0.07887444,-0.08064521,-0.08399905,-0.08668795,-0.08908653,-0.09174526,-0.09352305
RR,-0.1409301,-0.1404337,-0.1414245,-0.1421219,-0.1414387,-0.1419908,-0.1423732,-0.1411808,-0.1420726,-0.1413577,-0.141448,-0.1411166,-0.1404667,-0.1395858,-0.1381456,-0.1379021,-0.1384493,-0.1363044,-0.134871,-0.1340732,-0.1318769,-0.1305714,-0.1289286,-0.1270416,-0.1247812,-0.1229348,-0.1204275,-0.117808,-0.1149522,-0.1120933,-0.1088463,-0.1046567,-0.09999567,-0.09671788,-0.09183716,-0.08606037,-0.08072233,-0.07384938,-0.06701235,-0.05971874,-0.05125163,-0.04256845,-0.03300084,-0.02164225,-0.01153223,0.0002450637,0.01528406,0.02820293,0.043466,0.05773175,0.07481255,0.09126543,0.1085476,0.1249793,0.1407104,0.1566829,0.1715278,0.186458,0.198046,0.2091633,0.219414,0.2261965,0.2322438,0.2368966,0.2402615,0.2420786,0.2429557,0.2431268,0.2451095,0.2460411,0.247315,0.2486904,0.2523947,0.2554327,0.2580114,0.2617748,0.2646054,0.2666388,0.2688081,0.2679537,0.2701681,0.2704931,0.2684664,0.2669735,0.2652842,0.2623436,0.258696,0.2551815,0.2516342,0.2478481,0.2412264,0.237186,0.2323888,0.2270006,0.2221228,0.2161337,0.2101466,0.2049422,0.199264,0.1930101,0.187623,0.1826628,0.1763031,0.1712193,0.1648658,0.1593741,0.1544153,0.1480419,0.1434686,0.1383148,0.1336594,0.1275482,0.1228242,0.1179083,0.1128143,0.1075079,0.1020224,0.09791917,0.09369977,0.08922603,0.0847143,0.08025734,0.07624359,0.07326275,0.06796066,0.06488118,0.06047807,0.05644861,0.05312572,0.05023524,0.04591918,0.04361415,0.03954603,0.03598485,0.03325158,0.02974708,0.02580269,0.02309295,0.01970501,0.01726702,0.01498298,0.01185574,0.008327281,0.006351043,0.003606897,0.001716237,-0.001646101,-0.004466669,-0.00761309,-0.009812946,-0.01292249,-0.01545574,-0.01861589,-0.02011181,-0.02298361,-0.02584688,-0.02839702,-0.03060289,-0.03318095,-0.03594562,-0.03918037,-0.04219294,-0.04544109,-0.04697524,-0.04976771,-0.05319467,-0.05611433,-0.05922649,-0.06113916,-0.06561171,-0.06790484,-0.0709429,-0.07376351,-0.07765229,-0.07938425,-0.08307065,-0.08716802,-0.08881506,-0.09319884,-0.09657636,-0.09989724,-0.1037077,-0.1056529,-0.1086865,-0.1123663,-0.1151822,-0.1179329,-0.1206397,-0.1233301,-0.1256688,-0.1275921,-0.131001,-0.1319523,-0.1333292,-0.1345585,-0.136184,-0.1374543,-0.1386929,-0.1393884,-0.1398997
RR,0.2890647,0.2828015,0.2775742,0.272036,0.2663332,0.2611271,0.2564014,0.2509396,0.2456471,0.2407613,0.2353171,0.2296828,0.2251593,0.220064,0.2156957,0.210814,0.2055937,0.2011721,0.1968165,0.1928685,0.1887415,0.1840845,0.1795259,0.1762665,0.1713277,0.1678691,0.1637584,0.1598938,0.1557575,0.1527577,0.1487822,0.145546,0.141542,0.1382247,0.1344562,0.1307631,0.1275524,0.124943,0.1214269,0.1189186,0.1147968,0.112615,0.1091044,0.1056932,0.1028378,0.1001789,0.09733517,0.09437104,0.09136482,0.08757832,0.08481608,0.08136883,0.07892375,0.07554483,0.07286552,0.06931552,0.06573641,0.06304494,0.05960468,0.05584452,0.05324271,0.04948088,0.04543452,0.04203932,0.03840128,0.03465514,0.03102108,0.02723697,0.0237059,0.01929354,0.01556375,0.01184314,0.007929596,0.003621803,0.0006036762,-0.00328705,-0.006588545,-0.01027576,-0.01383551,-0.01732147,-0.02001813,-0.02327295,-0.02675517,-0.02831692,-0.03133943,-0.03339149,-0.03609782,-0.03763343,-0.04020648,-0.0417228,-0.04348179,-0.04424932,-0.04634541,-0.04767052,-0.04876314,-0.04999154,-0.05135609,-0.05262748,-0.05445654,-0.05538815,-0.05707301,-0.05833925,-0.05980352,-0.06197467,-0.06379638,-0.065317,-0.06697018,-0.06961404,-0.07210707,-0.073503,-0.07605844,-0.07832798,-0.08046453,-0.08309921,-0.08494138,-0.0886829,-0.09103333,-0.09372435,-0.09643976,-0.09852781,-0.1018683,-0.1050909,-0.1084545,-0.1109204,-0.1139176,-0.1166913,-0.1199652,-0.1226704,-0.1263635,-0.129258,-0.1321153,-0.1351807,-0.1384076,-0.1412604,-0.1444877,-0.1486542,-0.151722,-0.155356,-0.1583508,-0.1627361,-0.1658257,-0.1687699,-0.1721266,-0.1758224,-0.1789694,-0.1824872,-0.1868816,-0.1895784,-0.193343,-0.1970946,-0.200256,-0.2027213,-0.2060507,-0.208084,-0.2106438,-0.2121885,-0.2145117,-0.2155417,-0.2157511,-0.2161093,-0.2143734,-0.2136037,-0.2106135,-0.2062258,-0.2004607,-0.1934677,-0.1842236,-0.172738,-0.159302,-0.1424048,-0.1218993,-0.09761529,-0.06907589,-0.03389966,0.009061929,0.05404568,0.08418205,0.09572612,0.0973231,0.09922334,0.1056345,0.1177237,0.1346892,0.1566372,0.1808541,0.2047225,0.2284701,0.2502567,0.2681046,0.2835148,0.2949644,0.3023402,0.307702,0.3101532,0.3104783,0.307772,0.3050958,0.3019651,0.2972631,0.2930855
RR,-0.03049597,-0.03181274,-0.03382196,-0.03530696,-0.03682955,-0.03857816,-0.03996264,-0.0412352,-0.04286439,-0.04434757,-0.04580741,-0.04777853,-0.04870242,-0.05018423,-0.05165309,-0.05291672,-0.054518,-0.05623515,-0.05750177,-0.05886687,-0.06060791,-0.06188782,-0.06351046,-0.06490146,-0.0668019,-0.06769875,-0.06980292,-0.07143741,-0.07294163,-0.07469091,-0.07626977,-0.07803228,-0.07978086,-0.08125414,-0.08322401,-0.08504597,-0.0868928,-0.08888688,-0.09046273,-0.09244514,-0.09431843,-0.09622785,-0.09804247,-0.09988465,-0.101915,-0.1037591,-0.1052818,-0.1073223,-0.1088415,-0.110634,-0.1121192,-0.1135601,-0.115181,-0.1161786,-0.1173415,-0.1188128,-0.1193442,-0.1199969,-0.1206684,-0.1209614,-0.1208159,-0.1207037,-0.1198341,-0.1189961,-0.1176879,-0.115678,-0.1133762,-0.1105325,-0.10731,-0.1036287,-0.09902896,-0.09368075,-0.087755,-0.08101692,-0.07380929,-0.06601217,-0.05713927,-0.04801492,-0.03830204,-0.02857143,-0.01874134,-0.008448786,0.0004785082,0.008026342,0.01560721,0.02190496,0.02743374,0.03199525,0.03590737,0.03952877,0.04284259,0.04678006,0.05047103,0.05467938,0.05852067,0.0633105,0.06818663,0.07267631,0.07764364,0.08245363,0.0868061,0.0916399,0.09616775,0.09971615,0.1035396,0.106844,0.1093069,0.1118289,0.1140673,0.1160794,0.1179229,0.118561,0.1192022,0.1196371,0.1198465,0.1196045,0.1191189,0.1184411,0.1177124,0.1167893,0.1154212,0.1143223,0.1131168,0.1117367,0.1104476,0.1086484,0.1072189,0.105217,0.1038494,0.1018067,0.1000405,0.0984869,0.09650217,0.09471281,0.09298793,0.09095393,0.08935718,0.08713635,0.08571813,0.08383308,0.08209764,0.07997496,0.07849339,0.07606087,0.07424413,0.07267051,0.07105546,0.0686843,0.06696842,0.06525286,0.06322855,0.06172125,0.05977349,0.05761852,0.05589952,0.0541105,0.05211465,0.05005816,0.04849975,0.04632057,0.04446369,0.04218568,0.04063721,0.03869201,0.03666842,0.03444624,0.03276967,0.03060004,0.02902208,0.02710285,0.02486559,0.02288497,0.02126712,0.01885954,0.01730709,0.01528336,0.01324511,0.01145267,0.00979753,0.007512863,0.005717293,0.00363982,0.001847757,-0.000407503,-0.002045495,-0.004022041,-0.005780914,-0.007592524,-0.009686394,-0.01156063,-0.01333007,-0.01516938,-0.01672183,-0.01867528,-0.02029008,-0.02206413,-0.02387287,-0.02577036,-0.02719679,-0.02862809
RR,-0.08154338,-0.0818974,-0.08181667,-0.08224256,-0.08237636,-0.08306343,-0.08420372,-0.08572879,-0.08664122,-0.08882695,-0.09028246,-0.09240461,-0.0947462,-0.09762943,-0.1006934,-0.1034358,-0.1071753,-0.1103421,-0.1139881,-0.1181592,-0.1223499,-0.1260498,-0.129874,-0.1333884,-0.1382121,-0.1418177,-0.1457017,-0.1496374,-0.1533525,-0.1566209,-0.160047,-0.1637268,-0.1659682,-0.1682704,-0.1701917,-0.171414,-0.1724333,-0.1722946,-0.1715683,-0.1692759,-0.1661882,-0.1619309,-0.1556607,-0.1472344,-0.1365555,-0.1231253,-0.1071525,-0.08780453,-0.06381391,-0.03650682,-0.005826328,0.02539729,0.05315451,0.07361026,0.08814464,0.09584754,0.1012892,0.1061853,0.1129692,0.1220181,0.1336636,0.1477016,0.1632186,0.1782907,0.19356,0.2093222,0.222792,0.2347423,0.2445194,0.2523198,0.2577981,0.261798,0.2634644,0.2639863,0.2632288,0.2614391,0.2585743,0.2553,0.2511425,0.2468943,0.2417806,0.2369864,0.2322637,0.2275388,0.2224037,0.2175424,0.2129325,0.2075575,0.2033266,0.1982374,0.1937112,0.1893546,0.1854347,0.1812634,0.1769545,0.1729559,0.1687185,0.1649632,0.1610044,0.157732,0.1541565,0.1506433,0.1469985,0.1434579,0.1402416,0.1372975,0.1337202,0.130705,0.1272112,0.1242278,0.1214337,0.1176111,0.115194,0.1120874,0.1089796,0.1057855,0.1030676,0.09994856,0.09695112,0.09415411,0.09081306,0.08795501,0.08504864,0.08220192,0.07905389,0.07580873,0.07268435,0.06995873,0.06708309,0.06393201,0.06081878,0.05768042,0.05456264,0.05180703,0.04892746,0.04567951,0.04280717,0.03908504,0.03644516,0.0329944,0.03053674,0.02713475,0.0240223,0.02118868,0.01823377,0.01501708,0.01212316,0.009034442,0.006021546,0.002785266,9.594059e-05,-0.002540551,-0.005604718,-0.008428345,-0.01094887,-0.01380098,-0.01614523,-0.01889828,-0.02139195,-0.02430711,-0.02658247,-0.02914982,-0.03134144,-0.03391017,-0.03580702,-0.03818136,-0.04020233,-0.04234688,-0.04430534,-0.04671136,-0.04844546,-0.04999592,-0.05222836,-0.05350817,-0.05566971,-0.05722793,-0.05939475,-0.06029855,-0.06218538,-0.06340262,-0.06536452,-0.06767055,-0.06844673,-0.06974072,-0.07131277,-0.07233799,-0.07416999,-0.07491731,-0.0762822,-0.07734791,-0.0781178,-0.07895927,-0.080131,-0.08056667,-0.08100679,-0.08131699,-0.08180596,-0.08194748,-0.08224428,-0.08195128
RR,0.07319985,0.07005741,0.06683863,0.06415807,0.0609428,0.05758806,0.05407102,0.05139614,0.04847464,0.04535928,0.04270948,0.03892595,0.03591647,0.03303556,0.02963825,0.02604544,0.02317672,0.02001055,0.01692382,0.01508245,0.01132719,0.009153732,0.005299833,0.002370833,0.0002529002,-0.002839104,-0.005659263,-0.008455112,-0.01138979,-0.01445401,-0.01729433,-0.0196431,-0.02233057,-0.02513352,-0.0275287,-0.0309987,-0.03249293,-0.0356052,-0.0372112,-0.04026693,-0.04207578,-0.04419992,-0.04623941,-0.04805455,-0.05046382,-0.05187225,-0.05338512,-0.05490776,-0.05626428,-0.0582469,-0.059332,-0.06103519,-0.06194238,-0.06271435,-0.06431361,-0.06589515,-0.06643615,-0.06781184,-0.06842623,-0.07003643,-0.07031772,-0.07231717,-0.07308388,-0.0746818,-0.07599614,-0.07740146,-0.07856235,-0.07970607,-0.08125751,-0.08192983,-0.08325451,-0.08381569,-0.0847896,-0.08599731,-0.08669456,-0.08845884,-0.08919952,-0.09004866,-0.09206909,-0.09354105,-0.09571274,-0.09749714,-0.09975567,-0.1025733,-0.1054561,-0.1076601,-0.1106418,-0.1133836,-0.1170379,-0.1200767,-0.1231267,-0.1263568,-0.1290025,-0.1315335,-0.1352584,-0.1375057,-0.1396522,-0.1411937,-0.1435986,-0.1454086,-0.1455498,-0.1467861,-0.1468026,-0.1474972,-0.1470553,-0.1460046,-0.1446809,-0.1429088,-0.1397138,-0.1368983,-0.1323902,-0.1267216,-0.1190237,-0.1096687,-0.09836242,-0.08484809,-0.07041094,-0.05745948,-0.04521628,-0.03315951,-0.02399434,-0.01408929,-0.006287625,0.00114313,0.006504093,0.01364505,0.02140361,0.03026038,0.04212447,0.05462645,0.06947762,0.08616465,0.1042929,0.122701,0.1409476,0.1580561,0.1737038,0.1878965,0.1989952,0.2092818,0.2179085,0.2236524,0.227677,0.2310143,0.2330113,0.2334532,0.2335718,0.2330002,0.231401,0.230396,0.2282536,0.2309463,0.226368,0.2227917,0.2200366,0.2174607,0.2146122,0.2116025,0.2092446,0.2053189,0.2050608,0.2011547,0.1991941,0.1963145,0.1932331,0.1910918,0.1872996,0.1841822,0.1815884,0.1783243,0.1748348,0.1723156,0.1681148,0.1647733,0.1612695,0.1579643,0.1543079,0.1507161,0.1466516,0.1431734,0.1396437,0.1364101,0.1330067,0.1288935,0.1263142,0.1225958,0.1189046,0.1155447,0.1115136,0.1084305,0.105009,0.1013178,0.09847525,0.09535936,0.09278807,0.08897915,0.0862129,0.08272488,0.07980035,0.0765285
RR,-0.1339235,-0.140862,-0.148039,-0.1532521,-0.1597148,-0.1647721,-0.1685381,-0.1699559,-0.1703122,-0.1680216,-0.1629722,-0.1558086,-0.1445637,-0.1301697,-0.1107161,-0.08431038,-0.05014931,-0.00189862,0.06579766,0.14975,0.2376285,0.3065646,0.3639131,0.4169594,0.4763276,0.5372982,0.5947542,0.6367345,0.6677297,0.6886683,0.7000931,0.7027116,0.699339,0.6927921,0.6826127,0.6698473,0.6550389,0.6388001,0.6238188,0.6072074,0.5907121,0.5739782,0.5577709,0.5417506,0.5269722,0.5106323,0.4955639,0.4809695,0.4669593,0.4527011,0.4399331,0.4271923,0.414701,0.4028097,0.3913403,0.3795605,0.3685812,0.3578167,0.3476231,0.3373588,0.3284252,0.3189273,0.3093903,0.3010713,0.2923065,0.2847447,0.2767127,0.2684237,0.2612447,0.2536924,0.2466582,0.2398076,0.2338955,0.2261346,0.2197478,0.213849,0.2078196,0.2015305,0.195816,0.1894731,0.1836561,0.177806,0.1725758,0.1673377,0.1615237,0.1569834,0.1521126,0.1463816,0.1418064,0.1360309,0.1315005,0.1268376,0.1219567,0.1170988,0.1119567,0.1072716,0.102455,0.09785298,0.09276264,0.08855092,0.08404781,0.07915861,0.07497027,0.07032169,0.06501907,0.06029948,0.05645199,0.05206055,0.04726497,0.04243081,0.03849271,0.03288248,0.02859895,0.02445851,0.01995003,0.01459298,0.01050559,0.006486116,0.001845083,-0.003169378,-0.007290506,-0.01158082,-0.01606375,-0.01958225,-0.02461512,-0.02890757,-0.03280075,-0.03727585,-0.04130565,-0.0452076,-0.04922372,-0.05294423,-0.05753206,-0.06082059,-0.06477186,-0.06868363,-0.07205708,-0.07587742,-0.07900941,-0.08235312,-0.08575636,-0.08851106,-0.09204194,-0.09473129,-0.09672362,-0.09979773,-0.1017884,-0.1044764,-0.1062176,-0.1079317,-0.1094709,-0.1111972,-0.1125523,-0.1137604,-0.114596,-0.1155284,-0.1160501,-0.1162013,-0.116291,-0.1166792,-0.1158791,-0.1157817,-0.1159806,-0.1146098,-0.1138971,-0.1132526,-0.1120681,-0.1116971,-0.1111821,-0.1099801,-0.1088617,-0.1085612,-0.1080614,-0.1067353,-0.1072333,-0.1067946,-0.1066827,-0.1073283,-0.1077797,-0.1089131,-0.1092546,-0.1097145,-0.1102549,-0.1105371,-0.1085778,-0.1064443,-0.1015161,-0.09624219,-0.09223685,-0.08851964,-0.0868835,-0.08599689,-0.08741613,-0.09026498,-0.09396979,-0.09951635,-0.1058638,-0.1121229,-0.1195412,-0.1263193
RR,-0.06615209,-0.06847791,-0.07003362,-0.07197667,-0.07355582,-0.07541766,-0.07680353,-0.07861438,-0.08069242,-0.08168604,-0.0831475,-0.08460543,-0.08594372,-0.08691584,-0.08803122,-0.08949387,-0.09057443,-0.09143531,-0.09252469,-0.09335569,-0.0942818,-0.09495744,-0.09559979,-0.09614709,-0.09652429,-0.09703955,-0.09719745,-0.09751691,-0.09759989,-0.0978986,-0.09792467,-0.09754498,-0.09698911,-0.09699262,-0.09701432,-0.09629339,-0.0959667,-0.09536441,-0.09475502,-0.09350581,-0.09306436,-0.09166934,-0.09076376,-0.08964951,-0.08834653,-0.08684978,-0.08436192,-0.08336417,-0.08146226,-0.07904357,-0.07730418,-0.07528181,-0.07300133,-0.07074179,-0.06897682,-0.06601454,-0.06330973,-0.06062796,-0.05793251,-0.05466381,-0.05178608,-0.04853079,-0.04536594,-0.04166371,-0.03829418,-0.03467746,-0.03125224,-0.02719137,-0.0231137,-0.0198291,-0.01519291,-0.01151505,-0.006972328,-0.00304211,0.001145534,0.00568791,0.01014313,0.01417373,0.01887969,0.02311291,0.02705644,0.03117208,0.03547012,0.03942282,0.04370727,0.04758019,0.05053747,0.05459126,0.05790028,0.06120304,0.06439368,0.06699955,0.07006127,0.0724995,0.07495906,0.07716236,0.07927042,0.08122234,0.08301322,0.08492536,0.08615103,0.08755112,0.08937904,0.09063018,0.09242912,0.09341302,0.09459917,0.09582145,0.09742017,0.09819498,0.09932187,0.1008966,0.1016555,0.1027674,0.1033793,0.1043832,0.1048368,0.1059,0.1060091,0.1065295,0.1065948,0.1069492,0.1067336,0.1067861,0.1063127,0.1055163,0.1058258,0.104664,0.1042541,0.1031097,0.1023586,0.1016905,0.1003624,0.09908724,0.09806906,0.09653681,0.09515531,0.09322182,0.09205566,0.08981449,0.0889304,0.08645462,0.08436132,0.08321557,0.0801871,0.0785076,0.07578892,0.07406731,0.07198473,0.06911193,0.06688968,0.06431261,0.06128762,0.05926311,0.05562647,0.05344953,0.05116343,0.0478695,0.04661665,0.04240553,0.04008023,0.0364494,0.03334977,0.03144031,0.02814846,0.0256519,0.02279739,0.01973607,0.01699648,0.01368746,0.01077294,0.007653994,0.00513516,0.002184743,-0.000930796,-0.003517459,-0.006802354,-0.009163824,-0.01211738,-0.01500731,-0.01748964,-0.0207091,-0.02316989,-0.02570158,-0.02849847,-0.03121436,-0.03419276,-0.03647933,-0.03914848,-0.04131281,-0.04393383,-0.04649398,-0.04914408,-0.05136809,-0.05376789,-0.05576821,-0.05819718,-0.05994429,-0.06238999,-0.06435534
RR,0.4628693,0.4516607,0.4404492,0.4299859,0.4188433,0.4080581,0.3976761,0.3878818,0.3775363,0.3674496,0.3571443,0.3474472,0.3371705,0.3273153,0.3187191,0.3093699,0.3000948,0.2911986,0.2818664,0.2728285,0.2643668,0.2552465,0.2464566,0.2377029,0.23006,0.2213813,0.213836,0.2053123,0.1974675,0.1899821,0.1817595,0.1744664,0.166843,0.1595104,0.1523352,0.1452565,0.1381462,0.131749,0.1250688,0.1186198,0.112192,0.106138,0.09938646,0.09362382,0.08826535,0.08253385,0.07660566,0.07129212,0.06623882,0.06143504,0.05628652,0.05165784,0.04737218,0.04302175,0.03820398,0.03348168,0.02976965,0.02558384,0.02168847,0.01795472,0.01369827,0.01082506,0.007774252,0.004241109,0.0008744651,-0.001724191,-0.004935389,-0.00796605,-0.01033409,-0.0126542,-0.01558732,-0.01770391,-0.02023773,-0.02215853,-0.02438912,-0.02636406,-0.02884161,-0.03045436,-0.03241491,-0.03441475,-0.03659433,-0.03881638,-0.04093204,-0.04296498,-0.04498889,-0.04765624,-0.05006232,-0.05287217,-0.05542067,-0.0578447,-0.0609959,-0.06423137,-0.06722391,-0.07127003,-0.07439619,-0.07874169,-0.08282369,-0.08785218,-0.09235929,-0.09702661,-0.102124,-0.1070355,-0.111881,-0.11562,-0.1194803,-0.1226588,-0.1255197,-0.1265168,-0.1274903,-0.1276303,-0.1265591,-0.1253078,-0.1232968,-0.1212884,-0.1197584,-0.1170992,-0.1158625,-0.1144007,-0.1135582,-0.1137851,-0.1142834,-0.1160638,-0.1179496,-0.1203955,-0.1230257,-0.1260619,-0.1302371,-0.1343009,-0.1384977,-0.1428566,-0.1472827,-0.1521175,-0.1568478,-0.1626675,-0.1672827,-0.1726287,-0.1777837,-0.1828056,-0.1875388,-0.1925168,-0.1977911,-0.2019379,-0.2062995,-0.2109129,-0.2152538,-0.2188228,-0.2230439,-0.2263266,-0.2293192,-0.2318733,-0.2341966,-0.2352504,-0.2366023,-0.2364985,-0.2353499,-0.2331265,-0.2292267,-0.2241504,-0.2169961,-0.2066935,-0.1941217,-0.1784537,-0.1584407,-0.133013,-0.1019908,-0.06201916,-0.01526707,0.04046807,0.1026777,0.1648715,0.2194004,0.269235,0.3221069,0.3845512,0.4530849,0.5189829,0.5754327,0.6184748,0.648391,0.6654133,0.6741648,0.6753439,0.6720417,0.6650461,0.6568006,0.6462808,0.6349963,0.6226929,0.6109362,0.5982215,0.5857644,0.572664,0.560028,0.5470166,0.5346321,0.5226004,0.5102887,0.4980004,0.4851214,0.4746646
RR,-0.04273112,-0.04547146,-0.05033186,-0.05480485,-0.05848352,-0.06184554,-0.06673624,-0.06987701,-0.07469904,-0.07886682,-0.08277681,-0.08705004,-0.09079923,-0.09415574,-0.09760841,-0.09991205,-0.1026475,-0.105436,-0.106595,-0.1076827,-0.1084245,-0.1087633,-0.1089312,-0.1092258,-0.1085683,-0.1080936,-0.1080338,-0.1086455,-0.1083184,-0.1079477,-0.1087463,-0.1094262,-0.1109776,-0.1124524,-0.1140625,-0.1155073,-0.1180023,-0.1198478,-0.1232304,-0.1256688,-0.1291282,-0.1316107,-0.134846,-0.1384139,-0.1428868,-0.1459883,-0.1501945,-0.1540501,-0.159125,-0.1629114,-0.1675314,-0.1709958,-0.1753324,-0.1791676,-0.1839759,-0.1874194,-0.1928719,-0.1967728,-0.2017392,-0.2057649,-0.2093666,-0.214103,-0.2179957,-0.2220908,-0.2255464,-0.2290951,-0.2318738,-0.2353607,-0.2380805,-0.2399265,-0.2415326,-0.2421621,-0.2428795,-0.2426747,-0.2409246,-0.2375124,-0.2334391,-0.2282041,-0.2202497,-0.2110559,-0.198175,-0.1834471,-0.164458,-0.1413149,-0.1128311,-0.07697656,-0.0318327,0.02276444,0.07783946,0.1199051,0.1446582,0.1633299,0.1834625,0.2116967,0.2454007,0.2816464,0.3202369,0.3561957,0.3859656,0.4133909,0.431183,0.4459739,0.452955,0.4569064,0.4567302,0.4539454,0.4491502,0.4431129,0.4346721,0.4261097,0.4174832,0.4087113,0.4003054,0.3906951,0.3813219,0.3720871,0.363077,0.3548172,0.3462579,0.3383366,0.3291893,0.320239,0.3115035,0.3045908,0.2971454,0.2890764,0.2825126,0.2743988,0.2665899,0.2608481,0.2527756,0.2469275,0.2392889,0.2329645,0.226123,0.2199007,0.213401,0.2069863,0.2004486,0.1943902,0.1890339,0.1822787,0.176702,0.1709617,0.1638923,0.1590435,0.152899,0.1479959,0.1422701,0.1366574,0.1317984,0.1256866,0.1216561,0.115067,0.1107147,0.1059729,0.1016553,0.09649447,0.09197233,0.08739775,0.08407781,0.08042578,0.07583351,0.07161403,0.06824208,0.0649562,0.06079599,0.0579294,0.05451191,0.05122707,0.04768393,0.04416784,0.04139863,0.03809816,0.03482391,0.03224809,0.02976001,0.02675196,0.02403022,0.02088789,0.01774267,0.01548267,0.0123444,0.009760519,0.006861623,0.004798449,0.00135626,-0.0009705037,-0.004049171,-0.007445166,-0.01023758,-0.01207115,-0.01598359,-0.01894558,-0.02209276,-0.02590215,-0.02837112,-0.0319002,-0.03509954,-0.03948771
RR,0.1473059,0.1446967,0.1418625,0.1390759,0.1361928,0.1331715,0.129843,0.1266633,0.1235559,0.1202073,0.1169395,0.1141169,0.1106879,0.1074346,0.1041264,0.1008709,0.09785152,0.09427366,0.0909481,0.08771514,0.0841301,0.08093601,0.07749238,0.07425936,0.0710935,0.06781746,0.06483497,0.06151446,0.05835553,0.05515665,0.05178241,0.04843904,0.04520601,0.04194844,0.03869041,0.03514392,0.03248729,0.02929219,0.02602092,0.02277256,0.01940797,0.01648089,0.01293491,0.009634952,0.006153006,0.002877332,-0.000365603,-0.003875839,-0.006884387,-0.01013362,-0.01355043,-0.01678884,-0.02023225,-0.02355692,-0.02680473,-0.03042447,-0.03365513,-0.03718788,-0.04049776,-0.04406896,-0.04748766,-0.05069852,-0.05407527,-0.05730869,-0.06090286,-0.06430783,-0.06733872,-0.07072698,-0.07395178,-0.07742124,-0.08077442,-0.0839071,-0.08722962,-0.08988813,-0.09305468,-0.0958796,-0.09895254,-0.101952,-0.104558,-0.1072337,-0.110015,-0.1126889,-0.1151273,-0.1176187,-0.1199172,-0.1221767,-0.1241779,-0.1260704,-0.128048,-0.1299615,-0.1314529,-0.132892,-0.1343745,-0.1355693,-0.1367939,-0.1378963,-0.1385999,-0.1394901,-0.1399755,-0.1406461,-0.1409222,-0.1412698,-0.1413887,-0.1415265,-0.141521,-0.1412741,-0.1411463,-0.1408467,-0.1403693,-0.1398891,-0.1393099,-0.1385854,-0.1376974,-0.1367243,-0.1359728,-0.1347519,-0.13378,-0.1324875,-0.1310366,-0.1296537,-0.1281144,-0.1263139,-0.1246655,-0.1226687,-0.1205809,-0.1183508,-0.1160314,-0.1132596,-0.1108041,-0.1078621,-0.1044909,-0.1011753,-0.09713823,-0.09321094,-0.08897197,-0.08427364,-0.0794117,-0.07413862,-0.06812426,-0.0619065,-0.05559158,-0.04846228,-0.04086556,-0.03279231,-0.02379953,-0.01436367,-0.004966029,0.005139738,0.01532743,0.0256334,0.03654499,0.04752347,0.05847703,0.06885605,0.07929353,0.08935305,0.09878366,0.1076232,0.1156163,0.1223667,0.1280251,0.1322549,0.1360671,0.1386475,0.1403886,0.1409317,0.1408569,0.140041,0.1384569,0.136904,0.135545,0.1345919,0.1343025,0.134927,0.1366592,0.1393529,0.1425477,0.1465127,0.1498306,0.153682,0.1568892,0.1599553,0.1626624,0.1641499,0.166162,0.1670015,0.1673092,0.1678843,0.167624,0.1674327,0.1667131,0.1655748,0.1641656,0.1625861,0.1609221,0.1588435,0.1567386,0.1546638,0.1521544,0.1498435
RR,-0.1695102,-0.1703221,-0.1716514,-0.172318,-0.1725474,-0.1713449,-0.170268,-0.1681221,-0.1651817,-0.1613654,-0.1563678,-0.1502463,-0.1423461,-0.1333035,-0.1220747,-0.1092983,-0.09375033,-0.07542139,-0.05592076,-0.03237328,-0.008246134,0.01542085,0.03495933,0.04886822,0.05737386,0.06193653,0.06477262,0.06769441,0.07144495,0.07632925,0.08315019,0.09098445,0.1007569,0.1100377,0.1204924,0.1306061,0.1408095,0.1500687,0.1580671,0.1655096,0.1725104,0.1773987,0.1813334,0.1850182,0.1872403,0.1882415,0.1887049,0.1887621,0.1875485,0.1861216,0.1845482,0.1822366,0.1797849,0.1773262,0.1742319,0.1714924,0.1680123,0.1651442,0.1617512,0.1583568,0.1558666,0.152609,0.1492474,0.1459809,0.1427811,0.1397917,0.1366051,0.1335632,0.1307108,0.1279918,0.1247627,0.1223005,0.1195531,0.1163835,0.1140096,0.1112978,0.1085222,0.1060627,0.1031349,0.1006157,0.09810629,0.09556483,0.09361391,0.09085102,0.08810923,0.08586838,0.08319797,0.08118516,0.07871097,0.07637046,0.07417876,0.07157628,0.06911696,0.06680873,0.0643801,0.06254802,0.06008459,0.05772774,0.05515299,0.05296259,0.05075611,0.04856336,0.04652689,0.04364567,0.04168144,0.03884721,0.03673478,0.03437063,0.03236392,0.02993985,0.02761452,0.02484789,0.02253431,0.0201731,0.01774024,0.01569925,0.01314721,0.009964357,0.0082758,0.00534128,0.002856911,0.000352107,-0.002390747,-0.004664458,-0.007270896,-0.01010971,-0.01264652,-0.01507557,-0.01723174,-0.02045042,-0.02235164,-0.02548014,-0.0275368,-0.0298677,-0.0328799,-0.03520741,-0.03749805,-0.03978495,-0.0422831,-0.04427651,-0.04653315,-0.04813645,-0.05015873,-0.05218106,-0.0542335,-0.05591834,-0.05773464,-0.05931815,-0.06051915,-0.06245392,-0.06363672,-0.06458874,-0.06637898,-0.06771519,-0.0688884,-0.0697507,-0.07086202,-0.07234662,-0.07331517,-0.07472774,-0.07582729,-0.07747767,-0.07838315,-0.0795344,-0.08123644,-0.08247603,-0.08401539,-0.08589021,-0.08725399,-0.08899891,-0.09081094,-0.09298901,-0.09507857,-0.09732173,-0.09922843,-0.1018977,-0.1041853,-0.1068462,-0.1093456,-0.1120259,-0.1150109,-0.1178964,-0.1203223,-0.1236857,-0.1263728,-0.129435,-0.1323326,-0.1354348,-0.138528,-0.1415289,-0.14482,-0.1477847,-0.1507585,-0.1538429,-0.156328,-0.1586198,-0.1615621,-0.1638216,-0.1658278,-0.1675616
RR,0.4583952,0.4614938,0.4604679,0.4568445,0.4512637,0.445311,0.4374034,0.4288325,0.4194978,0.4105194,0.401895,0.3921118,0.3826379,0.3737933,0.3636925,0.355686,0.3470504,0.3388871,0.3305714,0.3223333,0.3137197,0.3058417,0.2986352,0.2903691,0.2839673,0.2763369,0.2691704,0.2618099,0.2546224,0.2484943,0.2417252,0.2348104,0.2285874,0.2217347,0.215745,0.2087427,0.2033139,0.1962347,0.1903257,0.184882,0.1787096,0.171919,0.1665138,0.1610743,0.1556008,0.150381,0.1446477,0.1383697,0.1336347,0.1284333,0.1232048,0.1177337,0.1126438,0.1087358,0.103903,0.09909038,0.0949797,0.09025771,0.08661138,0.08281523,0.07796916,0.07379279,0.07041235,0.06664602,0.06333257,0.05941863,0.0561786,0.05191521,0.04900436,0.04643326,0.04287338,0.0400341,0.03618943,0.0330999,0.030669,0.02745023,0.02499732,0.02178564,0.01888109,0.01542435,0.01315192,0.01003772,0.007780789,0.004297311,0.001623648,-0.000785299,-0.004311376,-0.006342766,-0.009292301,-0.01210095,-0.01541989,-0.01882019,-0.02153605,-0.02469179,-0.02736803,-0.03060414,-0.03395703,-0.03723745,-0.0402731,-0.04367961,-0.04734202,-0.05074151,-0.05407071,-0.05783574,-0.06235143,-0.06558662,-0.06962087,-0.07326891,-0.07680967,-0.08077256,-0.08420635,-0.0876049,-0.09063004,-0.09357662,-0.09630336,-0.09826063,-0.1002751,-0.1018808,-0.1026308,-0.1032033,-0.1039335,-0.1039776,-0.1040506,-0.1044705,-0.1035369,-0.1034999,-0.1038392,-0.1038458,-0.1046885,-0.1054029,-0.1061218,-0.1070543,-0.1081166,-0.1098234,-0.1120403,-0.1138666,-0.1168336,-0.1182013,-0.122072,-0.1248689,-0.1283018,-0.1320389,-0.1352066,-0.1385254,-0.1425109,-0.1467086,-0.1504833,-0.1547224,-0.1593994,-0.1630114,-0.167469,-0.1724431,-0.1763162,-0.1810839,-0.1856066,-0.1894952,-0.1945013,-0.1986106,-0.2020969,-0.2066012,-0.210804,-0.2143334,-0.2176431,-0.2216069,-0.2245579,-0.2274506,-0.2303006,-0.2324492,-0.2335422,-0.2349747,-0.2355637,-0.2343819,-0.2328712,-0.229651,-0.2255334,-0.21915,-0.2118607,-0.2009803,-0.1888113,-0.173234,-0.1526402,-0.1277065,-0.09825277,-0.05977646,-0.01183761,0.0449392,0.09778762,0.1338729,0.1552354,0.1730421,0.1951058,0.2221335,0.2569825,0.2943624,0.3313291,0.3654378,0.3958285,0.4198726,0.4390812,0.4515319
RR,-0.09900368,-0.09877416,-0.09851994,-0.09908406,-0.09950292,-0.09918199,-0.0997977,-0.1003982,-0.1009086,-0.1013717,-0.1018853,-0.1030108,-0.104555,-0.105339,-0.1069015,-0.1083772,-0.1098603,-0.1114926,-0.1128571,-0.114431,-0.1157241,-0.1168096,-0.117004,-0.1171028,-0.1162427,-0.1153527,-0.114503,-0.1129397,-0.1129211,-0.1128398,-0.1133678,-0.1146471,-0.1170774,-0.1204697,-0.1245754,-0.1294295,-0.1350613,-0.1407411,-0.1461699,-0.1522122,-0.1580831,-0.1633637,-0.1694093,-0.1745163,-0.1788876,-0.1825892,-0.1863377,-0.1886578,-0.189483,-0.1892194,-0.1881396,-0.1853382,-0.180639,-0.1737024,-0.1652489,-0.153111,-0.1372883,-0.1176965,-0.09178955,-0.05736179,-0.01386087,0.0443368,0.1185037,0.2003014,0.2798409,0.3530118,0.429857,0.5209526,0.6160806,0.6993807,0.7664731,0.8113569,0.8391438,0.8512229,0.8542719,0.8509284,0.8422279,0.8306478,0.8159671,0.8002639,0.7823412,0.7642899,0.7455598,0.7264698,0.7084235,0.6899615,0.6713006,0.6526768,0.6354263,0.6175511,0.5999415,0.5840015,0.5670553,0.551082,0.5351779,0.5201241,0.5054643,0.4905945,0.4764098,0.4625469,0.448955,0.4363498,0.4226648,0.4101084,0.397545,0.3857052,0.3739193,0.3629177,0.3514708,0.3409235,0.3299056,0.3194715,0.3097582,0.3001471,0.2903316,0.281567,0.2725159,0.263685,0.2557888,0.2476917,0.2392639,0.2317307,0.224339,0.2169841,0.2098417,0.2024682,0.1960401,0.1892448,0.1828429,0.1763322,0.1705698,0.1644736,0.1579438,0.1522109,0.1460951,0.1405155,0.1342749,0.1283111,0.1231858,0.1174491,0.1113684,0.1058915,0.1007364,0.09500484,0.08943486,0.08387088,0.07878337,0.07313328,0.06816436,0.06280166,0.05773991,0.05188509,0.04679686,0.04130212,0.03692747,0.03151192,0.02642564,0.02099073,0.01638201,0.01138062,0.006962389,0.001800521,-0.003119847,-0.007912499,-0.01261078,-0.01705281,-0.02180507,-0.02571676,-0.03040818,-0.03451262,-0.0388396,-0.04284502,-0.04708308,-0.05040964,-0.05490303,-0.05807183,-0.06175408,-0.06495592,-0.06828126,-0.07132788,-0.07428958,-0.0771924,-0.0797112,-0.08158255,-0.08399212,-0.08617776,-0.08791225,-0.08987148,-0.09109962,-0.09226432,-0.09396125,-0.0947468,-0.09572513,-0.09624839,-0.09714955,-0.09736617,-0.09791233,-0.09803762,-0.09832139,-0.09850014
RR,-0.09351981,-0.09442351,-0.09538338,-0.09627964,-0.09696055,-0.09714781,-0.09773271,-0.09804212,-0.09817742,-0.09901884,-0.09966111,-0.1009925,-0.1023701,-0.1038102,-0.1062118,-0.1085934,-0.1113332,-0.1147303,-0.1179011,-0.1213619,-0.1253161,-0.1297641,-0.133613,-0.1380889,-0.1421918,-0.1465526,-0.1510318,-0.1549447,-0.1588898,-0.1628559,-0.1665214,-0.1700201,-0.1734127,-0.1762342,-0.179116,-0.1815168,-0.1840483,-0.1855261,-0.186448,-0.1879206,-0.1875832,-0.1875255,-0.1866786,-0.1848605,-0.1829354,-0.1784754,-0.174264,-0.1692223,-0.1610342,-0.1531017,-0.1427108,-0.1297271,-0.1146842,-0.09610952,-0.07511166,-0.05176647,-0.02478374,0.007376994,0.03845236,0.07272604,0.1070752,0.1367917,0.1675875,0.1997824,0.2331489,0.267994,0.3021266,0.3364,0.3662317,0.3943147,0.4180857,0.4367929,0.450879,0.4596929,0.4632396,0.4634749,0.4604313,0.4552787,0.4492507,0.4414486,0.4333274,0.4243779,0.4159416,0.4068953,0.39775,0.3887015,0.3799013,0.3711103,0.3630542,0.3545841,0.3464227,0.3386491,0.3307824,0.323021,0.3161353,0.3085931,0.3016299,0.2951346,0.2880451,0.2816077,0.2753712,0.2687815,0.2623202,0.2560306,0.2501995,0.2440108,0.2381086,0.2320655,0.2258578,0.2204811,0.2143676,0.2093209,0.2034255,0.197691,0.1921399,0.1867452,0.1814059,0.1762086,0.1707584,0.1655326,0.1600361,0.1550044,0.1496092,0.1446507,0.1395916,0.1347472,0.1298378,0.1247966,0.1202221,0.1155645,0.110679,0.106303,0.1012252,0.09695315,0.09221593,0.08782505,0.08369898,0.07888176,0.07489716,0.07078591,0.06642771,0.06182304,0.05763053,0.05364817,0.04942674,0.04547996,0.04142772,0.0375274,0.03372864,0.02957292,0.02595965,0.02241555,0.01840673,0.01481768,0.01134841,0.007905562,0.00490269,0.001290878,-0.001874172,-0.004921133,-0.007875455,-0.01078999,-0.01369258,-0.01683253,-0.01914402,-0.02198222,-0.02415822,-0.02639547,-0.02928149,-0.03125718,-0.03409516,-0.03588407,-0.03791063,-0.0401171,-0.04186969,-0.04384411,-0.04600998,-0.04782809,-0.05014747,-0.05183737,-0.05409644,-0.05587387,-0.05774869,-0.05990797,-0.06185025,-0.06443863,-0.06663176,-0.06830369,-0.07069474,-0.07300451,-0.07538392,-0.07752465,-0.07964035,-0.08182801,-0.0842069,-0.08585283,-0.08783263,-0.08957363,-0.0911264,-0.09256291
RR,-0.1135594,-0.1173971,-0.1202776,-0.1245554,-0.1289583,-0.1328466,-0.136885,-0.1413291,-0.145125,-0.1503977,-0.1540601,-0.1591651,-0.1643814,-0.1685908,-0.1729683,-0.1773994,-0.1812104,-0.1861639,-0.1887781,-0.192875,-0.1957996,-0.1986134,-0.2007377,-0.2028237,-0.205822,-0.2065068,-0.2070985,-0.2077198,-0.20657,-0.2052335,-0.2026607,-0.1980179,-0.194056,-0.1852807,-0.1753654,-0.161677,-0.1434418,-0.1216435,-0.09223133,-0.05407611,-0.009151951,0.0476654,0.1060292,0.1682446,0.2330908,0.3133609,0.4196282,0.5439443,0.6652804,0.7532129,0.8092765,0.8411447,0.8560702,0.8611073,0.859262,0.8511877,0.8406268,0.8267139,0.8109617,0.7928402,0.775139,0.7566887,0.7374629,0.718633,0.6987689,0.682331,0.6644706,0.6470324,0.6290947,0.6115212,0.595623,0.5783998,0.5622615,0.5469114,0.5310194,0.5164828,0.5001938,0.4861476,0.4708219,0.4578669,0.4427907,0.4301951,0.4169226,0.4038129,0.3907664,0.3786407,0.3665286,0.355282,0.3439947,0.3326562,0.3215325,0.3127926,0.3028113,0.2926447,0.2836137,0.2751983,0.2668215,0.2581381,0.2508025,0.2425146,0.2344703,0.228596,0.2208478,0.2137626,0.2067112,0.199649,0.1936738,0.1859846,0.1794291,0.1733475,0.1673066,0.160148,0.154022,0.1482085,0.1416751,0.1352094,0.1306444,0.1237043,0.1175491,0.1132281,0.1064489,0.1004984,0.0946039,0.08850674,0.08287422,0.07770862,0.07261024,0.06710091,0.06215238,0.05618979,0.05198264,0.04585047,0.04152292,0.03640863,0.03118629,0.02646104,0.02192326,0.01673097,0.01248746,0.009149318,0.004547577,0.0006385207,-0.003710459,-0.007756258,-0.01076945,-0.01418693,-0.0182879,-0.02110444,-0.02370986,-0.02609014,-0.02876048,-0.03184276,-0.03348307,-0.03650406,-0.03865864,-0.03975606,-0.04196377,-0.04382418,-0.04535712,-0.04599426,-0.04805328,-0.04895628,-0.04997277,-0.05123957,-0.05173393,-0.05323908,-0.05420567,-0.0550791,-0.05617437,-0.05693354,-0.05867852,-0.06074463,-0.06181735,-0.06319729,-0.0644692,-0.0666892,-0.068665,-0.07052024,-0.07308667,-0.07566336,-0.07867289,-0.08127032,-0.08396697,-0.0876229,-0.0905795,-0.09355792,-0.09589047,-0.09739407,-0.09926385,-0.1014828,-0.1018621,-0.1023991,-0.1021898,-0.1034866,-0.1046349,-0.1043909,-0.1059326,-0.1079787,-0.1089114,-0.1122641
RR,-0.05717663,-0.05868534,-0.06085628,-0.0631375,-0.06460739,-0.06682493,-0.06888632,-0.07195004,-0.07346906,-0.07465667,-0.0769835,-0.07853392,-0.07909612,-0.08114973,-0.08214317,-0.08333317,-0.08408884,-0.08444994,-0.0853757,-0.08584499,-0.08652855,-0.08683559,-0.08686893,-0.08820179,-0.08875661,-0.08892965,-0.08980044,-0.09118219,-0.09107708,-0.0928643,-0.0950059,-0.09625703,-0.09843404,-0.1006724,-0.1030113,-0.1048973,-0.1081555,-0.111296,-0.1145272,-0.1168606,-0.1202801,-0.1235143,-0.1268704,-0.1303074,-0.1341471,-0.1378586,-0.1415575,-0.144851,-0.1488847,-0.1513896,-0.1556678,-0.1592152,-0.1622358,-0.1665471,-0.1683875,-0.1712775,-0.1742313,-0.1759652,-0.1781626,-0.1794885,-0.1812164,-0.181677,-0.1809657,-0.179603,-0.1776027,-0.1740949,-0.1700889,-0.1638395,-0.1563974,-0.1469643,-0.1346458,-0.1198593,-0.1024862,-0.08227873,-0.05824611,-0.03197454,-0.004503639,0.02283053,0.04417273,0.06141163,0.07191898,0.07858051,0.08390359,0.08927152,0.09812607,0.1085288,0.122132,0.1385071,0.1550835,0.1718604,0.1889928,0.2048565,0.2182971,0.2292965,0.2397052,0.2465594,0.2519871,0.2543999,0.2569994,0.2562583,0.2547698,0.2521694,0.2498654,0.2468933,0.2432379,0.2385144,0.2343964,0.2304302,0.2253181,0.2211129,0.2163541,0.2118765,0.2074678,0.2036877,0.1982473,0.1940908,0.1897882,0.186005,0.1806586,0.1779874,0.173907,0.1696773,0.1655931,0.1615484,0.157427,0.1534828,0.1503654,0.1471031,0.143232,0.1404724,0.1363075,0.1327007,0.1294412,0.1261873,0.1230419,0.1192841,0.1163508,0.1129967,0.1090593,0.1071277,0.1023293,0.1000989,0.09692005,0.09459229,0.09049634,0.08720487,0.08470734,0.08154995,0.078136,0.07529279,0.07248936,0.06966604,0.06506806,0.06277146,0.06011468,0.05698796,0.0543185,0.05082239,0.04826986,0.04508945,0.04215025,0.03940558,0.03667014,0.03339303,0.03046453,0.02799934,0.02510745,0.02298189,0.01934298,0.01759353,0.01428766,0.01204315,0.009284251,0.006535511,0.004554496,0.001838621,-0.002137527,-0.003433407,-0.005610968,-0.008167157,-0.01056367,-0.01240494,-0.01534104,-0.01790677,-0.01989988,-0.02231871,-0.02491362,-0.02670566,-0.02922865,-0.0315137,-0.03364417,-0.03534798,-0.03793422,-0.04056,-0.04289266,-0.04497401,-0.0470909,-0.04991708,-0.051583,-0.05476089
RR,-0.02541132,-0.02855072,-0.03205449,-0.03559893,-0.03846034,-0.04183835,-0.04454568,-0.04728791,-0.05009456,-0.05295756,-0.05616348,-0.0581344,-0.06057646,-0.0637494,-0.06582649,-0.06914094,-0.07097993,-0.07324526,-0.07539432,-0.07730457,-0.07931747,-0.08169921,-0.08392379,-0.08612861,-0.08788444,-0.08934196,-0.09147394,-0.09307656,-0.09515473,-0.09654968,-0.09885923,-0.1003551,-0.1016134,-0.1031243,-0.1042282,-0.1059858,-0.1075125,-0.1087635,-0.1097551,-0.1107411,-0.1123168,-0.1132751,-0.1147015,-0.1157706,-0.1165743,-0.1177607,-0.1181296,-0.1183796,-0.1197071,-0.1204498,-0.1209731,-0.1215698,-0.1221418,-0.1222403,-0.1220235,-0.1223049,-0.1225647,-0.1228258,-0.1229686,-0.1223512,-0.1216652,-0.1209054,-0.1203594,-0.119422,-0.1185305,-0.117181,-0.1164365,-0.1145736,-0.1128642,-0.1113723,-0.1092007,-0.1069111,-0.1045582,-0.1015964,-0.09857932,-0.09496516,-0.09134701,-0.08756939,-0.08341823,-0.07979038,-0.07485156,-0.06962409,-0.06454835,-0.0595676,-0.05349031,-0.04742529,-0.04118432,-0.03464412,-0.02768178,-0.02165903,-0.01457486,-0.008093801,-0.001417206,0.005179591,0.01184037,0.01788771,0.02326958,0.02874657,0.03438948,0.0388938,0.04317393,0.04779691,0.05134878,0.0543905,0.05729371,0.06038404,0.06291106,0.06508243,0.06783932,0.07050946,0.07191709,0.07453671,0.07698097,0.07952712,0.08234662,0.0853028,0.08793779,0.09016798,0.09285165,0.09555192,0.09858648,0.1004641,0.1027962,0.1049793,0.1063871,0.1082235,0.1095548,0.111512,0.1127653,0.1139638,0.1150588,0.1165072,0.1171911,0.1187959,0.1196698,0.1206219,0.1212651,0.1221524,0.1221957,0.1235534,0.1233906,0.1245794,0.1246812,0.1248745,0.1241082,0.1241666,0.1242552,0.124006,0.1226826,0.1222839,0.1218444,0.1204941,0.1195871,0.1183329,0.1173546,0.1158087,0.1141859,0.1115412,0.1103448,0.1083704,0.1055666,0.1033858,0.101832,0.09913354,0.09617352,0.09317347,0.09061486,0.08733158,0.08506432,0.08238437,0.07923597,0.07584056,0.07263649,0.06959647,0.06566872,0.06247643,0.06002525,0.05613405,0.05301069,0.04892057,0.04587479,0.04190418,0.03841617,0.03486305,0.03132334,0.02746424,0.0241176,0.0202046,0.01634882,0.0126277,0.009354818,0.00562437,0.001897634,-0.001437808,-0.005262946,-0.009055582,-0.01213048,-0.01524583,-0.01896258,-0.02239193
RR,0.03317016,0.038729,0.04259574,0.04617311,0.04984292,0.05134313,0.05409779,0.05573149,0.05776301,0.05914484,0.06075351,0.06170639,0.06423196,0.06550647,0.06929594,0.07202296,0.07405263,0.07844761,0.08200337,0.08554211,0.09001873,0.09478214,0.1001613,0.1044719,0.108426,0.1138944,0.1182007,0.1226838,0.1274111,0.130973,0.135734,0.1396941,0.1424459,0.1466449,0.1499591,0.1521046,0.1544972,0.1572436,0.1599121,0.1616074,0.1629724,0.1643355,0.1648985,0.1662621,0.1672293,0.1665683,0.1660507,0.1667677,0.1661409,0.1655771,0.1639481,0.1624683,0.1605641,0.1595521,0.1577472,0.1554484,0.1523796,0.1503309,0.1483127,0.1451901,0.1420144,0.1388539,0.135921,0.1325463,0.1292529,0.125667,0.1222393,0.1175509,0.1140782,0.1111418,0.1069675,0.1023826,0.09834757,0.09359628,0.0898512,0.08552133,0.08194499,0.07695067,0.07175877,0.06822046,0.06364889,0.05941306,0.05455302,0.04946006,0.04498449,0.04104612,0.03664938,0.03183549,0.02746268,0.02219334,0.01827961,0.01444313,0.009931833,0.004718611,0.0001397503,-0.003581052,-0.007429002,-0.01222066,-0.01626519,-0.0214138,-0.02595202,-0.02911687,-0.03299343,-0.03707427,-0.04149864,-0.04648761,-0.0498765,-0.0536942,-0.05698046,-0.06126748,-0.06506578,-0.06877917,-0.07262862,-0.07593277,-0.07925314,-0.08199445,-0.08637582,-0.08898984,-0.09265529,-0.09595753,-0.099669,-0.1025931,-0.1061169,-0.1079754,-0.1113335,-0.1138141,-0.1169068,-0.1197375,-0.1220017,-0.1246648,-0.1274672,-0.129925,-0.1322509,-0.1347422,-0.1368999,-0.1388179,-0.140927,-0.1432272,-0.1443466,-0.1462057,-0.1479554,-0.1490252,-0.1509681,-0.1527661,-0.1536874,-0.1550377,-0.1557549,-0.1566907,-0.1585262,-0.1584911,-0.1592856,-0.1595371,-0.1605035,-0.1604674,-0.1609583,-0.1608728,-0.160399,-0.159796,-0.1605456,-0.1599259,-0.1584743,-0.1577993,-0.1566026,-0.1550323,-0.1550689,-0.1523038,-0.1507392,-0.1491631,-0.1472672,-0.1436285,-0.1416083,-0.1384272,-0.1355221,-0.1320282,-0.1281356,-0.1243162,-0.1197328,-0.1151964,-0.1105162,-0.1053269,-0.09990978,-0.09409323,-0.08713743,-0.08162674,-0.0753374,-0.06789867,-0.06100218,-0.05357034,-0.04648949,-0.03819501,-0.03122811,-0.02339857,-0.01618958,-0.008106537,-0.002483994,0.00502906,0.01220564,0.01808931,0.02426783,0.02942272
RR,-0.005457268,-0.00890411,-0.01310596,-0.01712893,-0.02086842,-0.02482533,-0.02847048,-0.03208246,-0.03610893,-0.03964482,-0.04298381,-0.04667446,-0.05020184,-0.05317396,-0.05686965,-0.06027247,-0.06301375,-0.06656173,-0.06977767,-0.07209184,-0.07561968,-0.07775638,-0.08097618,-0.08410093,-0.08653648,-0.08945001,-0.09164469,-0.09438412,-0.09695145,-0.09945844,-0.1018753,-0.1039708,-0.1062373,-0.1085774,-0.1104438,-0.1126058,-0.1145946,-0.1164334,-0.11843,-0.1197465,-0.121344,-0.1232644,-0.1250681,-0.1261203,-0.1280254,-0.129382,-0.1303725,-0.1316376,-0.1329549,-0.1343668,-0.1354213,-0.1359396,-0.1369531,-0.1376127,-0.1384343,-0.1394255,-0.1402157,-0.1403163,-0.1402845,-0.1403367,-0.1409605,-0.1411509,-0.1410727,-0.1405754,-0.1403352,-0.1400461,-0.1394348,-0.139105,-0.1379037,-0.1369744,-0.135779,-0.1338508,-0.1329701,-0.1311871,-0.1289338,-0.1277692,-0.1246817,-0.1219224,-0.1195158,-0.1161368,-0.1125933,-0.1094614,-0.1051492,-0.1007205,-0.09593372,-0.09136836,-0.0861956,-0.08051191,-0.07454319,-0.06847903,-0.06225714,-0.05523273,-0.04871525,-0.04154165,-0.0336939,-0.02697531,-0.01927584,-0.0118946,-0.004892005,0.002417895,0.009221297,0.01562426,0.02168319,0.02797531,0.03280367,0.0375434,0.04172384,0.04526217,0.0487644,0.05127658,0.05343045,0.055202,0.05678367,0.0579097,0.05920437,0.06083994,0.06180812,0.06353822,0.06661897,0.06873223,0.07116811,0.07443137,0.0776434,0.08115219,0.08455239,0.08775238,0.09084019,0.09466515,0.0979492,0.1000763,0.1035482,0.1057215,0.1078547,0.1104041,0.1125279,0.1146728,0.1164278,0.1184155,0.1202675,0.1219193,0.123379,0.1251056,0.126808,0.1275292,0.1289411,0.1304039,0.1306772,0.1317466,0.1324185,0.1335494,0.1333413,0.1344794,0.1340669,0.1338849,0.1335924,0.1336044,0.132849,0.1320013,0.1306107,0.1299074,0.1288456,0.126645,0.1253208,0.1237221,0.121725,0.1193935,0.1170533,0.1144078,0.1123407,0.1094176,0.1071339,0.103602,0.1006158,0.09776043,0.09427997,0.09120918,0.08800574,0.08437704,0.08129054,0.07748579,0.07327947,0.06995562,0.06624299,0.06237139,0.05870268,0.05457972,0.05075166,0.04706083,0.0422499,0.03837244,0.03466408,0.03060332,0.0265263,0.02277461,0.01846246,0.01431433,0.01091272,0.006005902,0.00268396,-0.001287733
RR,0.1469665,0.1478314,0.149001,0.1486366,0.1484457,0.1482425,0.147012,0.1469059,0.1446978,0.1424819,0.1405312,0.1383727,0.1367137,0.1349802,0.1322651,0.130247,0.1279235,0.1248936,0.1233319,0.1201985,0.1181617,0.1155126,0.1140148,0.1112311,0.1085196,0.106279,0.1044317,0.1017823,0.09986272,0.09756436,0.09515181,0.09300362,0.09082801,0.08867215,0.08669456,0.08459373,0.08228608,0.07989252,0.0769492,0.07567928,0.07394901,0.07119765,0.0692237,0.06683749,0.0642267,0.06287484,0.06027675,0.05836955,0.05598592,0.0537462,0.05228077,0.04942494,0.04780318,0.04502478,0.04242548,0.04103057,0.03868708,0.0364682,0.03443419,0.0325141,0.02983895,0.0276459,0.02562077,0.02434743,0.02138069,0.01910687,0.01640264,0.01419904,0.01237414,0.01001986,0.007855088,0.00573774,0.003529984,0.0004750632,-0.00119703,-0.003551807,-0.005984016,-0.008281813,-0.01075337,-0.01269158,-0.01457812,-0.01670465,-0.01987077,-0.02128912,-0.02371696,-0.02588241,-0.02840018,-0.0303468,-0.03274471,-0.03503645,-0.03658308,-0.03868867,-0.0406536,-0.04323365,-0.04363985,-0.04604521,-0.04796736,-0.0497142,-0.05088609,-0.05322743,-0.05444131,-0.0556931,-0.05772318,-0.05906849,-0.06043158,-0.06241084,-0.06414189,-0.06514343,-0.06577278,-0.067752,-0.06935385,-0.07083806,-0.07124504,-0.07339251,-0.07474736,-0.07578044,-0.07730422,-0.07852057,-0.07972321,-0.08144789,-0.08333261,-0.08554671,-0.08717992,-0.0890675,-0.09077592,-0.09277578,-0.09451807,-0.09620599,-0.09838884,-0.1007048,-0.1035255,-0.1052947,-0.1081844,-0.1098071,-0.1127771,-0.1147729,-0.1177573,-0.1203075,-0.1225111,-0.1247473,-0.127285,-0.1305063,-0.1328586,-0.1354065,-0.1369031,-0.1398769,-0.141653,-0.1435333,-0.1455509,-0.1474572,-0.1487749,-0.1503221,-0.1506823,-0.1510745,-0.1515531,-0.1521691,-0.1515033,-0.1509588,-0.1494846,-0.1475071,-0.1448171,-0.1414124,-0.1374642,-0.1322512,-0.1255843,-0.1185167,-0.1103711,-0.1010741,-0.0905918,-0.07872804,-0.06572583,-0.05044719,-0.03557642,-0.02028348,-0.005366795,0.008511006,0.02017599,0.02932,0.03639619,0.04114722,0.04594216,0.04923538,0.05378363,0.05786402,0.06315427,0.06962547,0.07559846,0.082093,0.08856577,0.09557667,0.1024561,0.1094813,0.1164258,0.1219633,0.1279588,0.1317835,0.1360374,0.1397659,0.1426707,0.1454191
RR,-0.06087386,-0.06212686,-0.06307688,-0.06375572,-0.06434122,-0.06585722,-0.06610931,-0.06620372,-0.06774011,-0.06817593,-0.06877342,-0.06895199,-0.06992074,-0.07022867,-0.07011726,-0.07101571,-0.07093174,-0.07171255,-0.07161953,-0.07137367,-0.07134342,-0.07116175,-0.0713968,-0.07026835,-0.07074398,-0.07018274,-0.0700448,-0.06933318,-0.06883761,-0.06790254,-0.06739451,-0.06639509,-0.06627943,-0.0649842,-0.06378879,-0.06284866,-0.06200082,-0.06034273,-0.05903366,-0.05737977,-0.05647031,-0.05432935,-0.05277481,-0.05054171,-0.04984003,-0.04762624,-0.04581546,-0.0432192,-0.04148375,-0.03928218,-0.03684863,-0.03465837,-0.03239735,-0.02953234,-0.02684013,-0.02479131,-0.02225164,-0.0194273,-0.01669108,-0.01358599,-0.01119617,-0.008675202,-0.005187128,-0.002321269,-0.0002138549,0.002856089,0.005311846,0.007780254,0.01050426,0.01327967,0.01626992,0.0191891,0.02112219,0.02380773,0.02666029,0.02877443,0.03095071,0.03346715,0.03557348,0.03811406,0.0394188,0.04181705,0.04380378,0.04525091,0.04741225,0.04953315,0.05101136,0.05245988,0.05421432,0.05584348,0.05716623,0.05830187,0.05956397,0.06195323,0.06293511,0.06438541,0.06591249,0.06698417,0.06688815,0.06797322,0.06923871,0.07035717,0.07173848,0.07175293,0.07315601,0.07348349,0.07399049,0.07413371,0.0748634,0.07542299,0.07544201,0.07562949,0.07577631,0.07613589,0.07540384,0.07473993,0.07508072,0.0751679,0.07384761,0.07380377,0.07299792,0.0725747,0.07180446,0.07060473,0.07040656,0.0690133,0.06857765,0.06681358,0.06605067,0.06487788,0.06279014,0.06211517,0.06092485,0.06036089,0.05826618,0.05653311,0.05517581,0.05328497,0.05193545,0.05009257,0.04858092,0.04731726,0.0451069,0.04344383,0.04193965,0.04005945,0.03760576,0.03610329,0.03422835,0.03284767,0.03011945,0.02789294,0.02650229,0.02403017,0.02184549,0.01999359,0.01815931,0.01654181,0.01364014,0.01187123,0.009504914,0.007626056,0.005404958,0.003566543,0.0009419299,-0.0008679455,-0.003368447,-0.005219946,-0.007919923,-0.0098522,-0.012134,-0.01460621,-0.01597993,-0.01781542,-0.01921162,-0.02177243,-0.02365367,-0.0259463,-0.0279607,-0.02942755,-0.03130329,-0.0335712,-0.03535068,-0.03630114,-0.03836516,-0.04072724,-0.04193273,-0.0432626,-0.04514604,-0.04665895,-0.0485581,-0.04977326,-0.05163249,-0.05316341,-0.05387259,-0.0555654,-0.05657206,-0.05804469,-0.05916691,-0.05919804
RR,0.3134274,0.330548,0.3428642,0.3505744,0.3540018,0.3541318,0.3525186,0.3500749,0.3445133,0.3394816,0.333634,0.3272491,0.320859,0.314813,0.30742,0.3014466,0.294464,0.2886344,0.2821175,0.2758341,0.269457,0.2628294,0.2577107,0.2515736,0.2455406,0.2403988,0.2342058,0.2293878,0.2238559,0.2185369,0.213087,0.2075636,0.2026161,0.1977486,0.1927386,0.1874094,0.1820856,0.1776872,0.1728067,0.1681997,0.1635224,0.1585384,0.1539054,0.149491,0.1448573,0.1400973,0.1358453,0.1315227,0.1273479,0.1231703,0.1184625,0.1145916,0.1107099,0.1063535,0.1027953,0.09901585,0.09540591,0.09134816,0.0880274,0.08406293,0.08050996,0.07725959,0.07394174,0.07020789,0.06694838,0.06366288,0.06046519,0.05761706,0.0542213,0.05135098,0.0481421,0.04547844,0.04190499,0.03990203,0.03723301,0.03374035,0.03142912,0.02888723,0.02608973,0.0232853,0.02027244,0.01790059,0.01454371,0.01229527,0.009443291,0.007028044,0.004071334,0.00101232,-0.00154808,-0.004159412,-0.007228939,-0.009944998,-0.01299907,-0.01604019,-0.01892063,-0.02221066,-0.02534278,-0.02810256,-0.03137906,-0.03428299,-0.03744973,-0.04042062,-0.04301815,-0.04613971,-0.04868628,-0.05140755,-0.0539347,-0.05628431,-0.05851771,-0.06120335,-0.06253928,-0.06467299,-0.06632152,-0.06792892,-0.06938156,-0.07067547,-0.07240988,-0.0735077,-0.07481397,-0.0758284,-0.07729818,-0.07810561,-0.07959216,-0.08105562,-0.08222559,-0.08383092,-0.08509602,-0.08724128,-0.08902898,-0.0911228,-0.0932743,-0.09539109,-0.09750644,-0.09998104,-0.1025566,-0.1056066,-0.1084762,-0.1115868,-0.1143556,-0.1174044,-0.1208907,-0.123909,-0.1274931,-0.131008,-0.1348134,-0.1383551,-0.1421448,-0.1457479,-0.1499005,-0.153146,-0.1577746,-0.1607665,-0.1645835,-0.1690486,-0.1724749,-0.1761087,-0.1800624,-0.1836776,-0.1875942,-0.1913822,-0.1947476,-0.1979553,-0.2011483,-0.2044411,-0.2074212,-0.210047,-0.2126611,-0.215346,-0.2174269,-0.2192742,-0.2202291,-0.2215318,-0.2219644,-0.221843,-0.2212954,-0.2190707,-0.2160196,-0.2120385,-0.2067669,-0.1989372,-0.1886098,-0.1759239,-0.1595143,-0.1396237,-0.1160174,-0.08771039,-0.0511759,-0.01127557,0.03166821,0.07182169,0.09778082,0.1083311,0.1149208,0.1266177,0.1455052,0.1706341,0.2004439,0.2325728,0.2649139,0.2903537
RR,-0.117798,-0.1207243,-0.1236098,-0.1261152,-0.1280866,-0.1304176,-0.1326243,-0.1346049,-0.1357859,-0.1379167,-0.138979,-0.1410238,-0.1420534,-0.1434374,-0.1447195,-0.1457684,-0.1467374,-0.1473107,-0.1482732,-0.1491991,-0.1497951,-0.1503253,-0.1506694,-0.1507619,-0.1513409,-0.1514457,-0.1512981,-0.1515357,-0.1512959,-0.1514896,-0.1510911,-0.150413,-0.1502948,-0.149667,-0.14963,-0.1482774,-0.1477608,-0.1467662,-0.1455766,-0.1447775,-0.143593,-0.1422907,-0.1405964,-0.1388208,-0.1372584,-0.1353077,-0.1331573,-0.1307456,-0.1277095,-0.1255303,-0.1217709,-0.1187508,-0.1151126,-0.1108525,-0.106397,-0.1024339,-0.09671111,-0.09142919,-0.08525532,-0.07888842,-0.07191821,-0.0647521,-0.05628693,-0.04850887,-0.03851071,-0.02808075,-0.01913308,-0.007928466,0.00300995,0.01465978,0.02644766,0.03977987,0.05084187,0.06369672,0.07498804,0.08755148,0.09870072,0.1098806,0.1193879,0.1283821,0.1363094,0.1427223,0.1480837,0.1513041,0.1546719,0.1557359,0.1561448,0.1554609,0.1544625,0.1531373,0.1513565,0.1499927,0.148815,0.1485554,0.1489223,0.1496908,0.1520784,0.1540224,0.1571559,0.1599148,0.1632628,0.1655877,0.1682487,0.1707412,0.1724548,0.173055,0.1741126,0.174272,0.1741735,0.1729814,0.1721594,0.1708441,0.1687675,0.1663734,0.1646909,0.1617519,0.1591787,0.1566415,0.1533421,0.1508467,0.1470549,0.1436523,0.1403905,0.1371673,0.1337045,0.1304279,0.1267761,0.124138,0.120339,0.1179573,0.1141806,0.1116172,0.1080375,0.1053136,0.1027455,0.09942208,0.09660291,0.09350868,0.09089175,0.08764956,0.08545142,0.0821028,0.07958376,0.07644617,0.07404838,0.07150319,0.06883711,0.06549503,0.06269552,0.05992416,0.05685473,0.05442658,0.05105633,0.0480067,0.04525189,0.04209043,0.03892684,0.03563895,0.03214004,0.02909172,0.02546707,0.02248802,0.01883717,0.01555162,0.01174173,0.008512503,0.004509856,0.001318264,-0.002391801,-0.006531666,-0.01013211,-0.01344494,-0.01742853,-0.02122966,-0.02465927,-0.02897926,-0.03217327,-0.03621168,-0.03971952,-0.04402985,-0.04797167,-0.05209233,-0.05501457,-0.05951616,-0.06264448,-0.06716084,-0.07110707,-0.07375911,-0.07812142,-0.08175841,-0.08597653,-0.08901244,-0.09292776,-0.0966484,-0.09966224,-0.1031739,-0.1067171,-0.1098083,-0.11291,-0.1155351
RR,0.01878194,0.01545563,0.01159891,0.008585098,0.005337265,0.002078538,-0.0007116681,-0.003692353,-0.00623642,-0.009058891,-0.01190758,-0.01428494,-0.01702773,-0.01942892,-0.02174118,-0.02385552,-0.02641551,-0.02847947,-0.03074528,-0.03321628,-0.03538718,-0.03769805,-0.03997711,-0.04228389,-0.04453761,-0.04683808,-0.04947078,-0.05191623,-0.05477782,-0.0571418,-0.06009332,-0.06297272,-0.06606779,-0.06904035,-0.07192297,-0.07530303,-0.07889547,-0.08248454,-0.08597258,-0.08937113,-0.09264354,-0.09632643,-0.09918896,-0.1025639,-0.104868,-0.1071586,-0.1093865,-0.1105711,-0.1111351,-0.112052,-0.111842,-0.1117042,-0.1107346,-0.1100422,-0.1092002,-0.1081748,-0.1077505,-0.1071974,-0.1065669,-0.1072599,-0.1078829,-0.1095141,-0.1109503,-0.1136802,-0.1165005,-0.1196313,-0.1234165,-0.1276281,-0.1319443,-0.1363221,-0.1410146,-0.1459506,-0.1511673,-0.1567795,-0.1615797,-0.1670898,-0.1724853,-0.1782943,-0.183057,-0.1883298,-0.1936618,-0.1987291,-0.2035816,-0.208329,-0.2127656,-0.2174087,-0.2211639,-0.2250226,-0.2282979,-0.2318474,-0.2340908,-0.2363148,-0.237319,-0.2379717,-0.2373442,-0.2355462,-0.2326614,-0.2274357,-0.2204856,-0.2105082,-0.1980433,-0.1823674,-0.1622281,-0.1344212,-0.1005457,-0.05766898,-0.005479414,0.05955603,0.1249044,0.1725514,0.2027843,0.2289615,0.2649399,0.3110102,0.3612409,0.414332,0.4638821,0.5060726,0.5351968,0.5548351,0.5661976,0.5704493,0.5695063,0.5648431,0.5581601,0.5486589,0.5380422,0.5277551,0.5171119,0.5056908,0.4938342,0.4822486,0.4714404,0.4605849,0.4493031,0.4387325,0.4285373,0.418717,0.4083577,0.398749,0.3894048,0.3808679,0.3720219,0.3630255,0.3540073,0.3457314,0.3378273,0.329356,0.3213072,0.313572,0.3061816,0.2986239,0.2907301,0.2827491,0.2760264,0.2688282,0.2616322,0.2541159,0.2474383,0.2406195,0.2334201,0.2263654,0.219468,0.2127804,0.2061782,0.1989637,0.1924161,0.1860054,0.1796763,0.1731261,0.1666993,0.1604517,0.1542823,0.1484572,0.14225,0.1365716,0.130541,0.1250844,0.1191079,0.1139184,0.1085724,0.1031954,0.09796957,0.09269651,0.08771861,0.08273693,0.07797776,0.0729652,0.06814281,0.06394688,0.05922115,0.05483026,0.05036954,0.04607049,0.04218772,0.03804204,0.03369213,0.03001597,0.02600174,0.0227028
RR,-0.1428586,-0.1468656,-0.1514648,-0.1556928,-0.1598849,-0.164132,-0.1682857,-0.1724514,-0.1763048,-0.1806296,-0.1842041,-0.1876957,-0.1911321,-0.1939885,-0.1970619,-0.1993248,-0.2013109,-0.2025536,-0.2031744,-0.2031376,-0.2019452,-0.1990935,-0.1951757,-0.1895045,-0.1819448,-0.1720791,-0.1591704,-0.1425263,-0.1224929,-0.09882548,-0.07054727,-0.03624204,0.005010927,0.04913452,0.0874213,0.1093877,0.1184949,0.1245102,0.1329572,0.1469443,0.1671707,0.1916642,0.2182373,0.2447655,0.2736985,0.2962814,0.3165896,0.3322397,0.3437404,0.3519891,0.3559142,0.3571762,0.355844,0.3535118,0.3487571,0.3440916,0.3382098,0.331932,0.3259325,0.318254,0.3118566,0.3053895,0.2988216,0.2923673,0.2855146,0.2788324,0.2727704,0.2670832,0.2610103,0.2550725,0.2490287,0.2439456,0.2384136,0.2331806,0.2281235,0.2230174,0.2177303,0.2131646,0.2075708,0.2034648,0.1986742,0.1938066,0.1893691,0.1847211,0.1802043,0.1756759,0.1708451,0.1667505,0.1622242,0.1579204,0.1538451,0.1493608,0.1452596,0.1408857,0.1369414,0.1325764,0.1283218,0.1241736,0.1205379,0.1161791,0.1123676,0.1084367,0.1041228,0.1002246,0.0964576,0.09288568,0.08857895,0.08465908,0.08063811,0.07721371,0.07320884,0.06924758,0.06562316,0.06189931,0.05841471,0.05496591,0.05093145,0.04717701,0.0439715,0.0400909,0.03700388,0.03329106,0.02998722,0.02652724,0.02323977,0.02040627,0.01692243,0.0140592,0.01090924,0.007593068,0.004555616,0.001558484,-0.001148724,-0.003872631,-0.006478437,-0.009505195,-0.01227657,-0.0145922,-0.01729576,-0.01943889,-0.02213034,-0.02435154,-0.02657371,-0.02931405,-0.03178472,-0.03394836,-0.03643657,-0.03814148,-0.04040667,-0.0427131,-0.04514665,-0.04708898,-0.04909767,-0.0516547,-0.05376059,-0.05617591,-0.05819737,-0.06041751,-0.06254232,-0.06470825,-0.0669001,-0.06878189,-0.07136725,-0.07323876,-0.07517929,-0.07720972,-0.07943547,-0.08106211,-0.08283694,-0.08469248,-0.08615075,-0.08763031,-0.089259,-0.09029537,-0.0912817,-0.09211238,-0.09275571,-0.09355582,-0.09377743,-0.0948638,-0.09508236,-0.09552082,-0.09624171,-0.09690078,-0.09749465,-0.09905466,-0.09974681,-0.1015943,-0.1034939,-0.1052366,-0.1076132,-0.1103757,-0.11305,-0.1163216,-0.119541,-0.1227925,-0.126164,-0.1305153,-0.1345419,-0.1382323
RR,-0.0574334,-0.06020049,-0.06113937,-0.06388028,-0.06629144,-0.06956583,-0.07214824,-0.07288298,-0.07508699,-0.07650698,-0.07764924,-0.07897717,-0.07936452,-0.08092196,-0.08090544,-0.08257417,-0.08340003,-0.08348305,-0.08485336,-0.08431429,-0.08456475,-0.08518945,-0.08677231,-0.08678895,-0.08780181,-0.08958001,-0.089247,-0.0905272,-0.09140597,-0.09191454,-0.09450845,-0.09459196,-0.09577009,-0.09801041,-0.1004369,-0.1024794,-0.103874,-0.1051214,-0.1062337,-0.1093437,-0.1102731,-0.1114481,-0.1114196,-0.1134759,-0.1127254,-0.1124355,-0.1124583,-0.1105922,-0.1100148,-0.1093357,-0.1077043,-0.1077362,-0.1098439,-0.1109785,-0.1153612,-0.1174767,-0.1221871,-0.1291724,-0.132587,-0.1390002,-0.1449293,-0.1510664,-0.1575772,-0.1645516,-0.1682936,-0.1754379,-0.1792871,-0.1841463,-0.1878844,-0.191001,-0.1929305,-0.1943319,-0.1961983,-0.1943696,-0.1931416,-0.1910874,-0.1854799,-0.1783039,-0.1702233,-0.1586941,-0.1428159,-0.1220889,-0.09581971,-0.05873189,-0.0118703,0.04839183,0.1216969,0.2062862,0.2651621,0.3253331,0.3933608,0.4711543,0.557089,0.6404103,0.7052925,0.7492673,0.7762738,0.7900357,0.7919555,0.7869755,0.7784886,0.7666717,0.7522528,0.7361736,0.7199149,0.7018039,0.6837651,0.6671888,0.6486065,0.632125,0.6126127,0.5975304,0.5801545,0.5653386,0.5505779,0.5337023,0.5201685,0.5054682,0.4910309,0.4764622,0.464855,0.4515624,0.4395859,0.4262466,0.4149359,0.4039255,0.3936449,0.3817169,0.3700584,0.3620832,0.3519025,0.3409317,0.3318447,0.3225833,0.313695,0.3054788,0.297417,0.2875248,0.2791938,0.2732089,0.2640994,0.257043,0.2496499,0.2421387,0.2338906,0.2277492,0.2199148,0.2150264,0.2085623,0.2019236,0.1964678,0.1891415,0.1829967,0.1778037,0.1710273,0.1662332,0.1605459,0.1556608,0.1491277,0.1448994,0.1378697,0.1329111,0.1277393,0.1226819,0.1165376,0.1106186,0.1051474,0.09942485,0.09520532,0.08905456,0.08315179,0.0786076,0.07214423,0.06697887,0.06171119,0.05659604,0.05070001,0.04546628,0.03970686,0.03425453,0.02841708,0.02298127,0.01849055,0.01313203,0.008631727,0.002417947,-0.0009094364,-0.005996048,-0.01090553,-0.01526522,-0.01977018,-0.02419114,-0.02822717,-0.03133862,-0.03621811,-0.03942247,-0.04279961,-0.04614517,-0.05031795,-0.05387771
RR,-0.03389302,-0.03302327,-0.03276842,-0.03185394,-0.03156911,-0.03043065,-0.03029097,-0.02904877,-0.02836461,-0.02741655,-0.02714242,-0.02574091,-0.02508963,-0.02424417,-0.02366331,-0.02236657,-0.02160806,-0.02065876,-0.02002535,-0.01864915,-0.01796089,-0.01666511,-0.0158568,-0.01455721,-0.01370834,-0.01236924,-0.01165468,-0.01015478,-0.009509742,-0.007887926,-0.007134359,-0.005735225,-0.004855024,-0.003337308,-0.002595116,-0.001178754,-0.0002285419,0.001242415,0.002353476,0.003564087,0.004509541,0.005828095,0.006827377,0.008230304,0.009231544,0.01033684,0.01154177,0.01263336,0.01332537,0.01476486,0.01575592,0.01677116,0.0177011,0.0187957,0.01996852,0.02091246,0.02172807,0.02271262,0.02368581,0.02460569,0.0251711,0.02608447,0.02691196,0.02778307,0.02818406,0.02920104,0.02977934,0.03055375,0.0311645,0.03172833,0.0323631,0.03288588,0.0333216,0.03385539,0.03435196,0.03488506,0.03518963,0.03535771,0.03575217,0.03613899,0.03636704,0.03634197,0.03658225,0.03662553,0.03660554,0.03668352,0.03702024,0.03689725,0.03674687,0.03659488,0.03635961,0.03630315,0.03610132,0.03584218,0.03558869,0.03514891,0.03481233,0.03443364,0.03404141,0.03349813,0.03297446,0.03257108,0.03208572,0.03131026,0.03078754,0.03014488,0.02946912,0.02851749,0.02771337,0.02712981,0.02647696,0.02531451,0.02468617,0.0238324,0.02297125,0.0218214,0.02089293,0.02003402,0.01915049,0.01789791,0.01685406,0.01607923,0.01499571,0.01384106,0.0127593,0.01160868,0.01049056,0.009408471,0.008265772,0.007002291,0.005909968,0.004896054,0.003696913,0.002600423,0.001295942,0.0001955708,-0.0008030853,-0.002209669,-0.003292772,-0.004268306,-0.005509655,-0.006897132,-0.007956832,-0.008802051,-0.009939996,-0.01129776,-0.01220184,-0.01319198,-0.0142682,-0.01568526,-0.01673944,-0.01731574,-0.01850895,-0.01939251,-0.02058654,-0.02120395,-0.02224777,-0.02311549,-0.02410224,-0.0248314,-0.02575885,-0.0264374,-0.02754207,-0.02795864,-0.02891621,-0.02928934,-0.03038445,-0.03085291,-0.03142769,-0.03198145,-0.03308389,-0.03308133,-0.03403742,-0.03426363,-0.03483785,-0.03522775,-0.0357586,-0.03558028,-0.03634045,-0.03630151,-0.03692193,-0.03667421,-0.0375076,-0.03730378,-0.0375937,-0.03730057,-0.03789159,-0.03721801,-0.0375574,-0.0370665,-0.03740627,-0.03659761,-0.03683922,-0.03645407,-0.03624482,-0.03560443,-0.03562343,-0.03483442,-0.03468259,-0.03385987
RR,-0.06135832,-0.06335178,-0.06500437,-0.06698559,-0.06871244,-0.07105771,-0.07316335,-0.07516107,-0.07741386,-0.07993605,-0.08233893,-0.08519569,-0.0880534,-0.09071489,-0.09363645,-0.09680054,-0.09949206,-0.1022967,-0.1052472,-0.1078443,-0.1107688,-0.1127911,-0.1146575,-0.1166678,-0.1177142,-0.1182961,-0.1185796,-0.1181884,-0.1173206,-0.1158595,-0.1144085,-0.1129176,-0.1114939,-0.1101681,-0.1097964,-0.1103872,-0.1113617,-0.1133842,-0.1161246,-0.1196256,-0.1236604,-0.1282116,-0.133383,-0.1385923,-0.1441019,-0.150233,-0.1561263,-0.1618958,-0.1678302,-0.1737754,-0.1792885,-0.185091,-0.1907087,-0.1957992,-0.2008578,-0.2055614,-0.2099952,-0.2139409,-0.2178362,-0.2206151,-0.2231177,-0.2249643,-0.2260724,-0.2262931,-0.2251952,-0.2229586,-0.2192936,-0.2134174,-0.2055252,-0.1947069,-0.1799326,-0.1607244,-0.1363982,-0.1045875,-0.06185649,-0.008611232,0.05646022,0.1276366,0.1931424,0.2435226,0.2857984,0.3308016,0.3830624,0.4416946,0.5001277,0.5538537,0.5971963,0.6304936,0.6512529,0.6621349,0.665634,0.6632571,0.6567463,0.6468099,0.6350833,0.6221275,0.6087471,0.5944776,0.5800989,0.5657535,0.5512409,0.5370635,0.523617,0.509884,0.4969955,0.4840658,0.4722116,0.4602256,0.4488482,0.4370274,0.4267536,0.4160697,0.4060585,0.3960015,0.3866288,0.3775007,0.3684681,0.3595343,0.3506067,0.3426319,0.3345389,0.3266546,0.3186768,0.3109051,0.3034958,0.2957184,0.2884916,0.2814743,0.2745626,0.2676789,0.2603465,0.2536219,0.2464658,0.2396882,0.2329218,0.2261083,0.2194642,0.21287,0.2061333,0.1995472,0.1931679,0.1867885,0.1805817,0.1739543,0.1682174,0.1618201,0.1559975,0.1497823,0.1438358,0.1379054,0.1322299,0.1264169,0.1203914,0.1149279,0.1095151,0.1039056,0.0982357,0.09250897,0.08690734,0.08165962,0.07618449,0.07110486,0.0656248,0.06072626,0.05541977,0.05058959,0.04526975,0.04039423,0.0359077,0.03108409,0.0267162,0.02211925,0.01750805,0.01322187,0.008717505,0.00490914,0.000621359,-0.003183676,-0.006784266,-0.01061601,-0.01385897,-0.01732732,-0.02057704,-0.0241038,-0.02699915,-0.02988587,-0.03265976,-0.0351337,-0.03789507,-0.04032463,-0.04242392,-0.04485349,-0.0469336,-0.04914875,-0.05052733,-0.05262336,-0.05441449,-0.05637759,-0.0578029,-0.05967887
RR,-0.1189553,-0.120733,-0.1217247,-0.1226314,-0.1239841,-0.1252757,-0.1265282,-0.1271216,-0.1277798,-0.1290568,-0.1298669,-0.1305654,-0.131182,-0.1314345,-0.1318875,-0.1323453,-0.1329678,-0.1330198,-0.1324611,-0.1326212,-0.1327644,-0.13247,-0.1321137,-0.1313619,-0.1304729,-0.1298073,-0.129202,-0.1279978,-0.1263165,-0.1252344,-0.1231841,-0.121445,-0.1197164,-0.1169235,-0.1143518,-0.1114879,-0.1088039,-0.1057696,-0.1015636,-0.09821111,-0.09374259,-0.08946201,-0.08461697,-0.07942078,-0.07427278,-0.0683516,-0.06267697,-0.05618324,-0.04938241,-0.04244722,-0.03508145,-0.02782516,-0.02058859,-0.01279085,-0.005518078,0.00232334,0.00945393,0.0164378,0.02318132,0.02919663,0.03533328,0.04014555,0.04418083,0.04795233,0.05074278,0.05362527,0.05527475,0.05656875,0.05794192,0.05892795,0.06032464,0.06156098,0.06309105,0.0652756,0.06728401,0.06997119,0.07265036,0.07596733,0.07904767,0.08247814,0.08593078,0.08856043,0.09170254,0.0943016,0.09689885,0.09937122,0.1012354,0.1037135,0.1055504,0.1070769,0.1086911,0.1106983,0.1121517,0.1137486,0.1151972,0.1164299,0.1178708,0.1189754,0.1201922,0.1211607,0.121896,0.1228415,0.1234814,0.1239616,0.1244317,0.124248,0.1249939,0.1243487,0.1244186,0.1239233,0.1231197,0.1225976,0.1218321,0.1207718,0.1197741,0.1181386,0.1167302,0.115728,0.113605,0.1119868,0.1096711,0.1080695,0.1060428,0.1035725,0.1011329,0.09824469,0.09590464,0.09346776,0.09053872,0.08783937,0.08407155,0.08192112,0.07883824,0.07548372,0.07237455,0.06837316,0.06595784,0.0622633,0.05858604,0.05552574,0.05112802,0.04860961,0.0448083,0.04125527,0.03761177,0.03318736,0.0302913,0.02649929,0.02260888,0.01913393,0.01485807,0.01143399,0.007870466,0.003965006,0.0005046692,-0.003569635,-0.006954941,-0.01047609,-0.01425746,-0.01789693,-0.02177307,-0.02494397,-0.02850307,-0.03181433,-0.03541786,-0.0390293,-0.04191085,-0.0449415,-0.04831052,-0.05123538,-0.05478291,-0.05737904,-0.06052033,-0.06316099,-0.06565996,-0.06879269,-0.07157423,-0.07397167,-0.07644166,-0.07860326,-0.0816821,-0.08384591,-0.08610335,-0.08852053,-0.09038841,-0.09287017,-0.09501377,-0.09700738,-0.09859307,-0.1006982,-0.1027614,-0.1046423,-0.1065293,-0.1079979,-0.1096257,-0.1114827,-0.1131935,-0.1146767,-0.1159236,-0.1175593
RR,0.04930549,0.04680881,0.04268149,0.04001835,0.03686005,0.03284255,0.02991914,0.02572805,0.02291487,0.01969074,0.01525437,0.01250954,0.008650202,0.005135439,0.001437594,-0.002163093,-0.006366319,-0.009332539,-0.01304018,-0.01726753,-0.02056523,-0.02406676,-0.02817175,-0.03131954,-0.03479298,-0.03833122,-0.04167261,-0.04539461,-0.04864606,-0.05171384,-0.0556301,-0.05816626,-0.06133986,-0.06495558,-0.0672962,-0.0704103,-0.07319087,-0.07519162,-0.07830545,-0.08132524,-0.0830086,-0.08530759,-0.0876513,-0.08975212,-0.09237759,-0.09365551,-0.09597446,-0.09807557,-0.09987576,-0.1015559,-0.1034764,-0.1047798,-0.1063803,-0.1085799,-0.1091525,-0.1112297,-0.1129006,-0.1135503,-0.1151,-0.1163114,-0.1176189,-0.1193461,-0.1206496,-0.1211114,-0.1230012,-0.1234656,-0.1243575,-0.1259339,-0.1257788,-0.1277109,-0.1275249,-0.1285252,-0.1294765,-0.1295453,-0.1305317,-0.1311121,-0.1312608,-0.131256,-0.1315974,-0.131881,-0.1319176,-0.1316128,-0.1309962,-0.1307785,-0.1304644,-0.1298796,-0.1287712,-0.1279528,-0.1262363,-0.1255075,-0.1236846,-0.1214602,-0.1201123,-0.1177419,-0.1150465,-0.1125284,-0.1088967,-0.1064624,-0.1023607,-0.09825054,-0.09427658,-0.08944076,-0.08418503,-0.07887565,-0.07334024,-0.06748501,-0.06151326,-0.05478537,-0.0478696,-0.04062084,-0.03356156,-0.02705645,-0.01975511,-0.0118434,-0.004856372,0.002368474,0.008392422,0.01495102,0.02200991,0.02737854,0.03350068,0.03937696,0.0427758,0.04856966,0.0535754,0.05686007,0.06254767,0.06749287,0.0712807,0.07630101,0.08040626,0.0849851,0.08958878,0.09376288,0.09698579,0.1020201,0.103863,0.1075763,0.1108293,0.1120749,0.1156523,0.1172446,0.1181815,0.1214124,0.1215167,0.1223874,0.1246965,0.1242294,0.1249383,0.1257272,0.1253532,0.127134,0.1258742,0.1261073,0.1269926,0.125957,0.12614,0.126347,0.124686,0.125146,0.1254658,0.1235285,0.123851,0.1225919,0.1215132,0.1216051,0.119722,0.1197269,0.1185311,0.1164699,0.1165136,0.1141189,0.1122663,0.1125254,0.1098799,0.108627,0.1078873,0.1048167,0.1041154,0.1025069,0.09963091,0.09863555,0.09616678,0.09342685,0.09229297,0.08935211,0.0873524,0.08577454,0.08262909,0.08034474,0.07812051,0.07453781,0.07273792,0.07012089,0.06599269,0.06440383,0.06119338,0.05769422,0.05542839,0.05181218
RR,-0.001116448,-0.002848953,-0.0007050394,-0.002590067,-0.002175667,-0.0008054849,-0.002743192,-0.001030621,-0.002623156,-0.002551444,-0.001302326,-0.002841503,-0.0008992999,-0.002432147,-0.002607718,-0.001381519,-0.003142222,-0.0008112181,-0.002845333,-0.002661508,-0.001587629,-0.003852688,-0.0008236921,-0.00256706,-0.002191823,-0.0006274094,-0.002958328,-0.0007042211,-0.00275099,-0.002337362,-0.0006841478,-0.003152509,-0.001226414,-0.002618693,-0.002597452,-0.0006447854,-0.003112382,-0.001654777,-0.002136341,-0.002453169,-0.0009182239,-0.002983212,-0.00158789,-0.002524405,-0.001975401,-0.0008938174,-0.00329134,-0.001302292,-0.002725876,-0.002055908,-0.0008524328,-0.003408241,-0.0005867435,-0.002228906,-0.001410699,-0.000866511,-0.002463596,-0.001746109,-0.001728638,-0.001971101,-0.00116511,-0.002231918,-0.001187933,-0.001045676,-0.00197842,-0.00101543,-0.002671632,-0.0005617151,-0.0008849088,-0.002535663,-0.001245257,-0.002599902,-0.001083529,-0.001736164,-0.002351933,-0.001560437,-0.002267676,-0.0009107997,-0.00148498,-0.002443446,-0.002021161,-0.002385162,-0.001236299,-0.00157618,-0.002178782,-0.001863157,-0.002628511,-0.00127186,-0.001892012,-0.002607059,-0.001764584,-0.002741897,-0.0009409527,-0.003007253,-0.002356714,-0.001973577,-0.002775447,-0.001001073,-0.002434478,-0.002993341,-0.002042987,-0.003159154,-0.001875495,-0.00253527,-0.003242496,-0.002269679,-0.002910753,-0.001902217,-0.002951746,-0.003436573,-0.00216674,-0.003718875,-0.001677055,-0.003742349,-0.003525905,-0.001562689,-0.002551155,-0.001664837,-0.004273327,-0.003432286,-0.001464438,-0.003928459,-0.002594443,-0.004466109,-0.00328044,-0.001333955,-0.003857026,-0.003029027,-0.004644935,-0.003471907,-0.00163111,-0.003952587,-0.002475057,-0.003919317,-0.00318794,-0.001190781,-0.004359053,-0.002426869,-0.003698237,-0.002794841,-0.001748639,-0.004731866,-0.001933399,-0.003691591,-0.00283653,-0.001183438,-0.00420214,-0.001815239,-0.00261483,-0.002464691,-0.001269493,-0.003872741,-0.001680443,-0.002374361,-0.001932789,-0.0009391305,-0.00367375,-0.001741212,-0.002768028,-0.0030701,-0.001652504,-0.004001244,-0.002626248,-0.002713886,-0.002618717,-0.002058067,-0.003281038,-0.001600805,-0.001966648,-0.002649554,-0.001944065,-0.003241412,-0.002008531,-0.002230031,-0.002389031,-0.001360366,-0.003102095,-0.001313964,-0.001799882,-0.002176415,-0.0009790838,-0.002355367,-0.0007038196,-0.001583082,-0.002045302,-0.001113725,-0.002497163,-0.0008633916,-0.001588231,-0.001824352,-0.0008769103,-0.002378116,-0.0007411797,-0.00171655,-0.001326883,-0.0008823296,-0.002503604,-0.0003182228,-0.00204266,-0.002195806
RR,0.0142676,0.01852462,0.02234146,0.0258846,0.02928249,0.03191411,0.03436755,0.03703952,0.03891546,0.04116919,0.04264624,0.04436933,0.04599847,0.04768331,0.04963316,0.0514366,0.05312147,0.05566662,0.05783853,0.06027124,0.06337288,0.06595415,0.06920219,0.07246807,0.07604314,0.07941505,0.08334039,0.08673046,0.0904541,0.09385774,0.09721963,0.1007277,0.1040414,0.1075904,0.1108766,0.1131865,0.1163858,0.1186281,0.1209789,0.1224821,0.1249433,0.1262826,0.1279852,0.1285301,0.1297001,0.1303089,0.1307088,0.1302323,0.1313389,0.1303505,0.1302749,0.1291514,0.1280528,0.127188,0.125793,0.1245403,0.1229885,0.1210146,0.1193387,0.1173499,0.114786,0.1130221,0.1098677,0.1076532,0.1050651,0.102517,0.09970441,0.09736654,0.09467714,0.09105592,0.08806745,0.08523872,0.0819293,0.07856316,0.07574403,0.072329,0.06911102,0.06588534,0.06252165,0.0594256,0.05574865,0.05235096,0.04952727,0.04584961,0.04255705,0.03898839,0.03600981,0.03197833,0.02899087,0.025745,0.02211838,0.01892713,0.01572748,0.01254013,0.009024789,0.005697448,0.002219683,-0.0008941561,-0.004167966,-0.007427124,-0.01051528,-0.01400167,-0.01667562,-0.0201522,-0.02304384,-0.02612438,-0.0292074,-0.03203632,-0.03518515,-0.03762577,-0.0408186,-0.0438666,-0.04656023,-0.04939457,-0.05197943,-0.05450924,-0.05733804,-0.06020065,-0.06243361,-0.06460184,-0.06781735,-0.06940782,-0.07255227,-0.07436895,-0.07639214,-0.07917133,-0.08114789,-0.08365958,-0.08591372,-0.08765223,-0.08979211,-0.09134284,-0.09351216,-0.09502361,-0.09685811,-0.09855329,-0.1001209,-0.1015735,-0.1032987,-0.1047216,-0.1060565,-0.1074008,-0.1083441,-0.1097456,-0.110783,-0.1114567,-0.1125292,-0.1134537,-0.1143524,-0.1152197,-0.1155434,-0.1162707,-0.1164008,-0.1166924,-0.1169912,-0.1177624,-0.117374,-0.1170227,-0.1171977,-0.116817,-0.1165661,-0.1161496,-0.1154712,-0.1144986,-0.1133684,-0.1126974,-0.1116182,-0.1103944,-0.1088137,-0.1071788,-0.1057712,-0.1035704,-0.1016208,-0.09934501,-0.09709828,-0.09453361,-0.09187826,-0.08872996,-0.0857415,-0.08204544,-0.07867216,-0.07520863,-0.07101461,-0.06726611,-0.06276217,-0.05848639,-0.0538934,-0.04964153,-0.04508072,-0.03977599,-0.03457735,-0.02945099,-0.02438786,-0.0193582,-0.01388738,-0.00893492,-0.003923963,0.0008493745,0.0054733,0.01022759
RR,0.05428035,0.05244602,0.0503145,0.04817836,0.04608784,0.04397175,0.04148379,0.03942782,0.03734411,0.03544575,0.0335342,0.03110373,0.0287214,0.02663176,0.02486337,0.02261832,0.0200677,0.01808247,0.01594994,0.01393108,0.01196432,0.009684097,0.007470799,0.005146076,0.003250549,0.001207752,-0.001135624,-0.003490217,-0.005262474,-0.007867043,-0.00964058,-0.01122259,-0.01374178,-0.01596032,-0.01787512,-0.01997412,-0.02183334,-0.02398588,-0.0262701,-0.02822198,-0.03004427,-0.03182819,-0.03362239,-0.03577602,-0.0376515,-0.0397819,-0.04129575,-0.04340642,-0.04510107,-0.04682464,-0.04844837,-0.05027645,-0.05220665,-0.05377809,-0.05552411,-0.05769743,-0.05950573,-0.06077442,-0.06258987,-0.06476504,-0.06603478,-0.06828058,-0.06956126,-0.07148724,-0.07312772,-0.07497205,-0.07688703,-0.07894609,-0.08065935,-0.08238955,-0.08441345,-0.08618586,-0.08818473,-0.09019944,-0.09202369,-0.09452367,-0.09675407,-0.09829085,-0.1004553,-0.1028073,-0.1050346,-0.1073741,-0.1093747,-0.1119923,-0.1138889,-0.1164738,-0.118786,-0.1212465,-0.1233695,-0.1258981,-0.1280464,-0.1305758,-0.1326426,-0.1350333,-0.1369203,-0.1396717,-0.1413459,-0.143185,-0.145156,-0.1465931,-0.1480328,-0.14913,-0.1504959,-0.1514133,-0.1518259,-0.1518402,-0.1518115,-0.1511714,-0.1501825,-0.1488645,-0.1466289,-0.1439991,-0.1406339,-0.136311,-0.1314075,-0.1255208,-0.1184906,-0.1106153,-0.1018642,-0.0917433,-0.0805769,-0.0680939,-0.05531432,-0.04124141,-0.02674652,-0.0125554,0.0003689239,0.0110908,0.01982412,0.02628638,0.03088503,0.03411527,0.03716642,0.04012715,0.04331089,0.04715613,0.05172386,0.05707033,0.06296089,0.06936654,0.07591064,0.08266194,0.08996411,0.09675463,0.1031975,0.1090301,0.1145795,0.1199648,0.1241328,0.1274766,0.1309518,0.1342628,0.1357812,0.1371144,0.1379717,0.1387534,0.1386077,0.1384983,0.1379619,0.137127,0.1357743,0.1344212,0.1330425,0.1314279,0.1297666,0.1276781,0.1259355,0.1237212,0.1217531,0.1192574,0.1174237,0.1153221,0.1129108,0.1106235,0.1086387,0.1066444,0.1043852,0.1028306,0.1003168,0.09800676,0.096311,0.09403359,0.091801,0.08972398,0.08756337,0.08551478,0.08359255,0.08136141,0.07924584,0.07751985,0.0751728,0.07297707,0.07135203,0.06882439,0.06685928,0.06479456,0.0627542,0.06076422,0.05882831,0.05676093
RR,-0.02880351,-0.03194898,-0.0360248,-0.03947404,-0.04225523,-0.04586185,-0.04921551,-0.05338129,-0.05609966,-0.05918978,-0.06261466,-0.06646641,-0.06905532,-0.07278565,-0.07550918,-0.07887722,-0.08154728,-0.08525681,-0.08795042,-0.09075865,-0.0933727,-0.09632386,-0.09889771,-0.1014944,-0.1037623,-0.1061485,-0.1081937,-0.1104628,-0.1129266,-0.1148012,-0.1160258,-0.1180861,-0.1198388,-0.1210457,-0.1223031,-0.1239783,-0.1250132,-0.1265192,-0.1267626,-0.1287053,-0.1288261,-0.1298452,-0.1305881,-0.1307997,-0.1316746,-0.1324454,-0.1321416,-0.132326,-0.1330537,-0.1327964,-0.1332474,-0.1327541,-0.1322097,-0.1323866,-0.1323603,-0.1323436,-0.1314404,-0.1306146,-0.1304495,-0.1301536,-0.1293676,-0.1283842,-0.1274871,-0.126442,-0.1253027,-0.123718,-0.1224714,-0.1209398,-0.1193126,-0.1175181,-0.1154172,-0.1132808,-0.1111562,-0.1080919,-0.1058106,-0.1017748,-0.09791058,-0.093376,-0.08993866,-0.08501004,-0.0800368,-0.07456539,-0.06839891,-0.06211345,-0.05462825,-0.04687888,-0.03834476,-0.03001211,-0.0201517,-0.01007881,0.0005193795,0.01156494,0.02315779,0.0347166,0.04676133,0.05923168,0.07171641,0.08314405,0.09468918,0.1047643,0.1152822,0.1247014,0.1326775,0.1399528,0.1470108,0.1512837,0.1556399,0.1585066,0.1599136,0.1613368,0.1619779,0.1617545,0.1618453,0.1618487,0.1615481,0.1625953,0.1635025,0.1651763,0.1668602,0.1687465,0.1720499,0.175006,0.1771618,0.1791151,0.1810593,0.1825365,0.1831681,0.1837645,0.183904,0.184132,0.1839893,0.1826989,0.180979,0.1799914,0.1781055,0.1755188,0.1735128,0.1709812,0.1679985,0.1658382,0.1628572,0.159308,0.1562065,0.1530247,0.1490456,0.1452568,0.1426884,0.1389,0.135424,0.1318999,0.1284956,0.1244334,0.1216978,0.1179434,0.1144382,0.1109861,0.1083116,0.104222,0.1016995,0.09780698,0.09449203,0.09172305,0.08826657,0.08540916,0.08188751,0.07915333,0.07580924,0.07319179,0.06980482,0.0665492,0.06451908,0.06065496,0.05787112,0.05531279,0.05229867,0.04891854,0.04606037,0.04348242,0.0404369,0.03718701,0.033785,0.03117705,0.02823948,0.0255073,0.02187898,0.01927832,0.01679278,0.01256868,0.009831456,0.006429335,0.003407498,-0.0001095881,-0.002972273,-0.00626961,-0.009468241,-0.01277762,-0.01596127,-0.01916568,-0.02266372,-0.02605724
ELL,0.001197771,0.001136802,0.001008686,0.001024507,0.001234156,0.001167966,0.001101175,0.00110171,0.0009446484,0.001110472,0.001100957,0.00113527,0.0009882653,0.0007746077,0.00102146,0.001107082,0.0007965096,0.0008457551,0.000623604,0.0005230952,0.0005924327,0.0005671078,0.0002973307,0.000241462,-6.842177e-05,0.0001079457,0.0001164534,-0.0001007047,-7.672879e-05,-0.0001529464,-0.0002470457,-0.0002981269,-0.0003991074,-0.0004837761,-0.0002964613,-0.0005160306,-0.0006378407,-0.0005413996,-0.0007175767,-0.0005166227,-0.0006221234,-0.0006299202,-0.0007490835,-0.0009484594,-0.0009312484,-0.0008900934,-0.001006082,-0.0009788634,-0.001191367,-0.001089473,-0.001072873,-0.0009783619,-0.001003044,-0.001216211,-0.001180026,-0.001038871,-0.001244599,-0.001181813,-0.001264686,-0.001263789,-0.001126705,-0.000915737,-0.00113332,-0.0009941852,-0.001023757,-0.0009890569,-0.0008247629,-0.000802551,-0.0009456848,-0.0005709294,-0.0005016035,-0.0004433295,-0.0002228353,-0.0003816249,-0.0004705457,-8.933213e-05,-0.0001707276,-0.0001694329,-1.166956e-06,-3.399799e-05,0.0004044426,0.0003540007,0.0003166982,0.0005611709,0.0005134277,0.0006888178,0.0009428601,0.0007272312,0.0007981582,0.0009403959,0.001194242,0.001178444,0.00120779,0.001150833,0.001111079,0.001154762,0.001505805,0.001455447,0.001298337,0.001449835,0.001506766,0.001471661,0.00153254,0.001435494,0.001371929,0.001554324,0.001397558,0.001478809,0.001426267,0.001246136,0.001381962,0.001429193,0.001106962,0.0011881,0.00109141,0.001185142,0.001280662,0.0008830323,0.0008826752,0.0009305258,0.0007960484,0.0007211989,0.0005612863,0.0003605665,0.0005316041,0.0004252504,0.0003528811,0.0003827968,6.754795e-05,8.907542e-05,9.982154e-05,-4.310642e-05,-0.0001163249,-0.0001534037,-0.0004534896,-0.0002728718,-0.0005039085,-0.00054845,-0.000698216,-0.000777712,-0.0006937879,-0.0008878023,-0.0008714319,-0.000885416,-0.001058579,-0.001235019,-0.001070886,-0.00126908,-0.001337684,-0.00137938,-0.00128482,-0.001239163,-0.001383868,-0.001490735,-0.001383639,-0.00145936,-0.001276448,-0.001212907,-0.001375947,-0.001285382,-0.001203006,-0.001157161,-0.00126592,-0.001292374,-0.00111848,-0.00100354,-0.001050723,-0.001125827,-0.0009681541,-0.001157476,-0.0007773364,-0.0007541566,-0.0008428823,-0.0007765101,-0.0006199061,-0.0004973587,-0.0003698542,-0.0003173243,-0.0002897802,-0.0002602551,-0.0001123877,3.108188e-05,0.0001585959,-6.780155e-05,0.000200744,0.0002444766,0.0002294495,0.0003554717,0.000362321,0.0005068103,0.0006430736,0.0007800716,0.0006281969,0.0007275176,0.0006845465,0.0008797217,0.0009573533,0.001060798,0.001226573,0.001170935
ELL,0.004669016,0.003436154,0.001999386,0.001984523,0.001458207,0.001305107,0.001532021,0.0004334578,0.001516929,0.002078974,0.002341505,0.002843257,0.002677435,0.004375148,0.005092481,0.004558148,0.005276248,0.005244647,0.005891176,0.006583078,0.006411731,0.006666614,0.007088585,0.007563122,0.008156788,0.006999627,0.00706415,0.005656269,0.00604259,0.005819328,0.005001717,0.005391221,0.005281179,0.008011383,0.007509048,0.00593946,0.006372096,0.005339564,0.004572277,0.003125832,0.003674684,0.004859583,0.003277904,0.005083624,0.005781039,0.005319538,0.006348408,0.007210918,0.007806716,0.006656385,0.00601222,0.006774856,0.006988285,0.006546746,0.006359005,0.004950817,0.005107397,0.005247983,0.003801269,0.003214709,0.003255254,0.00288847,0.002837966,0.003116537,0.002179989,0.001692544,0.001965286,0.001473533,0.0001227912,0.0004189849,0.0008416446,0.0002296061,0.0007587468,0.0009955652,-7.727223e-05,0.000146957,-0.0005820713,-0.0002875205,-0.0004727389,-0.001744507,-0.0008913808,-0.001432462,-0.001154182,-0.001683663,-0.001683759,-0.001878065,-0.001478765,-0.0004561397,-0.00100409,-0.001932029,-0.001900206,-0.001797126,-0.002527891,-0.002261789,-0.001648238,-0.00132877,-0.0008965613,-0.0003165599,1.58762e-05,-0.001728005,-0.002230776,-0.002130294,-0.002161202,-0.0009096172,-0.0005045452,-0.0006584478,-0.0008242121,-0.001326454,-0.002569725,-0.00284109,-0.003335223,-0.00372406,-0.002577243,-0.001664752,-0.001259706,-0.002004965,-0.002275926,-0.00256487,-0.002780754,-0.002660999,-0.003452135,-0.003466081,-0.002958281,-0.002121306,-0.0014302,-0.001997899,-0.002055099,-0.001977552,-0.002553362,-0.0026484,-0.004019684,-0.004380012,-0.004091451,-0.003120754,-0.001666978,-0.002566508,-0.002894088,-0.003721423,-0.004143812,-0.004093616,-0.003419857,-0.003717753,-0.002523567,-0.00161911,-0.001708807,-0.002079697,-0.003462969,-0.003604797,-0.004172054,-0.004138916,-0.002943389,-0.002421646,-0.002464939,-0.0007785475,-0.001544952,-0.001220225,-0.002250771,-0.002489959,-0.002125799,-0.002750415,-0.002321687,-0.002351819,-0.00246952,-0.002398308,-0.002196138,-0.00227336,-0.004597854,-0.005471607,-0.005172494,-0.005084128,-0.00450154,-0.002539614,-0.001916974,-0.001995024,-0.00111377,-0.001888424,-0.002996695,-0.002206399,-0.002212526,-0.0002038542,-0.0002988073,0.0003585142,0.0006378605,-6.584013e-05,0.0002327303,0.0003564501,-0.0009787246,-0.0002501386,-5.915718e-05,-0.0004474719,-0.0003760563,0.0001957958,0.001584127,0.0009293978,0.001030996,-0.0001842704,-6.655318e-05,0.0003080004,-0.0002398084,0.000856225
ELL,0.008517143,0.008511868,0.008314921,0.008468369,0.008086083,0.007977498,0.007753007,0.007633601,0.007438591,0.007106782,0.006965472,0.006568709,0.006320664,0.00597649,0.005630201,0.005145999,0.004880145,0.004430869,0.004075669,0.003629497,0.003154952,0.002800436,0.002424547,0.002066598,0.001651509,0.001378666,0.0009640507,0.0006804602,0.0002001783,-0.0001093383,-0.0004976547,-0.0006425643,-0.001090711,-0.001282676,-0.001557674,-0.001789984,-0.002131652,-0.002156802,-0.002401824,-0.002532875,-0.00269541,-0.002719397,-0.002683706,-0.002809263,-0.002865917,-0.00294883,-0.002790794,-0.002967949,-0.002766746,-0.002820449,-0.002789654,-0.002624225,-0.002523801,-0.002456472,-0.002311476,-0.002199495,-0.002068242,-0.001773381,-0.00165423,-0.001416149,-0.0012624,-0.0009542556,-0.0008803474,-0.0004360508,-0.0003310757,-0.0001623281,0.0002163895,0.0004938775,0.0009518193,0.001245696,0.001631694,0.001848637,0.002256375,0.002426928,0.002831711,0.003087778,0.003316056,0.003748776,0.003905826,0.00431204,0.004428792,0.004706397,0.004996725,0.005446416,0.005542291,0.005924113,0.005987606,0.006209885,0.006537572,0.006587429,0.006691271,0.00683789,0.006984913,0.006809927,0.007010194,0.006900319,0.007300308,0.006674292,0.006496934,0.00627654,0.006123811,0.005698483,0.00551753,0.005201681,0.004950709,0.004545059,0.004025084,0.003682357,0.003114703,0.002745402,0.002157958,0.001586401,0.001124936,0.0004843222,2.577881e-05,-0.0006931952,-0.001135541,-0.001898348,-0.002250144,-0.003041203,-0.003539345,-0.004260445,-0.004691393,-0.005388419,-0.005862322,-0.006244138,-0.00686614,-0.007231875,-0.007984493,-0.008275342,-0.00902323,-0.009440593,-0.0100049,-0.01035641,-0.01090433,-0.01123216,-0.01158348,-0.01183167,-0.01177954,-0.01219415,-0.01232004,-0.01267,-0.01279459,-0.01306323,-0.01301634,-0.01322764,-0.01286639,-0.01274169,-0.01255428,-0.01247105,-0.01247796,-0.012372,-0.01233733,-0.01203415,-0.01189385,-0.01163048,-0.0114193,-0.01094893,-0.01070014,-0.01029173,-0.009927304,-0.009416519,-0.009067792,-0.008629599,-0.008709013,-0.007635477,-0.006951089,-0.006471888,-0.005728422,-0.005281408,-0.004491236,-0.003982611,-0.003207903,-0.002707422,-0.002083656,-0.001504261,-0.0008665952,-0.0002456326,0.0003838518,0.001380369,0.00160461,0.00306269,0.00349345,0.00407251,0.004509326,0.005096447,0.005471314,0.005877681,0.006378092,0.006680638,0.007238202,0.007258649,0.007696447,0.007840263,0.008163551,0.008071054,0.008303998,0.008235642,0.008228701,0.00825653
ELL,0.003720281,0.003943879,0.003880201,0.004018299,0.003892358,0.004128883,0.00441961,0.00404808,0.00459347,0.004650655,0.004634318,0.004649089,0.004549589,0.004537031,0.00421694,0.004147362,0.003946641,0.003815922,0.003807628,0.003783117,0.003499253,0.003122659,0.003256634,0.003191888,0.002776864,0.002233355,0.001950926,0.001443962,0.001460121,0.001138101,0.0008328637,0.0006397166,0.0004684945,0.0001759321,0.0001572433,-8.54334e-05,-0.0005082513,-0.0008714193,-0.001035844,-0.001605427,-0.001563567,-0.001932687,-0.002000672,-0.002453907,-0.002511208,-0.002848261,-0.002757364,-0.002964293,-0.003181121,-0.003087721,-0.00365213,-0.003623527,-0.004033274,-0.003930417,-0.003663916,-0.004017291,-0.004434511,-0.00442634,-0.004371902,-0.004363229,-0.004347238,-0.004476592,-0.004282392,-0.004038036,-0.004096745,-0.004053477,-0.003865075,-0.003642594,-0.003610804,-0.003473253,-0.00337182,-0.003316704,-0.002970719,-0.002881365,-0.002669381,-0.002451518,-0.002258386,-0.002027522,-0.001579774,-0.00148368,-0.0008855583,-0.0006716352,-0.0005346441,-0.0002372014,0.0002023669,0.0002700264,0.000266944,0.0005151552,0.0004604952,0.000787075,0.001085678,0.001325998,0.001916375,0.002298753,0.002577198,0.002921804,0.00280515,0.003110927,0.003527653,0.003825611,0.003839345,0.003819183,0.004062281,0.00407986,0.004326147,0.004366708,0.004587301,0.004428166,0.004461996,0.004311746,0.004298068,0.004176456,0.003954056,0.004168801,0.003788377,0.003919557,0.003988226,0.003756728,0.003532003,0.003302766,0.003594481,0.00326004,0.003556354,0.003379154,0.003303627,0.003146338,0.003031832,0.002669999,0.002341892,0.001891378,0.001467353,0.0008673273,0.0006602847,0.0002053615,-0.0001572824,-0.0004940013,-0.0006382201,-0.0007753078,-0.000751028,-0.0008536946,-0.001078396,-0.001731089,-0.001742976,-0.002115036,-0.002158917,-0.002326534,-0.002492589,-0.002688896,-0.002628746,-0.002679627,-0.002901138,-0.002956644,-0.003266256,-0.003810382,-0.004215011,-0.004565987,-0.004400659,-0.004566605,-0.004711415,-0.004527017,-0.004473185,-0.003872752,-0.004056089,-0.003920745,-0.00381122,-0.003994361,-0.003949809,-0.004028051,-0.003652292,-0.003626995,-0.003646224,-0.003161331,-0.002944159,-0.002885177,-0.00233129,-0.002185784,-0.002165844,-0.002082243,-0.00205784,-0.001720922,-0.001307522,-0.001103249,-0.000852559,-0.0003879572,8.420976e-05,0.0003456274,0.0006501327,0.001203076,0.001174061,0.001297971,0.001785528,0.002066487,0.002229533,0.002331164,0.00243498,0.003105133,0.003378868,0.003551882,0.003479404,0.003931803
ELL,0.005597057,0.00523529,0.004897481,0.004175738,0.003228106,0.003251371,0.002754413,0.001217739,0.001729073,0.0009312854,0.0001737697,-0.0002646831,-0.001444768,-0.001416793,-0.002039285,-0.002789138,-0.003004702,-0.003619489,-0.004092085,-0.00451924,-0.004896258,-0.005531706,-0.005827246,-0.006070249,-0.006770619,-0.007013085,-0.006643293,-0.007247613,-0.007279328,-0.007199459,-0.007800882,-0.00768951,-0.007715322,-0.007530706,-0.007801311,-0.008358811,-0.008354221,-0.008048039,-0.008161749,-0.007893614,-0.007724032,-0.00763024,-0.007476888,-0.00703859,-0.006896989,-0.006697606,-0.006369725,-0.00601817,-0.005521479,-0.005021554,-0.004672884,-0.00425616,-0.003823742,-0.003376885,-0.002725069,-0.002315207,-0.001702257,-0.001304281,-0.0004409817,-0.0002160693,0.000468541,0.001237323,0.001406478,0.002746867,0.003050796,0.003483266,0.004215931,0.004830927,0.00532081,0.005891189,0.006083477,0.00616381,0.006356511,0.006997949,0.007488355,0.007972579,0.008823055,0.008499479,0.00893229,0.009085514,0.009201426,0.009596267,0.009900938,0.009906928,0.01021014,0.01022019,0.01034897,0.01026377,0.01004663,0.0101115,0.009815301,0.009492667,0.009676515,0.009078986,0.008106634,0.008281173,0.007987446,0.007646474,0.007648286,0.006962901,0.006578443,0.006415465,0.005589684,0.005137159,0.004796889,0.004094974,0.003570703,0.003234229,0.002485615,0.002092422,0.001560009,0.000890527,0.0002942444,-0.0002972671,-0.001463869,-0.001273037,-0.002317167,-0.002761183,-0.002886957,-0.003612835,-0.004178358,-0.00408108,-0.003837427,-0.004298153,-0.004901652,-0.004883604,-0.005429909,-0.005747297,-0.006226953,-0.006471006,-0.006523303,-0.006795147,-0.006888692,-0.006915088,-0.007147223,-0.007171163,-0.007292738,-0.007251273,-0.007303656,-0.007254117,-0.007344392,-0.006983085,-0.007008042,-0.006821553,-0.006856718,-0.006648132,-0.006602122,-0.006123598,-0.005782851,-0.00579555,-0.004933606,-0.004976284,-0.004668146,-0.004029504,-0.00379833,-0.002927988,-0.00188963,-0.001479878,-0.0009593409,-0.0004875353,-0.001036105,9.895211e-05,0.00112666,0.00164362,0.002038032,0.002832238,0.003293217,0.00376869,0.004429661,0.004919391,0.005327592,0.006194924,0.006902813,0.007093763,0.008233041,0.007825542,0.008079683,0.008437581,0.00865447,0.009150752,0.009456214,0.00953632,0.009803968,0.009895238,0.01018191,0.009983771,0.009953555,0.01015919,0.01016597,0.009933086,0.009911207,0.009684357,0.009569681,0.009044232,0.008810436,0.008523112,0.008045076,0.007720408,0.007262031,0.006962153
ELL,0.000937758,0.0007815452,0.0006567223,0.0004729483,0.0003186085,0.0001492739,-5.799819e-05,-0.0002103319,-0.0003955708,-0.0005839379,-0.0007666984,-0.0009461436,-0.001121359,-0.001275324,-0.001400263,-0.00157864,-0.001698774,-0.0018503,-0.001972866,-0.002123411,-0.00221286,-0.002322498,-0.002436214,-0.002546079,-0.002613545,-0.002661982,-0.002720522,-0.002786483,-0.002796355,-0.00281438,-0.002811631,-0.002839704,-0.002826949,-0.002810865,-0.002737986,-0.002671672,-0.002590468,-0.002491859,-0.002392061,-0.002346242,-0.002282623,-0.002273568,-0.002251237,-0.002110197,-0.001995566,-0.001884722,-0.001755545,-0.001593355,-0.001475201,-0.001284922,-0.0011318,-0.0009584513,-0.0007812689,-0.0006000582,-0.0004022053,-0.0002133014,-2.505363e-05,0.0001176604,0.0003053116,0.000473909,0.0006869027,0.0008311461,0.001008718,0.00119161,0.001358103,0.00150648,0.001661836,0.001807366,0.001945907,0.00205238,0.002185974,0.002298639,0.002395449,0.002512571,0.002541309,0.002711868,0.002732231,0.002767128,0.002785509,0.00274353,0.00269774,0.002649711,0.002565057,0.002667771,0.002720307,0.002680349,0.002624065,0.002559036,0.002460865,0.002390722,0.002297184,0.002195358,0.002091438,0.001949762,0.001811321,0.001686996,0.001502492,0.001328105,0.001161518,0.0009830638,0.0008150645,0.0006296864,0.0004435026,0.0002576856,6.55469e-05,-8.316083e-05,-0.0002644139,-0.0004289433,-0.000600268,-0.0008198121,-0.0009811861,-0.001146148,-0.001323875,-0.001500686,-0.001650199,-0.001800113,-0.001954841,-0.002101539,-0.002202766,-0.00233943,-0.002455068,-0.002552516,-0.002640069,-0.002693743,-0.002773861,-0.002810774,-0.002863269,-0.002878277,-0.00290065,-0.002900932,-0.002870282,-0.002874176,-0.002858739,-0.002817017,-0.00277939,-0.002692049,-0.002631011,-0.002543581,-0.002435087,-0.002344316,-0.002206075,-0.00208388,-0.001955269,-0.001789493,-0.001662832,-0.001501027,-0.001356914,-0.00116948,-0.00098892,-0.0008212887,-0.000631693,-0.0004363719,-0.0002597682,-4.356523e-05,0.0001728699,0.0003437729,0.0005765485,0.0007547846,0.0009458455,0.001142223,0.001190693,0.001365498,0.001543603,0.001724316,0.001904891,0.002068534,0.002226475,0.002369243,0.002500427,0.002632149,0.002753347,0.002864384,0.002961359,0.00301188,0.003093256,0.00314717,0.003196649,0.003231026,0.003244328,0.003230147,0.003221267,0.003197539,0.003159729,0.003151602,0.003111165,0.003049317,0.00293633,0.002882194,0.00276268,0.002635551,0.002527555,0.002392379,0.002267552,0.002119011,0.001957091,0.001801928,0.001639675,0.001459535,0.001270109,0.001092621
ELL,0.02788648,0.0265249,0.02516919,0.02484014,0.02383619,0.02295651,0.02158651,0.01981331,0.01840159,0.01607431,0.0152661,0.01317258,0.01148496,0.009865245,0.007828285,0.005800067,0.004067611,0.001213068,-0.0003302143,-0.003280761,-0.005728137,-0.00693355,-0.01005204,-0.01158995,-0.01371994,-0.01564143,-0.01706609,-0.0194292,-0.02150597,-0.02365215,-0.02631867,-0.02754818,-0.0289387,-0.03092547,-0.03260985,-0.03432905,-0.03512508,-0.03588826,-0.03734216,-0.03790337,-0.03866083,-0.039922,-0.03965693,-0.0399586,-0.04129049,-0.04224482,-0.04265735,-0.04279744,-0.04264063,-0.04246414,-0.04192854,-0.04047514,-0.03961674,-0.03771598,-0.03678343,-0.03547847,-0.03451104,-0.03306466,-0.03157016,-0.03055038,-0.0292042,-0.02792621,-0.02795801,-0.02760607,-0.02524467,-0.02466149,-0.02266534,-0.02110279,-0.01896309,-0.01686679,-0.0155656,-0.01286073,-0.01059647,-0.007925744,-0.005323684,-0.002611498,9.620248e-05,0.00322853,0.006434611,0.008574797,0.01106565,0.01325009,0.01645584,0.01903429,0.02094544,0.02310434,0.02419009,0.02530339,0.02674982,0.02757816,0.02952875,0.02949081,0.03036544,0.03098102,0.03125592,0.03261577,0.03244016,0.03339471,0.0328029,0.03270319,0.03170166,0.03146482,0.0306887,0.02959799,0.02835642,0.02692884,0.02662808,0.02511484,0.0232946,0.02221295,0.02088199,0.01908786,0.01877313,0.01704739,0.01628144,0.01665963,0.01533052,0.01420969,0.01279818,0.01135841,0.009216488,0.008118163,0.006907339,0.006347354,0.004754219,0.002713632,0.001538725,-0.0001624119,-0.001328687,-0.00254355,-0.00355825,-0.007094786,-0.008357884,-0.009956559,-0.01150684,-0.01300408,-0.01527169,-0.01590902,-0.01764423,-0.01833543,-0.01923168,-0.02067467,-0.02225455,-0.02272945,-0.02241846,-0.02257428,-0.02260298,-0.02223296,-0.021222,-0.0200666,-0.01880842,-0.01766871,-0.0159557,-0.01538789,-0.01456816,-0.01244403,-0.01169145,-0.01121441,-0.01015912,-0.008902255,-0.008307388,-0.006697227,-0.005292542,-0.004168236,-0.0038617,-0.002335337,-0.0006835434,0.0002770601,0.00143162,0.002007039,0.003592982,0.00501276,0.006472828,0.008334751,0.009268994,0.01012569,0.01221369,0.01413829,0.01476463,0.01622046,0.0171717,0.01884895,0.01939114,0.02094541,0.02151555,0.02351047,0.02411372,0.02538493,0.02667243,0.02751802,0.02846312,0.02865973,0.02943698,0.02947605,0.03017126,0.03032055,0.03006017,0.0290434,0.02905793,0.02887114
ELL,0.001617097,0.001479945,0.002163373,0.002033252,0.001898303,0.001420776,0.001507002,0.001415429,0.002060725,0.001789798,0.002259122,0.001882536,0.0009893287,0.0004195996,0.0002367262,-0.0006316223,-0.001385515,-0.001991491,-0.002478859,-0.002454539,-0.002136003,-0.001373499,-0.0008743224,-0.001594483,-0.002700657,-0.003393236,-0.00319133,-0.00297918,-0.002723086,-0.001938071,-0.001043314,-0.0003848642,0.0005505761,0.0003718974,0.0004627139,0.0007815387,0.001249684,0.001047904,0.0003826673,-0.0005621113,-0.0008936967,-0.001320363,-0.0005050944,-0.0002555137,-0.0005865666,-0.0003801842,-0.0003709693,-0.0005944634,-0.0008622498,-0.001084328,-0.001383332,-0.001996114,-0.00201832,-0.001691864,-0.001845792,-0.002422703,-0.002903262,-0.002771497,-0.002366514,-0.002490707,-0.002677148,-0.002691654,-0.002851448,-0.003396234,-0.003250532,-0.002552052,-0.001408489,-0.0003112841,3.617601e-05,-0.0002163899,-0.0003294957,0.0002038478,0.0005304652,0.000550617,0.0002153851,-0.0003130413,-0.0007560503,-0.001073993,-0.0009361098,-0.0005086805,-0.0005818008,-0.0007227751,-0.0006445898,-0.000719146,-0.0004765119,-0.0003405647,-0.000980956,-0.001229389,-0.001526815,-0.001810602,-0.001988353,-0.001723251,-0.001451614,-0.001046375,-0.0007515075,-0.001172273,-0.001044438,-0.0009473905,-0.0004458403,0.0001752425,0.0003687388,0.0008966842,0.001465583,0.001767891,0.001911233,0.002345688,0.00285335,0.00219427,0.001378002,0.0003999536,-0.0001479368,-0.0005685861,-9.636989e-05,0.0002883239,0.0003791296,0.0002248876,0.000463401,0.001272214,0.001833988,0.001769238,0.002722281,0.003320196,0.003420368,0.003058697,0.002882103,0.002789418,0.003180676,0.002934162,0.002537277,0.002767121,0.002830776,0.00268118,0.00313427,0.003202473,0.003422332,0.003639397,0.004091244,0.004168397,0.003365625,0.002058024,0.002051992,0.001901282,0.00145869,0.001068859,-0.0002157366,-0.001631099,-0.003080568,-0.003961183,-0.005353602,-0.006751094,-0.0119604,-0.01860524,-0.02233716,-0.02182706,-0.01762691,-0.01081651,-0.007422529,-0.007057537,-0.006188588,-0.005293263,-0.003610599,-0.002541236,-0.001552979,0.0002525838,0.0009805759,0.001084358,0.002074666,0.003227517,0.004216965,0.004299305,0.004472151,0.004403623,0.005469802,0.005549343,0.004864069,0.006033843,0.006201483,0.006562885,0.006291094,0.0044933,0.004157578,0.003667013,0.003132197,0.002868582,0.002407953,0.001521137,0.001177652,0.0007760187,0.0004449257,-0.0003260328,-0.001079981,-0.0009805568,-0.0008927723,-0.0008639024,-0.0003690172,-6.618242e-05,-0.0007844315,-0.0008365024,0.0002083303,0.00126153
ELL,0.01713699,0.01577284,0.01438486,0.01301524,0.01160555,0.01007764,0.008601125,0.00726144,0.005782038,0.004165684,0.002882075,0.001480546,6.978749e-05,-0.00134016,-0.002556347,-0.003893369,-0.005117516,-0.006447965,-0.007519388,-0.008645773,-0.009795963,-0.01076985,-0.01165302,-0.01253529,-0.01340227,-0.0141004,-0.01478481,-0.01611965,-0.01756519,-0.01929449,-0.020823,-0.02227604,-0.02361719,-0.02461792,-0.02520623,-0.02544563,-0.02542716,-0.02491714,-0.02438412,-0.02330344,-0.02190988,-0.0202284,-0.01869266,-0.01694023,-0.01534175,-0.01414687,-0.0134331,-0.0125104,-0.0117518,-0.01066408,-0.009725546,-0.008566156,-0.007480353,-0.006362196,-0.0050543,-0.003811143,-0.002480156,-0.001193643,0.0001570045,0.001673654,0.003185266,0.004592692,0.006074267,0.007616225,0.009141788,0.01058774,0.01216935,0.01360719,0.01506482,0.01654127,0.01784548,0.01944996,0.02067265,0.02190234,0.02313432,0.02434359,0.02533565,0.02628656,0.02712683,0.02794963,0.02869969,0.02938135,0.02987258,0.03013661,0.03041352,0.0304302,0.03037939,0.03029778,0.03001046,0.02967284,0.02922567,0.02839084,0.02762282,0.02688957,0.02584687,0.02459953,0.02345856,0.02217074,0.02078933,0.01926301,0.01753074,0.01587689,0.01406835,0.01222914,0.01033734,0.008513676,0.006454764,0.004287056,0.002492857,0.0004579318,-0.001555784,-0.003765161,-0.005632089,-0.007702805,-0.009601614,-0.01181513,-0.01350426,-0.01531929,-0.01714729,-0.01909011,-0.02060723,-0.02213745,-0.02383399,-0.02526848,-0.02652085,-0.02774593,-0.02912912,-0.03167126,-0.03472448,-0.03799142,-0.04152189,-0.04465242,-0.04722763,-0.04931854,-0.05083752,-0.05168426,-0.05160198,-0.05090008,-0.04926061,-0.04720415,-0.0446118,-0.04176689,-0.03810194,-0.03490763,-0.03198205,-0.02989645,-0.02868504,-0.02748793,-0.02632227,-0.02497549,-0.02343353,-0.02189611,-0.0203384,-0.01854607,-0.01683167,-0.01503897,-0.01325478,-0.0113643,-0.009345949,-0.007503855,-0.005489265,-0.003446758,-0.001463691,0.0005030847,0.002403862,0.004429856,0.006379273,0.008338013,0.009972719,0.01193299,0.01362704,0.01523067,0.01676343,0.01841762,0.01980999,0.0211149,0.02222896,0.02341103,0.02441459,0.025324,0.02602435,0.02677098,0.02713064,0.02751944,0.02774541,0.02790715,0.02787235,0.02782849,0.02761406,0.02732834,0.02681305,0.02619742,0.02564834,0.0249133,0.0239097,0.0230159,0.02190884,0.02102461,0.01971921,0.01852736
ELL,-0.002677975,-0.002509324,-0.002334915,-0.002227348,-0.00200741,-0.001793236,-0.001592397,-0.001386387,-0.001133511,-0.0009515794,-0.0006675216,-0.0004298141,-0.0002088682,8.037082e-05,0.0003580271,0.0005771446,0.0008619166,0.001141596,0.001384289,0.001657936,0.001938681,0.002167387,0.002382108,0.002652426,0.002896674,0.003114809,0.003336017,0.003559007,0.003701918,0.003897003,0.004041343,0.004219283,0.004313123,0.004505921,0.004585505,0.004712329,0.004742012,0.004762059,0.004840795,0.00478235,0.004805142,0.004763836,0.004682059,0.004604146,0.004516966,0.004360063,0.004237716,0.0040892,0.003897572,0.003673107,0.003466678,0.003231389,0.002991041,0.00272669,0.002411471,0.002083102,0.001794714,0.001491508,0.001134782,0.000795905,0.0003975175,7.537184e-05,-0.0003035606,-0.0006495057,-0.001079615,-0.001456149,-0.001808414,-0.002189277,-0.002576853,-0.00295504,-0.00330876,-0.003689746,-0.004074476,-0.004358027,-0.004761323,-0.005050587,-0.005361115,-0.005668542,-0.005935181,-0.006193409,-0.006470663,-0.00669468,-0.006896793,-0.007086868,-0.007253933,-0.007408709,-0.00758935,-0.007643017,-0.007761449,-0.007802326,-0.007855658,-0.007874064,-0.007885451,-0.007843192,-0.007804765,-0.007734113,-0.007580304,-0.007489354,-0.007360064,-0.007205349,-0.007024396,-0.006794109,-0.006590275,-0.00637947,-0.006116162,-0.005798808,-0.005536622,-0.005221603,-0.004870956,-0.00458691,-0.004207406,-0.003848395,-0.003487031,-0.00308495,-0.00272967,-0.002351559,-0.001951022,-0.001551608,-0.001173509,-0.0008018042,-0.000382808,1.186e-05,0.0003846653,0.0007710967,0.001120865,0.00149134,0.001844315,0.00216182,0.002505363,0.002829538,0.003096714,0.003399264,0.0036626,0.003899721,0.004179174,0.004404726,0.004579155,0.004776496,0.004896645,0.005050864,0.005216451,0.005248693,0.005341855,0.005420052,0.005418869,0.005386237,0.00541043,0.005359187,0.005310153,0.005249579,0.005168557,0.005051503,0.004916431,0.004763654,0.004596204,0.004433241,0.004212925,0.00401272,0.00379615,0.003547503,0.00330328,0.003070604,0.002792445,0.002546957,0.002268722,0.002021521,0.001706254,0.001423372,0.001126143,0.0008433854,0.0005696351,0.0002760536,2.151813e-05,-0.0002621393,-0.0005324057,-0.000805587,-0.001045656,-0.001226936,-0.001511449,-0.00172861,-0.001946224,-0.002116273,-0.002280674,-0.00247656,-0.002600339,-0.00273907,-0.002889005,-0.002943211,-0.00307117,-0.0031469,-0.003160151,-0.003190874,-0.003209326,-0.003209037,-0.003215023,-0.003150942,-0.00309852,-0.00304093,-0.002927583,-0.002820915
ELL,-0.02766211,-0.02897433,-0.03015282,-0.03132157,-0.03222864,-0.03311533,-0.03388403,-0.03463652,-0.03654245,-0.03949851,-0.04277334,-0.04591649,-0.04866542,-0.05091384,-0.05241869,-0.05310088,-0.05292543,-0.0516917,-0.04974858,-0.0470243,-0.04362094,-0.04003328,-0.03631893,-0.0329558,-0.03084504,-0.02962358,-0.02830841,-0.02696955,-0.02539887,-0.02379066,-0.02206133,-0.02014063,-0.01820051,-0.01624388,-0.01409633,-0.01185198,-0.009486881,-0.007082586,-0.00465319,-0.001897353,0.0007327129,0.00369546,0.006586353,0.009329153,0.01234813,0.01534597,0.01832849,0.02128881,0.02417619,0.02681621,0.02964053,0.0323223,0.03496091,0.03759786,0.03995314,0.04221005,0.04429019,0.04624856,0.04804586,0.04971649,0.0510838,0.05245814,0.0535632,0.05445043,0.05518548,0.05570769,0.05615507,0.05626183,0.05630923,0.05606408,0.05559584,0.05474747,0.05392645,0.0528975,0.05155658,0.05008688,0.04851542,0.04686366,0.04488863,0.04280947,0.04037724,0.03792911,0.03523913,0.03265526,0.02984823,0.02684767,0.02377165,0.02069951,0.0179225,0.01457737,0.01137277,0.008189457,0.005219904,0.002331158,-0.000587959,-0.003453902,-0.006298107,-0.009008159,-0.01161991,-0.01419259,-0.01655082,-0.01884644,-0.02090032,-0.02288359,-0.02471244,-0.02654459,-0.02812731,-0.02959551,-0.03152972,-0.03377036,-0.03617125,-0.03855714,-0.04074615,-0.04216676,-0.04342816,-0.04409699,-0.04414558,-0.04368764,-0.04268058,-0.04113678,-0.03927559,-0.03730606,-0.0351336,-0.03288493,-0.0311214,-0.02989005,-0.02863262,-0.02723386,-0.02555976,-0.02369474,-0.02178849,-0.01972574,-0.0177719,-0.01544524,-0.01323911,-0.01098018,-0.008584392,-0.006088455,-0.003692978,-0.001028008,0.00156661,0.004236574,0.007009407,0.009694483,0.01219709,0.01499657,0.01789718,0.02020058,0.02259361,0.02484576,0.02694891,0.02903357,0.03094025,0.03259505,0.03418797,0.03559417,0.0368969,0.03788745,0.03875607,0.03945028,0.0398725,0.0402226,0.04028543,0.04029107,0.04006543,0.03946824,0.03897137,0.03828546,0.03727511,0.03626187,0.03505606,0.03349707,0.03200036,0.03033049,0.02846724,0.02635248,0.02427038,0.02199365,0.01982871,0.01742493,0.0149879,0.01247154,0.009987104,0.007457515,0.004814184,0.002230839,-0.000286157,-0.0027185,-0.005283954,-0.007696453,-0.01004637,-0.01216662,-0.01450847,-0.01655343,-0.01847636,-0.02033613,-0.02223401,-0.02393377,-0.0254233,-0.02691677
ELL,0.001135233,0.001094554,0.001049994,0.001127269,0.001026523,0.001051592,0.001045303,0.001024032,0.0009524598,0.0009055873,0.000862819,0.0008883234,0.0007576935,0.0006885856,0.0006920537,0.0006455355,0.0005672181,0.0005021562,0.0003996325,0.0003942972,0.0003494591,0.0003170422,0.0002506926,0.0001812821,0.0001582781,7.528636e-05,-5.214463e-05,-8.398089e-05,-0.0001740798,-0.0002288966,-0.0002913441,-0.0002975776,-0.000369727,-0.0003594155,-0.0004227789,-0.0004067479,-0.000418254,-0.0004796389,-0.000573554,-0.0005892791,-0.0006363362,-0.0006477957,-0.000720448,-0.00066993,-0.00068195,-0.0007898771,-0.0007694496,-0.0007486324,-0.0006369966,-0.0007601427,-0.0007041589,-0.0007488428,-0.0007599944,-0.000702763,-0.0007672432,-0.0007016359,-0.000670852,-0.0005925259,-0.0005756494,-0.0005391291,-0.0004046526,-0.0003643819,-0.0002883851,-0.000266996,-0.0001859397,-0.0001279502,-9.990188e-05,-2.451208e-07,3.131871e-05,0.000166146,0.0002225987,0.0003000672,0.0003278185,0.000522645,0.0004779213,0.0006970182,0.0007447197,0.0007565087,0.000890566,0.0009396211,0.0009844493,0.001021996,0.001055029,0.00112155,0.001238653,0.001222334,0.001287283,0.001341485,0.001288804,0.001384337,0.00137755,0.00142774,0.001401672,0.001427206,0.001373479,0.001395513,0.001419414,0.00144137,0.001342764,0.001306236,0.001319389,0.001287187,0.00125252,0.001241578,0.001152162,0.001055478,0.001069176,0.0009933163,0.0009994396,0.0007885856,0.0007123398,0.000658308,0.0006356388,0.0004803657,0.0004967792,0.0004861806,0.0003789396,0.0002753248,0.0001355176,2.902253e-05,1.482214e-05,-0.0001111954,-0.0002084969,-0.0003322894,-0.0004154149,-0.0005299362,-0.0006306884,-0.000652004,-0.0006951662,-0.0007942024,-0.0009267073,-0.001036729,-0.001078742,-0.0011541,-0.001227105,-0.001288891,-0.00138931,-0.001434852,-0.001527778,-0.001513156,-0.001570091,-0.001617468,-0.001664135,-0.001732666,-0.001723363,-0.001755454,-0.001827517,-0.001808616,-0.001809694,-0.001807397,-0.001845275,-0.001802638,-0.00176934,-0.001756204,-0.001772093,-0.001667676,-0.001699865,-0.001691933,-0.001605606,-0.001611442,-0.001521549,-0.001429362,-0.001359775,-0.001270639,-0.001237868,-0.00113768,-0.001121732,-0.0009645366,-0.0009366976,-0.0007698248,-0.0007631465,-0.0006247622,-0.0004709353,-0.0004879027,-0.0004672591,-0.00032954,-0.0002453483,-0.000215113,-6.542955e-05,7.455135e-06,4.534954e-05,0.0001183222,0.0002703394,0.0002921603,0.0004040189,0.0004557044,0.0005549885,0.0006355906,0.0007520873,0.000798104,0.0008526575,0.0009361034,0.0009314623,0.001043933,0.001101815,0.001066148,0.001120158,0.00112516,0.001175659,0.001181765
ELL,-3.112067e-05,-2.72792e-05,1.692592e-05,6.386243e-05,9.726912e-05,0.0001021576,0.0001413891,0.0001949355,0.0001970297,0.0002216928,0.0002323488,0.0002664155,0.000323539,0.0003209196,0.0003364547,0.0003788739,0.0003792015,0.0003979616,0.0003952055,0.000428243,0.0004547698,0.0004453784,0.0004663018,0.0004625279,0.0004763278,0.0004703217,0.0004710245,0.000472329,0.0004551562,0.0004643125,0.0004478348,0.0004556302,0.0004442972,0.0004216333,0.0004190232,0.0004075884,0.0003682995,0.0003740256,0.0003468029,0.0003317081,0.000304141,0.0002922476,0.0002545145,0.0002419857,0.0002180219,0.0001707055,0.0001485385,0.0001450503,8.327028e-05,6.960046e-05,7.79898e-05,1.107253e-05,-3.163886e-06,-3.614787e-05,-6.217703e-05,-9.11809e-05,-0.0001277786,-0.0001560745,-0.000185965,-0.0002062421,-0.0002319028,-0.000244633,-0.0002606412,-0.0002971777,-0.0003137015,-0.0003162303,-0.0003232445,-0.0003827925,-0.0003947239,-0.0003900951,-0.0004279896,-0.0004322699,-0.0004594228,-0.0004491401,-0.0004583866,-0.0004630271,-0.0004646332,-0.0004549114,-0.0004549585,-0.0004690369,-0.0004577342,-0.0004522563,-0.0004470905,-0.0004459383,-0.0004349426,-0.0004181912,-0.0003996604,-0.0003936052,-0.0003795376,-0.0003490228,-0.0003499214,-0.0003094763,-0.000308763,-0.0002745252,-0.0002247852,-0.0002330046,-0.0002110293,-0.0001789654,-0.0001538526,-0.0001197242,-7.674487e-05,-5.749982e-05,-2.973512e-06,-3.441582e-05,1.22285e-05,7.437284e-05,9.662757e-05,0.0001191492,0.0001391281,0.0001743365,0.0002152138,0.0002336298,0.0002667966,0.0003116679,0.0003172042,0.0003200547,0.0003487177,0.0003738378,0.0003843822,0.0004119217,0.000421014,0.0004251,0.0004508197,0.0004642539,0.0004719443,0.0004947075,0.0004851157,0.0004833826,0.0004723303,0.0004894576,0.0004790012,0.0004693007,0.0004749047,0.0004777178,0.00043463,0.0004531709,0.00042795,0.0004052335,0.000379283,0.0003770208,0.0003477875,0.000317369,0.0002911299,0.0002786297,0.0002692571,0.000231352,0.0001724411,0.0001661322,0.0001363824,0.000111209,5.746613e-05,2.212014e-05,2.620691e-05,-2.31342e-06,-6.541712e-05,-8.818466e-05,-0.000122235,-0.0001456228,-0.0001937469,-0.0002098271,-0.0002262604,-0.0002682859,-0.0003042755,-0.0003352849,-0.0003362095,-0.0003576855,-0.0003791244,-0.000418493,-0.0004188919,-0.0004360786,-0.000467196,-0.0004673977,-0.0004617756,-0.0004798373,-0.0004909278,-0.0005096421,-0.0004908144,-0.0005000823,-0.0005099205,-0.0004810531,-0.0004763659,-0.0004893949,-0.0004853294,-0.0004468218,-0.0004527909,-0.0004279899,-0.000402895,-0.0003962849,-0.0003791355,-0.0003484263,-0.0003437102,-0.0003100558,-0.000265499,-0.0002591939,-0.0002217911,-0.0001938049,-0.0001534391,-0.0001432933,-9.811744e-05,-5.789063e-05
ELL,0.0009966469,0.0007479236,0.0005288858,0.0001820307,-8.257583e-05,-0.0004012249,-0.0007195495,-0.0009536017,-0.001299624,-0.001416994,-0.001742385,-0.002055625,-0.002188697,-0.002382181,-0.002616633,-0.002863412,-0.003032062,-0.003156371,-0.003409881,-0.003427491,-0.003636416,-0.003912193,-0.003908777,-0.004075809,-0.004145239,-0.004171871,-0.004071514,-0.00416163,-0.004137028,-0.004103191,-0.004104706,-0.004033785,-0.003918621,-0.003844283,-0.00371438,-0.003667349,-0.003423675,-0.003180282,-0.00302473,-0.002874495,-0.002615499,-0.002429176,-0.002040212,-0.001880386,-0.001555644,-0.001304483,-0.001035005,-0.0006913619,-0.0003059806,-9.416321e-05,0.000224975,0.0003316684,0.0005809648,0.0009355189,0.00121417,0.0014776,0.001706968,0.002033353,0.002266198,0.00259978,0.002734276,0.003049462,0.003194189,0.00345331,0.003686209,0.003801256,0.004044872,0.004270213,0.004366314,0.004464716,0.004636452,0.004675942,0.004755457,0.004658927,0.004781654,0.00480774,0.004718145,0.004665634,0.004623539,0.004528157,0.004367587,0.004306116,0.004103607,0.004042752,0.003854376,0.003653157,0.003464039,0.003311176,0.003006494,0.002718884,0.002500776,0.002184106,0.001803312,0.00157988,0.001316347,0.0009783624,0.000643484,0.0002881673,9.065842e-05,-0.0003082002,-0.0005781034,-0.0009698463,-0.001374991,-0.001677169,-0.001933402,-0.002276069,-0.002483594,-0.00285575,-0.003224127,-0.003397093,-0.003607607,-0.003934819,-0.004233522,-0.004460483,-0.004559341,-0.004691737,-0.005001836,-0.005144073,-0.005277353,-0.005461668,-0.005439043,-0.005613755,-0.005741594,-0.005735525,-0.005712977,-0.005780156,-0.00561548,-0.005758325,-0.005660967,-0.005698625,-0.005725424,-0.005549574,-0.005497949,-0.005248433,-0.005121754,-0.005025657,-0.004838241,-0.004738113,-0.004590997,-0.004332219,-0.004120754,-0.003871871,-0.003667734,-0.003429603,-0.003134698,-0.002793316,-0.002544762,-0.002238091,-0.001986191,-0.001716172,-0.00138583,-0.001089488,-0.0007824381,-0.0006372018,-0.0003091969,-3.103585e-05,0.0003710182,0.0006291359,0.0009366299,0.00128645,0.001489242,0.001805975,0.002014863,0.002339108,0.002613278,0.002844658,0.003086744,0.003353394,0.003573223,0.003695144,0.003957256,0.004072412,0.004139911,0.004287581,0.00443225,0.004455042,0.004497819,0.004533314,0.004588492,0.004519592,0.004609133,0.004514928,0.004630823,0.004511792,0.004381963,0.004209783,0.004177721,0.004073302,0.003851631,0.003733825,0.003514924,0.003374982,0.003065677,0.002979454,0.002694599,0.002449144,0.002153811,0.001901173,0.001597836,0.001262252
ELL,-0.0002075117,-0.001229721,-0.002379064,-0.003029254,-0.003808487,-0.006384187,-0.00725701,-0.008959033,-0.01047435,-0.01065517,-0.01133367,-0.01312906,-0.01430746,-0.01516708,-0.01572933,-0.01614128,-0.01631567,-0.01721284,-0.01917041,-0.02042231,-0.02066985,-0.01958306,-0.01967204,-0.01911272,-0.0197101,-0.0205544,-0.02139163,-0.02048407,-0.01969175,-0.0185292,-0.01842789,-0.01963284,-0.02050284,-0.01875036,-0.0174293,-0.01590303,-0.01492196,-0.0143986,-0.01499769,-0.01570057,-0.01521351,-0.01382805,-0.01107872,-0.009747402,-0.009042963,-0.009003943,-0.008055972,-0.006176003,-0.0036442,-0.001399891,-0.0002473112,-0.0002057069,0.0001917694,0.001031516,0.003363299,0.006188001,0.008191275,0.009458375,0.008530408,0.009645363,0.01098228,0.01257456,0.01408406,0.01567572,0.0153153,0.01444704,0.01598944,0.01675631,0.01812822,0.01863838,0.01900133,0.01866496,0.01820087,0.01888133,0.02012134,0.02027202,0.02041028,0.01962471,0.0188527,0.01833363,0.01872855,0.01912566,0.01952747,0.01809747,0.01710458,0.01562789,0.01607312,0.01668433,0.01651533,0.01651995,0.01624884,0.0143715,0.0135696,0.01117465,0.01012182,0.009476528,0.009177704,0.007120889,0.005925445,0.005812165,0.00468854,0.002075341,5.513369e-05,-0.0008020419,-0.0008695695,-0.002028352,-0.002340657,-0.00459372,-0.00738271,-0.009891701,-0.01080245,-0.01039764,-0.01041055,-0.01037661,-0.01074405,-0.01334599,-0.01555624,-0.01644913,-0.01645041,-0.01563651,-0.01523308,-0.01720296,-0.01953963,-0.02062726,-0.01901058,-0.01745604,-0.0152868,-0.01518598,-0.01652989,-0.01777466,-0.01802182,-0.01717397,-0.01619105,-0.01486035,-0.01359037,-0.01305234,-0.01164271,-0.00825756,-0.005583189,-0.004691421,-0.005353561,-0.006132343,-0.006432989,-0.004762147,-0.001107356,0.001961224,0.004176857,0.003837114,0.004141607,0.005065934,0.006336412,0.008839036,0.01252451,0.01044109,0.00784913,0.007657328,0.007952658,0.01137317,0.0160435,0.01960097,0.02090383,0.01911782,0.01727315,0.01776434,0.01886488,0.0206331,0.0219676,0.02274021,0.02246103,0.02284904,0.02506813,0.02540496,0.02682946,0.02664013,0.02603189,0.02410337,0.02463264,0.02411333,0.0224835,0.02145047,0.02109627,0.02076668,0.02057727,0.0213269,0.02055813,0.0180844,0.01607712,0.01299771,0.01176276,0.0116181,0.01252462,0.01130935,0.009839742,0.007350991,0.005606974,0.004849176,0.004224602,0.002590683,0.002111943,-0.00014432
ELL,-0.000127203,2.029776e-05,-0.0001591339,-0.0004431186,-0.001006966,-0.0002167068,-0.00106544,-0.0008672284,-0.001091968,-0.000342509,-0.001553189,-0.0009397071,-0.001025303,-0.0008341529,-0.001488541,-0.0009031368,-0.001541297,-0.001714942,-0.001176778,-0.0009504922,-0.001161902,-0.0007676863,-0.001349322,-0.001071348,-0.0007923815,-0.0008311513,-0.001145998,-0.001341575,-0.001243328,-0.001112886,-0.0004391595,-0.0003870137,-0.001047864,-0.0006206166,-0.0003138043,-0.0007298479,-0.0001276949,-0.0007272091,-0.0002406209,0.0001112044,-4.129813e-06,-0.0001724954,-0.0004175786,-0.0002707272,0.000206534,0.0003045308,-0.0001208058,-0.0001835571,0.0003020198,-0.0002100461,0.0004903606,0.0002290062,8.676998e-05,0.0002433379,0.000601622,0.000939559,0.0004325141,0.0008442845,0.000153654,0.0005662909,0.0005716785,0.000784602,0.00134525,0.0009747329,0.0007171421,0.001101631,0.00124119,0.0007145752,0.001250223,0.001954497,0.0007247526,0.001173603,0.001536343,0.0006950205,0.001248504,0.001295459,0.001030241,0.0009251507,0.001324607,0.001074902,0.0009723791,0.001260897,0.000698109,0.001152527,0.001109081,0.0008205214,0.001271301,0.0005602473,0.0005412212,0.000640159,0.0009011171,0.000132582,0.0004625888,0.0004798233,0.0002553106,0.0002324952,-0.000466297,0.0004923852,-0.0001612603,-0.0001116601,-0.0005033424,-2.429481e-05,-0.0006243375,-0.001129969,-0.0003285522,-0.001060926,-0.001549531,-0.0002653873,-0.0009554475,-0.001238953,-0.001297405,-0.0009540823,-0.0009596836,-0.001622335,-0.0009372658,-0.000984066,-0.001021133,-0.001478132,-0.001617469,-0.001603239,-0.001112189,-0.001412895,-0.001425745,-0.001180646,-0.002024368,-0.001134072,-0.001186525,-0.001052089,-0.00137278,-0.0007711416,-0.0009249788,-0.001281225,-0.0009075805,-0.0008064894,-0.0006771905,-0.0002025762,-0.0005929262,3.792167e-05,-0.0004783141,-7.788654e-05,4.35589e-05,-0.0002851688,5.476392e-05,-0.0001584042,-0.000351006,-8.335396e-05,-0.0002436373,0.0007263217,-0.0004213126,-0.0005724931,-0.0001745875,0.0007028171,0.0004265568,-6.087253e-05,0.0001374831,0.0004101785,0.0002294281,2.925853e-05,0.0008079556,0.0002200538,0.0007743679,0.0004115027,0.0008787989,0.0007941781,0.001292158,0.001141038,0.001068071,0.0009462463,0.001887542,0.0005371672,0.001571449,0.00139691,0.001211986,0.001005442,0.001309674,0.001408037,0.001053952,0.00115867,0.0009954598,0.001601767,0.0008427855,0.0006181539,0.001180935,0.001066392,0.0005898863,0.0009496313,0.0008437848,0.0006977564,0.000802936,0.001347385,0.0006810446,0.0002054343,0.0002824316,0.0003220743,0.0003713836,2.164226e-05,0.0002930348,-8.876979e-06,-3.17803e-05,-0.0007734172
ELL,0.000140277,0.000183769,0.0001417434,0.0001661277,0.0001116573,0.0001384867,0.000172584,8.308372e-05,7.664462e-05,0.0001073629,0.0001614468,0.000251464,0.0003927791,0.0005425452,0.0006874309,0.0007571325,0.000701802,0.0006092457,0.0006896618,0.0006772288,0.0007628521,0.0007351264,0.0008694836,0.0009111309,0.000978787,0.001009594,0.001038456,0.001024341,0.001082415,0.001077716,0.001001128,0.0008936344,0.0008031286,0.0007099815,0.0005630722,0.0004739953,0.0003683526,0.0002094091,9.139683e-05,-7.669035e-05,-0.0001949298,-0.0003921113,-0.0005671082,-0.0007527658,-0.0008324357,-0.0009981557,-0.001045222,-0.001114353,-0.001123799,-0.001214522,-0.001248675,-0.001258666,-0.001280962,-0.001361195,-0.001273459,-0.001174001,-0.0009430799,-0.0009079645,-0.0006287012,-0.0004616373,-0.0003025638,-7.029893e-05,0.0001686495,0.000395716,0.0007399706,0.000963634,0.001291278,0.001527328,0.001863959,0.002082513,0.002311869,0.002490198,0.002771223,0.002927029,0.003106559,0.003194666,0.003361785,0.003497618,0.003658088,0.0035703,0.003600641,0.003654443,0.00364684,0.003546242,0.003498195,0.003411535,0.003323868,0.003216885,0.002991068,0.002816747,0.002633574,0.002413158,0.00217847,0.001976526,0.001749226,0.001508701,0.00126322,0.001049382,0.0008056244,0.0005640424,0.0003215207,9.53956e-05,-0.0001087108,-0.000378907,-0.0005457624,-0.0007724175,-0.0009080335,-0.001032985,-0.001175119,-0.001267796,-0.001346034,-0.001424838,-0.00149043,-0.001534714,-0.001540095,-0.001507092,-0.001498541,-0.001387815,-0.001291919,-0.001222147,-0.001134281,-0.00101001,-0.0009719062,-0.0008933516,-0.0007831765,-0.0008014347,-0.0008028732,-0.0007620754,-0.0007562925,-0.0007995461,-0.0008231392,-0.0008928431,-0.0009150481,-0.0009167288,-0.001081615,-0.001117317,-0.001235157,-0.00143401,-0.001534866,-0.00170945,-0.001809679,-0.001982766,-0.002084956,-0.002264374,-0.002324821,-0.00243493,-0.002518815,-0.002599291,-0.002608183,-0.002649149,-0.002654091,-0.002616476,-0.002625275,-0.002566517,-0.00249612,-0.002396985,-0.002273906,-0.002113127,-0.001952215,-0.001771697,-0.001586869,-0.001335836,-0.001123018,-0.0008609467,-0.0005600955,-0.0003308615,-5.42704e-05,0.0001992343,0.0005181651,0.0008135056,0.001067027,0.001261984,0.001571176,0.001769436,0.001956844,0.002135342,0.002334159,0.002462619,0.002554994,0.002604777,0.00267963,0.00265855,0.002622403,0.002557091,0.002506983,0.002415983,0.002260533,0.002088681,0.001974404,0.001788831,0.001637762,0.001513365,0.001347936,0.001126853,0.001034748,0.0008403333,0.0007237489,0.0005332155,0.0004826708,0.0003458967
ELL,0.0004197371,-0.0008240981,-0.002115388,-0.0033377,-0.004526192,-0.005700599,-0.006962657,-0.007919726,-0.00910483,-0.01019401,-0.01117701,-0.01215567,-0.01312505,-0.01404793,-0.01494402,-0.01577372,-0.01650483,-0.01727391,-0.01793979,-0.01849803,-0.01899509,-0.01946643,-0.0198743,-0.02025144,-0.02057578,-0.02081003,-0.02088939,-0.02104222,-0.02108794,-0.0210361,-0.02091522,-0.0206916,-0.02043909,-0.02011497,-0.01969595,-0.01932558,-0.01892989,-0.0183799,-0.0177986,-0.01719123,-0.0165355,-0.01582493,-0.0150872,-0.01433413,-0.01343657,-0.01247515,-0.01151383,-0.01046375,-0.009337627,-0.008233205,-0.007114033,-0.005903922,-0.004692539,-0.003417403,-0.002281434,-0.000983157,0.0002494073,0.001480279,0.002670076,0.00396172,0.005147322,0.006293351,0.007494541,0.008619239,0.00970257,0.0106998,0.01172645,0.01256556,0.01354911,0.01435043,0.01514419,0.01580512,0.0165316,0.01716549,0.01767873,0.01816406,0.01857439,0.01893883,0.01913478,0.01931359,0.01933512,0.01938597,0.01932157,0.01911577,0.01884868,0.01846952,0.01810893,0.01769918,0.01700456,0.01634717,0.0156225,0.0148687,0.01411059,0.01333409,0.01235617,0.01135684,0.01040935,0.009528683,0.008375867,0.007321259,0.006200594,0.005128453,0.004077114,0.002918173,0.001782398,0.0005774564,-0.0005543224,-0.001603857,-0.002725151,-0.003698538,-0.004722967,-0.005777318,-0.006666562,-0.007574964,-0.008513989,-0.00938412,-0.01010677,-0.01088869,-0.01154522,-0.01218391,-0.01276794,-0.01320689,-0.0136081,-0.01398684,-0.014176,-0.01449025,-0.0145675,-0.01466656,-0.01462094,-0.01460189,-0.0143778,-0.01430306,-0.01406963,-0.01383667,-0.01339501,-0.01294654,-0.01253718,-0.01194274,-0.0113743,-0.01071213,-0.00998619,-0.009265579,-0.008442103,-0.007586568,-0.00663835,-0.005626867,-0.00462281,-0.003527767,-0.002474577,-0.00144949,-0.0002745579,0.0007711704,0.001919282,0.003050617,0.004210836,0.005350282,0.006482832,0.007606099,0.008667623,0.009740111,0.01088556,0.01189246,0.01284844,0.0137292,0.01458593,0.01543847,0.01628784,0.01691159,0.01752389,0.01803961,0.01853197,0.01894676,0.01926238,0.01956924,0.01975947,0.01994665,0.01999208,0.01994347,0.01984534,0.01964041,0.0193349,0.01904524,0.01855737,0.01807377,0.01749665,0.01680437,0.01606004,0.01527202,0.01437191,0.01334893,0.01234787,0.01122413,0.0101664,0.009056643,0.007818198,0.006727556,0.005425157,0.004274553,0.002973711,0.001792985
ELL,-0.001332257,-0.00149855,-0.001563959,-0.001618523,-0.001754852,-0.001827419,-0.00188173,-0.001954214,-0.001939387,-0.001997856,-0.001995268,-0.001919126,-0.001998922,-0.001889778,-0.001929267,-0.001816482,-0.001764566,-0.001737412,-0.001780086,-0.001894734,-0.001717487,-0.001569487,-0.001479806,-0.001314556,-0.00117271,-0.0009198491,-0.0007625211,-0.0006404447,-0.0005039402,-0.0003644579,-0.0002258204,-8.423658e-05,1.735778e-05,0.0002032001,0.000335841,0.0003792216,0.000488805,0.0005731529,0.0006927615,0.0007869476,0.000882579,0.0008977135,0.001064394,0.001114018,0.00119618,0.001253692,0.001322882,0.001396668,0.0014718,0.001450305,0.001509126,0.001593448,0.001633054,0.001672827,0.001571011,0.001593016,0.00162741,0.001808746,0.001832158,0.001761494,0.001775762,0.001776733,0.001715072,0.001660912,0.001698193,0.001609057,0.00162884,0.001609017,0.001588412,0.001569181,0.001392108,0.00144241,0.001460042,0.001418392,0.001425556,0.001347616,0.001246942,0.001276115,0.001214381,0.001165176,0.001158417,0.001040678,0.001003364,0.0009002226,0.0007722369,0.0007912831,0.000616917,0.0004565206,0.0003014222,0.0001979318,0.0001558048,-0.0001174182,-0.0002841049,-0.0003469987,-0.0005268284,-0.0006058452,-0.0008260342,-0.0009946108,-0.001013199,-0.00122875,-0.00130506,-0.001427023,-0.00159048,-0.001597487,-0.001769549,-0.001823906,-0.001853806,-0.001967676,-0.001942488,-0.002055053,-0.002045346,-0.002047974,-0.0020778,-0.002035828,-0.002068025,-0.001953175,-0.001896085,-0.001917148,-0.001847609,-0.001731626,-0.001637197,-0.001529396,-0.001414153,-0.001279812,-0.001186598,-0.0009745352,-0.0008640044,-0.0006513235,-0.0005028377,-0.0003666525,-0.0001591639,-5.381271e-05,0.0001745806,0.0003749972,0.0004161996,0.0006427166,0.0008441851,0.0009107112,0.001127746,0.00119034,0.001380157,0.001415612,0.001454836,0.001546601,0.001322722,0.001467453,0.001527703,0.001553254,0.001620835,0.001608135,0.001712539,0.001721871,0.001679098,0.001772364,0.001672619,0.00175427,0.001728176,0.001742123,0.0017303,0.001715938,0.001729389,0.001682553,0.001629919,0.001576144,0.00146484,0.001450475,0.001399858,0.001269275,0.001295466,0.001158773,0.001154051,0.001133932,0.0009893191,0.001045512,0.0008592784,0.0008251422,0.0008307059,0.0006666572,0.000647248,0.000592342,0.0004817757,0.0003513928,0.0002042455,0.0001973401,4.8988e-05,-6.554003e-05,-8.318225e-05,-0.0002654501,-0.0003126245,-0.0004624604,-0.0005871437,-0.0006850668,-0.0007994229,-0.0008665249,-0.001043236,-0.001134693,-0.001183514,-0.00134503,-0.001401063,-0.001525376
ELL,-0.01682161,-0.01352911,-0.009975759,-0.006601147,-0.003272829,0.0004523054,0.003864205,0.007310336,0.01072232,0.01421089,0.01757521,0.02073445,0.02384952,0.0269989,0.03023777,0.03311118,0.03595659,0.03854962,0.04103265,0.04328981,0.04543952,0.04751371,0.04934813,0.05068503,0.05229877,0.05335328,0.05411155,0.05490473,0.05572998,0.05613651,0.05618126,0.05617516,0.05587547,0.05557112,0.05455745,0.05386176,0.0526694,0.05148197,0.0499663,0.04833854,0.04658139,0.04475254,0.04256508,0.04031112,0.0382178,0.03541947,0.03286919,0.03015926,0.02769244,0.02466897,0.02155438,0.01886608,0.01606984,0.01268296,0.009600978,0.006773762,0.003627066,0.0007404397,-0.002308831,-0.005158755,-0.007916762,-0.01028885,-0.01318373,-0.01613009,-0.01846216,-0.02122444,-0.02367529,-0.02601807,-0.02858749,-0.03101218,-0.0331657,-0.03528878,-0.03738316,-0.03907248,-0.04094541,-0.04244109,-0.04380215,-0.04484259,-0.04600692,-0.04649688,-0.04696302,-0.04713403,-0.04703919,-0.04707269,-0.04628222,-0.04555612,-0.04466321,-0.04337763,-0.04194168,-0.04043033,-0.03865879,-0.03672278,-0.03433889,-0.03226219,-0.0300043,-0.027778,-0.02515535,-0.0226447,-0.02002846,-0.01736592,-0.01477231,-0.01201266,-0.009294264,-0.006588708,-0.003660198,-0.0007236609,0.00230502,0.005026537,0.008052366,0.010872,0.01391847,0.01704078,0.02002836,0.02262815,0.02556329,0.02836427,0.03103539,0.03345948,0.0363159,0.03864172,0.04060258,0.04288225,0.04485259,0.0468702,0.04833952,0.05017956,0.05110206,0.05236299,0.05345067,0.05400125,0.05470605,0.05489531,0.05512974,0.05473924,0.05458075,0.05420456,0.05327186,0.05226242,0.051168,0.04977619,0.04842267,0.0465544,0.04459631,0.04285325,0.0407333,0.03804233,0.03571389,0.03306837,0.02992916,0.02719441,0.02400062,0.02090473,0.01788078,0.01411619,0.0112385,0.007560915,0.004108622,0.0009895589,-0.002880851,-0.006265939,-0.009727159,-0.0132272,-0.01644769,-0.01978422,-0.02296701,-0.02663159,-0.02935714,-0.03259818,-0.03575259,-0.03861741,-0.04155968,-0.04413903,-0.04690249,-0.0489314,-0.05119546,-0.05305178,-0.0547215,-0.05616131,-0.05712828,-0.05822448,-0.05864429,-0.05875001,-0.05875082,-0.0582958,-0.05772926,-0.05649051,-0.05520636,-0.05381174,-0.05177448,-0.04948466,-0.04733016,-0.04519476,-0.04222961,-0.03936793,-0.03657266,-0.03351376,-0.03049145,-0.02704542,-0.02368149,-0.02022767
ELL,0.004203676,0.003915719,0.003921452,0.003926902,0.003726626,0.003884115,0.003535232,0.003712564,0.00343868,0.003448261,0.003458961,0.003309197,0.003343866,0.003140301,0.003274893,0.002992255,0.003045304,0.003183465,0.002839661,0.003104984,0.002828488,0.002928332,0.002893453,0.002924582,0.003042527,0.002840655,0.003024692,0.002836651,0.00293001,0.003010384,0.002956559,0.00325889,0.003005838,0.003299733,0.003023346,0.003192505,0.003377744,0.003149492,0.003471715,0.003442697,0.004788782,0.0033011,0.003313295,0.00354151,0.003502021,0.003743218,0.003673531,0.003758098,0.003833317,0.003824479,0.004005277,0.003819189,0.004112397,0.003961634,0.004106195,0.004216053,0.004185953,0.00428209,0.004287898,0.004369604,0.00441248,0.004399697,0.004625658,0.004600507,0.004761564,0.004681183,0.004717734,0.004984818,0.004801881,0.005080094,0.004971869,0.005073022,0.00504514,0.005016925,0.005148434,0.004660191,0.005129114,0.005115882,0.00523036,0.005449737,0.005230963,0.005720734,0.00569476,0.005997252,0.006001226,0.006079573,0.006325048,0.006307245,0.006590894,0.006592254,0.006583466,0.006829743,0.006639739,0.007126089,0.006876963,0.007231268,0.00710825,0.007076189,0.007205331,0.007105111,0.007356511,0.004600481,0.004546932,0.004721203,0.004657947,0.005638599,0.005463163,0.003629235,0.003301049,0.003281569,0.003134749,0.002934661,0.003098282,0.002765205,0.002738771,0.002644722,0.002524091,0.002643321,0.002014864,0.002375975,0.001615587,0.002066322,0.001916014,0.001566046,0.001712461,0.001420819,0.001170512,0.001551923,0.001307998,0.0009477109,0.001039936,0.001037251,0.0007015911,0.0006212688,0.0008515543,0.0006062849,-0.0005546121,0.0002451327,0.0003578721,0.0001099346,0.0001110153,5.387008e-05,-0.0002554705,-9.554071e-05,-0.0004360261,-0.000358,-0.0005317759,-0.0005132423,-0.0005768049,-0.0009430263,-0.0006306688,-0.000939222,-0.0007964924,-0.0008054464,-0.001001958,-0.0009190577,-0.0010726,-0.0009686162,-0.00125021,-0.001141205,-0.001197009,-0.00145283,-0.001240453,-0.001716291,-0.001448077,-0.001626006,-0.001566627,-0.001606404,-0.001889948,-0.001674751,-0.002030213,-0.001869133,-0.002052769,-0.001903439,-0.001990074,-0.002186104,-0.001871516,-0.002138116,-0.001897192,-0.0009870657,0.001270943,0.001791575,0.001476029,0.001691393,0.001541628,0.001742924,0.001733157,0.001550866,0.001932968,0.001566077,0.001764074,0.001673992,0.00169248,0.001849536,0.00152316,0.001821855,0.001384909,0.001560979,0.001716831,0.001342315
ELL,-0.000421447,-0.0004579567,-0.0004851202,-0.0005896511,-0.0006332246,-0.0007752437,-0.0008875751,-0.000882951,-0.0008562435,-0.001015322,-0.001072912,-0.001335874,-0.001368357,-0.001279589,-0.001412205,-0.001448385,-0.001439997,-0.001534285,-0.001497887,-0.001504142,-0.001421916,-0.00138494,-0.001286212,-0.001305679,-0.001291223,-0.001218894,-0.001157659,-0.001162364,-0.001091411,-0.001176838,-0.001079718,-0.001090248,-0.00104961,-0.001076972,-0.001041908,-0.001152297,-0.001103379,-0.001072764,-0.001071624,-0.001009923,-0.0008454071,-0.0007633999,-0.0006604776,-0.0005887032,-0.000504129,-0.0003557197,-0.0001371948,-7.053739e-05,0.0001005928,0.0001479759,0.0002952231,0.0003488809,0.0004514618,0.0005059753,0.0005409734,0.0006269118,0.0006861099,0.0007589905,0.0008943738,0.000929223,0.001027846,0.001159485,0.001253043,0.00129578,0.001352908,0.001410918,0.001494016,0.001514196,0.001568486,0.001625183,0.001742358,0.00169814,0.001760904,0.00180597,0.001767193,0.001809145,0.001798489,0.001848008,0.001803845,0.001776518,0.001758537,0.001725608,0.001706011,0.00161203,0.001557861,0.001527041,0.001415926,0.001256641,0.001124769,0.00103214,0.0008996004,0.0009184853,0.0007789784,0.0006088252,0.0004906237,0.0002243443,2.728631e-05,-8.628081e-05,-0.0002048728,-0.0002675856,-0.0003867286,-0.0004507421,-0.0005235795,-0.0005577771,-0.0006654864,-0.000708752,-0.0008283451,-0.0009268387,-0.001044821,-0.001179598,-0.001156004,-0.001291764,-0.001359837,-0.00134611,-0.001405559,-0.001393861,-0.001477998,-0.001513866,-0.001582751,-0.001513604,-0.001473984,-0.001478972,-0.001402595,-0.001343193,-0.00149263,-0.001704197,-0.001659364,-0.001657044,-0.001554784,-0.001499058,-0.001429194,-0.001449876,-0.00137045,-0.00135975,-0.001323916,-0.001314205,-0.001231743,-0.00117723,-0.00107724,-0.0009357482,-0.0006426729,-0.0006026071,-0.0005474194,-0.0005372566,-0.0004925843,-0.0003124209,-0.0002335976,-0.0002027418,-0.0001745128,1.264275e-05,4.598762e-05,0.0001079206,0.0002182517,0.0002871304,0.0005142451,0.0006173167,0.0007545248,0.00099401,0.0009838014,0.00103861,0.001119457,0.0012737,0.001272654,0.001352794,0.001303716,0.001341862,0.001366094,0.001427524,0.001478413,0.001555707,0.001684572,0.001612566,0.001665939,0.001581772,0.001609726,0.001734207,0.001864387,0.002004958,0.001933824,0.001907823,0.001931282,0.001858499,0.001765075,0.001726161,0.001575297,0.001530982,0.001399626,0.001305375,0.001266506,0.001151798,0.001153271,0.001016736,0.0008911656,0.0008219252,0.0007423796,0.0005839496,0.0005005516,0.0003739764,0.0002609881,0.000124811
ELL,0.01138787,0.01193303,0.01262612,0.01314194,0.01354107,0.01419655,0.01424002,0.01488548,0.01503638,0.01498334,0.01548609,0.01528527,0.01525966,0.0153526,0.01497658,0.01520102,0.01477937,0.01428652,0.01432383,0.01368343,0.01329731,0.01299864,0.01217803,0.01171128,0.01119182,0.01025925,0.009921954,0.009067145,0.008156211,0.008158848,0.006780582,0.006068453,0.005596164,0.004387022,0.003747313,0.002926859,0.001731723,0.001226866,0.000325368,-0.0006657413,-0.0008902749,-0.001846438,-0.002658225,-0.003139166,-0.004207591,-0.004577915,-0.005148914,-0.006129494,-0.006059146,-0.006855658,-0.007328372,-0.007255325,-0.008166289,-0.008175816,-0.008023677,-0.008614474,-0.008426413,-0.008369318,-0.008849911,-0.00814312,-0.008707295,-0.008396808,-0.007612391,-0.008041984,-0.00744338,-0.006638197,-0.006734081,-0.005799155,-0.005467889,-0.005110353,-0.003978116,-0.003864816,-0.00309125,-0.001835187,-0.001889063,-0.000824652,0.0002810094,0.0003863146,0.001818764,0.002420866,0.003105904,0.004424785,0.004703253,0.005446681,0.006961095,0.006799429,0.008200026,0.008956163,0.009177855,0.01036447,0.01061442,0.01119238,0.012344,0.01233207,0.01303287,0.01399289,0.01360187,0.01452046,0.01473095,0.01452922,0.01541337,0.01508321,0.01496612,0.01564801,0.01486604,0.01505135,0.01533391,0.01444592,0.01443608,0.01419705,0.01338478,0.01342396,0.01247816,0.01186934,0.01184804,0.01044034,0.009820694,0.009336845,0.007941382,0.007593493,0.006684058,0.005585181,0.004839659,0.003334895,0.002169559,0.001475296,-5.005749e-05,-0.001203439,-0.00205487,-0.003681947,-0.004611853,-0.00579409,-0.007300944,-0.008059314,-0.00960872,-0.01094554,-0.01168407,-0.01331635,-0.01405534,-0.01508202,-0.01653948,-0.01723485,-0.01828748,-0.01939863,-0.01979031,-0.02115319,-0.02186994,-0.02221581,-0.02337495,-0.02372463,-0.0243155,-0.02507679,-0.02507048,-0.02568905,-0.0261499,-0.02588938,-0.02656008,-0.02666801,-0.02624432,-0.02667756,-0.02626462,-0.02584665,-0.02605769,-0.02517947,-0.02491817,-0.02467689,-0.02350761,-0.02345793,-0.02260639,-0.02158038,-0.02149093,-0.02008252,-0.01934801,-0.01895547,-0.01724808,-0.01658836,-0.0157855,-0.0140088,-0.01359483,-0.0123863,-0.01098673,-0.01016846,-0.008519853,-0.007475282,-0.006468854,-0.004710227,-0.003867692,-0.002787708,-0.0009774534,-0.0004192838,0.0009096285,0.002490721,0.003180688,0.004740773,0.006081705,0.006750152,0.00820359,0.009153305,0.009483561,0.01079704
ELL,0.02595824,0.02643425,0.0265166,0.02718727,0.02647229,0.02638675,0.02649686,0.02594141,0.02535747,0.02521012,0.02453333,0.02386281,0.02274503,0.02186828,0.02057973,0.0196655,0.01802719,0.01673128,0.01565428,0.01411557,0.01291518,0.01112015,0.0100058,0.008288803,0.006508708,0.004665261,0.003154313,0.001338798,-0.0004766363,-0.001358511,-0.003509184,-0.005241413,-0.00713595,-0.008738335,-0.01000476,-0.01225451,-0.01373162,-0.01444454,-0.01614619,-0.01768062,-0.018637,-0.0198509,-0.02099803,-0.02201066,-0.02343632,-0.0242865,-0.02545547,-0.02600884,-0.02618528,-0.02706845,-0.0266804,-0.027817,-0.02829663,-0.02793885,-0.02747289,-0.02792433,-0.02750778,-0.02724624,-0.02726603,-0.02619467,-0.02541239,-0.02532621,-0.02431818,-0.02371293,-0.02290801,-0.02176142,-0.02042692,-0.0191313,-0.01711531,-0.0167133,-0.01506513,-0.01338694,-0.01224952,-0.01039493,-0.008305594,-0.006762114,-0.005451869,-0.003000634,-0.001267613,0.0001654133,0.002050006,0.004263435,0.005775417,0.007551454,0.009264558,0.01112845,0.01264334,0.0144832,0.01574773,0.01672484,0.01888377,0.02027359,0.02135502,0.02197757,0.02315395,0.02434018,0.0251283,0.02659708,0.02678166,0.02768558,0.02802549,0.02811851,0.02865962,0.02862066,0.02902533,0.02914692,0.02837523,0.02850302,0.02800642,0.02704098,0.02694042,0.02627688,0.02613102,0.02491547,0.02422393,0.02265344,0.02185383,0.02044359,0.01915921,0.01802385,0.01662551,0.01530268,0.01326474,0.01177771,0.009649205,0.00806977,0.006404697,0.004550333,0.003152933,0.0008718334,-0.001208228,-0.003056047,-0.004675032,-0.006755727,-0.007550336,-0.009693137,-0.01196858,-0.01422424,-0.01478373,-0.0173997,-0.01857223,-0.01998466,-0.02122612,-0.02255529,-0.0233998,-0.02481723,-0.02548441,-0.026403,-0.02745569,-0.02782935,-0.02811054,-0.02834607,-0.02979302,-0.02935657,-0.02947863,-0.02952432,-0.02913501,-0.02858492,-0.02827253,-0.02826104,-0.02736714,-0.02629152,-0.02540998,-0.02480463,-0.02407443,-0.0222064,-0.02090014,-0.01997455,-0.01886177,-0.01712546,-0.01572623,-0.01458107,-0.01198012,-0.01070159,-0.009419636,-0.007406374,-0.005521065,-0.00338722,-0.001782896,0.0001064039,0.002335623,0.003439141,0.005673181,0.006930966,0.008980989,0.01048301,0.0119741,0.01319316,0.01517656,0.0162325,0.01742436,0.01856684,0.02003225,0.02074111,0.0222963,0.0235812,0.02436117,0.02416275,0.0248202,0.02552595
ELL,0.01212006,0.01093206,0.009026042,0.006502404,0.005895535,0.004592881,0.001382953,0.0004008326,0.001366104,0.001374621,-0.0003877079,0.0009816358,0.002353054,0.006556357,0.008672855,0.01162719,0.01484716,0.01842811,0.02188076,0.02346922,0.02552971,0.02679387,0.02694944,0.0272659,0.02658102,0.02517959,0.02230188,0.02065763,0.01838511,0.01374184,0.01161277,0.00823698,0.00602683,0.003316628,0.0007754701,-0.0007253494,-0.001807035,-0.00122504,-0.003381992,-0.00212446,-0.001436381,-0.0004639464,4.184207e-05,0.001033215,0.001428892,0.001487806,0.0005549736,-0.0009516029,-0.001875389,-0.003300709,-0.006613371,-0.0109178,-0.01344947,-0.01812876,-0.02307038,-0.02749863,-0.02911294,-0.03164872,-0.0349273,-0.0365743,-0.03677803,-0.03445388,-0.03423084,-0.03429317,-0.03073787,-0.02595299,-0.02318393,-0.02050763,-0.0176549,-0.0150533,-0.01345314,-0.01257437,-0.01246364,-0.01228537,-0.01172119,-0.01202308,-0.01227014,-0.01393044,-0.01480193,-0.01549699,-0.01539692,-0.01588896,-0.01668843,-0.01629924,-0.01698206,-0.01195587,-0.01350597,-0.01070781,-0.008815918,-0.004373005,-0.002484018,0.000809945,0.003630276,0.006674332,0.009187478,0.01079029,0.01218053,0.01284048,0.01376561,0.01332578,0.01325046,0.01080917,0.008000819,0.004474271,0.001926226,-0.0003173384,-0.003373605,-0.007021374,-0.007207517,-0.006133738,-0.009131111,-0.006543088,-0.004425357,0.0004347549,0.002392925,0.005868843,0.007987281,0.01297585,0.017211,0.01946227,0.02137378,0.0208,0.02124708,0.02075906,0.02004749,0.01817124,0.01531183,0.01432244,0.01175777,0.009421458,0.005824165,0.003146711,0.002095756,0.0003728399,-0.002050812,-0.002813022,-0.003773449,-0.002607553,-0.002984399,-0.003857052,-0.002669551,-0.002388815,-0.001823062,-0.001432445,-0.00120051,-0.00137361,-0.002214048,-0.003354984,-0.004232784,-0.005449405,-0.008172927,-0.01169158,-0.01378522,-0.01902834,-0.02222463,-0.02623906,-0.02695348,-0.03037617,-0.03421614,-0.03704439,-0.03712806,-0.03265102,-0.03475884,-0.03228435,-0.02982389,-0.02602123,-0.02380361,-0.02175914,-0.01846199,-0.01591137,-0.01381637,-0.01397278,-0.01371663,-0.01330868,-0.01265331,-0.01382283,-0.01408466,-0.01535786,-0.01629378,-0.01773621,-0.01571598,-0.0172645,-0.01791438,-0.0174608,-0.01749977,-0.01399433,-0.01237253,-0.009854112,-0.007203138,-0.003873962,-0.002784736,0.0004389713,0.003648109,0.006650283,0.008378934,0.01058898,0.01177148,0.0127306,0.01359043,0.01428861
ELL,-0.01586727,-0.01228308,-0.008635807,-0.004982084,-0.001277549,0.002350224,0.005942757,0.009485823,0.01324122,0.01685961,0.02037269,0.02383364,0.02704635,0.03042318,0.03348092,0.03647591,0.03937684,0.04218062,0.04468062,0.0471071,0.04938398,0.05149145,0.05330625,0.05494667,0.05645018,0.05794468,0.05884573,0.05972589,0.06039463,0.06079073,0.06099188,0.06103475,0.06081989,0.06029458,0.05960577,0.05864372,0.05760641,0.0562682,0.0548022,0.05322678,0.05121777,0.04924701,0.04701332,0.04464291,0.04202899,0.03939366,0.03646335,0.03350798,0.03056757,0.02739424,0.02397566,0.02081752,0.01729956,0.01392254,0.01031793,0.007000872,0.00327428,-0.0002470724,-0.003787592,-0.007502426,-0.01078346,-0.01425255,-0.01775222,-0.02104094,-0.02413165,-0.02745472,-0.03059045,-0.03362149,-0.03651606,-0.03926915,-0.04210583,-0.04468449,-0.04725804,-0.04949833,-0.05156858,-0.05351895,-0.05521237,-0.05675992,-0.05817931,-0.05909301,-0.06005226,-0.06057789,-0.0608197,-0.06085405,-0.06060147,-0.06020604,-0.05946774,-0.05844163,-0.05717564,-0.05592306,-0.05412405,-0.05236699,-0.05034662,-0.04813782,-0.04578331,-0.04339354,-0.04087514,-0.03807917,-0.03542301,-0.03255679,-0.02968133,-0.02675961,-0.02379308,-0.02077302,-0.01752403,-0.0143951,-0.01105549,-0.007808014,-0.004436914,-0.001200992,0.00198103,0.005237143,0.008433503,0.01151732,0.01457282,0.01761735,0.02040581,0.02323706,0.0259705,0.02861056,0.0311268,0.03333107,0.03558622,0.03760599,0.0393112,0.0411585,0.04246488,0.04376769,0.04505895,0.04598705,0.04664784,0.0471675,0.0476757,0.04754856,0.04768492,0.04747588,0.04685377,0.04624858,0.04542419,0.04425233,0.04300495,0.04171688,0.03983456,0.03819349,0.03622366,0.03408687,0.03178019,0.02945837,0.02681803,0.02419561,0.02135034,0.01830089,0.01535727,0.0121932,0.008956685,0.005729098,0.002420769,-0.0009166414,-0.004150955,-0.007437434,-0.01062296,-0.01405774,-0.01717172,-0.02040635,-0.02362883,-0.02671286,-0.02967563,-0.0327744,-0.03561204,-0.03824854,-0.04082007,-0.04343433,-0.04558977,-0.04779213,-0.04981094,-0.05144654,-0.05299561,-0.05419724,-0.05527973,-0.05603743,-0.05646928,-0.05673648,-0.05673532,-0.05627111,-0.05565766,-0.0547572,-0.05363065,-0.05213668,-0.05045584,-0.04830576,-0.04628975,-0.0438155,-0.0413526,-0.03846802,-0.03557218,-0.03251482,-0.029408,-0.02603553,-0.02279957,-0.01927215
ELL,-0.005432231,-0.005769289,-0.00648603,-0.006770202,-0.00705735,-0.00731058,-0.007700092,-0.007786681,-0.008069941,-0.008257088,-0.008034463,-0.008341773,-0.008390413,-0.008124839,-0.008077374,-0.007745558,-0.007724965,-0.00735999,-0.007040542,-0.006550743,-0.006231836,-0.005819273,-0.00534947,-0.004798734,-0.004280427,-0.003756174,-0.003288367,-0.002399937,-0.001665697,-0.001147843,-0.0003370184,0.0004702809,0.001483721,0.002067482,0.003134646,0.004194972,0.004939817,0.006008984,0.006995486,0.008064129,0.008983251,0.009935529,0.01098457,0.01224235,0.01318832,0.01417822,0.01520505,0.01611739,0.01746218,0.01841613,0.01943257,0.02015397,0.02088841,0.02181762,0.02270354,0.02345066,0.02430919,0.02525325,0.02561995,0.0260962,0.0263455,0.02655222,0.02705478,0.02711283,0.02733541,0.02739939,0.02734643,0.02700871,0.02694945,0.02660538,0.02649336,0.02585521,0.02524818,0.02472679,0.02363255,0.02319612,0.02224922,0.02116234,0.02011197,0.01896422,0.01764558,0.01653449,0.01512608,0.01402402,0.01237725,0.01092489,0.009442081,0.007746463,0.006447559,0.00493171,0.003333224,0.001749012,0.0001130363,-0.00150507,-0.003284656,-0.004781167,-0.006159459,-0.00767239,-0.009368556,-0.01098869,-0.01221694,-0.01378195,-0.01492843,-0.01649733,-0.01781492,-0.01902622,-0.02024399,-0.02125093,-0.02245403,-0.02315129,-0.02430933,-0.02486282,-0.02582054,-0.02652137,-0.02727443,-0.02761253,-0.02815108,-0.02849357,-0.02880309,-0.02905381,-0.02923589,-0.02912915,-0.02917207,-0.02902925,-0.02895046,-0.02853291,-0.0284641,-0.02793684,-0.02735711,-0.02683216,-0.02613527,-0.02549446,-0.02457243,-0.02386043,-0.02284925,-0.02183081,-0.02069191,-0.01967758,-0.01854902,-0.01754357,-0.01622972,-0.01503442,-0.01372897,-0.01277808,-0.01144168,-0.009805551,-0.008543823,-0.00717923,-0.00593011,-0.004741233,-0.003376149,-0.001887902,-0.0008081915,0.0003299516,0.001396719,0.002782826,0.003502413,0.004612135,0.00553901,0.00633019,0.007135231,0.008148853,0.00869106,0.00925409,0.009644587,0.0100994,0.01006103,0.01054384,0.01078876,0.01114244,0.01078962,0.01090302,0.01073351,0.01085582,0.01030445,0.01027745,0.009896013,0.009293659,0.008706448,0.008434393,0.007852561,0.007069437,0.006401532,0.005889628,0.005219989,0.004815785,0.003934366,0.003332785,0.002448088,0.001726882,0.0008866294,0.0002262223,-0.0007368544,-0.001367673,-0.002042548,-0.002446779,-0.003346387,-0.003762123,-0.004565563,-0.004952806
ELL,-0.03156092,-0.03082692,-0.02884808,-0.02813523,-0.02680208,-0.02625737,-0.02504046,-0.02429857,-0.02402928,-0.0223772,-0.02197506,-0.02084951,-0.02019726,-0.01873251,-0.01781831,-0.01674363,-0.01534509,-0.01460342,-0.01288283,-0.01240439,-0.01097335,-0.0098014,-0.008461909,-0.007187352,-0.006239217,-0.004322153,-0.003236739,-0.001601096,-0.000590915,0.001130534,0.002467774,0.00362031,0.00521369,0.006527877,0.008554297,0.009740934,0.01137162,0.01273674,0.01433992,0.0157167,0.01704634,0.01833437,0.01986067,0.02115596,0.02271986,0.02454048,0.02556045,0.02704688,0.02842134,0.02983131,0.03122845,0.03244103,0.03391189,0.03465662,0.03613005,0.03720447,0.03870936,0.03969684,0.04112249,0.04188318,0.04286217,0.04403248,0.04480272,0.04546533,0.04652797,0.04730714,0.04824743,0.04870044,0.04960199,0.05020036,0.05084781,0.05121874,0.05178267,0.05219348,0.05245762,0.05274556,0.05305761,0.05324287,0.0534338,0.05350875,0.05342013,0.05375013,0.05331837,0.05329633,0.05268624,0.05265709,0.05241907,0.05206303,0.05166934,0.0509294,0.05073048,0.04973725,0.04904235,0.04852989,0.0476995,0.04728803,0.04629674,0.0458169,0.04460294,0.04405648,0.04312547,0.04221509,0.04143487,0.03993238,0.03927261,0.03776257,0.03687245,0.03535311,0.03423489,0.03285956,0.03171481,0.0301863,0.02884459,0.02709647,0.02584512,0.02415183,0.02257652,0.02120758,0.01939682,0.01817073,0.0163658,0.01472661,0.01309927,0.0116817,0.01038455,0.008945269,0.007678412,0.005931105,0.004288782,0.003121599,0.001465574,0.0002626123,-0.001237593,-0.002585577,-0.004138155,-0.005497271,-0.007065942,-0.008247864,-0.009349881,-0.01043152,-0.01194914,-0.0129099,-0.01422312,-0.015493,-0.0163665,-0.01749532,-0.01839586,-0.01940543,-0.02055258,-0.02154877,-0.022834,-0.02341994,-0.0246322,-0.02510739,-0.02625846,-0.02711748,-0.02729361,-0.02892663,-0.02983497,-0.03138216,-0.03252665,-0.03350329,-0.03509666,-0.03589305,-0.03807015,-0.03872006,-0.04067415,-0.04144752,-0.04291455,-0.04424011,-0.0446535,-0.04644552,-0.04676422,-0.04802606,-0.0485244,-0.04889365,-0.04972397,-0.04969927,-0.05108954,-0.05016958,-0.05031232,-0.05027755,-0.0500127,-0.05026864,-0.04927386,-0.04944234,-0.04801012,-0.04785718,-0.04685116,-0.04565263,-0.04487947,-0.0434822,-0.04273732,-0.04143246,-0.04060575,-0.03886342,-0.03792676,-0.03624633,-0.03516557,-0.03391106
ELL,-0.02248796,-0.02480574,-0.0270889,-0.02921338,-0.03118254,-0.0331593,-0.03486948,-0.03636457,-0.03782375,-0.03900777,-0.04009341,-0.04099942,-0.04170169,-0.04213663,-0.04235498,-0.04241371,-0.04228671,-0.04194268,-0.04131262,-0.04053856,-0.03954894,-0.03840392,-0.03702171,-0.03546834,-0.03385182,-0.03204716,-0.03005378,-0.02789169,-0.0255285,-0.02321392,-0.02086444,-0.01835794,-0.01572604,-0.01294176,-0.01031467,-0.007534823,-0.004576333,-0.001701347,0.001143813,0.004106893,0.006946566,0.009711572,0.01271826,0.01539271,0.01807675,0.02078325,0.0234466,0.0260352,0.02835897,0.03067802,0.03287444,0.03490258,0.03689726,0.03858655,0.0401454,0.04169459,0.0431558,0.04407512,0.04518991,0.04594208,0.04672781,0.04717577,0.04750028,0.04735784,0.04749758,0.04720103,0.04671254,0.0459752,0.04527094,0.04430591,0.04304762,0.04180973,0.04029052,0.03864279,0.03677262,0.03481992,0.03285413,0.03052079,0.02830045,0.02575839,0.02326469,0.0205252,0.01770716,0.01486465,0.01210095,0.009199776,0.006238682,0.003138755,7.458358e-05,-0.002959543,-0.005926223,-0.009006267,-0.01189739,-0.01487432,-0.01782551,-0.02066419,-0.02344432,-0.026176,-0.02874375,-0.03124045,-0.03361,-0.03585994,-0.03806127,-0.04010199,-0.04215498,-0.0438612,-0.04565288,-0.04712611,-0.04846989,-0.04961316,-0.0507878,-0.05151165,-0.0521536,-0.05268802,-0.05290299,-0.05315735,-0.05292851,-0.05254847,-0.0519626,-0.05140382,-0.0505248,-0.04939922,-0.04814591,-0.04655628,-0.04504537,-0.0432817,-0.0414065,-0.0395119,-0.03735305,-0.03516844,-0.03280166,-0.03031365,-0.02776416,-0.02502643,-0.02246821,-0.01973777,-0.01686425,-0.01384063,-0.01104763,-0.008136491,-0.005073625,-0.0021296,0.000957891,0.003941739,0.006877785,0.009706717,0.0126739,0.01556985,0.01830719,0.02099875,0.02359081,0.02607221,0.02836604,0.03056415,0.03277005,0.03496043,0.03683431,0.03848489,0.04005213,0.04149123,0.0427585,0.04385809,0.04475816,0.04550275,0.04612746,0.04642292,0.04669423,0.04654746,0.0464217,0.04610517,0.04552387,0.04477495,0.04391477,0.04284081,0.04153354,0.04027223,0.03880854,0.03709055,0.03504783,0.03323035,0.03107781,0.02892049,0.02655992,0.02394606,0.02152033,0.01870068,0.01604462,0.01343082,0.0105553,0.007657276,0.004678064,0.002025272,-0.0009246292,-0.003778036,-0.006699096,-0.009433215,-0.01213804,-0.01488739,-0.0175455,-0.02016099
ELL,-0.0001964188,-0.0002144296,-0.0002374847,-0.0002154293,-0.0001874126,-0.0001811503,-0.0001755261,-0.0001556187,-0.0001895815,-0.0001600781,-0.000132579,-0.0001560216,-0.0001573686,-0.0001359016,-0.0001114225,-0.0001330254,-0.0001080565,-9.641831e-05,-9.354112e-05,-5.186416e-05,-1.194239e-05,-4.760376e-05,-2.968436e-05,-2.551813e-05,2.472433e-05,9.408032e-06,5.493644e-05,5.147051e-05,7.148131e-05,9.956665e-05,8.733669e-05,0.0001374276,0.0001329368,0.0001675181,0.0001785324,0.0001957161,0.0002114328,0.0002151733,0.0002180537,0.0002368012,0.0002423295,0.0002366432,0.0002614408,0.0003002409,0.0002928618,0.0002739614,0.000263048,0.0002820212,0.0002827272,0.0002541399,0.0002790601,0.0002745108,0.0002899027,0.0002545819,0.0002691129,0.0002142584,0.0002327256,0.0002030702,0.0002345143,0.0002209,0.0001852058,0.0001667097,0.0001597458,0.0001366538,0.0001207254,0.0001011978,9.41268e-05,4.405791e-05,7.159272e-05,3.585059e-05,2.612732e-05,-9.693027e-06,-2.462157e-06,-9.13449e-06,-4.768387e-05,-5.4064e-05,-6.986019e-05,-9.31549e-05,-0.0001218625,-0.0001101861,-9.91376e-05,-0.0001693861,-0.0001496675,-0.000129514,-0.0001548435,-0.0001719362,-0.0002125072,-0.000160929,-0.0002145499,-0.0002219843,-0.0002231227,-0.0002091495,-0.0002315423,-0.0002134585,-0.0002351951,-0.0002103201,-0.0002572391,-0.0002122559,-0.0002383982,-0.0002184686,-0.0002403533,-0.0002231108,-0.00022539,-0.0002190278,-0.0002307599,-0.0001943625,-0.0001820715,-0.0002067987,-0.0001943689,-0.0002135865,-0.0001379879,-0.0001663749,-0.0001617687,-0.000149231,-0.0001508475,-0.0001164581,-0.0001151528,-8.972929e-05,-6.052709e-05,-6.746987e-05,-3.419052e-05,-2.601487e-05,-2.599185e-05,-3.492614e-06,3.025592e-05,1.896481e-05,7.915811e-05,4.635937e-05,9.478883e-05,9.529857e-05,0.0001255334,0.000132349,0.0001433188,0.0001712168,0.0001690834,0.0001872201,0.0002044185,0.0001987573,0.0002206701,0.0002510526,0.0002500433,0.0002638897,0.0002866377,0.0002483196,0.0002552132,0.0002918298,0.0002969882,0.0002943118,0.0002625254,0.0002734253,0.000252528,0.0002537445,0.0002740108,0.000258731,0.0002649787,0.0002488236,0.0002206622,0.000225225,0.0001866662,0.0001866603,0.0001910947,0.000194829,0.0001506899,0.000146449,0.0001253345,0.0001097412,9.470928e-05,8.987442e-05,4.888146e-05,3.925436e-05,2.342412e-05,1.276667e-05,-2.512262e-05,-3.28018e-05,-3.763723e-05,-6.307731e-05,-9.624899e-05,-0.0001076679,-0.0001104654,-0.0001279225,-0.0001521907,-0.0001156118,-0.000185784,-0.0001827192,-0.0001845423,-0.0001883211,-0.0002085679,-0.0002158966,-0.0001909968,-0.0001874004,-0.0002106153,-0.000226756,-0.0002245128,-0.0002341869,-0.0002251281,-0.0002208651,-0.0002117156,-0.0002314106,-0.0002047339,-0.0002227159
ELL,-0.00165667,-0.001758674,-0.001791032,-0.001772404,-0.001742,-0.001799865,-0.00181239,-0.001815031,-0.001807076,-0.001806524,-0.001784974,-0.001751291,-0.001769338,-0.001727802,-0.00169393,-0.001640135,-0.0016034,-0.00149326,-0.001472801,-0.001407901,-0.00132369,-0.001250759,-0.001220306,-0.001086222,-0.001027845,-0.001001808,-0.0008369709,-0.0007847394,-0.0006267003,-0.0005146447,-0.0004439742,-0.0003438424,-0.000159003,-7.299194e-05,5.02219e-05,0.0002398702,0.0003379552,0.000484384,0.0006367221,0.0007563356,0.0008741092,0.000991947,0.0010914,0.001203139,0.001305946,0.001406921,0.001483022,0.001571427,0.001680718,0.001741311,0.00180514,0.001899301,0.001928893,0.001957117,0.002021874,0.002021006,0.002020482,0.002011994,0.001969045,0.001934059,0.00194845,0.00190014,0.001868551,0.001881812,0.001837908,0.0018236,0.001748119,0.001728682,0.001640292,0.001548734,0.001532782,0.001418063,0.001312929,0.001196924,0.001131865,0.001060355,0.0009655768,0.0008521181,0.000777652,0.0006557796,0.0005643724,0.0004488666,0.0003403801,0.0002229684,9.714045e-05,4.570847e-05,-0.0001290958,-0.0001839879,-0.0002953963,-0.0003939803,-0.0004713468,-0.0005596397,-0.0006324854,-0.0007123892,-0.0008142837,-0.0008806852,-0.0009951036,-0.001052882,-0.001109331,-0.001180329,-0.001260691,-0.001279948,-0.001322777,-0.001347785,-0.001379225,-0.001454136,-0.001440069,-0.001424422,-0.001444259,-0.001429577,-0.001456769,-0.001420584,-0.001398201,-0.001382532,-0.001365453,-0.001284892,-0.001278532,-0.001194528,-0.001138805,-0.001097693,-0.001091732,-0.0009797508,-0.0009573596,-0.0008975051,-0.0007838457,-0.000788849,-0.0006154494,-0.0005476856,-0.0004473675,-0.0003588014,-0.0002632312,-0.0001690473,-3.90435e-05,6.771588e-05,0.0001821224,0.0003276883,0.0004548278,0.0005974993,0.0007022089,0.0008046202,0.0009255154,0.001045991,0.001130051,0.001236651,0.001296776,0.001420613,0.001481382,0.001548316,0.001602508,0.001680658,0.001699342,0.001750688,0.001799283,0.001821547,0.001820034,0.001838762,0.00190018,0.00193815,0.002068584,0.002023814,0.002048297,0.00201977,0.002004627,0.001955439,0.001952178,0.001911009,0.001892191,0.00182856,0.001760461,0.001672563,0.001572307,0.00148702,0.001362592,0.0012586,0.001169943,0.001056712,0.0008940249,0.0007927016,0.000692483,0.0005082884,0.0004012872,0.0002464335,0.0001425658,-7.952564e-06,-8.587133e-05,-0.0002031377,-0.0003128285,-0.0004326528,-0.0005342919,-0.0006578015,-0.0007088732,-0.0008400123,-0.0009371385,-0.001018229,-0.001206781,-0.001271848,-0.001425978,-0.001518401,-0.001597879,-0.0016277
ELL,0.0008105169,0.000316174,-0.0008244424,-0.001623944,-0.002231429,-0.003412706,-0.004434214,-0.005310749,-0.005778398,-0.006060273,-0.006198155,-0.006652456,-0.00794394,-0.009456507,-0.0105503,-0.01260267,-0.01593527,-0.01742708,-0.0201934,-0.02281346,-0.02463804,-0.02702103,-0.02825835,-0.02961184,-0.02906617,-0.02843275,-0.02760576,-0.02679397,-0.02505299,-0.02357193,-0.0218499,-0.01989712,-0.01780484,-0.01573972,-0.01403187,-0.01247875,-0.01089607,-0.01044933,-0.009755584,-0.008588674,-0.008815124,-0.007645375,-0.006661188,-0.006069208,-0.005085954,-0.003841768,-0.003356604,-0.002521321,-0.001923434,-0.0007503614,6.764518e-05,0.0007501338,0.001865837,0.002462178,0.003434689,0.00384803,0.004153043,0.004646648,0.005356042,0.005842367,0.006301109,0.007016192,0.007673372,0.008647863,0.009896909,0.01085603,0.01170348,0.01315661,0.01415155,0.01500922,0.01583039,0.0165446,0.01659321,0.01667688,0.01573631,0.01544146,0.01463488,0.01380131,0.01276114,0.0116252,0.01175338,0.01166582,0.01178108,0.01181902,0.01198112,0.01234292,0.01178538,0.01101827,0.0103811,0.008807294,0.008581004,0.007891643,0.007261077,0.006162529,0.005262968,0.004384212,0.003570181,0.002591612,0.002241276,0.0004570278,-0.0002049663,-0.001413742,-0.002343573,-0.003835075,-0.004825536,-0.005847856,-0.007095269,-0.008280452,-0.009009862,-0.009981803,-0.01050337,-0.01054756,-0.01144168,-0.01246075,-0.01273154,-0.01444475,-0.01668205,-0.01897286,-0.02110876,-0.02338698,-0.02512167,-0.02701522,-0.02775832,-0.02838973,-0.02812418,-0.02768617,-0.02731787,-0.02633901,-0.02471292,-0.02341261,-0.02202756,-0.01984577,-0.01807214,-0.01586318,-0.01388032,-0.01226915,-0.01101552,-0.009643693,-0.008636778,-0.007562246,-0.00653332,-0.005215974,-0.004494706,-0.003774819,-0.002535127,-0.001719633,-0.001045107,0.0002305563,0.001503861,0.001386071,0.002089775,0.002914026,0.004334766,0.005049989,0.006048041,0.007208035,0.007757625,0.008445941,0.009051759,0.009233609,0.009724029,0.01037772,0.01064148,0.01156426,0.01244595,0.0135954,0.01427962,0.01456505,0.01557016,0.01555972,0.01553635,0.01591294,0.01602162,0.01623267,0.01591538,0.01510839,0.01485975,0.01402519,0.01390923,0.0139032,0.01381787,0.01459638,0.01368684,0.01318967,0.01273737,0.01217433,0.01113623,0.0103547,0.009359124,0.007668528,0.007278672,0.005941252,0.004424157,0.00377729,0.003215047,0.003511941,0.002830563,0.001626566,0.001563161,0.0006496379
ELL,-0.0004304535,-0.0003216472,-0.0002826014,-8.084406e-05,2.955602e-05,0.0001954524,0.0003037981,0.0004866786,0.0005713762,0.0007575711,0.0008355106,0.0009225464,0.001021923,0.001182428,0.001312846,0.001474967,0.001500359,0.001691402,0.001682726,0.001764448,0.001836619,0.001923892,0.001976616,0.00196962,0.001977999,0.0020123,0.002073948,0.002037524,0.002057055,0.002032064,0.002087829,0.002065857,0.00202555,0.001921372,0.00186014,0.001826074,0.001729086,0.001698629,0.001641391,0.001599482,0.001566957,0.001513271,0.001372006,0.001246139,0.001182449,0.001100408,0.0009971184,0.0009121679,0.000890761,0.0007033797,0.0006165291,0.0005604793,0.0004251561,0.0003369045,0.0003015633,0.0001640386,-2.709841e-05,-3.051794e-05,-0.0001687848,-0.0003102083,-0.0002653989,-0.0003738703,-0.0004046706,-0.0004991611,-0.0005908537,-0.00061727,-0.0006366535,-0.000728551,-0.0008076666,-0.0007830786,-0.0008361167,-0.0008951509,-0.0008794098,-0.0009369318,-0.001000246,-0.001050782,-0.001037921,-0.001041102,-0.0009393035,-0.0009519118,-0.0008734003,-0.0008804896,-0.0009110699,-0.0008286049,-0.0008001266,-0.0008022286,-0.0007460109,-0.0007426665,-0.0006425956,-0.0006472868,-0.0006052026,-0.000516752,-0.000532388,-0.0004552197,-0.0003291784,-0.0002605997,-0.0001943018,-0.0001277064,-0.0001195484,6.82525e-06,0.0001048804,0.0001160116,0.0002315598,0.0003591785,0.0004363075,0.0004797873,0.0005188689,0.0006687308,0.0006108573,0.0007013518,0.0007799913,0.0008049675,0.0009050993,0.001018695,0.001031766,0.001083772,0.001182919,0.001148947,0.001208595,0.00127738,0.001341006,0.001322203,0.001376799,0.001386439,0.001409044,0.001388727,0.001334133,0.00138758,0.001285579,0.001226501,0.001240994,0.001237999,0.001103988,0.00107552,0.001025212,0.0009151181,0.0009186292,0.0007972793,0.0007106119,0.0006376015,0.0005964257,0.0004975713,0.0004092364,0.0002608161,0.0002506183,3.240421e-05,-1.451143e-05,-0.0001209399,-0.0002863207,-0.0003522625,-0.0005156541,-0.0006181665,-0.0007596919,-0.0008409343,-0.0009954725,-0.001147248,-0.001209332,-0.001359279,-0.0014561,-0.001556721,-0.001613646,-0.001721624,-0.001883698,-0.001897438,-0.002004038,-0.00207605,-0.002162105,-0.002225396,-0.002309603,-0.002322835,-0.002430008,-0.002438001,-0.002411347,-0.002461962,-0.002484615,-0.002562908,-0.002523024,-0.002471746,-0.002481786,-0.002471996,-0.002420385,-0.002431306,-0.002378715,-0.002356089,-0.002241223,-0.002197196,-0.002179467,-0.002074697,-0.00189118,-0.001778431,-0.00170753,-0.001617398,-0.001486831,-0.001350383,-0.001357366,-0.001141089,-0.0009790431,-0.0008846394,-0.0008066654,-0.0006720023
ELL,0.005523499,0.004161126,0.002948129,0.001290808,0.000315376,-0.001098425,-0.002612373,-0.003900991,-0.005191196,-0.006434636,-0.007457546,-0.008804107,-0.0100957,-0.0109268,-0.01205477,-0.0131281,-0.01407039,-0.01493945,-0.01587369,-0.016531,-0.01724139,-0.01775828,-0.0185626,-0.01879247,-0.01934724,-0.01946975,-0.01955267,-0.01953344,-0.01976267,-0.01956334,-0.01955647,-0.01928477,-0.01881243,-0.01844778,-0.01810159,-0.01732293,-0.01673647,-0.01596805,-0.01507525,-0.01438089,-0.01330613,-0.01227903,-0.01129696,-0.01023226,-0.008988769,-0.008033744,-0.006439485,-0.005395401,-0.003952414,-0.002804147,-0.001573866,0.0001545841,0.001355953,0.002665665,0.003904417,0.005336339,0.006534963,0.007987285,0.009231975,0.01044271,0.01156124,0.01264333,0.01373067,0.01466871,0.01573634,0.01664609,0.01734446,0.01822945,0.01900967,0.01954876,0.02041789,0.02058627,0.02099116,0.02126118,0.02157674,0.021586,0.02178656,0.02184927,0.02164738,0.02158152,0.02129846,0.02081669,0.02040048,0.02001969,0.01931589,0.01881656,0.01792969,0.01707602,0.01607934,0.01536333,0.01438566,0.01312548,0.01210951,0.0110777,0.009712243,0.008318359,0.007136722,0.00590957,0.004859637,0.003062354,0.001797785,0.0005402784,-0.0009228577,-0.002480872,-0.003861603,-0.005183963,-0.006505661,-0.007893103,-0.009318558,-0.01038982,-0.01176826,-0.01289952,-0.01415676,-0.01525251,-0.01627374,-0.0173011,-0.01825059,-0.01896517,-0.01994904,-0.02036676,-0.02140715,-0.02195354,-0.02252434,-0.02278828,-0.02324166,-0.02364482,-0.0235789,-0.02390576,-0.02359058,-0.02370108,-0.02344937,-0.02347473,-0.02281052,-0.0227214,-0.02220954,-0.02161656,-0.0205645,-0.02017821,-0.01933582,-0.01851463,-0.01745757,-0.01642314,-0.01542525,-0.01442735,-0.01330981,-0.01210087,-0.01090839,-0.00935025,-0.008061767,-0.006961158,-0.005553537,-0.004310261,-0.002859767,-0.001367784,0.0002524632,0.001444659,0.002848498,0.004209399,0.005778958,0.006905081,0.008105337,0.00948109,0.01069178,0.01169004,0.01280826,0.01428633,0.01503774,0.01599265,0.01689818,0.01780455,0.01838583,0.01924815,0.01997331,0.02038871,0.02095264,0.02114366,0.02151124,0.02166292,0.02180542,0.02175907,0.02161657,0.02138717,0.02144996,0.02116008,0.0207034,0.02035896,0.01966405,0.01882124,0.01840364,0.01764456,0.01672804,0.01587094,0.01484708,0.01394747,0.01264195,0.0115183,0.01063437,0.009173214,0.008045344,0.006693459
ELL,-0.0003828997,-0.0001017108,9.657881e-05,0.0004710979,0.0007872296,0.001028466,0.001329457,0.001571742,0.001849657,0.002184876,0.002409668,0.002679687,0.002923193,0.003183774,0.003399762,0.003562369,0.003677956,0.004000706,0.004137083,0.004211597,0.004372514,0.004527561,0.004578734,0.004672102,0.004818124,0.00482835,0.004908241,0.004940468,0.004942137,0.004756846,0.004622315,0.004646718,0.00456029,0.004435289,0.00433926,0.004253586,0.004082086,0.003936362,0.00380903,0.003629055,0.00341024,0.003178505,0.002988824,0.002737025,0.002445177,0.002165988,0.001841906,0.001619051,0.001245953,0.0009818521,0.0006195196,0.0002540177,-0.00012554,-0.0004211673,-0.0007972226,-0.001204476,-0.001545838,-0.001864096,-0.002270894,-0.002619629,-0.002906531,-0.003358953,-0.003652348,-0.003964983,-0.004249999,-0.004553162,-0.004813402,-0.00513336,-0.005396415,-0.005611975,-0.005850713,-0.006063353,-0.006255443,-0.00644202,-0.006593279,-0.006777084,-0.006876392,-0.006938794,-0.007026137,-0.007145439,-0.00713557,-0.007061392,-0.007081633,-0.006964518,-0.006936393,-0.006882375,-0.006759983,-0.006585312,-0.006382682,-0.006179521,-0.005859811,-0.005606409,-0.005367982,-0.005088202,-0.004895926,-0.004538977,-0.004238418,-0.003834695,-0.003456578,-0.003047773,-0.002732156,-0.002217261,-0.001838294,-0.001388746,-0.0008740159,-0.0004570047,2.987007e-05,0.0004671686,0.0009260652,0.001397258,0.001812854,0.002249261,0.002685046,0.003050017,0.003485327,0.003926245,0.004208907,0.004627782,0.005000031,0.005327854,0.005554454,0.005894255,0.006161327,0.006380134,0.006451944,0.006643483,0.006608225,0.006669397,0.006681096,0.006806939,0.006942139,0.006964467,0.006858372,0.006826532,0.00668887,0.006537119,0.006413024,0.006184632,0.005992266,0.005721852,0.005402237,0.005175109,0.004761498,0.004498235,0.004121764,0.003828261,0.00343967,0.003074608,0.002734305,0.002339221,0.001984648,0.001670932,0.001316484,0.0009122329,0.0006004628,0.0002657153,-5.991834e-05,-0.0003659192,-0.0005964772,-0.0009394701,-0.00124903,-0.001522116,-0.001802683,-0.002069804,-0.002336389,-0.002535396,-0.002776918,-0.003002681,-0.003149683,-0.003318779,-0.003495042,-0.003653257,-0.003706263,-0.003822172,-0.003799286,-0.003849115,-0.003877047,-0.003819995,-0.003876832,-0.003848116,-0.003806416,-0.003718562,-0.003630976,-0.00360446,-0.003478753,-0.003381911,-0.003343209,-0.003126504,-0.002974532,-0.002819204,-0.002644226,-0.002448007,-0.002211093,-0.002102365,-0.00186472,-0.001560789,-0.001379388,-0.001000293,-0.0008725337,-0.00054854
ELL,-0.01044771,-0.01142698,-0.01259958,-0.01350569,-0.0144097,-0.01534085,-0.01604151,-0.0168464,-0.01732825,-0.01812491,-0.01845798,-0.0190052,-0.01941594,-0.01963973,-0.01995727,-0.02002355,-0.02023384,-0.02016909,-0.02017035,-0.02002226,-0.01978207,-0.0194714,-0.01915906,-0.0188855,-0.01831086,-0.01786258,-0.01721754,-0.01651013,-0.01585378,-0.01503497,-0.0142859,-0.01335737,-0.01243412,-0.01144705,-0.01044594,-0.009444884,-0.008290245,-0.007350853,-0.00615181,-0.005120835,-0.003912626,-0.002855268,-0.001662766,-0.0005307097,0.0004440506,0.0016643,0.002627174,0.003754479,0.004756702,0.005743302,0.006764092,0.007628594,0.008558801,0.00927319,0.01012627,0.01069204,0.01131376,0.0119376,0.01241369,0.012886,0.01320176,0.01358306,0.01380014,0.0138394,0.01395243,0.01394216,0.01385472,0.01364756,0.0135358,0.01319035,0.01272661,0.01233731,0.01186621,0.0112684,0.010541,0.009822299,0.009053764,0.008197471,0.007319198,0.006326192,0.005345139,0.004311659,0.00323375,0.002113,0.0009555721,-0.0001315854,-0.001325178,-0.002499727,-0.003652674,-0.004829718,-0.005983187,-0.007251994,-0.008337989,-0.009462265,-0.01056245,-0.01157282,-0.01263549,-0.0135546,-0.01456273,-0.01536267,-0.01621315,-0.01695413,-0.01756685,-0.01822807,-0.01870165,-0.01919617,-0.01950807,-0.01985446,-0.01994611,-0.02008755,-0.02008705,-0.0200903,-0.02007139,-0.01975045,-0.01955899,-0.0191498,-0.01869863,-0.01814372,-0.01744143,-0.01681194,-0.01588034,-0.01515883,-0.01413325,-0.01315646,-0.0120462,-0.01082762,-0.009695784,-0.008278555,-0.00708207,-0.005623676,-0.004286651,-0.002798521,-0.001325538,0.0001626712,0.001834372,0.003206247,0.004829296,0.006342066,0.007922057,0.009423134,0.01094919,0.01253747,0.01389298,0.01547111,0.01677425,0.01812561,0.01945378,0.02069491,0.02195002,0.02304898,0.0241304,0.0251081,0.02604872,0.02693772,0.02764034,0.02834802,0.0288074,0.0293153,0.02966727,0.03001368,0.03024624,0.03038793,0.03043156,0.0302834,0.03024075,0.02992816,0.02964827,0.02916988,0.02870858,0.02815997,0.02737403,0.02670936,0.02584327,0.02492347,0.02393685,0.02286331,0.02186677,0.02063623,0.01951131,0.01812591,0.01681302,0.01558088,0.01412588,0.01276654,0.0113041,0.009843225,0.008435052,0.006925276,0.005534264,0.003989774,0.002538468,0.001108728,-0.0003334345,-0.001734616,-0.003101083,-0.0044262,-0.00578654,-0.006994191,-0.008201405,-0.009200425
ELL,0.008138583,0.007316637,0.005589305,0.00421498,0.002851523,0.00165985,0.0003075938,-0.00103051,-0.002018233,-0.003357834,-0.004518164,-0.00565833,-0.007100918,-0.008597568,-0.009211778,-0.01018179,-0.01119271,-0.01245666,-0.01314036,-0.01417453,-0.0147964,-0.01538242,-0.01636687,-0.01678508,-0.01738173,-0.0182434,-0.01813705,-0.01904223,-0.01931693,-0.01905598,-0.01900975,-0.01933955,-0.01946677,-0.01919879,-0.01924186,-0.01858684,-0.0184375,-0.01843744,-0.0173608,-0.01688556,-0.01617434,-0.01592948,-0.01535758,-0.01487272,-0.01340587,-0.01249075,-0.01177835,-0.01048394,-0.009543044,-0.008473299,-0.007067344,-0.006085076,-0.005041588,-0.003181204,-0.002193561,-0.0009799666,0.0001418681,0.001181106,0.002821493,0.004013929,0.005369744,0.006111959,0.007403081,0.009181296,0.0100382,0.01123028,0.01246509,0.01319444,0.0141106,0.01513146,0.01632836,0.0172726,0.01750756,0.01794962,0.01899421,0.01911791,0.01923946,0.02020833,0.02041326,0.0203114,0.02068235,0.02065552,0.02057243,0.02095216,0.02093068,0.02036821,0.02006515,0.01937029,0.0184327,0.01814618,0.01738909,0.01623113,0.01572066,0.01478134,0.0140859,0.01318286,0.01150689,0.01058705,0.009387031,0.008516862,0.007238051,0.006096981,0.004541705,0.003636805,0.001871372,0.00118226,-0.0004239344,-0.001616927,-0.002290607,-0.003627663,-0.005008068,-0.005296679,-0.006873359,-0.008158962,-0.009145961,-0.01035673,-0.01114132,-0.01157702,-0.01273423,-0.01354044,-0.01418633,-0.0145409,-0.01532843,-0.01591024,-0.01652936,-0.01725239,-0.01693839,-0.01760793,-0.01773001,-0.01788142,-0.0181099,-0.01833767,-0.01838718,-0.01770438,-0.01761361,-0.01714507,-0.01757762,-0.01698447,-0.01642995,-0.01629387,-0.01538759,-0.01453261,-0.01383026,-0.01381913,-0.01276857,-0.01141165,-0.01097155,-0.009678302,-0.008676494,-0.007887741,-0.006543803,-0.005707272,-0.004511892,-0.003221233,-0.002374149,-0.001501439,-0.0001732371,0.0009270449,0.002535543,0.003971765,0.004445395,0.005923839,0.00724172,0.008622698,0.009631386,0.01052587,0.01184886,0.01295807,0.01410662,0.01473033,0.01588717,0.01617989,0.01733843,0.01821752,0.01871306,0.01922028,0.02000309,0.02012743,0.02092311,0.02116988,0.0207363,0.0207313,0.02113069,0.02111466,0.02072593,0.02061453,0.02040939,0.01997096,0.01930713,0.01940531,0.01822183,0.01741956,0.01661102,0.015938,0.01479375,0.01388576,0.01326932,0.01170476,0.01063039,0.009722735
ELL,-0.0001531235,8.996757e-05,0.000241047,0.0002155761,9.599649e-05,0.0003124846,0.0005826677,0.00061996,0.0003929558,0.0006401243,0.0005073323,0.0007817766,0.001085196,0.001135833,0.001229688,0.001467172,0.001690342,0.001799953,0.002005195,0.002826266,0.002828107,0.002438402,0.00297885,0.002837463,0.002620564,0.002791289,0.002767136,0.002460337,0.00285868,0.002048149,0.00216113,0.002038868,0.002773343,0.002171981,0.00267303,0.002569168,0.002229959,0.002310953,0.002570606,0.001883032,0.001599566,0.001887106,0.001660364,0.001479064,0.001723831,0.001368445,0.001456929,0.001606978,0.001388757,0.00168381,0.001158642,0.0009706162,0.0004807562,0.0008127868,0.0001695356,-3.70048e-06,-0.0001427762,-0.0005326772,-0.0005563539,-0.000768844,-0.0007426106,-0.0008228728,-0.0009146824,-0.0009310589,-0.001888318,-0.00165794,-0.001881253,-0.001920331,-0.002182344,-0.002373925,-0.00206091,-0.001986091,-0.001937452,-0.002614317,-0.002263018,-0.002492062,-0.002635574,-0.002101734,-0.002676858,-0.002545445,-0.002806119,-0.002945388,-0.002448132,-0.003071155,-0.002942201,-0.002856359,-0.003317318,-0.003238011,-0.003451127,-0.003129971,-0.002880451,-0.002956673,-0.003357291,-0.002899197,-0.00271171,-0.002598104,-0.002622376,-0.002543087,-0.001853662,-0.001064413,-0.001089719,-0.001207849,-0.0007469376,-0.000977384,-0.00113865,-0.0005746938,-0.001373338,-0.001171401,-0.0008507887,-0.0006234059,-0.000900413,-0.000311193,-0.0006679462,-5.145646e-05,0.0004874394,0.0003715415,0.0002228785,0.0003488529,0.0004218942,0.0007143329,0.0008911888,0.0009815382,0.001409915,0.001592375,0.001333409,0.00211775,0.00261907,0.002080762,0.002610239,0.002954938,0.002575688,0.002537809,0.002780188,0.002490627,0.002800554,0.002003749,0.002944914,0.002332777,0.002459157,0.002289057,0.002647005,0.002232161,0.001938259,0.001953858,0.0018621,0.001882312,0.002234953,0.001702378,0.00193028,0.002100005,0.001646856,0.001439239,0.00156742,0.001221542,0.001246074,0.0006850635,0.0003188401,0.0001892392,0.0003376922,-0.0002951115,0.0002388457,-8.059948e-05,-0.0002584424,-0.0004213747,-0.0007214705,-0.0006427516,-0.001344693,-0.001093799,-0.001467985,-0.001085468,-0.001188041,-0.001613453,-0.001119785,-0.001260011,-0.001235249,-0.001356029,-0.001141366,-0.002134605,-0.00184231,-0.001601222,-0.00143619,-0.00166171,-0.001966568,-0.002015884,-0.001804817,-0.001888046,-0.001614006,-0.001853404,-0.001489587,-0.002029801,-0.001904143,-0.00161612,-0.001587854,-0.002192124,-0.001727271,-0.001179548,-0.0012453,-0.001002109,-0.0007278629,-0.0007143278
ELL,0.02516368,0.02506859,0.02512796,0.02500722,0.02489073,0.02409273,0.02348558,0.02278051,0.0217289,0.02074364,0.01985829,0.01888004,0.01735383,0.01650665,0.01507034,0.0139763,0.01248646,0.01083763,0.008947881,0.007747096,0.006283295,0.004771301,0.002812045,0.001009664,-0.0008512491,-0.002577876,-0.003724305,-0.005481728,-0.006726765,-0.008403829,-0.009543945,-0.01099243,-0.01210409,-0.01301677,-0.01414205,-0.01465099,-0.01798319,-0.02379457,-0.03105428,-0.0389516,-0.04684189,-0.05458662,-0.06120995,-0.06564341,-0.06710439,-0.06797785,-0.06840978,-0.06896596,-0.06926984,-0.06943584,-0.06930199,-0.06910129,-0.06892008,-0.06869864,-0.06800564,-0.06761029,-0.06731314,-0.06656994,-0.06565807,-0.06262084,-0.05706666,-0.04967247,-0.04213149,-0.03434384,-0.02706706,-0.02080155,-0.01625629,-0.01445114,-0.01311192,-0.01182613,-0.01034801,-0.009208483,-0.00758071,-0.006323858,-0.004763352,-0.003709153,-0.002250008,-0.0007755978,0.0006263035,0.002559044,0.003989207,0.00593438,0.00741561,0.009065757,0.01081064,0.01208619,0.014049,0.01554824,0.01723626,0.01867301,0.02012615,0.02132776,0.02237558,0.02301548,0.02426229,0.02487037,0.02588045,0.02614248,0.02664689,0.02680369,0.02679879,0.02719289,0.02678726,0.02691773,0.02608572,0.02556335,0.02473099,0.02396857,0.02270801,0.02139366,0.02066727,0.02008349,0.01891803,0.01764441,0.01705626,0.01566542,0.0145985,0.01332735,0.01201903,0.01100633,0.009322369,0.008304762,0.006676862,0.005553013,0.004029186,0.002630572,0.0009783891,-0.0003052681,-0.001476989,-0.002368744,-0.003554741,-0.004216799,-0.005269574,-0.006066103,-0.006964856,-0.007712977,-0.00979391,-0.01365679,-0.0182971,-0.02355248,-0.02787525,-0.03228602,-0.03540579,-0.03737149,-0.03825315,-0.03851212,-0.03909233,-0.03942908,-0.03830578,-0.03719772,-0.03720684,-0.03683199,-0.03674176,-0.036987,-0.03645044,-0.03658587,-0.03608757,-0.03587276,-0.03535022,-0.03475244,-0.03182566,-0.02842048,-0.02415438,-0.01914765,-0.01449583,-0.01009143,-0.006532988,-0.005417495,-0.004523226,-0.003640312,-0.002885088,-0.001967766,-0.0009971808,5.251377e-05,0.001197426,0.002223384,0.002988635,0.004148084,0.005085993,0.006015166,0.00706801,0.008112938,0.009373536,0.01037147,0.01182321,0.01305036,0.01434389,0.01531212,0.01607643,0.01713711,0.01780892,0.01841759,0.0194488,0.02019131,0.02060531,0.02111396,0.02166792,0.0220221,0.02260191,0.02257329
ELL,0.001280252,0.0008865792,0.0005280218,0.0002867692,-9.770316e-06,-0.0003171014,-0.0005935344,-0.0008089652,-0.00108038,-0.001328503,-0.001575956,-0.001859692,-0.00208271,-0.002348295,-0.002618202,-0.002744796,-0.002958044,-0.003077033,-0.003222174,-0.003321988,-0.003416668,-0.003502707,-0.00361322,-0.003782964,-0.003867283,-0.003905247,-0.003962048,-0.003964079,-0.004017091,-0.004005564,-0.003918415,-0.003865248,-0.00377802,-0.003721727,-0.003622053,-0.003484225,-0.003369045,-0.003212059,-0.003103429,-0.002927552,-0.002773972,-0.00257616,-0.002459112,-0.002274504,-0.002063494,-0.001852962,-0.001601337,-0.001377477,-0.0011399,-0.0009410817,-0.0005998187,-0.0003543143,-6.053576e-06,0.0002700421,0.0006308625,0.0009968732,0.001255824,0.00155747,0.001770292,0.001978638,0.002237078,0.002492612,0.002752831,0.002774541,0.003035253,0.003245414,0.003492875,0.003680401,0.003873153,0.003965135,0.004121676,0.004242405,0.004376036,0.004514923,0.004613553,0.004688068,0.004787368,0.004802883,0.004834423,0.004838252,0.004828259,0.004815349,0.004787451,0.004736281,0.00461714,0.004459983,0.004330802,0.00411362,0.003853229,0.003643472,0.003364266,0.003109343,0.002865309,0.002686469,0.002375869,0.002098932,0.001753707,0.001475476,0.001080063,0.0007224695,0.0003788039,6.17595e-05,-0.0002231088,-0.0005692187,-0.0008447257,-0.001120154,-0.0013836,-0.001653416,-0.001945745,-0.002207817,-0.002553781,-0.002750185,-0.003019508,-0.00329683,-0.003539557,-0.003764517,-0.004103945,-0.004439389,-0.004582042,-0.004803433,-0.005016012,-0.00515568,-0.005299199,-0.005379927,-0.00544499,-0.005553398,-0.005653373,-0.00564372,-0.005656281,-0.005611737,-0.005579963,-0.005459573,-0.005390789,-0.005287211,-0.005208529,-0.005157001,-0.004981245,-0.004875319,-0.004677247,-0.004464097,-0.004242032,-0.004034305,-0.003746574,-0.003469488,-0.003168475,-0.002866552,-0.002516519,-0.002186475,-0.001924201,-0.001573595,-0.001240522,-0.0008752794,-0.0005316575,-0.0001507382,0.0002847946,0.000553262,0.0009087134,0.001283577,0.001647094,0.001975671,0.002269442,0.002569893,0.002870481,0.003121246,0.003378521,0.003566549,0.003808908,0.004026551,0.004243888,0.004356515,0.004505208,0.004654344,0.004775854,0.004831333,0.004973161,0.004978316,0.005053782,0.00507628,0.005110365,0.005061354,0.005010386,0.00493553,0.004812633,0.004729668,0.004581126,0.004474121,0.004282424,0.004112045,0.003885017,0.003629803,0.003389831,0.003128239,0.002875363,0.00262106,0.002312729,0.002588181,0.002360192,0.002170027,0.001928881,0.001598438
ELL,0.001401315,0.001321377,0.001261787,0.001140962,0.001067885,0.0009942921,0.000931903,0.000803638,0.0007124917,0.0006318964,0.0004896109,0.0003442394,0.0002923968,0.0002163978,6.052183e-05,-1.288615e-06,-0.0001387313,-0.0002360139,-0.0003379368,-0.0004300499,-0.0005124469,-0.0006165122,-0.0007462683,-0.0008034602,-0.0009023838,-0.0009788985,-0.001056469,-0.001150199,-0.001215831,-0.001260159,-0.001335848,-0.001361961,-0.001418569,-0.001458319,-0.001511124,-0.001490585,-0.001487241,-0.00150405,-0.001562088,-0.001547755,-0.001510588,-0.001480796,-0.001495319,-0.001469069,-0.001420798,-0.001420076,-0.001310106,-0.001269267,-0.001267264,-0.001146886,-0.001108629,-0.001019691,-0.0009701322,-0.0008408706,-0.0007635032,-0.0007208415,-0.0005766451,-0.0004913952,-0.0003905486,-0.0002917277,-0.0001955941,-5.729263e-05,7.931319e-06,0.0001496684,0.0002416279,0.000299509,0.0004411132,0.0005465648,0.0006339116,0.0007327929,0.0008627509,0.0009450304,0.001045495,0.001148984,0.001244802,0.001330222,0.001409008,0.001490058,0.001508875,0.0016124,0.001612581,0.001650522,0.001747487,0.001778069,0.001782453,0.001835526,0.001810458,0.001812986,0.001875082,0.001799569,0.001778577,0.001821527,0.001771536,0.001677265,0.00165631,0.001621755,0.001515501,0.001455682,0.001385139,0.001231249,0.001225654,0.001154629,0.001019541,0.0008670915,0.0007619826,0.0007124923,0.0005968311,0.0004461619,0.0003757775,0.0002179679,0.0001330401,-9.112799e-06,-0.0001482738,-0.000238312,-0.0004038194,-0.0005234431,-0.0006095388,-0.0007238322,-0.000841754,-0.0009622179,-0.001053748,-0.001171585,-0.001304317,-0.001377941,-0.001456028,-0.001551828,-0.001648189,-0.001687271,-0.001767141,-0.001840289,-0.001919067,-0.001989288,-0.001967237,-0.002038499,-0.002114885,-0.002132787,-0.00214168,-0.002163881,-0.00215239,-0.002134477,-0.002157702,-0.00210583,-0.002102655,-0.002057279,-0.002043138,-0.001856346,-0.001784694,-0.001705987,-0.001639952,-0.00158222,-0.001512034,-0.001466872,-0.001386584,-0.001304122,-0.001244913,-0.001126683,-0.001044159,-0.0009020239,-0.00083326,-0.0006776599,-0.0005724218,-0.0004687769,-0.0003757839,-0.0002748125,-0.0001506378,7.905701e-06,0.0001262761,0.0001908224,0.0003053703,0.0004182241,0.0005383529,0.0006293019,0.0007268098,0.0008882523,0.0009875079,0.001103575,0.001177134,0.001256082,0.00132651,0.001389819,0.001465844,0.001551366,0.001569447,0.001658426,0.001673236,0.001688757,0.001785364,0.001784316,0.001852317,0.001900671,0.001847724,0.001828673,0.001813994,0.001763743,0.00177062,0.001722679,0.001690696,0.001612175,0.001596405,0.001503917
ELL,-0.0004140935,-0.0002868083,-0.0001258387,-5.299425e-05,5.631413e-05,0.0001861725,0.0002952957,0.0004345508,0.000612466,0.0007189961,0.0008121997,0.0009250052,0.001059896,0.001159957,0.001313996,0.001403393,0.001532442,0.001591684,0.001726271,0.001817748,0.001924365,0.001981841,0.002072919,0.002118936,0.002181209,0.002213958,0.002255114,0.002284713,0.002264374,0.002280575,0.002293069,0.002283677,0.002254954,0.002217898,0.002224069,0.002177363,0.002091815,0.002006522,0.001954068,0.001919407,0.001774086,0.001667283,0.00157961,0.001454692,0.001340957,0.001164877,0.00103739,0.0009120692,0.0007505991,0.0005784947,0.0004102963,0.0002482153,8.2535e-05,-7.883801e-05,-0.000283547,-0.0004353239,-0.0006100729,-0.000773653,-0.0009150211,-0.001066892,-0.001211948,-0.001350734,-0.001472827,-0.001627853,-0.001726039,-0.001786244,-0.001881902,-0.001989454,-0.002066729,-0.002125602,-0.002187666,-0.002210883,-0.002242407,-0.002268409,-0.002298226,-0.002313068,-0.002291285,-0.002318764,-0.002272853,-0.002255339,-0.002197845,-0.002134479,-0.002097021,-0.001977184,-0.001881899,-0.001789762,-0.00174506,-0.001668686,-0.001492567,-0.001384929,-0.001227399,-0.001071645,-0.0009633671,-0.0007987638,-0.0006531005,-0.000502292,-0.000323913,-0.0001477984,-3.071645e-05,0.0001756365,0.000317758,0.0004472407,0.000603974,0.0008029759,0.0009456593,0.001052888,0.001207643,0.00132549,0.001426858,0.001563496,0.001699684,0.001781433,0.001898357,0.001970171,0.002054253,0.002136109,0.002159444,0.002221121,0.002280437,0.002296594,0.002289495,0.002313468,0.002329592,0.00231751,0.002310968,0.002252188,0.002225328,0.002165878,0.00208705,0.00205548,0.001986017,0.001901287,0.001854392,0.001736845,0.001664685,0.001558612,0.001418439,0.001316107,0.001179937,0.001095299,0.0009261839,0.0007881075,0.0006970064,0.000599231,0.000427418,0.000346847,0.0001708018,4.870753e-05,-9.283898e-05,-0.0002108344,-0.0003139172,-0.0004360337,-0.0005458577,-0.0006928859,-0.0008129263,-0.000896261,-0.001040923,-0.001147413,-0.001220002,-0.0013494,-0.001454536,-0.001533923,-0.001614474,-0.001692053,-0.001755878,-0.001819125,-0.00186079,-0.001943847,-0.001984156,-0.001985588,-0.002042865,-0.002052788,-0.002093472,-0.002098161,-0.002082948,-0.002126147,-0.002142463,-0.002123521,-0.00208376,-0.002089087,-0.00204392,-0.002041158,-0.001973272,-0.001944584,-0.001863892,-0.00182833,-0.001780922,-0.001674051,-0.001629708,-0.001564967,-0.001486917,-0.001387043,-0.001310042,-0.001191644,-0.001069438,-0.001017717,-0.000846871,-0.0007530252,-0.000619053,-0.0004727105
ELL,0.001037693,0.002086784,0.003522187,0.005240447,0.006385926,0.007258748,0.007741237,0.007732026,0.007823052,0.007862674,0.00778662,0.006853435,0.00612482,0.006246878,0.006426217,0.006168519,0.006252601,0.005847214,0.005830519,0.00555598,0.005312895,0.005303751,0.005744322,0.005487446,0.005756705,0.006030861,0.006545942,0.007744565,0.009956597,0.01146511,0.01260785,0.0131964,0.01395264,0.0137354,0.0127097,0.01141001,0.009731974,0.008381152,0.007145329,0.005708835,0.004513914,0.003705495,0.002525277,0.001401057,0.0004023929,-0.0008877292,-0.001809778,-0.002829789,-0.004246186,-0.005819472,-0.006773479,-0.007210511,-0.007826092,-0.007787172,-0.008050478,-0.008715384,-0.008558599,-0.008394442,-0.008765473,-0.009592641,-0.0107525,-0.01196894,-0.01344787,-0.01499828,-0.01615634,-0.01734806,-0.01824872,-0.0181165,-0.01879798,-0.01952007,-0.02067386,-0.02193396,-0.02291977,-0.02337462,-0.02332859,-0.02352506,-0.02434904,-0.02488683,-0.02558426,-0.0254395,-0.02476298,-0.02501611,-0.02509884,-0.02458318,-0.02417356,-0.0239964,-0.02286725,-0.01309612,-0.01283837,-0.01272568,-0.01256126,-0.01303804,-0.01314316,-0.01299816,-0.01296549,-0.01264632,-0.01240407,-0.01260437,-0.01192389,-0.01033619,-0.009896968,-0.009525452,-0.008605953,-0.00791509,-0.006081996,-0.003862966,-0.00232309,-0.0009084147,0.001395448,0.003793041,0.005455266,0.007042393,0.008191502,0.008755938,0.008782975,0.009153381,0.009317978,0.00976929,0.01161215,0.01356869,0.01519213,0.01563766,0.01527277,0.01477907,0.01408581,0.01359568,0.01375335,0.01401904,0.01447855,0.01426243,0.01373117,0.009339174,0.007294108,0.004780733,0.004249638,0.003632041,0.003631761,0.004550448,0.005146084,0.005585709,0.00569262,0.005210968,0.003996443,0.002547363,0.0009464745,-0.00069032,-0.0002038739,0.000149532,0.0004006008,0.0004122187,0.0005085272,0.00122202,0.002045534,0.003092953,0.004084809,0.004506842,0.003960597,0.002840334,0.001538939,-8.117985e-05,-0.001130738,-0.001334429,-0.001016209,-0.0007150483,-0.000870396,-0.001421389,-0.002212455,-0.003024526,-0.003648925,-0.006063495,-0.006155899,-0.005075483,-0.003762686,-0.002953419,-0.002805148,-0.0027936,-0.002899141,-0.003262364,-0.004233864,-0.005177228,-0.005380338,-0.005217828,-0.005633662,-0.006819762,-0.008267885,-0.01022738,-0.0115793,-0.01279865,-0.01399818,-0.01535592,-0.01612184,-0.01585873,-0.01565388,-0.0138433,-0.0118024,-0.009808415,-0.008312907,-0.006901794,-0.006544769,-0.006233886
ELL,0.01704312,0.01792134,0.01869044,0.01932093,0.01988261,0.02046947,0.02078667,0.02117145,0.02154027,0.02160648,0.02162406,0.02135853,0.02136213,0.02103364,0.02053884,0.02001814,0.01929964,0.01848786,0.0177909,0.01677199,0.01573754,0.0146172,0.01335941,0.01199082,0.01065086,0.009203655,0.007529744,0.005981004,0.004434012,0.002830598,0.001047316,-0.0008042751,-0.00265877,-0.004320234,-0.006030316,-0.007767083,-0.009499894,-0.01121426,-0.01294984,-0.01448161,-0.01608304,-0.01765972,-0.01912344,-0.02069594,-0.02211193,-0.02340169,-0.0246242,-0.02585814,-0.02697154,-0.0280262,-0.02895968,-0.02977472,-0.03063616,-0.0312917,-0.03193256,-0.03244724,-0.03286244,-0.03309,-0.03338775,-0.03355192,-0.03349725,-0.03338223,-0.03326483,-0.03296752,-0.03264213,-0.03204285,-0.03147088,-0.03077368,-0.0298891,-0.02914693,-0.02820799,-0.02712508,-0.02606042,-0.02478059,-0.02345953,-0.02208894,-0.02064735,-0.01905492,-0.01751821,-0.01577151,-0.01405386,-0.01251875,-0.01072535,-0.008898398,-0.0069859,-0.005146118,-0.003347696,-0.001504636,0.0004694345,0.002299364,0.004118744,0.005998107,0.007819642,0.00961253,0.01137961,0.01291867,0.01467646,0.0159594,0.01744051,0.01877645,0.02013976,0.02136808,0.0224609,0.02341978,0.02428995,0.02494274,0.02548307,0.02612782,0.02653371,0.02694135,0.02718002,0.02717908,0.02716254,0.02694303,0.02673769,0.02639758,0.02581479,0.02531625,0.0246796,0.02384034,0.02307481,0.02222389,0.02115828,0.0201507,0.01889332,0.01781596,0.01655899,0.01526752,0.01398466,0.01263622,0.01139756,0.009972833,0.00861441,0.00734007,0.006013655,0.004683381,0.003480901,0.002218803,0.0009360097,-0.00023981,-0.001438002,-0.002585146,-0.003451214,-0.004557608,-0.005617507,-0.006490199,-0.007471088,-0.008270854,-0.009182505,-0.009829161,-0.01062703,-0.01120719,-0.01181914,-0.01232523,-0.01278609,-0.01306736,-0.01348108,-0.01365409,-0.01401228,-0.01409178,-0.01409304,-0.01412894,-0.01422217,-0.01413742,-0.0140361,-0.01394064,-0.01367287,-0.01333903,-0.01304034,-0.01268986,-0.01217692,-0.01163387,-0.01110781,-0.01051769,-0.01015762,-0.009035723,-0.008248967,-0.007465005,-0.006498477,-0.005466883,-0.004641739,-0.003604086,-0.002509938,-0.001421547,-0.0003717627,0.0006811084,0.001962178,0.003028982,0.004102559,0.005344776,0.006400516,0.007740126,0.00892313,0.01003521,0.01126535,0.01235845,0.01348827,0.01442265,0.01528827,0.01642262
ELL,-0.0005322032,-0.001098639,-0.001720014,-0.002143579,-0.002739324,-0.003266288,-0.00367138,-0.004215783,-0.004770406,-0.005261246,-0.005693072,-0.006119852,-0.006503603,-0.006882744,-0.007251995,-0.007506661,-0.007858914,-0.008032093,-0.008271273,-0.008492634,-0.008606288,-0.008818818,-0.008937063,-0.008959739,-0.009024868,-0.008983376,-0.008986745,-0.00888727,-0.00880082,-0.008687327,-0.008450149,-0.008310864,-0.007987937,-0.007714582,-0.007468923,-0.007133022,-0.006798642,-0.006526048,-0.006042869,-0.005552894,-0.005189287,-0.004672442,-0.004260337,-0.003654963,-0.003155488,-0.00267882,-0.002088015,-0.001638526,-0.0009895759,-0.0005160439,2.180807e-05,0.000654605,0.001031676,0.001678392,0.002238896,0.002752149,0.003284206,0.003772592,0.004309475,0.004780815,0.005263013,0.005680042,0.006084105,0.006438547,0.006848986,0.007235878,0.007549205,0.007852609,0.008054158,0.008332534,0.008419107,0.008605857,0.008765708,0.008744741,0.008821098,0.00887169,0.008814313,0.008770623,0.00873346,0.008625656,0.008399706,0.008259526,0.008031397,0.007813257,0.007555209,0.007249972,0.006893109,0.006518341,0.006229494,0.005735626,0.005271147,0.004824677,0.004391366,0.003939693,0.003450589,0.003060896,0.002603099,0.00204562,0.00160561,0.00114286,0.0007155422,0.0001424507,-0.0002061646,-0.0006996604,-0.001169581,-0.001585011,-0.001996168,-0.002465619,-0.002917687,-0.003360935,-0.003680837,-0.004007858,-0.004370609,-0.004683549,-0.004986956,-0.00532152,-0.005516207,-0.005703929,-0.005903788,-0.006138117,-0.00624203,-0.00642485,-0.006516392,-0.006588313,-0.006634326,-0.006589428,-0.006590987,-0.006597652,-0.006557049,-0.006342272,-0.006286385,-0.006145466,-0.006005579,-0.005789264,-0.005499905,-0.005216035,-0.005018605,-0.004790203,-0.004419506,-0.004086151,-0.00373013,-0.003318811,-0.002980228,-0.002608699,-0.002211771,-0.001849665,-0.001438792,-0.0009358099,-0.0005401045,-0.0001495843,0.0004075163,0.0008532473,0.001307246,0.001714763,0.00221286,0.002653041,0.003079962,0.003521932,0.003912368,0.004377053,0.004752007,0.005127856,0.005517582,0.005815774,0.006243492,0.006502172,0.006773401,0.007024165,0.007212398,0.007442903,0.007631843,0.007739102,0.007834091,0.007920227,0.007935064,0.007992109,0.007903894,0.007918783,0.007834002,0.007752986,0.007517926,0.007376902,0.007153099,0.006893434,0.006695998,0.006265228,0.005997075,0.005724482,0.005354912,0.004859201,0.004413802,0.004036871,0.003578369,0.003012937,0.002599163,0.002073017,0.001565761,0.001145553,0.0004836969,-5.5937e-06
ELL,0.001463963,0.001509027,0.001599519,0.001637015,0.001713291,0.001733763,0.001745229,0.001819436,0.001848243,0.001865581,0.001899995,0.00190045,0.001939207,0.00198219,0.001951033,0.001962872,0.001929483,0.001918,0.001899263,0.001876346,0.001849371,0.001821665,0.001785554,0.001729656,0.001669197,0.001590222,0.001517253,0.001443019,0.001377274,0.001324684,0.00123759,0.001223025,0.001204149,0.001138803,0.001046924,0.0009842209,0.0008932168,0.0008264016,0.0007400572,0.0005956761,0.0005159223,0.0004092243,0.0002685168,0.00015518,2.035663e-05,-0.0001083194,-0.0002120756,-0.0002969995,-0.0004234682,-0.0005802423,-0.0006898161,-0.0007889251,-0.0008824508,-0.0009861204,-0.001110936,-0.001194008,-0.00122323,-0.001311863,-0.001365733,-0.001412857,-0.001429534,-0.001453936,-0.001459104,-0.001460319,-0.001441696,-0.001406478,-0.00139621,-0.001364425,-0.001313725,-0.001248046,-0.001193548,-0.001135282,-0.001088054,-0.0009858645,-0.0009090893,-0.0008183806,-0.0007357926,-0.0006417017,-0.0005248779,-0.0004400069,-0.0002993646,-0.0002027815,-0.0001033731,-2.678052e-05,0.0001055833,0.0001550006,0.0002908827,0.0003857181,0.0004591887,0.0005563374,0.000638946,0.0007079987,0.0007610153,0.0008175688,0.0008724926,0.0008826883,0.0009298801,0.0009603048,0.0009413583,0.0009830269,0.0009991223,0.0009980124,0.0009637339,0.0009544675,0.0009389309,0.0009402931,0.0009267256,0.0008929084,0.0008904397,0.0008525982,0.0008419991,0.0008367352,0.000773505,0.000752672,0.0006971314,0.0006526936,0.0005776913,0.00054227,0.0004707164,0.000390219,0.0002913446,0.0002086992,0.0001320866,7.477006e-05,-3.895628e-05,-0.0001567743,-0.000230796,-0.0003539369,-0.000443715,-0.0005581689,-0.0006438451,-0.0007306472,-0.0008248381,-0.0008852938,-0.001001214,-0.001058784,-0.001145035,-0.001210777,-0.001304016,-0.001410608,-0.001514956,-0.001612789,-0.001754004,-0.001852637,-0.001950484,-0.002043744,-0.002134983,-0.002208477,-0.002283893,-0.002340031,-0.002404364,-0.002454467,-0.002541019,-0.002541558,-0.002567577,-0.002544237,-0.002573794,-0.002536546,-0.002522069,-0.002473229,-0.002440821,-0.002404119,-0.002322561,-0.002259632,-0.002196844,-0.002101011,-0.002042649,-0.001971731,-0.001870548,-0.001819709,-0.001659138,-0.00162419,-0.001492802,-0.001404847,-0.001301575,-0.00118074,-0.001077932,-0.0009556724,-0.0008209459,-0.0007017984,-0.0005688083,-0.0004628471,-0.0003229247,-0.0002009135,-6.286584e-05,1.450791e-05,0.000151626,0.0002766383,0.000435097,0.0005321575,0.0006191615,0.0007014506,0.0008117122,0.0009272894,0.0009920489,0.001102558,0.001165344,0.001272542,0.001309446,0.001411865
ELL,0.01958298,0.01896235,0.01818174,0.01766017,0.01670391,0.01575026,0.01500575,0.01463612,0.01415305,0.01379396,0.01297043,0.01161667,0.01084065,0.009874362,0.009285035,0.00826822,0.007492281,0.006925078,0.006142299,0.005643428,0.004786066,0.004666317,0.004241235,0.003826646,0.002350599,0.002440126,0.002584504,0.002107807,0.001765487,0.00179386,0.001200131,0.0008752104,0.000565182,0.0004265549,0.0004441138,0.0005796526,0.0001848811,0.0002147485,-0.0002143411,-0.0003179777,-0.0003773802,-0.000474316,-0.0005215358,-0.0004686888,-0.0009433425,-0.0007601698,-0.0005368526,-0.001005944,-0.0007566161,-0.0005301656,-0.0005054224,-0.0004767085,0.0002989919,-2.590839e-05,-0.0005161741,-0.0003992077,-0.0008870827,-0.0005997677,-0.000874403,-0.001297643,-0.001516491,-0.001866628,-0.002035758,-0.002443006,-0.002555307,-0.002814519,-0.00321799,-0.003756841,-0.004466847,-0.004849077,-0.005482135,-0.006374362,-0.006759426,-0.007960938,-0.008741551,-0.009889871,-0.00993392,-0.01119377,-0.01184007,-0.01282773,-0.01401932,-0.01425814,-0.01502944,-0.01571634,-0.01633822,-0.01720594,-0.01848787,-0.01850073,-0.01914405,-0.01923328,-0.02013055,-0.02022516,-0.02115747,-0.02216748,-0.02314993,-0.0215369,-0.02249837,-0.02374186,-0.02402811,-0.02451266,-0.02568506,-0.02628046,-0.02759768,-0.02752224,-0.0280735,-0.02895687,-0.02931487,-0.02958127,-0.03024015,-0.03076833,-0.03120879,-0.03152608,-0.03123916,-0.03144345,-0.03169158,-0.03126492,-0.03128598,-0.03095538,-0.03053148,-0.0303698,-0.03085894,-0.02950557,-0.0293812,-0.02872466,-0.02808562,-0.02731895,-0.02688574,-0.02530901,-0.02528345,-0.02374074,-0.02295478,-0.02167494,-0.02081889,-0.01883675,-0.01773951,-0.01623415,-0.01497449,-0.01338444,-0.01171166,-0.009676772,-0.008674666,-0.006976291,-0.004977713,-0.003735319,-0.002432059,-0.0006011471,0.0006552934,0.002590959,0.004075051,0.005408916,0.007484152,0.008601668,0.00960893,0.01138977,0.01294382,0.01706339,0.01787924,0.01887256,0.01919987,0.01978218,0.02110761,0.02218346,0.02302712,0.02396025,0.02555114,0.02658165,0.02708481,0.0281174,0.02896067,0.02959931,0.03038243,0.03088209,0.03115475,0.03171812,0.03239055,0.03248239,0.03229395,0.03283078,0.03283524,0.03315046,0.03314656,0.03249177,0.032694,0.03219585,0.03213782,0.03117618,0.0309319,0.03037244,0.02957932,0.02882313,0.02833009,0.02714846,0.0263776,0.02575999,0.02531604,0.02404333,0.0232901,0.02262542,0.02177887,0.02152298
ELL,0.02349371,0.0231557,0.02186733,0.02141139,0.02112416,0.01934361,0.0182429,0.01755087,0.01646353,0.01497903,0.01342303,0.01209642,0.01077851,0.009152668,0.007487517,0.006270337,0.004925004,0.002791801,0.001446426,-0.0004556553,-0.001352804,-0.003045096,-0.004382341,-0.006627163,-0.00776742,-0.009286979,-0.01092898,-0.01217429,-0.01322255,-0.01475908,-0.01577034,-0.01700639,-0.01798454,-0.01880346,-0.0196386,-0.02047502,-0.02119296,-0.02229395,-0.02268763,-0.02263653,-0.02283739,-0.02337656,-0.02381345,-0.02311714,-0.02248631,-0.02294248,-0.02237735,-0.02176577,-0.02166995,-0.02095205,-0.0202523,-0.01991844,-0.01854458,-0.01776577,-0.01623608,-0.01492821,-0.01369393,-0.01208708,-0.01108117,-0.009607321,-0.007802838,-0.00683674,-0.00527209,-0.003626124,-0.001644508,-0.0001314025,0.001250958,0.002600472,0.004715709,0.006242084,0.007595078,0.008896914,0.01038382,0.01225499,0.01314228,0.01444951,0.01617218,0.01754822,0.01904419,0.01957178,0.02045431,0.02127845,0.02233434,0.02337566,0.02393886,0.0243314,0.02503431,0.02514635,0.02570847,0.02587049,0.02549411,0.02636795,0.02632896,0.02618513,0.02535153,0.02550618,0.02476741,0.02371083,0.02343407,0.02293929,0.02128854,0.02071747,0.01948045,0.01843755,0.0174209,0.01635201,0.01464383,0.01333745,0.01177927,0.01066046,0.008789985,0.007136759,0.00514514,0.004259346,0.002038585,0.001145878,-0.0004789647,-0.002131701,-0.004124476,-0.00561577,-0.007725011,-0.009234489,-0.01050381,-0.01218895,-0.01417609,-0.01515741,-0.01678335,-0.01861514,-0.0194762,-0.02096936,-0.02196996,-0.02312189,-0.02435031,-0.02498995,-0.02585789,-0.02637922,-0.02733884,-0.02805148,-0.0286119,-0.02912318,-0.02936234,-0.02949626,-0.02974013,-0.02938502,-0.02936636,-0.02930458,-0.02904583,-0.0290073,-0.02811893,-0.02724102,-0.02645433,-0.02591357,-0.02513575,-0.02419628,-0.02260368,-0.02178861,-0.02058907,-0.02007563,-0.01801829,-0.01678548,-0.01553116,-0.01413387,-0.01223037,-0.01075821,-0.00895798,-0.007445159,-0.005711455,-0.003980423,-0.002775372,-0.0005416228,0.001249621,0.002491302,0.004410794,0.005831135,0.007488673,0.00881027,0.01071474,0.01209707,0.01287627,0.01519578,0.01567312,0.01711529,0.01810957,0.01928444,0.02012373,0.02090731,0.02209728,0.02326694,0.02372341,0.0238389,0.02445759,0.02541084,0.02495785,0.02555032,0.0256517,0.02530567,0.02522466,0.02477876,0.02452248,0.02440948
ELL,-0.0003499801,0.001803349,0.004159249,0.006655724,0.008980962,0.01130496,0.01364715,0.01537786,0.01725039,0.01922557,0.02075446,0.02218349,0.02351243,0.02499554,0.02679905,0.02833794,0.02944051,0.03055073,0.03138157,0.03194325,0.03247165,0.03301653,0.03317251,0.03336679,0.03351621,0.03364634,0.03334631,0.03298206,0.03264856,0.03210917,0.03141521,0.0304362,0.0292089,0.02817332,0.02726401,0.02603009,0.02442837,0.02246613,0.02039751,0.01846924,0.01611341,0.01369775,0.01130136,0.008936657,0.006731016,0.004865036,0.002591655,0.0007849089,-0.001681059,-0.004218035,-0.006895501,-0.009645825,-0.0119755,-0.01450997,-0.01726857,-0.01923555,-0.02167973,-0.02387395,-0.02590306,-0.02759785,-0.02994041,-0.03228537,-0.03430169,-0.03664697,-0.03824721,-0.0403205,-0.04215663,-0.04377247,-0.04518031,-0.04671432,-0.04798625,-0.04852326,-0.04911881,-0.049474,-0.05018342,-0.05033804,-0.05017016,-0.04984839,-0.04931228,-0.0483124,-0.04699198,-0.04547546,-0.04303114,-0.04106061,-0.03905402,-0.03795562,-0.03612813,-0.03454468,-0.03258079,-0.03039543,-0.02805978,-0.02560996,-0.02312041,-0.02071039,-0.0176315,-0.01485944,-0.01195875,-0.009249031,-0.006530275,-0.00373341,-0.000965145,0.001503278,0.003899321,0.006175552,0.0079262,0.009773001,0.01168473,0.01328134,0.01518113,0.0172002,0.01867335,0.02046056,0.02215661,0.02345018,0.02469987,0.02612622,0.02734578,0.02845028,0.02936321,0.03017607,0.03128298,0.03217059,0.03279899,0.03299989,0.0332226,0.03347871,0.03353177,0.03324122,0.03299138,0.03232668,0.03171485,0.03106242,0.03044816,0.02967663,0.0287081,0.02764096,0.02634335,0.02480472,0.02331586,0.02175995,0.01992223,0.01788758,0.01568521,0.01352532,0.01141259,0.009512632,0.007520041,0.00564263,0.004500061,0.002925624,0.001256386,-0.0008930677,-0.0032114,-0.005504898,-0.0080651,-0.01058893,-0.01297099,-0.01518395,-0.01760231,-0.02012957,-0.02266687,-0.02473603,-0.02655983,-0.02839019,-0.02998726,-0.03134173,-0.03278439,-0.03413186,-0.03522981,-0.03624773,-0.03686511,-0.03768324,-0.0382974,-0.03891605,-0.0392124,-0.03936315,-0.0389987,-0.03831865,-0.03726182,-0.03610906,-0.03492539,-0.03358521,-0.03304396,-0.03186128,-0.03090263,-0.02972155,-0.02801828,-0.02633204,-0.02427337,-0.02193562,-0.01973841,-0.01769255,-0.01565412,-0.01349639,-0.01108905,-0.008898259,-0.006499261,-0.004303294,-0.00276989,-0.001199776
ELL,-0.001615647,-0.002041357,-0.002217326,-0.002279089,-0.002598841,-0.002377988,-0.002520834,-0.002185097,-0.002431505,-0.002114256,-0.002264811,-0.002397496,-0.002595054,-0.00242267,-0.002787164,-0.003264512,-0.002367749,-0.002456621,-0.002381259,-0.002002042,-0.002280133,-0.002270273,-0.002314648,-0.0020345,-0.001748933,-0.002142957,-0.001894064,-0.001489868,-0.0008485983,-0.0009331541,-0.001058871,-0.0009384684,-0.000821342,-0.0006906053,-0.0001863017,-0.0008323996,0.0003246389,0.0006245791,-1.029334e-06,-0.0002089006,0.0007422098,0.0008216587,0.0007715237,0.001478081,0.001116489,0.001009753,0.001471848,0.001634745,0.001793041,0.001751917,0.002131152,0.001453465,0.002532755,0.002144865,0.001984895,0.002182959,0.002568188,0.002310243,0.002192091,0.002792765,0.00299594,0.002661827,0.002252585,0.003213166,0.002468767,0.002564133,0.002416528,0.002559875,0.001960417,0.002262372,0.002066494,0.001913591,0.001970264,0.002125437,0.002136466,0.002011698,0.001754212,0.0007631436,0.001010943,0.001391868,0.001089641,0.001177939,0.0007471155,-8.203348e-05,0.0001237228,8.10337e-05,-0.0001684167,4.063934e-06,0.0001407472,-0.0004478133,-0.0008846662,-0.0005363163,-0.001027681,-0.001247758,-0.001269577,-0.001222404,-0.001304637,-0.00142171,-0.001806285,-0.002318343,-0.001635997,-0.002134788,-0.001883508,-0.001978874,-0.002068392,-0.002718553,-0.002632666,-0.002161332,-0.002357949,-0.002012849,-0.00302889,-0.002596103,-0.002524244,-0.00252578,-0.002871049,-0.002192326,-0.002325489,-0.00218271,-0.002712816,-0.002276906,-0.001745962,-0.002232724,-0.002425872,-0.002123441,-0.001768638,-0.001155221,-0.001316487,-0.001534705,-0.001428695,-0.001445223,-0.001300604,-0.001036632,-0.0003257893,-0.0001857797,-0.0001508156,-0.0002640997,-0.0002476792,-0.0001577915,-8.962819e-05,0.001138897,-0.0001051424,0.0007173721,0.0002112861,0.0009556732,0.00127126,0.001742623,0.001121457,0.001753982,0.001863299,0.002123597,0.001527976,0.00192412,0.002282484,0.002273802,0.002667254,0.001939335,0.00239354,0.002906564,0.002204587,0.002049998,0.002582818,0.00243782,0.002212127,0.002329501,0.002418946,0.002552193,0.002216723,0.002379763,0.002294163,0.002493049,0.002067466,0.002255665,0.002244841,0.001791909,0.001358454,0.001422256,0.001964172,0.0009991057,0.001291366,0.00105876,0.001283015,0.0006719449,0.0004671193,0.0001933787,0.0009446543,0.0001272504,0.0001385126,-0.0004480244,0.0002622195,-0.0001389243,-0.0006493999,-0.001570386,-0.001049217,-0.001373622,-0.001076774,-0.00137112,-0.001998626,-0.001359934,-0.001305688,-0.001685995
ELL,-0.01841736,-0.01882371,-0.01932416,-0.0181786,-0.01828048,-0.01830302,-0.01834792,-0.0180471,-0.01719151,-0.0166638,-0.01676837,-0.01630167,-0.01453566,-0.01456928,-0.01425223,-0.01381698,-0.01341476,-0.01275119,-0.01210186,-0.01099679,-0.01095682,-0.009901629,-0.009331446,-0.008271571,-0.00653972,-0.005554128,-0.004973332,-0.004191161,-0.003540921,-0.002443038,-0.000493421,0.001069335,0.002967296,0.004616697,0.005814279,0.008187799,0.01000403,0.01173298,0.01399093,0.01495587,0.01626009,0.01773942,0.01843555,0.0194074,0.02071083,0.02235261,0.02271485,0.02357823,0.02405118,0.02419793,0.02462012,0.02439806,0.02427695,0.02406108,0.0238332,0.02330284,0.02246026,0.02212015,0.02130138,0.02049869,0.02000151,0.01926909,0.01814034,0.0177639,0.01710506,0.01586927,0.01485149,0.01340027,0.01228239,0.0110847,0.009898417,0.007652424,0.006885373,0.006667998,0.005177597,0.004287581,0.003140946,0.002414997,0.001214694,0.001226855,0.0004426817,-0.0009315939,-0.001547682,-0.002542582,-0.003316166,-0.004393087,-0.005599988,-0.006586823,-0.007342776,-0.009072655,-0.01025195,-0.0119752,-0.01234389,-0.01398208,-0.01486934,-0.01552181,-0.01684728,-0.0173135,-0.01777226,-0.01841776,-0.01865941,-0.01908475,-0.01904718,-0.01911044,-0.01851272,-0.01832975,-0.01808729,-0.01802281,-0.01750494,-0.0176898,-0.01703573,-0.0164958,-0.01602449,-0.01552285,-0.01472339,-0.01413898,-0.01431325,-0.01317314,-0.01248392,-0.01137496,-0.01145287,-0.01021524,-0.009037886,-0.008453994,-0.006860808,-0.00658792,-0.005348337,-0.004480571,-0.003704197,-0.002298088,-0.001050573,0.0005122751,0.001963467,0.004020579,0.00578975,0.007770034,0.009864581,0.01088519,0.0132489,0.01410935,0.01528992,0.0168017,0.01848166,0.01903333,0.0201399,0.02087451,0.02214542,0.02256789,0.02290234,0.02306291,0.02326128,0.02364194,0.02323074,0.02304595,0.02251642,0.02198035,0.0219991,0.02134817,0.02031681,0.02019881,0.01986744,0.0188067,0.01815815,0.01731616,0.01720984,0.01601836,0.01478557,0.01344184,0.01252182,0.01130683,0.01058732,0.008629147,0.007648331,0.006589278,0.005310169,0.00480783,0.003844579,0.00289785,0.002093774,0.00146245,0.000601416,1.811544e-05,-0.0006910859,-0.001776783,-0.002566129,-0.004096791,-0.005205504,-0.006645801,-0.007238488,-0.008834369,-0.009964461,-0.01121543,-0.01232571,-0.01358651,-0.01446654,-0.01547692,-0.01676951,-0.01633366,-0.01768859,-0.01783715
ELL,-0.003560441,-0.001183391,0.001034063,0.003160901,0.005575645,0.007691366,0.009830557,0.0119635,0.01383438,0.01592383,0.01779616,0.01946431,0.02106368,0.02285451,0.02444956,0.02567226,0.0269357,0.0281695,0.02909822,0.03017752,0.03101928,0.03153353,0.03216664,0.03255186,0.03291811,0.03291781,0.03286944,0.03272865,0.03238304,0.0320387,0.03130127,0.03041774,0.02984181,0.02877389,0.02774696,0.02638389,0.0252695,0.02369309,0.02214796,0.02067339,0.01892634,0.01706313,0.01521953,0.01337787,0.01135793,0.009200634,0.007229631,0.005119062,0.003018511,0.0008004924,-0.001380576,-0.003468415,-0.005625181,-0.007609077,-0.009821179,-0.01185835,-0.01378702,-0.01557181,-0.01745274,-0.01924309,-0.02075265,-0.02248965,-0.02391213,-0.02524269,-0.0264045,-0.02740177,-0.0284515,-0.02914192,-0.02998816,-0.03047642,-0.03086713,-0.03120741,-0.03123361,-0.03122712,-0.03105847,-0.03075077,-0.03039772,-0.02959298,-0.02888546,-0.02790104,-0.0268981,-0.02560919,-0.02426092,-0.0229548,-0.02139565,-0.01974119,-0.01798053,-0.01607195,-0.01420048,-0.01216852,-0.01015517,-0.007913564,-0.005761439,-0.003383746,-0.001239729,0.001132515,0.003269818,0.005697773,0.008132684,0.01033429,0.0126249,0.01472137,0.01695221,0.01896845,0.0210852,0.02306889,0.02496402,0.026702,0.02837451,0.02998161,0.03156552,0.03280267,0.03425575,0.03525757,0.03621596,0.03722347,0.0378618,0.03848194,0.03887302,0.03920205,0.03945144,0.03943879,0.0392211,0.03913806,0.03868018,0.03817228,0.03740961,0.03665939,0.03554549,0.03449505,0.03328875,0.03180222,0.03040536,0.02875669,0.02709995,0.025182,0.02344683,0.02122191,0.01924079,0.0172284,0.01504659,0.01268276,0.01042544,0.008155698,0.005532695,0.00323607,0.0008753679,-0.001601965,-0.003900678,-0.006336894,-0.008694823,-0.01119582,-0.0135677,-0.01578828,-0.01790392,-0.02012643,-0.02219536,-0.02405771,-0.02592193,-0.02784938,-0.02959242,-0.03131978,-0.03285694,-0.03424441,-0.03550586,-0.03672505,-0.03792231,-0.0388401,-0.0397331,-0.04023099,-0.0408594,-0.0413174,-0.04159328,-0.04186809,-0.04187429,-0.04167373,-0.04138758,-0.04105278,-0.04046512,-0.03976049,-0.03912584,-0.03823363,-0.03727727,-0.0360022,-0.03482271,-0.03349349,-0.03207373,-0.03045028,-0.02877547,-0.02707537,-0.02513529,-0.02336584,-0.02124849,-0.01935487,-0.01703101,-0.01486386,-0.01268905,-0.01050453,-0.008102058,-0.006004964
ELL,-0.003191285,-0.002127278,-0.001557214,-0.001200117,0.000109785,0.001148491,0.002136145,0.003029445,0.003576353,0.004745815,0.006030424,0.007291088,0.007562957,0.008469726,0.009628378,0.01089565,0.01172063,0.01195824,0.01274815,0.01347298,0.01461564,0.01505302,0.0150723,0.01563651,0.01633852,0.01665477,0.01687112,0.01682778,0.01694781,0.01703647,0.01706798,0.01675829,0.01659125,0.01587256,0.01580831,0.01556031,0.01493191,0.01418422,0.01323625,0.01288813,0.01245004,0.01171936,0.01031814,0.009189419,0.008895449,0.008203416,0.00720367,0.005746865,0.004749,0.004277768,0.003388849,0.002341828,0.0008031304,-2.421255e-05,-0.0004879268,-0.00104705,-0.00235454,-0.003626964,-0.004158415,-0.004519985,-0.005293051,-0.006340344,-0.00725035,-0.007719593,-0.00785008,-0.008462861,-0.009375939,-0.01008112,-0.01027735,-0.01026174,-0.01044479,-0.01144326,-0.01187536,-0.01171373,-0.01136623,-0.0117306,-0.01259375,-0.01252528,-0.01211764,-0.01189543,-0.01187661,-0.01241519,-0.01234719,-0.01167439,-0.01100613,-0.01148704,-0.01155739,-0.01087121,-0.01032219,-0.009714673,-0.009835094,-0.00969656,-0.00890892,-0.007849023,-0.007372588,-0.007136982,-0.006600381,-0.005800076,-0.00459965,-0.00394142,-0.003609467,-0.002859595,-0.001796873,-0.0005350896,0.0001003883,0.000656445,0.00173039,0.002758523,0.004073631,0.004976891,0.005411384,0.006403143,0.007741028,0.008829049,0.009489696,0.009954315,0.01115904,0.01209624,0.01314419,0.0135511,0.01392929,0.01461967,0.01540007,0.01601843,0.01620513,0.01625364,0.01659309,0.01690404,0.01728279,0.01687408,0.01666824,0.01652376,0.01658475,0.01632456,0.01586882,0.01517281,0.01466823,0.01435274,0.0137776,0.01294017,0.0117584,0.01118207,0.01070426,0.0100428,0.008718383,0.00757338,0.006718886,0.006234796,0.005207539,0.003921701,0.002796698,0.002041667,0.001317984,0.0005331771,-0.0006152366,-0.001792773,-0.002233003,-0.002758281,-0.003583084,-0.004821229,-0.005706189,-0.005947732,-0.006359396,-0.007056492,-0.008026699,-0.008727177,-0.008851787,-0.008812875,-0.00948623,-0.01043433,-0.01044864,-0.01054174,-0.01039572,-0.01116054,-0.0118435,-0.01159517,-0.01128733,-0.0113548,-0.01184541,-0.01206234,-0.01172645,-0.01145486,-0.01108131,-0.01168646,-0.01155991,-0.01100016,-0.01037781,-0.0102804,-0.01058227,-0.00993349,-0.009236461,-0.008704899,-0.008458123,-0.008125265,-0.00769601,-0.006720418,-0.005987117,-0.005576198,-0.005143927,-0.004288286
ELL,-0.03288347,-0.03149581,-0.03027209,-0.02865225,-0.0276478,-0.02558109,-0.02472128,-0.02253904,-0.02172617,-0.0203802,-0.01727254,-0.01510537,-0.01364909,-0.0109509,-0.01014329,-0.008487524,-0.006789802,-0.004661759,-0.002846403,-0.0006686401,0.001154534,0.007894102,0.01424331,0.01658437,0.01824363,0.02062331,0.02245809,0.02475945,0.02640045,0.02846931,0.03021499,0.03258092,0.03445421,0.0370983,0.03917633,0.04127317,0.04330859,0.04516218,0.04693399,0.0486875,0.05036803,0.0520613,0.05401767,0.05577068,0.05778882,0.05933326,0.0611968,0.06262465,0.06444205,0.06585851,0.06742016,0.0686176,0.06981893,0.07094706,0.07228676,0.07333366,0.07436603,0.0751326,0.07603355,0.07674154,0.07748238,0.07811093,0.07873991,0.0792063,0.07978132,0.08009121,0.0804826,0.08068203,0.08078908,0.08078742,0.08061223,0.08045185,0.08007093,0.07971825,0.07901796,0.07896645,0.07818149,0.07764384,0.07698614,0.0765627,0.07492747,0.07400768,0.07295268,0.07147492,0.07130615,0.07022024,0.0688772,0.066662,0.06674587,0.0657227,0.06353095,0.06240822,0.06007209,0.05960441,0.05629099,0.05513065,0.05534091,0.05244219,0.05102356,0.04922952,0.04789083,0.04466205,0.04275505,0.04147913,0.03987504,0.03525542,0.03402112,0.03006744,0.02641507,0.02803781,0.02597794,0.02386068,0.02070487,0.02066988,0.03265448,0.030487,0.02811122,0.02593002,0.02396325,0.02192267,0.01999355,0.01783062,0.015393,0.009238305,0.006609987,0.004544676,0.002889064,0.001016541,-0.000798584,-0.002813876,-0.004749148,-0.006471481,-0.00837944,-0.0102266,-0.0119357,-0.01363349,-0.01535069,-0.01677911,-0.01842463,-0.02024277,-0.02183801,-0.0233984,-0.02476509,-0.02618052,-0.02767809,-0.02907097,-0.03066055,-0.03196184,-0.03332972,-0.0344868,-0.03590016,-0.03700019,-0.03815954,-0.03908667,-0.040017,-0.04045052,-0.04170251,-0.04261019,-0.04333792,-0.04411825,-0.04499664,-0.04552734,-0.04622992,-0.04687732,-0.04771523,-0.04825472,-0.04877227,-0.04923911,-0.04962549,-0.0497996,-0.04980117,-0.04998663,-0.05020712,-0.0503827,-0.05039103,-0.0503468,-0.05013974,-0.04978732,-0.04945559,-0.04894504,-0.04857397,-0.04823094,-0.04786948,-0.04737576,-0.04679376,-0.04646089,-0.04567573,-0.04495266,-0.04414635,-0.04331714,-0.04261903,-0.0415074,-0.04079682,-0.03954033,-0.03877075,-0.03726255,-0.0363961,-0.03498681,-0.03348928,-0.03202758
ELL,-0.02752431,-0.02523135,-0.02297705,-0.0205362,-0.0178221,-0.01520481,-0.01270404,-0.01005969,-0.00751641,-0.004719431,-0.00212772,0.0004833207,0.002992145,0.005595502,0.008181342,0.01048659,0.01289331,0.01511059,0.01772927,0.02009206,0.02175653,0.02330004,0.02524047,0.02723431,0.02890536,0.03046392,0.03175897,0.03296329,0.03373152,0.03478711,0.03555399,0.0360701,0.03663797,0.03673164,0.03675127,0.03649767,0.03627528,0.03568619,0.03493548,0.03402078,0.03306976,0.0318413,0.03031711,0.02880641,0.02714839,0.02531696,0.02331875,0.02119327,0.01889632,0.01662418,0.01392071,0.01135534,0.008515683,0.005849606,0.002977535,0.0001043477,-0.002933131,-0.006097113,-0.009151035,-0.01223086,-0.0151572,-0.0181717,-0.0212681,-0.02417776,-0.02699448,-0.02989843,-0.03281156,-0.03547006,-0.03794672,-0.04041715,-0.04279072,-0.04503332,-0.04734343,-0.04909655,-0.05095638,-0.05254699,-0.05398342,-0.05525019,-0.05618883,-0.05697209,-0.0576533,-0.05804858,-0.05816117,-0.05775629,-0.05727792,-0.05644317,-0.05547998,-0.05430282,-0.0528019,-0.05122326,-0.04913048,-0.04694163,-0.04459566,-0.04200393,-0.03916675,-0.03631404,-0.03340541,-0.0301408,-0.02679214,-0.02346871,-0.0200398,-0.0166104,-0.01308033,-0.009434559,-0.005574555,-0.001978292,0.001725957,0.005253326,0.008936242,0.01259096,0.01595687,0.01981347,0.02307755,0.02653589,0.02990358,0.03307765,0.03606049,0.03916078,0.04199874,0.04475863,0.04718411,0.04981842,0.05167695,0.05388315,0.05566664,0.05702167,0.058769,0.05991193,0.06125012,0.06250995,0.06412821,0.06456266,0.06493022,0.06493881,0.06467282,0.0642938,0.0637652,0.06289143,0.06190348,0.06074147,0.05933955,0.0577525,0.05587977,0.05410812,0.0519757,0.04956453,0.04732327,0.0447798,0.04202478,0.03924206,0.03633162,0.03330243,0.03030686,0.02703312,0.02379699,0.02066755,0.01729311,0.01381802,0.0104975,0.007337404,0.004011679,0.000721777,-0.002520021,-0.005831897,-0.008998378,-0.012058,-0.0150874,-0.01806343,-0.02078372,-0.02357107,-0.02602728,-0.02871074,-0.0308982,-0.03317856,-0.03530506,-0.03733538,-0.03908562,-0.04068422,-0.04212102,-0.04339515,-0.04447643,-0.04558629,-0.04626388,-0.04687687,-0.0471178,-0.04718566,-0.04714807,-0.04674042,-0.04627094,-0.04555031,-0.04458361,-0.04351645,-0.04221931,-0.04097338,-0.03932949,-0.03758096,-0.03584185,-0.03388757,-0.03193504,-0.02990261
ELL,0.02303533,0.02354644,0.02430061,0.02487041,0.02546066,0.02602708,0.02630256,0.02646115,0.02651084,0.0265002,0.02622971,0.02600149,0.02558029,0.02514198,0.02456786,0.02394592,0.02321921,0.02249046,0.02173913,0.02081075,0.01953231,0.01805114,0.01690742,0.01570271,0.0143262,0.01287746,0.0113621,0.01007593,0.008502165,0.006961035,0.005205521,0.003450057,0.001870435,0.0002694137,-0.001363759,-0.002933489,-0.004563801,-0.006377452,-0.007879616,-0.00944529,-0.01109565,-0.01253943,-0.01403456,-0.01545232,-0.01634657,-0.01761004,-0.01877303,-0.01994843,-0.02096896,-0.02204864,-0.0228704,-0.02386927,-0.02458252,-0.02537078,-0.02610704,-0.02681284,-0.02705397,-0.02766509,-0.02794387,-0.02821872,-0.02843867,-0.02855761,-0.02852424,-0.02887478,-0.02912082,-0.02894369,-0.02865285,-0.02857322,-0.0281737,-0.02759726,-0.02671242,-0.02620969,-0.02537895,-0.02452158,-0.02378937,-0.023077,-0.02193975,-0.02089753,-0.02002002,-0.01894106,-0.01800551,-0.01646519,-0.01529852,-0.01370224,-0.01235186,-0.01111157,-0.009534984,-0.007979544,-0.006509099,-0.004952234,-0.00345759,-0.001839695,-0.0001409094,0.001884592,0.003817689,0.005175596,0.006677472,0.008198209,0.009446022,0.01095057,0.012196,0.01379036,0.01513545,0.01629293,0.01752395,0.01858956,0.01956055,0.02060072,0.02140234,0.02208526,0.02282382,0.02337461,0.02370541,0.02399466,0.02413601,0.02448404,0.02441953,0.02438424,0.02443791,0.02404666,0.02389703,0.02364247,0.02316182,0.02260239,0.02199912,0.02099711,0.02004112,0.01925081,0.01820209,0.01724314,0.01552018,0.0144132,0.01320368,0.011962,0.01048523,0.009098672,0.007654672,0.006587329,0.005251819,0.003986069,0.002709796,0.001418512,0.0003593402,-0.0008599891,-0.002112221,-0.003218819,-0.00436551,-0.005444281,-0.006513927,-0.007375384,-0.008238153,-0.009000042,-0.009860022,-0.01069384,-0.01128192,-0.01197238,-0.01224528,-0.01277689,-0.01298751,-0.0130223,-0.01303039,-0.01320444,-0.01315928,-0.01301902,-0.01315787,-0.01289398,-0.0127029,-0.0124129,-0.01206177,-0.01150205,-0.0109762,-0.01010376,-0.009520556,-0.008714742,-0.008109816,-0.007181175,-0.006079746,-0.005038202,-0.004399977,-0.003316007,-0.001914188,-0.0009409479,0.0005704404,0.00173641,0.00290058,0.004279395,0.005509926,0.007093185,0.008425953,0.009664858,0.01133613,0.01261038,0.01430742,0.01588792,0.0171558,0.01822888,0.01938598,0.02042943,0.02134997,0.02218663
ELL,-0.003055066,0.0002450625,-0.001350861,-0.001712011,-0.001696027,-0.001946554,-0.001495737,-0.0004088764,-1.597611e-05,-0.0003325742,-5.291468e-05,0.0002074127,-0.0004265451,-0.0007557834,-0.0001785439,-0.0003671629,-0.0003941433,-0.001007208,-0.000685231,-0.001153712,-0.001250971,-0.001489591,-0.001435788,-0.001802556,-0.001622576,-0.001828725,-0.002077815,-0.002200077,-0.002168779,-0.001684022,-0.001786212,-0.001579312,-0.001268864,-0.001141596,-0.002004844,-0.0023269,-0.001489478,-0.001992893,-0.002636662,-0.001917992,-0.001692868,-0.0009602455,-0.0003921906,-0.0007820095,-0.0009369703,-0.0003546151,-0.0006676069,-0.0004978932,-0.0004570312,-0.0006381282,-0.0007479188,-0.001140478,-0.002357569,-0.002048852,-0.001079534,-0.001143047,-0.00105669,-0.0004370219,-0.0007087967,-0.001387504,-0.001924457,-0.00264068,-0.00163617,-0.001491242,-0.001866278,-0.001822629,-0.002301431,-0.0013022,-0.000245763,-0.0004034195,-0.0007627109,-0.0007501288,6.25533e-05,-0.0008897097,-0.0008944918,-0.0001742474,0.0002407471,-0.0006934979,-0.0002307234,0.001225466,0.00233754,0.0024104,0.002729235,0.003264036,0.002839008,0.002375914,0.002693688,0.003212508,0.002345377,0.002129687,0.002116066,0.001728836,0.001484875,0.002158738,0.002601412,0.001198777,0.0006991939,0.001792314,0.00127507,0.0001864365,0.000370031,0.0008870125,0.0006613004,0.0003810787,0.002031841,0.002553939,0.002298191,0.002725399,0.003450205,0.002985011,0.003165821,0.003254281,0.003322957,0.00298858,0.00292234,0.002512989,0.002130274,0.002526943,0.002763868,0.003110889,0.002936495,0.001773505,0.001558089,0.001705305,0.00120231,0.0001957918,-0.0002849023,-0.0002757586,-0.0008314229,-0.001458537,-0.0009888748,-0.0005627674,-0.0009413991,-0.0002385334,-0.0003684986,-0.001779805,-0.002034191,-0.0009018822,-0.001176912,-0.001781307,-0.0008611972,-0.000642505,-0.0006088938,-0.0008679787,0.0005715358,0.001567122,0.001954977,0.001281737,0.001025041,0.001283409,0.0008223676,0.0006694259,0.001445391,0.0006360877,0.0002185503,0.001295906,0.001416482,0.00122181,0.001874095,0.001772253,0.001383933,0.0009570854,0.0004263311,0.0009446326,0.000991516,0.0007351766,0.0004616476,0.0005641712,0.0001489891,-0.0003497689,0.0007721555,0.0006526543,-0.0001309775,0.0002951334,-0.000186066,-0.0009053331,-0.001432718,-0.0004686368,-0.0002528635,-0.0005693881,-0.0005108529,-0.0007557743,-0.00101387,-5.065183e-05,0.0001682815,0.0007225294,0.0001803093,0.0005242622,-0.001666136,-0.003415288,-0.003913038,-0.003107844,-0.002536612,-0.002528901,-0.002021904,-0.001512284,-0.0006534783,-0.0003734445,-0.00105314,-0.001107344
ELL,-0.01868284,-0.01772237,-0.01716882,-0.01679779,-0.01542309,-0.01556305,-0.01403379,-0.0132182,-0.01247313,-0.01113791,-0.01038813,-0.009539004,-0.008058984,-0.007436431,-0.00615332,-0.004914945,-0.003768142,-0.002362318,-0.001483331,-0.0002686153,0.0006869981,0.001993308,0.003708494,0.005110166,0.006282222,0.007742175,0.008536005,0.009748655,0.01072246,0.01176355,0.01286731,0.01385527,0.01458012,0.01574172,0.01552025,0.01714131,0.01808974,0.01858699,0.01937075,0.01931417,0.02086008,0.02032313,0.02078545,0.02128091,0.02160334,0.02166664,0.021464,0.02169129,0.02123376,0.02108422,0.02123947,0.02058371,0.01988518,0.01987605,0.01917234,0.01869052,0.01820278,0.01745981,0.01658922,0.01597608,0.01463657,0.0138945,0.01275214,0.01171522,0.01168807,0.0104095,0.008807954,0.007557784,0.006687777,0.005358011,0.004082367,0.002998457,0.002102504,0.001085404,-4.891659e-05,-0.001072405,-0.002479079,-0.003069735,-0.004258549,-0.005045295,-0.00539751,-0.007300333,-0.00732524,-0.008533099,-0.009097008,-0.01045182,-0.01087399,-0.0115164,-0.01269249,-0.01233964,-0.01358553,-0.01279948,-0.01365577,-0.01356828,-0.01340246,-0.01420367,-0.01386215,-0.01340669,-0.01370774,-0.01365574,-0.01309463,-0.01295524,-0.01248759,-0.01237637,-0.01196132,-0.01117306,-0.01045097,-0.01006532,-0.009660086,-0.008444654,-0.007937005,-0.006412074,-0.006150992,-0.005361915,-0.004003842,-0.003328983,-0.001580355,-0.0009863868,-8.693809e-05,0.0001328584,0.001893546,0.002599167,0.003602229,0.004723895,0.005292398,0.006879629,0.007058455,0.007845424,0.008185973,0.009749685,0.01031063,0.01033674,0.01137427,0.0120783,0.01191928,0.01242508,0.01306812,0.01287402,0.01354072,0.01391743,0.01386756,0.01371045,0.01387874,0.01354432,0.01405152,0.01402305,0.01307318,0.01319342,0.0129342,0.01218344,0.01133787,0.01103527,0.01049368,0.00965064,0.009122069,0.00855603,0.007477548,0.006519428,0.005439438,0.004403341,0.004086727,0.002742829,0.001815551,0.0009379899,0.0002688115,-0.001175954,-0.002335548,-0.003651936,-0.004764739,-0.005294743,-0.006762871,-0.007853093,-0.008955905,-0.009517109,-0.01065065,-0.01172364,-0.0125254,-0.01327202,-0.01391988,-0.01500757,-0.01626272,-0.01644692,-0.01685485,-0.01808483,-0.01839443,-0.01846177,-0.01911456,-0.01905241,-0.0202172,-0.02003158,-0.02047016,-0.02031651,-0.02033255,-0.02045632,-0.02031182,-0.02048684,-0.02014858,-0.01939991,-0.01944495,-0.01875658
ELL,0.001137938,0.001139381,0.0009119647,0.0008198802,0.0005055476,0.0005850273,0.0006359419,0.0008249092,0.0008276881,0.0005644508,0.0001770011,9.892356e-05,4.463729e-06,-0.0002683867,-8.327173e-05,-0.0002223317,-0.0004074359,-0.0003288496,-0.0007398064,-0.000737623,-0.0009714078,-0.001045742,-0.000930126,-0.0009922675,-0.000656087,-0.000809078,-0.00133743,-0.001419776,-0.001148687,-0.001196855,-0.001751349,-0.001815127,-0.001821137,-0.002176848,-0.002476054,-0.002018679,-0.001720598,-0.002240941,-0.00235212,-0.002021048,-0.0024149,-0.002528147,-0.002481238,-0.002307467,-0.002032845,-0.002904211,-0.002210823,-0.002263491,-0.002173122,-0.002106415,-0.001839281,-0.001889357,-0.00184775,-0.001570518,-0.001657064,-0.001651725,-0.001565573,-0.001301192,-0.0008139336,-0.0009140907,-0.0004347769,-0.0009240545,-0.001078259,-0.0008476342,-0.0005130079,-0.0003243618,-0.0001743646,-0.0002955894,0.0001761382,0.0001735554,0.0003735167,0.0001918051,0.0008585309,0.0008916331,0.0006221762,0.0005957658,0.001497016,0.001295338,0.001059152,0.001193385,0.001532553,0.001630623,0.001821377,0.001755332,0.002164359,0.001784715,0.001808808,0.002339709,0.00216245,0.002639606,0.002277845,0.002357728,0.00232273,0.001935567,0.002090708,0.002358489,0.002134111,0.001935282,0.002272132,0.00244461,0.002559188,0.002398617,0.002119449,0.002566804,0.00205577,0.002216689,0.001784364,0.002017427,0.001823073,0.001481069,0.001262575,0.001285244,0.001610645,0.001168147,0.001044033,0.001228807,0.0007511826,0.0006294375,0.0002300665,0.001016489,0.0003349272,0.0003106426,0.0003561125,-0.0002201466,0.000481713,-1.317155e-05,-0.0004435885,-0.0005485683,-7.505567e-05,-0.0005636798,-0.0009320386,-0.0006303404,-0.0004840596,-0.0007294723,-0.0008842755,-0.0008575521,-0.001189892,-0.001117379,-0.0008993277,-0.001180768,-0.001137306,-0.001274179,-0.001101261,-0.0009544513,-0.001542013,-0.001290553,-0.001752534,-0.001800662,-0.001427152,-0.00109235,-0.001424609,-0.001164467,-0.001267245,-0.0009140827,-0.001498639,-0.0008375251,-0.001032701,-0.001041593,-0.0006651619,-0.0009371545,-0.00091151,-0.001010088,-0.000810834,-0.0005697535,-0.0003418491,-0.0008276556,-0.0004024135,-0.0004068213,-7.691971e-05,-0.0003087738,-4.74914e-05,0.0001188304,9.42058e-05,-7.716853e-05,0.0006278516,7.632052e-05,0.0001435955,0.0005432343,0.001013702,0.0006895722,0.0007269186,0.0003952119,0.001386981,0.001267519,0.001641732,0.00132805,0.001504922,0.001208679,0.001083373,0.001436231,0.001264067,0.001093195,0.001441149,0.001151923,0.001684158,0.001148249,0.001530424,0.00145515,0.001441132,0.00121575
ELL,2.610564e-05,7.648533e-05,0.0001890009,0.0002658277,0.0002733458,0.0003193876,0.0003570964,0.0003584481,0.0003854749,0.0003864868,0.000373633,0.0004451158,0.000420619,0.0004070883,0.0004988627,0.0005478569,0.000502147,0.0005926053,0.0007217809,0.0007748397,0.0006916624,0.0008056526,0.0008272905,0.0007210483,0.0007964976,0.0008443653,0.0009190055,0.0009172459,0.0009234452,0.0009138986,0.0009304187,0.001007429,0.0009680041,0.0009347397,0.0009151883,0.0008998729,0.0009393239,0.0008164945,0.0008578595,0.0007261812,0.0006720739,0.0006635939,0.0005269285,0.0003965694,0.0003663276,0.0003044372,0.0001727859,6.61402e-05,-3.347173e-05,-0.0001688336,-0.0002765093,-0.0004334389,-0.0005292452,-0.0006868994,-0.0007805629,-0.0008732021,-0.001098253,-0.001254697,-0.001472642,-0.001602729,-0.001700078,-0.001935545,-0.002116011,-0.00221199,-0.002441956,-0.002602128,-0.002733282,-0.002909716,-0.003029503,-0.003139813,-0.003425139,-0.003767911,-0.003837632,-0.003943162,-0.004094345,-0.004286078,-0.004349523,-0.004546875,-0.004521378,-0.004601836,-0.004757971,-0.004834201,-0.004856622,-0.004891471,-0.004972664,-0.004892195,-0.004765383,-0.004800673,-0.004874626,-0.004831591,-0.004875133,-0.004789473,-0.004842822,-0.004878475,-0.005139861,-0.005240013,-0.00509732,-0.005053851,-0.005047353,-0.004948854,-0.004922584,-0.004795155,-0.004734419,-0.004694329,-0.004503308,-0.004459353,-0.004345577,-0.004124567,-0.004024332,-0.003853004,-0.003628493,-0.003545961,-0.003359144,-0.003192427,-0.002957577,-0.002856293,-0.002675686,-0.002393367,-0.002213234,-0.001948209,-0.001798557,-0.001586512,-0.001381896,-0.001257807,-0.0009686592,-0.0008904898,-0.0006624969,-0.000600093,-0.0004938715,-0.0002454688,-4.159887e-05,0.0001366692,0.0003835269,0.0006370255,0.0008884606,0.001024973,0.001349043,0.001574839,0.001790859,0.001883781,0.00198558,0.002120939,0.002092904,0.002316004,0.002436792,0.002472552,0.002532979,0.002558882,0.00267093,0.002748755,0.002742198,0.002793919,0.002796327,0.002796626,0.002827703,0.002849562,0.002699302,0.002725121,0.002638389,0.002593507,0.002560511,0.002489308,0.002429823,0.00242701,0.002237975,0.002142217,0.002115921,0.002042601,0.001981027,0.001861947,0.001660869,0.001657509,0.001472248,0.001395189,0.001279009,0.001211244,0.00132315,0.001193423,0.001082176,0.001049532,0.0008038845,0.0007464071,0.0006512746,0.0005651438,0.0004770591,0.0003818293,0.0004251053,0.0002572648,0.0001900273,0.0001070712,0.0001329293,8.540037e-05,4.087183e-05,2.743566e-06,-5.294934e-05,6.673586e-05,-2.197106e-05,2.091522e-05,-9.278823e-05,-8.247513e-05
ELL,-0.04936682,-0.04826222,-0.04730736,-0.04565633,-0.04405349,-0.04204607,-0.03997812,-0.03770636,-0.0352206,-0.03269888,-0.0298857,-0.02705746,-0.02422428,-0.02125638,-0.01838926,-0.01517924,-0.01225378,-0.009025844,-0.00597912,-0.002929448,0.0002134062,0.003182747,0.006391116,0.009132509,0.01247965,0.01541089,0.01804514,0.0212049,0.02363419,0.02650322,0.02886601,0.03156321,0.03356484,0.03582765,0.03777735,0.03967689,0.04155741,0.04306408,0.04445208,0.0458133,0.04683055,0.04775438,0.04832639,0.04892159,0.04921975,0.04923844,0.04926566,0.04890494,0.04856347,0.04766196,0.04705455,0.04592023,0.04472432,0.04339205,0.04181568,0.0403953,0.03835343,0.03639228,0.03410095,0.03185751,0.02949581,0.02680713,0.02456054,0.02158478,0.01870606,0.01573193,0.0128453,0.00996264,0.006894539,0.003857364,0.0006588519,-0.002459876,-0.005486791,-0.008508521,-0.01159943,-0.01452538,-0.01736733,-0.02037813,-0.02320958,-0.02607845,-0.02902403,-0.03165531,-0.03452833,-0.03721596,-0.03981004,-0.04245548,-0.04474501,-0.0472488,-0.04923106,-0.05140049,-0.05324291,-0.05497503,-0.05635343,-0.05754819,-0.05848585,-0.05933251,-0.05975564,-0.05984344,-0.05987632,-0.05945805,-0.05872962,-0.05786229,-0.05657415,-0.05525401,-0.05377649,-0.05186819,-0.049929,-0.04760482,-0.04540779,-0.04279379,-0.04021784,-0.03757807,-0.03492089,-0.03223075,-0.02927351,-0.0264075,-0.0235486,-0.02061419,-0.01753165,-0.01454309,-0.01174875,-0.008654471,-0.005653743,-0.002477467,0.000740704,0.003882421,0.006912156,0.009869043,0.01297271,0.01586439,0.01877331,0.02140673,0.02426465,0.02698232,0.02943122,0.0318981,0.03413238,0.03647519,0.03834863,0.04015424,0.04205348,0.04345887,0.04511335,0.04622532,0.04719155,0.04801821,0.04875478,0.04922227,0.04963897,0.0498105,0.04952627,0.04932114,0.04869381,0.04799329,0.04749573,0.04626343,0.04514332,0.04360618,0.04205262,0.04034514,0.03843723,0.03640789,0.03434848,0.03203731,0.02941147,0.02697195,0.02424285,0.02157924,0.01878145,0.01583653,0.01278919,0.009576206,0.006840015,0.003822301,0.0006685717,-0.002398134,-0.005368941,-0.008425801,-0.01152611,-0.01466832,-0.01750125,-0.02070658,-0.02340457,-0.02639152,-0.02935509,-0.03207973,-0.03459562,-0.03706678,-0.03944311,-0.04158422,-0.04354612,-0.04518554,-0.04668894,-0.0480446,-0.04905143,-0.04988888,-0.05024632,-0.05037554,-0.05011499,-0.04988271
ELL,-0.01147538,-0.01229816,-0.01337063,-0.01400452,-0.01497258,-0.01582542,-0.01619603,-0.01693662,-0.01734721,-0.01771543,-0.01824798,-0.01834408,-0.01852946,-0.01842381,-0.01858425,-0.01883798,-0.01851707,-0.01834034,-0.0177799,-0.01758152,-0.0171835,-0.0165721,-0.01601857,-0.01535311,-0.01480994,-0.01413672,-0.01341886,-0.01292335,-0.01201902,-0.01149765,-0.01078883,-0.009738591,-0.00879472,-0.007785341,-0.006957083,-0.005939804,-0.004827019,-0.003942936,-0.002657164,-0.001687642,-0.0004231911,0.0009163682,0.002015292,0.003338689,0.004333943,0.005564303,0.006610759,0.007249426,0.008446517,0.00933914,0.01031467,0.01155378,0.0123182,0.01340097,0.01410438,0.01465049,0.01552203,0.0162683,0.01685677,0.0172973,0.01760495,0.01810861,0.0181818,0.01851983,0.01864664,0.01885903,0.01920938,0.01871444,0.01881763,0.01862137,0.01801948,0.01756844,0.01703327,0.01656471,0.01585867,0.01528276,0.01435724,0.01349146,0.01270348,0.01151221,0.01034359,0.009240006,0.007812456,0.00698931,0.005946908,0.00491809,0.003970627,0.002596424,0.001397706,0.000526811,-0.0006900285,-0.001439454,-0.00265824,-0.003480713,-0.004458282,-0.005673739,-0.006707293,-0.007726106,-0.008727201,-0.009549414,-0.01064286,-0.01111922,-0.0121411,-0.01286017,-0.01360616,-0.01445923,-0.01495006,-0.01543845,-0.01591288,-0.01629239,-0.01656515,-0.0167482,-0.01683521,-0.01694153,-0.01705924,-0.01712924,-0.01704902,-0.01726272,-0.01712046,-0.01673156,-0.0163689,-0.01590128,-0.01543306,-0.01458447,-0.01374365,-0.01335146,-0.01278867,-0.01202601,-0.01118559,-0.01050648,-0.009777443,-0.008569612,-0.007722492,-0.006454526,-0.00521489,-0.004315939,-0.002949315,-0.002149317,-0.0009769853,0.0001993815,0.001142158,0.002501931,0.003563936,0.004567169,0.005776828,0.006853339,0.007912369,0.008852158,0.01009014,0.01104009,0.01204246,0.01286357,0.0135584,0.01470225,0.01554552,0.01622525,0.01716712,0.01742891,0.01804001,0.01870435,0.01902414,0.01962832,0.01984041,0.02040427,0.02064542,0.02058315,0.02096068,0.02062711,0.02054072,0.02039312,0.01983763,0.01957903,0.01885159,0.01844049,0.01791163,0.01722821,0.01643761,0.01530452,0.01447823,0.01331752,0.01208741,0.01091384,0.009597732,0.008476526,0.00748998,0.006134754,0.004939956,0.00384233,0.002762427,0.001474055,0.0001210967,-0.0009898541,-0.002603991,-0.003909859,-0.005036877,-0.006182868,-0.007249143,-0.008232601,-0.009086276,-0.01026232
ELL,0.005847449,0.005505142,0.004599218,0.003554876,0.002155464,0.0005051393,0.0001386458,-0.0008031317,-0.0009695272,-0.002061181,-0.00174804,-0.001730637,-0.002762286,-0.003532306,-0.006357551,-0.007117507,-0.008039877,-0.01053561,-0.01082832,-0.01103185,-0.01123152,-0.01167095,-0.01234874,-0.01348648,-0.01471357,-0.01522506,-0.01480755,-0.01450911,-0.01403958,-0.01369449,-0.0131524,-0.01355602,-0.01439441,-0.01556008,-0.01577496,-0.01575789,-0.01486146,-0.0143526,-0.01404302,-0.0130464,-0.0126881,-0.0134183,-0.0137928,-0.01478352,-0.01413511,-0.01340986,-0.01217594,-0.01098918,-0.008687594,-0.005791805,-0.005181222,-0.005324022,-0.005736924,-0.005192221,-0.004703772,-0.003474243,-0.002365916,-0.0009082498,0.0008842993,0.001078825,0.001102434,0.001504977,0.001771411,0.00220612,0.003602095,0.005846912,0.007254952,0.00820832,0.0090921,0.009250837,0.00949476,0.009808478,0.01062426,0.01184116,0.01328338,0.01440327,0.01538624,0.01593738,0.0154746,0.01469367,0.01426018,0.01522796,0.01604204,0.01667596,0.01801354,0.01799992,0.01778326,0.01669522,0.01530857,0.01484269,0.01351099,0.01345414,0.01355253,0.01402207,0.01404445,0.01367821,0.01296126,0.01091938,0.009544456,0.008719645,0.0076227,0.007824725,0.006851619,0.006397699,0.00551251,0.004383956,0.003198112,0.001171981,0.0003956223,-0.0007300368,-0.001730746,-0.002056338,-0.002676037,-0.003594108,-0.004451686,-0.005522303,-0.006567263,-0.008604283,-0.009923913,-0.01086604,-0.0113873,-0.01167138,-0.01185059,-0.01223588,-0.01310034,-0.0138231,-0.01445635,-0.01454184,-0.01484293,-0.01513471,-0.01507176,-0.01540221,-0.01559266,-0.01497757,-0.01602179,-0.01603116,-0.01534914,-0.0152068,-0.01408066,-0.01355154,-0.0131285,-0.01293262,-0.01278923,-0.01235491,-0.01215081,-0.01178883,-0.01044684,-0.00899667,-0.007791241,-0.007110056,-0.005819454,-0.005385778,-0.004850947,-0.003401633,-0.003357034,-0.002571801,-0.001185365,-0.0002501859,0.001340815,0.002726378,0.003764147,0.004107985,0.005610661,0.006410972,0.007776347,0.009220257,0.009679516,0.01069799,0.01067901,0.01177176,0.011858,0.01277964,0.01384174,0.01458482,0.01479666,0.01605322,0.01588207,0.01568172,0.01552157,0.01584182,0.01608017,0.01577432,0.01556258,0.01584383,0.01554022,0.01577379,0.01513293,0.01471581,0.0139799,0.01375529,0.01365129,0.01324532,0.01228213,0.0117182,0.01036447,0.009748074,0.008582537,0.007107233,0.006562716,0.006046302
ELL,0.008296069,0.007699373,0.007049614,0.00704807,0.006422551,0.005524786,0.005693341,0.005071584,0.004848362,0.00457867,0.003828421,0.003635997,0.003177919,0.002586496,0.002072681,0.001840168,0.002135996,0.001427588,0.001123542,0.0007172376,0.0004058184,-0.0002321063,-0.0005671559,-0.0008130143,-0.001482867,-0.001417164,-0.002199237,-0.00285795,-0.002554761,-0.002578549,-0.003233231,-0.003214455,-0.002912708,-0.003296901,-0.003179844,-0.002586521,-0.002121504,-0.002294757,-0.001926109,-0.001977558,-0.002110343,-0.001145922,-0.001190509,-0.001119453,-0.0005959072,-0.0009952255,-0.0007885015,0.0001139034,0.0002625159,0.0004127855,0.001096246,0.001073686,0.00136155,0.002165021,0.0020781,0.002826465,0.00363191,0.00317043,0.003914421,0.004486152,0.004433143,0.004557089,0.005033957,0.005758944,0.006175968,0.006315041,0.006619024,0.006684616,0.00695501,0.00740509,0.007089703,0.007523583,0.007438456,0.007164752,0.007476829,0.007277344,0.007165877,0.007094107,0.006832039,0.0068255,0.006481012,0.006221547,0.005730728,0.005731624,0.005277856,0.004629358,0.004107479,0.003759939,0.002838892,0.002252581,0.001849477,0.001212839,0.0005210221,-0.0003193734,-0.0007283115,-0.001557824,-0.002666606,-0.002942184,-0.00398067,-0.005009611,-0.005620683,-0.006144446,-0.007334207,-0.007828897,-0.00887826,-0.009484551,-0.01040434,-0.01101088,-0.01183385,-0.01225868,-0.01331924,-0.01365727,-0.0144586,-0.01512463,-0.01585928,-0.01592774,-0.01623805,-0.01665246,-0.01718408,-0.01744855,-0.01764842,-0.01800312,-0.01799214,-0.01799616,-0.01846072,-0.01875893,-0.01935499,-0.01884902,-0.01936444,-0.01874943,-0.01909366,-0.01902053,-0.01892901,-0.01898221,-0.01887239,-0.01875484,-0.0192804,-0.01788569,-0.01766502,-0.01726206,-0.01677588,-0.0161852,-0.01639439,-0.01702037,-0.01683415,-0.01689518,-0.01565331,-0.01547725,-0.01479375,-0.01439899,-0.01318496,-0.01290022,-0.01200164,-0.0109918,-0.01008991,-0.009872939,-0.008201022,-0.008162367,-0.007100479,-0.006145379,-0.004687251,-0.004151981,-0.003702716,-0.002082318,-0.001264574,-0.0007995822,0.0007755245,0.001091045,0.002027661,0.003601901,0.003588076,0.005098106,0.005488954,0.006085442,0.007178574,0.007526222,0.00822005,0.008501209,0.009234833,0.009474787,0.009668959,0.01014855,0.01006139,0.01061545,0.01046047,0.01086012,0.0106358,0.01104033,0.01128018,0.01089279,0.01128678,0.01097832,0.01000153,0.01069889,0.01003307,0.01083253,0.009928328,0.009874645,0.009298265,0.008575677
ELL,-0.02015513,-0.02062062,-0.02093091,-0.02114471,-0.02068607,-0.02036473,-0.02103103,-0.02093662,-0.02067771,-0.0202057,-0.01983835,-0.01977824,-0.01915707,-0.01887752,-0.01880511,-0.01770129,-0.01743628,-0.01755679,-0.01696477,-0.01559813,-0.01495066,-0.0145446,-0.01440989,-0.01307885,-0.01260012,-0.01236144,-0.01119015,-0.01075703,-0.01018686,-0.009258665,-0.008027486,-0.00708839,-0.00664522,-0.005747124,-0.00514781,-0.004502292,-0.003148092,-0.002436043,-0.002241105,-0.001656647,-0.0004251209,-8.335073e-05,0.0005986308,0.001776995,0.001882162,0.002802526,0.002833782,0.003675453,0.00431122,0.004244862,0.005010184,0.005553795,0.005891372,0.006215617,0.006628,0.00631611,0.007372058,0.006840116,0.007162244,0.007297114,0.006892851,0.007454883,0.006934056,0.007353348,0.007144842,0.007324448,0.007055612,0.006021315,0.006737122,0.006516679,0.006075321,0.005698565,0.005442198,0.005594272,0.004610175,0.0047694,0.004301936,0.003787742,0.003762583,0.003091401,0.002762744,0.002198368,0.001537891,0.00174458,0.0008435564,0.001303605,0.0005497602,-4.631277e-06,-0.0003615514,-0.0004461922,-0.0006663308,-0.001301382,-0.001775743,-0.001508746,-0.001280677,-0.00222179,-0.002061783,-0.001746948,-0.002159433,-0.002587871,-0.001907195,-0.002416934,-0.002371075,-0.00264781,-0.002347412,-0.001800737,-0.002326129,-0.001883833,-0.001995707,-0.001484373,-0.001144868,-0.0009152429,-0.001469322,-0.000164852,0.0003486807,0.0001854328,0.0003036069,0.001184172,0.001671612,0.002020698,0.001965509,0.002682078,0.002713556,0.003203495,0.003797244,0.004388444,0.004410806,0.005320242,0.005845385,0.005687094,0.006277958,0.007152853,0.00700927,0.007163877,0.008151256,0.008416276,0.008623566,0.008381204,0.009013419,0.008819496,0.008894851,0.009632348,0.009331062,0.009271621,0.009146736,0.009455638,0.009237408,0.009588408,0.009120035,0.00879368,0.008681567,0.008688984,0.00804014,0.007525279,0.00734444,0.006892263,0.006035695,0.006413788,0.005174152,0.004252301,0.004082107,0.003491527,0.00321506,0.002389677,0.001760521,0.0007224834,0.0003842266,-0.0001541258,-0.001355413,-0.002072576,-0.00257859,-0.003356633,-0.00497372,-0.005184302,-0.005996244,-0.007041289,-0.008240439,-0.009212056,-0.008580879,-0.009716452,-0.01135293,-0.01216249,-0.0116956,-0.01295214,-0.01369964,-0.01451503,-0.01490953,-0.01599391,-0.0165375,-0.01673586,-0.01722689,-0.01769113,-0.01832613,-0.01885959,-0.01886571,-0.01926022,-0.01992104,-0.02005128,-0.01990472,-0.02078773
ELL,-0.01535545,-0.0151367,-0.01497722,-0.01493793,-0.0146943,-0.01451074,-0.01422056,-0.01372717,-0.01346016,-0.01274777,-0.01207488,-0.0112777,-0.01052563,-0.009904176,-0.009347151,-0.008837983,-0.008185614,-0.007725978,-0.007290764,-0.006777935,-0.00619603,-0.005657709,-0.005017391,-0.004316822,-0.003805525,-0.003151102,-0.002427659,-0.001504662,-0.0006603691,0.0001426871,0.001098765,0.002302891,0.003515089,0.004553255,0.005495404,0.006704188,0.007246269,0.008059349,0.008382633,0.009098195,0.00961204,0.0100518,0.01078857,0.01162078,0.01237675,0.01312684,0.01403778,0.01471719,0.01526529,0.01562559,0.01592516,0.01601813,0.01627333,0.01633427,0.01649464,0.01645739,0.01652276,0.01621137,0.01626968,0.01604766,0.01566689,0.01527612,0.01492829,0.01414266,0.0134734,0.01251403,0.01157299,0.01051288,0.009674503,0.008622856,0.007649945,0.006621872,0.005581107,0.004396389,0.003444593,0.00234806,0.001336616,0.0002710677,-0.0006953951,-0.001821265,-0.00286223,-0.003816384,-0.004849697,-0.005992373,-0.006983552,-0.007915765,-0.008750606,-0.009704555,-0.01066359,-0.01154518,-0.01250382,-0.01322527,-0.01372465,-0.01442784,-0.01456835,-0.01478348,-0.01488869,-0.01508029,-0.01504013,-0.01518265,-0.01499833,-0.01512639,-0.01493238,-0.01480991,-0.01457451,-0.0141404,-0.01396059,-0.01363246,-0.01317104,-0.01274483,-0.01201461,-0.01110374,-0.01036223,-0.009753287,-0.009033945,-0.008388228,-0.007796363,-0.007299986,-0.006922224,-0.006388997,-0.005917786,-0.005304127,-0.004655595,-0.004064337,-0.003498968,-0.002707678,-0.001983334,-0.001223275,-0.0004434526,0.0004646649,0.001476722,0.002557733,0.003734272,0.004868511,0.005651822,0.006620186,0.007456304,0.008043023,0.008509313,0.008954773,0.009331384,0.009795161,0.01050184,0.01137434,0.0120518,0.01281204,0.01360279,0.01446882,0.01488136,0.01530729,0.01555638,0.01582219,0.015905,0.01593998,0.01604994,0.01610173,0.01611975,0.01593333,0.01574444,0.01561509,0.01519222,0.01512991,0.01448035,0.013867,0.0130988,0.0121164,0.01111815,0.01030811,0.009448508,0.008258194,0.007327801,0.006322443,0.005237598,0.004079836,0.003257701,0.002458559,0.001433463,0.0004121441,-0.0007810878,-0.001893745,-0.002785725,-0.004033213,-0.004809275,-0.005780782,-0.006834154,-0.007899208,-0.008766892,-0.009663617,-0.01058383,-0.01141897,-0.01245324,-0.01314928,-0.01363901,-0.01392169,-0.01433614,-0.01458828,-0.01472531,-0.01484116,-0.01487099,-0.01490677
ELL,-0.02868555,-0.02493886,-0.02168556,-0.01803325,-0.01431582,-0.01039634,-0.005368233,-0.002231781,0.001810641,0.005173762,0.009539653,0.01304077,0.01702015,0.02034548,0.02384134,0.02754961,0.03127452,0.0345915,0.03753017,0.04005926,0.04238754,0.0454593,0.04815162,0.05026635,0.05199438,0.05369591,0.05496309,0.05692009,0.05735995,0.05857584,0.05914424,0.05940426,0.0593939,0.05883646,0.05856373,0.05809498,0.05721983,0.05704176,0.05496816,0.05423669,0.05269622,0.05052864,0.04806024,0.04605852,0.04378752,0.04104211,0.03846779,0.03625835,0.03210472,0.02908082,0.02627466,0.02288341,0.01992605,0.01619877,0.01288171,0.008660858,0.005324041,0.002203621,-0.001773059,-0.005316066,-0.009615912,-0.01247475,-0.01587273,-0.01907113,-0.02284392,-0.02589311,-0.0294651,-0.03198259,-0.03484037,-0.03703186,-0.04022356,-0.04327189,-0.04601996,-0.04782167,-0.04983745,-0.05160989,-0.05366918,-0.05589531,-0.05665326,-0.05755011,-0.05887224,-0.05930322,-0.05971654,-0.05965532,-0.05980668,-0.0595372,-0.05899994,-0.05822218,-0.05665639,-0.05627064,-0.05469995,-0.0527861,-0.05066003,-0.04841644,-0.04709085,-0.04474011,-0.04185016,-0.03920589,-0.03595304,-0.03362317,-0.03058045,-0.0277746,-0.02425006,-0.02021306,-0.01784486,-0.01440964,-0.01090839,-0.007526579,-0.003534393,0.0008308077,0.003947008,0.007213703,0.01022753,0.01436807,0.01772575,0.02189181,0.02494032,0.02801074,0.03131546,0.03423692,0.03744367,0.04029023,0.04281002,0.0450786,0.0473082,0.04923301,0.05080433,0.05249783,0.05419566,0.05564903,0.0567304,0.05836816,0.05806243,0.05891649,0.05847419,0.05889618,0.05846948,0.05806401,0.05735001,0.05647999,0.05540199,0.05497033,0.05232758,0.0510383,0.048888,0.04718338,0.04385154,0.04086195,0.03902275,0.0356313,0.03242575,0.02898513,0.02512716,0.02228298,0.01906144,0.01543193,0.01084068,0.006201391,0.003105227,-0.0008310173,-0.004258557,-0.008617004,-0.01294866,-0.01672477,-0.02023047,-0.0239577,-0.02716877,-0.03153042,-0.03491499,-0.03839151,-0.04084825,-0.04418419,-0.04698982,-0.049803,-0.05255241,-0.05519865,-0.05661111,-0.05848815,-0.06046385,-0.06185641,-0.06264731,-0.06408886,-0.06367176,-0.06430982,-0.06442738,-0.06360156,-0.06375215,-0.0619294,-0.06143975,-0.0594049,-0.05753283,-0.05582458,-0.05354525,-0.05153627,-0.04841977,-0.04524875,-0.0423628,-0.03930763,-0.03649491,-0.03278693
ELL,0.003898554,0.004028271,0.004058545,0.004147873,0.004196248,0.00426287,0.004294851,0.00425726,0.004284792,0.004291292,0.004235844,0.004185843,0.004105909,0.003934404,0.003810618,0.003618077,0.003476963,0.003320154,0.00310146,0.002890228,0.002616482,0.002401267,0.002158202,0.001938525,0.001668208,0.001409732,0.001153637,0.0009083483,0.0006174206,0.0003086825,0.0001090247,-0.0001680748,-0.0004005429,-0.0007156871,-0.0009776993,-0.001155558,-0.001458459,-0.001746578,-0.001988751,-0.002212414,-0.002495625,-0.002690457,-0.002855282,-0.003046187,-0.003264395,-0.003437472,-0.003568953,-0.003644801,-0.003778276,-0.003910062,-0.003969621,-0.004019053,-0.004099729,-0.004069426,-0.004151315,-0.004046059,-0.004029647,-0.003959412,-0.004014879,-0.003961262,-0.003943274,-0.003869848,-0.003798716,-0.003591223,-0.003541604,-0.003394954,-0.003283343,-0.00302184,-0.002912031,-0.002696092,-0.002504301,-0.002257943,-0.002061696,-0.001794456,-0.001550987,-0.001301125,-0.00105305,-0.0008284641,-0.0005176276,-0.0002085181,7.613199e-06,0.0003036748,0.0005744488,0.0008795761,0.001152087,0.001411975,0.001626846,0.001928632,0.002162015,0.00239774,0.002695454,0.002956299,0.003173274,0.003359689,0.003509953,0.003777086,0.004031501,0.004069834,0.004188641,0.004358618,0.004380661,0.00444418,0.004435508,0.00435561,0.004304458,0.004392978,0.004299042,0.004232477,0.004123901,0.004083156,0.004015524,0.003828032,0.003599772,0.003482906,0.00339058,0.003277989,0.003080758,0.002945761,0.002721883,0.002484969,0.00221165,0.00206378,0.001805952,0.001518073,0.001327888,0.001151859,0.0009045021,0.0007067762,0.0003934571,0.0001577873,3.081183e-05,-0.0002854118,-0.0005036744,-0.0007595567,-0.0008806045,-0.001098411,-0.001344119,-0.001448507,-0.001622902,-0.001822755,-0.002007627,-0.002072309,-0.00220903,-0.002416741,-0.002487376,-0.002603809,-0.002779648,-0.002945258,-0.003033816,-0.003107144,-0.003144969,-0.00325945,-0.003324854,-0.003284915,-0.003244012,-0.003319115,-0.003347961,-0.003353351,-0.003346605,-0.00335331,-0.003346864,-0.003275938,-0.003181269,-0.003087876,-0.002976528,-0.002889604,-0.002789493,-0.002658453,-0.002496073,-0.002343583,-0.00216652,-0.002076644,-0.001914921,-0.001676053,-0.001534583,-0.001347376,-0.001128945,-0.0009314937,-0.0007186244,-0.0004924269,-0.0002743637,-4.820469e-05,0.0001604281,0.0003650794,0.000632024,0.0008254365,0.001086544,0.001309069,0.001545842,0.001766754,0.001996286,0.002224036,0.002470181,0.002648304,0.002834331,0.003040982,0.003196495,0.00339615,0.003564306,0.003692295
ELL,0.00749647,0.007661025,0.008166743,0.008241242,0.008645816,0.008913621,0.008931246,0.009260674,0.009295571,0.009354563,0.009601857,0.009499525,0.00936855,0.009094818,0.009155237,0.008899852,0.008711413,0.008433341,0.008081149,0.007836543,0.007546628,0.007116512,0.006722185,0.00618618,0.005711067,0.005238142,0.004851872,0.004317223,0.003868726,0.003254425,0.002816556,0.002258566,0.00185098,0.001093659,0.0005868517,-8.588162e-06,-0.0005663777,-0.0009674523,-0.001614879,-0.001911855,-0.002546479,-0.002906308,-0.003358522,-0.003906901,-0.004054847,-0.004657695,-0.004982198,-0.00515911,-0.005539945,-0.005859426,-0.006144929,-0.006275253,-0.006642167,-0.006726799,-0.007206448,-0.007074053,-0.007430619,-0.006931636,-0.007053449,-0.00705459,-0.007035038,-0.00701014,-0.00694071,-0.006752521,-0.00680083,-0.006474352,-0.006500546,-0.005999458,-0.005925062,-0.005437054,-0.005274473,-0.004963533,-0.00457381,-0.004172843,-0.00372709,-0.003274757,-0.002792221,-0.002402338,-0.001884902,-0.001556629,-0.0009603137,-0.0003611733,1.734918e-05,0.0007823425,0.001236215,0.001845348,0.002373176,0.003146867,0.003649678,0.004122678,0.004691848,0.005266329,0.005873797,0.006284571,0.006829454,0.007428502,0.007757964,0.008310754,0.008665974,0.009136615,0.009532141,0.009986381,0.01012406,0.01051845,0.01074639,0.01086638,0.01110406,0.01103108,0.01125871,0.01126088,0.01130762,0.01126027,0.01114078,0.01107395,0.0106656,0.01058016,0.01027486,0.009892491,0.009719849,0.009071562,0.008798603,0.008127775,0.0077984,0.007108225,0.006604842,0.00602903,0.005352905,0.004626887,0.003988482,0.00324166,0.002490135,0.001907298,0.0008364914,0.0003294423,-0.000494811,-0.001013147,-0.002034584,-0.002780309,-0.003559265,-0.004236452,-0.005024925,-0.005703037,-0.006519952,-0.006957634,-0.007767165,-0.008276986,-0.009032959,-0.009505489,-0.01005929,-0.01054326,-0.01106331,-0.01139128,-0.01178562,-0.01218253,-0.01245547,-0.01278766,-0.01283566,-0.01310476,-0.0132579,-0.01334463,-0.01340244,-0.01343643,-0.01330224,-0.01332484,-0.01293677,-0.01295701,-0.01252021,-0.01243145,-0.01199626,-0.01162526,-0.01114196,-0.01078611,-0.0104737,-0.00973328,-0.009385769,-0.008640665,-0.008273755,-0.007443217,-0.007067523,-0.006225254,-0.005496483,-0.004674909,-0.004093018,-0.003291544,-0.00270674,-0.002088453,-0.001348361,-0.0005429582,-4.199048e-06,0.0008030717,0.001464294,0.002213309,0.002872644,0.003632262,0.004195344,0.004697984,0.005311688,0.005763851,0.006578222,0.006769862
ELL,0.01498969,0.016188,0.01682101,0.01791307,0.01856091,0.01950969,0.01971942,0.02061355,0.02081368,0.02140272,0.0209078,0.02207057,0.02184108,0.02208852,0.02215418,0.02201271,0.02132766,0.02146445,0.02103936,0.02065228,0.01979239,0.01918728,0.01862676,0.01773631,0.0172243,0.01609511,0.01507365,0.01406779,0.01280703,0.01186823,0.01077116,0.00977027,0.008211683,0.007135049,0.00601026,0.004635109,0.003613905,0.00192572,0.0009998177,-0.0002735381,-0.001895409,-0.003111264,-0.004409454,-0.005535713,-0.00668815,-0.007787478,-0.009296387,-0.0100002,-0.01127655,-0.01192153,-0.01314461,-0.01375097,-0.01489498,-0.01536308,-0.01630788,-0.01670747,-0.01756453,-0.01782815,-0.01845024,-0.01848936,-0.01899306,-0.01912406,-0.01938971,-0.01929116,-0.01954645,-0.01924832,-0.01909769,-0.01890192,-0.01874555,-0.01828984,-0.01750709,-0.01708896,-0.01673235,-0.01613532,-0.01517248,-0.01454117,-0.01372017,-0.01296397,-0.011722,-0.01106176,-0.00983854,-0.009135619,-0.007688637,-0.006786577,-0.005383386,-0.00441486,-0.003063584,-0.001845354,-0.0005321558,0.0006501753,0.00205692,0.002964393,0.004512073,0.005545286,0.006972388,0.008236503,0.009461702,0.01038793,0.01160259,0.01273462,0.01377212,0.0146934,0.01556828,0.01639787,0.01719184,0.01799311,0.01857853,0.01933844,0.01969078,0.02017433,0.02036222,0.02071408,0.0209859,0.02087856,0.02110905,0.02098349,0.02086251,0.02050878,0.02033408,0.0196631,0.01940774,0.01859366,0.01806125,0.01711269,0.01679277,0.01584326,0.01498762,0.01367505,0.01338711,0.01216871,0.0109936,0.009543972,0.00861091,0.007233496,0.006234381,0.004570635,0.003809572,0.002488369,0.0009892285,2.924241e-05,-0.001394794,-0.002497341,-0.003872722,-0.004942929,-0.006504038,-0.007356802,-0.008517388,-0.009825975,-0.01096988,-0.01185455,-0.01288848,-0.01383429,-0.01498059,-0.01534224,-0.01624785,-0.01678325,-0.01774242,-0.0179481,-0.01845819,-0.01883939,-0.01955494,-0.01939662,-0.01976,-0.01967709,-0.01989129,-0.01972092,-0.01979632,-0.01932267,-0.01920349,-0.01871779,-0.01834971,-0.01779659,-0.01727161,-0.0167255,-0.0157191,-0.01516491,-0.01434997,-0.01354575,-0.01238646,-0.01145944,-0.01026953,-0.009132595,-0.007880252,-0.006839775,-0.004904751,-0.003832861,-0.00236502,-0.001275443,0.0002719099,0.001355289,0.002702399,0.004280149,0.005413465,0.006772781,0.008068832,0.009188759,0.01044689,0.01172932,0.01282394,0.01443784
ELL,-0.01001413,-0.01024156,-0.01038139,-0.01015714,-0.009815617,-0.009580959,-0.009478784,-0.009267907,-0.009131053,-0.008837806,-0.008467762,-0.008232145,-0.007792402,-0.007390536,-0.007049436,-0.006612156,-0.006096029,-0.005606722,-0.004995253,-0.004471045,-0.003954077,-0.003420589,-0.002893085,-0.00218362,-0.001625925,-0.0009117799,-0.0004114618,0.0002292444,0.0009653497,0.001545974,0.002221516,0.0027027,0.003394498,0.003985519,0.004532415,0.004995453,0.005700646,0.006269105,0.006737007,0.007139072,0.007611941,0.007985711,0.008424482,0.008773674,0.009024598,0.009293635,0.009518161,0.00970256,0.009791128,0.009853874,0.009921557,0.009850545,0.009883247,0.009735857,0.009676575,0.009502283,0.009339709,0.009172477,0.008795226,0.008525928,0.008093642,0.007837008,0.007422574,0.00694081,0.00645907,0.005978606,0.005502803,0.004944243,0.00442494,0.003856703,0.003299196,0.002736468,0.002152041,0.001558945,0.001043726,0.000445995,-0.0001358384,-0.0007133895,-0.001248938,-0.001786386,-0.002177492,-0.002839092,-0.003330745,-0.003839651,-0.004241333,-0.004709244,-0.005142246,-0.005644608,-0.005952361,-0.006310202,-0.006672208,-0.006981878,-0.00715871,-0.007425361,-0.00766235,-0.007734214,-0.008044628,-0.008098289,-0.008186875,-0.008298212,-0.008441047,-0.008780872,-0.008720519,-0.008592715,-0.008087102,-0.007952346,-0.007843393,-0.007639954,-0.007352786,-0.007104652,-0.006888431,-0.006565722,-0.006237612,-0.005926973,-0.005518088,-0.005110606,-0.004709962,-0.004230747,-0.003882332,-0.003371716,-0.002825838,-0.002290283,-0.001745357,-0.00128912,-0.0006547181,-0.0001811919,0.0004436791,0.001001832,0.001584646,0.00211759,0.002633483,0.003199423,0.003773909,0.004283234,0.004838407,0.005417588,0.005762728,0.006326849,0.006899379,0.007203273,0.007617462,0.00800966,0.008379167,0.008776667,0.009033173,0.009324475,0.009619077,0.009751319,0.00992202,0.009978525,0.01010845,0.01010195,0.01012672,0.01013345,0.01004326,0.009957139,0.009801587,0.009511404,0.00929157,0.009000154,0.008689201,0.008363461,0.007987961,0.007547745,0.007079484,0.006610863,0.006086015,0.005599495,0.004960554,0.004389855,0.003891153,0.003260704,0.002678371,0.001935224,0.001432787,0.0009165324,0.000151746,-0.0004837201,-0.001125077,-0.001676006,-0.002341413,-0.002848417,-0.003513515,-0.004099469,-0.004715797,-0.005159322,-0.005671129,-0.006171659,-0.006747203,-0.007113612,-0.007594625,-0.007951834,-0.008296053,-0.008663018,-0.008855761,-0.009129262,-0.009317082,-0.009662472,-0.00972513,-0.009722707
ELL,-0.005624359,-0.004632544,-0.003591196,-0.002541627,-0.0015035,-0.000414328,0.000608156,0.001735783,0.002858168,0.003861891,0.004973402,0.006045621,0.007033554,0.007822732,0.008597153,0.009730348,0.0107554,0.01144478,0.01215928,0.01299736,0.01358921,0.01409745,0.01464907,0.0150953,0.01540116,0.01578676,0.01618351,0.01621655,0.01645401,0.01626607,0.01660171,0.01642934,0.01639903,0.01616849,0.01587198,0.01575261,0.01529293,0.01477552,0.01418802,0.01365445,0.01318522,0.01253367,0.01180231,0.01104799,0.01037156,0.009635706,0.008772569,0.008059859,0.00697379,0.006096505,0.005215727,0.004330406,0.003312268,0.002369928,0.001416018,0.0003901554,-0.0005109616,-0.001585446,-0.002471054,-0.003458865,-0.004306979,-0.005336943,-0.006225301,-0.007231648,-0.007950375,-0.008841835,-0.009598712,-0.01027394,-0.0110591,-0.01173593,-0.01237669,-0.0129892,-0.01347636,-0.01388509,-0.01445115,-0.0149231,-0.01530758,-0.01544976,-0.01553505,-0.01577976,-0.01581244,-0.01589412,-0.01590523,-0.01567444,-0.0157829,-0.01552239,-0.01541446,-0.01500777,-0.01467601,-0.01413595,-0.01362166,-0.01298729,-0.01232944,-0.01193107,-0.0111374,-0.01027695,-0.00947855,-0.008472005,-0.007369009,-0.006690982,-0.005636571,-0.004735291,-0.003735509,-0.00262519,-0.001548703,-0.0004278226,0.0006853917,0.001817406,0.003037906,0.003919536,0.004909219,0.005965228,0.006890874,0.007889492,0.008881214,0.009998623,0.01062168,0.01144146,0.01221952,0.01291986,0.01331822,0.01397625,0.01469358,0.01510102,0.0154055,0.01586461,0.01601476,0.01633351,0.01630328,0.01650452,0.01653822,0.01663802,0.0163275,0.01613272,0.01593548,0.0155419,0.01520709,0.01485423,0.01430575,0.0139136,0.01331429,0.0125636,0.01152433,0.01115911,0.01034517,0.009550732,0.008878376,0.008020394,0.007078716,0.00617718,0.005241103,0.004191055,0.003196256,0.002358458,0.001495783,0.0004174405,-0.0006369376,-0.001712014,-0.00255036,-0.003409174,-0.004606465,-0.005334792,-0.006316431,-0.007265274,-0.008002359,-0.008809689,-0.009789596,-0.01035929,-0.01098815,-0.01176883,-0.01237769,-0.01296645,-0.01355513,-0.01400303,-0.01437167,-0.01482764,-0.01517225,-0.01566614,-0.01564124,-0.01588529,-0.01596672,-0.01599644,-0.01590069,-0.01587914,-0.01579985,-0.01548067,-0.01531172,-0.01498118,-0.0145986,-0.01400034,-0.01365075,-0.01301107,-0.01237564,-0.01174486,-0.01088117,-0.01014525,-0.009271002,-0.008569307,-0.007451023,-0.006622887
ELL,-0.001803647,-0.001713568,-0.001475218,-0.001385625,-0.00126945,-0.001158697,-0.001158192,-0.0008131092,-0.000814741,-0.0006728581,-0.0004873283,-0.0004175773,-0.000136867,-1.057388e-05,0.0002491769,0.0002358279,0.0005128616,0.0008018942,0.0008068959,0.001089472,0.001128495,0.001320682,0.001348016,0.00154884,0.001730927,0.001868387,0.001984097,0.002029739,0.00218639,0.002213668,0.002394796,0.002505341,0.002511552,0.00268568,0.002675718,0.002766125,0.002867148,0.002844508,0.002785584,0.002748392,0.002987579,0.002837525,0.00276195,0.002760622,0.002754678,0.002657884,0.002578569,0.002495193,0.002412448,0.002200688,0.002079354,0.001707474,0.001721431,0.001541006,0.001428189,0.0011936,0.001139764,0.00115686,0.0009405781,0.0006970362,0.0004217937,0.0003012914,0.0001769201,-8.946362e-05,-0.0002068709,-0.0004215318,-0.0006686901,-0.0007481524,-0.0009354468,-0.0009931285,-0.001327344,-0.001477785,-0.001588281,-0.001782231,-0.002033341,-0.002229408,-0.002332356,-0.002300792,-0.002528714,-0.002626257,-0.00269977,-0.002728734,-0.002850093,-0.002988554,-0.002997726,-0.002997349,-0.003084306,-0.003156947,-0.00305242,-0.003147656,-0.003213281,-0.003178875,-0.003038218,-0.003014229,-0.002953618,-0.002940828,-0.002703588,-0.002744959,-0.002641487,-0.002538947,-0.00236499,-0.002216801,-0.002140571,-0.001987641,-0.001786504,-0.001729797,-0.001464107,-0.001290328,-0.001076423,-0.0009395643,-0.0006320551,-0.0004971733,-0.0003603583,-0.0002452188,-0.0001051731,0.0001520268,0.0004290571,0.0005106144,0.0006515819,0.0008319794,0.00113829,0.001307554,0.001440384,0.001634406,0.001614643,0.001777721,0.001970694,0.002046695,0.00225291,0.002412847,0.002528433,0.002557643,0.002615001,0.002709307,0.002768839,0.002838529,0.002756217,0.002805324,0.002855433,0.002834551,0.00278234,0.002654936,0.002697635,0.002596057,0.002508948,0.002465188,0.002428873,0.002382026,0.002239985,0.00218092,0.001977641,0.001897194,0.00180664,0.001622027,0.001571279,0.001428225,0.00130057,0.001113996,0.0009266587,0.0007640256,0.0006214277,0.0003989229,0.0003429737,0.0001616075,-2.550571e-05,-0.0001539248,-0.0004303007,-0.0005869603,-0.0006312316,-0.0009307519,-0.0009544183,-0.001081778,-0.001219075,-0.00137312,-0.001526914,-0.001630914,-0.001736485,-0.001820887,-0.0019124,-0.002032548,-0.002183967,-0.002110816,-0.002186103,-0.002344204,-0.0024508,-0.002349473,-0.002351299,-0.002503821,-0.002624399,-0.002418594,-0.002318504,-0.002340344,-0.002397259,-0.002353073,-0.002215204,-0.002066919,-0.002035029,-0.0019946,-0.001853653,-0.001803219
ELL,-0.001423396,-0.001140313,-0.00111529,-0.001057172,-0.001216889,-0.0009763506,-0.0009938841,-0.0006551386,-0.001040927,-0.0006311958,-0.000498455,-0.0006074126,-0.000273163,0.0001207878,0.0001366584,0.0004820141,0.0007210591,0.0006306482,0.0009542078,0.001076953,0.001345463,0.001514264,0.001727919,0.001943184,0.00202029,0.00235045,0.00242334,0.00266332,0.002718487,0.003217472,0.003276224,0.003310295,0.003310383,0.003683134,0.003649023,0.003850638,0.003630983,0.003958222,0.00394926,0.003852882,0.004082431,0.003917369,0.004034116,0.003715518,0.003683464,0.003693859,0.003850366,0.003424505,0.003707016,0.003325773,0.003277597,0.003021089,0.002778474,0.002438517,0.002521504,0.002087233,0.001787755,0.001361814,0.0009872579,0.0007386579,0.0002455061,0.0001527,-0.0003671113,-0.0009662789,-0.001292377,-0.001612517,-0.002186641,-0.002392038,-0.002828923,-0.003304216,-0.003713671,-0.004024064,-0.004662779,-0.004864913,-0.005259194,-0.005580848,-0.005896132,-0.006331473,-0.006640812,-0.007017697,-0.007362975,-0.007526923,-0.007845538,-0.008390677,-0.008427113,-0.008653788,-0.009180432,-0.009389765,-0.009370629,-0.009417222,-0.009479647,-0.009825094,-0.009927667,-0.009850342,-0.01039879,-0.009891355,-0.01003894,-0.01007511,-0.01003413,-0.009964284,-0.009757784,-0.009685615,-0.009515308,-0.009433811,-0.009427004,-0.009036871,-0.008914864,-0.008728108,-0.008418602,-0.008065916,-0.007917535,-0.007543872,-0.006969953,-0.006705288,-0.00632808,-0.006244975,-0.005710733,-0.005245852,-0.005127352,-0.004347256,-0.00392148,-0.003527518,-0.003101354,-0.00266665,-0.002245329,-0.001725343,-0.001724805,-0.001321882,-0.0006173879,-0.0002007081,-5.018516e-05,0.0005327592,0.0007791842,0.0007487864,0.001547613,0.001674648,0.002279622,0.002503942,0.002640927,0.003027029,0.003081632,0.003303138,0.003678699,0.003739067,0.004039581,0.004330724,0.004338438,0.004516094,0.004378587,0.00440175,0.004694738,0.004416577,0.004420433,0.004065993,0.004201119,0.004039475,0.004021236,0.004277272,0.004016968,0.003499352,0.003676272,0.003531165,0.003240694,0.003233217,0.003075706,0.002844868,0.002741731,0.002379232,0.002358866,0.002478493,0.001712008,0.001810433,0.001900623,0.001284378,0.001167359,0.001012108,0.0007705074,0.0005686113,0.0004562649,0.0004011494,-6.766155e-05,0.000119148,-0.0001797487,-0.0001948749,-0.0002346098,-0.0004815807,-0.0004814286,-0.0006897093,-0.001207674,-0.001114842,-0.001162904,-0.001085,-0.001087437,-0.001178113,-0.001172491,-0.0009615952,-0.001213096,-0.001149913,-0.0009709586,-0.0009236343
ELL,-4.411052e-05,-6.982296e-06,7.84872e-05,0.0001979437,-7.693107e-05,-0.0001578055,-0.0001144533,-6.881102e-05,-1.629828e-05,0.0001085212,-9.098966e-05,-0.0001054037,0.0001042343,-0.0001207719,0.000191236,0.0001593575,-0.0001960485,-8.524067e-05,0.0001038434,0.0001959934,6.734489e-06,8.104976e-05,8.026488e-06,0.0001516914,0.0001861854,1.037526e-05,-4.843676e-05,6.318832e-05,0.0001965832,0.0003519326,-7.473414e-05,-0.000144317,2.75298e-05,-4.741996e-05,-6.723319e-05,-0.0001359023,0.000203038,4.433355e-06,-0.0002367377,0.0001120147,-0.0001178091,-8.086423e-05,-4.808832e-05,0.0002953537,0.0002729447,-0.0003634196,-1.007387e-05,0.0004174395,-5.239393e-05,-2.42248e-05,-1.286793e-05,-0.0001144575,-7.135505e-05,-0.0002283077,0.0001932445,4.458318e-05,1.721333e-07,2.600128e-05,0.0004025905,8.439088e-06,6.885575e-06,0.0001754318,0.0001671059,0.0004069599,0.0001831093,0.0002247804,0.0001163794,6.069277e-05,9.696631e-05,0.0004587743,1.752339e-05,-0.0001948527,-7.332681e-05,0.0001782419,7.76934e-05,0.0001004624,6.045809e-05,0.0001945363,0.0002243815,0.0001045435,0.0004094342,0.0002108555,0.0004464621,0.0001776178,6.587632e-05,0.0002627265,0.000174278,0.0001951696,0.0003213293,3.515596e-05,0.0002553693,7.155832e-05,0.0002412733,-2.409429e-05,-0.0001018676,4.461637e-05,-7.405824e-07,0.0002905731,0.0001213729,0.0002386285,8.012562e-05,-9.722854e-05,0.0001330858,-5.285825e-05,-0.0001410218,0.0002198135,0.0002462245,0.000105068,0.0001533611,0.0001232094,9.29419e-05,0.0001691869,5.688892e-05,-6.45484e-05,1.978752e-05,-9.013245e-05,-1.170068e-06,-7.102662e-05,-3.645549e-05,-1.835839e-05,-0.0001581495,0.0002343562,-3.497625e-05,-0.0003181762,-0.0001382896,4.946243e-05,-9.681569e-05,0.0001080304,-0.0004354914,-0.0002424974,-0.0001443658,3.122804e-06,-0.0001009034,3.209674e-05,0.0002721713,-0.0001874048,-0.0005304112,3.91897e-05,-0.0005302855,-0.0001667471,0.0001492602,-0.0003884847,-0.0001709856,-0.0001348294,-0.0001824309,-9.403752e-05,-0.0003685179,-0.0005067741,-3.289503e-05,-0.0003464341,1.096024e-05,-0.0002189689,-0.000255521,-0.0003074292,-0.0003522215,-0.0002108906,-0.0003429042,-0.0003202893,-0.0003378817,-0.0003654325,-4.835197e-05,-0.0004074952,5.039467e-06,7.390114e-05,-1.206338e-06,-8.707437e-05,-9.705788e-05,8.6698e-05,-0.0003472383,-0.000397271,-9.306534e-05,2.184762e-05,-2.127629e-05,1.078973e-05,-0.0001355412,-9.885591e-05,-0.0001530963,-0.0002417554,1.028147e-05,0.0001359672,-0.0002564594,-0.0001598975,-5.502311e-05,-8.623683e-05,-1.577932e-05,-0.0001727517,-3.593551e-05,8.940031e-05,-0.0001335621,9.608746e-05,0.0002643406,-0.0002800503,0.0004289503,0.0001997002,7.184087e-05,9.527944e-05,-7.910137e-05,-0.0002592495,-0.0003370768,-0.0001488755
ELL,0.0003619181,0.0003285688,0.0002450603,0.0001780582,0.0001771984,9.259621e-05,4.239332e-05,-2.118327e-05,-7.991228e-05,-0.0001596657,-0.0002228461,-0.000332833,-0.000368074,-0.0004471292,-0.0005245341,-0.0005977821,-0.0006609784,-0.0007168358,-0.0007750989,-0.0008174351,-0.000894657,-0.0009339199,-0.0009552087,-0.0009505434,-0.000887671,-0.0008587149,-0.0008622484,-0.0008060877,-0.0008046362,-0.0007248182,-0.0006613033,-0.0006313376,-0.0005678025,-0.0004628801,-0.000426715,-0.0003446422,-0.0002665897,-0.0001208438,-8.569088e-05,-4.092095e-05,7.3882e-05,0.0002034928,0.000236211,0.000273952,0.0003374466,0.0003741745,0.0004411229,0.0004926586,0.0005244934,0.000522148,0.0005905631,0.0006365319,0.0006324557,0.000624533,0.0006190041,0.0006264576,0.0005772209,0.0005687086,0.0005669739,0.0005820222,0.0004944765,0.0005117512,0.0004383299,0.0004433697,0.0003866463,0.0003906729,0.0003092364,0.000309978,0.0002573317,0.0001850934,0.0001883471,0.0001640529,9.680926e-05,6.731098e-05,4.247473e-05,2.646818e-05,1.910618e-06,-7.045446e-06,-2.382671e-05,-7.419017e-05,-7.952345e-05,-3.456425e-05,-0.0001396872,-0.0001405714,-0.0001552632,-0.000226235,-0.0001642701,-0.0001995965,-0.0002125588,-0.000256471,-0.0002578766,-0.0002635346,-0.000261276,-0.000292636,-0.000359424,-0.0003369387,-0.0003343648,-0.0003551787,-0.0002953692,-0.0003318642,-0.0003895144,-0.0003448414,-0.0003395466,-0.0004221226,-0.0003852647,-0.0004336098,-0.000351003,-0.0003935503,-0.0003787749,-0.0004583538,-0.0003481476,-0.0003894289,-0.0003796934,-0.0003420619,-0.0003686183,-0.0002496532,-0.000186935,-0.0002186128,-0.0003235484,-0.0002957143,-0.0001934691,-0.0002350764,-0.000184907,-0.0002048053,-0.0002866011,-0.0002612839,-0.0002624293,-0.00022618,-0.0002239541,-0.0002150505,-0.0002422493,-0.000253582,-0.0002238211,-0.0002395913,-0.0002292762,-0.0001917162,-0.0001692983,-0.0001626111,-0.000157374,-0.0001227996,-0.000145524,-0.000123243,-0.0001442132,-0.0001193186,-9.775096e-05,-8.850717e-05,-8.063179e-05,-3.085738e-05,-2.975733e-05,-2.196888e-05,-2.346895e-05,4.931743e-05,-1.262712e-06,6.862629e-05,4.874231e-05,9.568182e-05,8.296429e-05,0.0001112308,0.0001275203,0.0001789821,0.0001727345,0.000222983,0.0001545429,0.0001892969,0.0002444137,0.0002179532,0.0002925231,0.0002919223,0.0003411223,0.0003563849,0.0003972196,0.0003563356,0.0004627298,0.0004639268,0.0004891737,0.0004833141,0.0005241386,0.0004969778,0.0005317988,0.0005698067,0.0005888168,0.0005742765,0.000547979,0.0005903167,0.000576794,0.0006251981,0.0005856055,0.0005907402,0.0006217324,0.0005616297,0.0005737293,0.0005650893,0.0005640402,0.0005186113,0.0004569796,0.0004676181,0.0004359857,0.0004282083,0.000359464,0.000314443
ELL,0.005782501,0.005689817,0.005572947,0.005566865,0.005376302,0.005161064,0.00497915,0.004856788,0.004585349,0.004362094,0.004104089,0.003825878,0.003454496,0.003276152,0.003030731,0.002662067,0.002427221,0.002129537,0.001792288,0.001397299,0.001185417,0.0007670562,0.0005094089,0.0001069037,-0.0001707714,-0.0006056188,-0.0008689918,-0.001167885,-0.001410935,-0.00174461,-0.002124323,-0.002434005,-0.002624179,-0.002916144,-0.003230445,-0.003310314,-0.003548881,-0.003691068,-0.003653343,-0.003867697,-0.004080295,-0.0039716,-0.004041522,-0.004258728,-0.004291596,-0.004367532,-0.004475357,-0.004613184,-0.004546154,-0.004507737,-0.004393296,-0.004292111,-0.004215953,-0.004062547,-0.004011508,-0.003993706,-0.003999715,-0.003794616,-0.003774592,-0.003665129,-0.003545217,-0.00338996,-0.003350548,-0.003089412,-0.002910697,-0.0028028,-0.002437394,-0.002079082,-0.001781902,-0.001543192,-0.001180631,-0.0008685844,-0.0005528084,-9.06043e-05,0.0002684044,0.000454341,0.0008357887,0.001134427,0.001573302,0.001925684,0.002294452,0.002440125,0.002709842,0.002936928,0.003204785,0.003440781,0.003954549,0.004243507,0.004293016,0.004665859,0.004848053,0.005023903,0.005205319,0.005391227,0.005686322,0.005880598,0.005931538,0.005800982,0.005816116,0.005943696,0.00589206,0.005812463,0.005852368,0.005799461,0.005805355,0.005559398,0.005444876,0.005180148,0.004912271,0.004682855,0.004296245,0.004041522,0.003841679,0.003649115,0.003428168,0.003084433,0.002814373,0.002415492,0.001972542,0.00169518,0.001300347,0.0009215095,0.0007465809,0.0004407411,0.0002150822,-0.0002233375,-0.0004793276,-0.0009787173,-0.001310007,-0.001756823,-0.002038967,-0.002293052,-0.002485324,-0.002717555,-0.002824735,-0.002879683,-0.003237345,-0.003447946,-0.003565258,-0.003833089,-0.003842102,-0.004009614,-0.004127698,-0.00429383,-0.004410441,-0.004543547,-0.004721577,-0.004897836,-0.004780192,-0.004930792,-0.004768258,-0.004786755,-0.004647959,-0.004701806,-0.004475071,-0.004273895,-0.004308396,-0.00434805,-0.004306294,-0.004283876,-0.004059928,-0.00384919,-0.003744275,-0.003438323,-0.003221603,-0.002953802,-0.002649958,-0.002393987,-0.002093763,-0.001800202,-0.001495532,-0.001176307,-0.0007923743,-0.0005066582,-0.0001273534,0.000226215,0.0005174159,0.000804732,0.001202594,0.001507795,0.001866954,0.002289985,0.002586435,0.003018822,0.003267115,0.003572473,0.003730719,0.004021493,0.004244632,0.004561253,0.004692919,0.004956981,0.005110437,0.005228643,0.005352245,0.005483666,0.005552151,0.005616573,0.005768725,0.005614645
ELL,-0.02910113,-0.02760418,-0.02654943,-0.02475359,-0.02368628,-0.02226746,-0.02070809,-0.01946773,-0.01778254,-0.01654486,-0.01493934,-0.01399734,-0.01230444,-0.01086046,-0.009776907,-0.008127508,-0.006882151,-0.005108234,-0.004013412,-0.002467703,-0.001133079,0.000223878,0.001906547,0.003152094,0.004814109,0.006191715,0.007598265,0.009120219,0.01084958,0.01201616,0.0139384,0.01503644,0.01671547,0.01809461,0.01971207,0.02125867,0.02246163,0.02419341,0.02536335,0.02646224,0.02767856,0.02892753,0.03015997,0.03115139,0.0322172,0.03378991,0.03481106,0.03596293,0.03679043,0.03797844,0.03861739,0.03958609,0.04055744,0.04130818,0.04197991,0.04265049,0.04376297,0.04447076,0.04530123,0.04592875,0.04669376,0.04687896,0.0475299,0.0482395,0.04890313,0.04918054,0.0496782,0.04994728,0.05021333,0.05076083,0.0511377,0.05120808,0.05118278,0.05126674,0.05113346,0.05122272,0.05092224,0.05049951,0.05026127,0.05014008,0.04954791,0.04922204,0.04871196,0.04785087,0.04743203,0.04684215,0.04606851,0.04549134,0.04457942,0.04387565,0.04319781,0.04222379,0.04145897,0.0406707,0.03991135,0.03870008,0.03778404,0.03684247,0.03566612,0.03516139,0.03361243,0.03269502,0.0314628,0.03049082,0.02933042,0.02796265,0.02691469,0.02574467,0.02445353,0.02328626,0.02180086,0.02070601,0.0195128,0.01817436,0.01675218,0.01520907,0.01370329,0.01216024,0.01096801,0.008969101,0.007631814,0.006299399,0.005050252,0.003643485,0.002098288,0.0008742681,-0.001249243,-0.002533238,-0.004369444,-0.005869077,-0.007188458,-0.008927699,-0.0103602,-0.01181021,-0.01342638,-0.0147878,-0.01683112,-0.01825266,-0.01965362,-0.02107246,-0.02264368,-0.02406014,-0.02564364,-0.02687195,-0.02830718,-0.02957232,-0.03086134,-0.03214558,-0.03330364,-0.03424629,-0.03553984,-0.0365228,-0.03736383,-0.03869553,-0.03967248,-0.04029683,-0.04117631,-0.04179937,-0.04286635,-0.0430655,-0.04374263,-0.04419825,-0.04468071,-0.04510649,-0.04531572,-0.04524026,-0.0456893,-0.04549078,-0.04583494,-0.0460228,-0.04588387,-0.04600072,-0.04615428,-0.04613612,-0.04587143,-0.0457042,-0.04585008,-0.04552789,-0.04532379,-0.04506206,-0.044739,-0.04462553,-0.04383472,-0.04349329,-0.04322501,-0.04262487,-0.04199229,-0.04123509,-0.04047338,-0.03976696,-0.03881386,-0.03823934,-0.03692116,-0.0361776,-0.03528778,-0.03413801,-0.03300791,-0.03179681,-0.03072831,-0.02958221
ELL,-0.0001882925,-0.0003407178,-0.0004154258,-0.0004933659,-0.0005352555,-0.0005855321,-0.0006710068,-0.0007149249,-0.0007641159,-0.000803055,-0.0008290509,-0.0008594182,-0.0008684979,-0.0008373845,-0.0009417805,-0.0008076128,-0.0007467433,-0.0007278328,-0.0006505606,-0.0005475797,-0.0003828795,-0.000382166,-0.0002468187,-0.0001307436,-3.279787e-05,6.561819e-05,0.0001769131,0.0002658212,0.0003838789,0.0005082502,0.0004995664,0.0006632527,0.0007196102,0.0007083085,0.000726036,0.0007529981,0.0007775556,0.0007830305,0.0008452808,0.0008573268,0.0008758953,0.0008677202,0.0009176693,0.0009061781,0.001178049,0.001217332,0.001232696,0.001307339,0.001327771,0.001399813,0.001390681,0.001439422,0.001477477,0.001488779,0.001480004,0.001466173,0.001367047,0.001370825,0.001232335,0.001200452,0.001112159,0.0009490347,0.0008303957,0.0006648254,0.0004879277,0.0002700334,0.0001646876,-4.363144e-05,-0.0002119273,-0.0003400188,-0.0005024064,-0.0005461301,-0.0007980316,-0.0008416574,-0.000996381,-0.001174114,-0.001213533,-0.001329186,-0.001389266,-0.001516638,-0.001578833,-0.001747674,-0.001819126,-0.001898627,-0.001984919,-0.001999243,-0.001891166,-0.001895719,-0.001935344,-0.001924808,-0.001978183,-0.002081499,-0.002106018,-0.002272182,-0.002309398,-0.002317492,-0.002343997,-0.002297926,-0.002261907,-0.002233933,-0.002166787,-0.002086572,-0.001998576,-0.002054671,-0.001849939,-0.001808152,-0.001571631,-0.001317204,-0.001250437,-0.001220896,-0.001042417,-0.0009846884,-0.000859121,-0.0007369029,-0.0006329597,-0.0004237715,-0.0002850465,-0.0002191914,-7.010528e-05,7.542897e-05,0.0001918638,0.0003172774,0.0004692213,0.00060837,0.0006508497,0.0007593526,0.0007857732,0.0007826659,0.0006695118,0.0008080852,0.0007813309,0.0007680242,0.0006983883,0.0006214662,0.0006235505,0.000544539,0.0004744455,0.0004689157,0.0004314896,0.0003227094,0.0003549582,0.0002259657,0.0003036934,0.0002560655,0.0001913773,0.0002281469,0.0001912418,0.0001819591,0.0001333752,0.0002935001,0.0002530789,0.0003091746,0.0003150962,0.0002875797,0.0004312463,0.0004633483,0.0005078454,0.0006026828,0.0006737747,0.0007580255,0.0008449606,0.0008213636,0.0008755352,0.0009195011,0.000971947,0.000986481,0.001038294,0.001037576,0.0009552467,0.0008790391,0.0008797328,0.0007294157,0.0007374464,0.0007219037,0.0006548345,0.0007467995,0.0006973399,0.0005972266,0.0005850403,0.0004999042,0.0004715934,0.0004545169,0.0003291268,0.0002664514,0.0002629661,0.0001337623,0.0001306848,0.0001110868,0.0001194246,8.312539e-05,-3.462524e-07,-1.20813e-05,-4.87608e-05,-3.735957e-05,-6.538727e-05,-0.0001169851,-0.0001117606,-0.0001397168,-0.0002469348,-0.0002376787
ELL,0.01366039,0.01385595,0.0140005,0.01400701,0.01404124,0.01402912,0.01385739,0.01372578,0.01350983,0.01317298,0.0128144,0.01243691,0.0119736,0.01160832,0.0110539,0.01051837,0.0099536,0.009350906,0.008784243,0.008029522,0.007310296,0.006621851,0.00581596,0.005122149,0.0044653,0.003651361,0.002949619,0.002228947,0.001508855,0.0008524422,9.037621e-05,-0.0005615676,-0.001341109,-0.001887509,-0.002483886,-0.00318623,-0.003702913,-0.004336074,-0.004874714,-0.005457624,-0.005806078,-0.006269623,-0.006717235,-0.007211816,-0.007485864,-0.007846388,-0.008143511,-0.008408502,-0.008630066,-0.008773157,-0.009031785,-0.009073597,-0.009175405,-0.009202607,-0.00925173,-0.009281314,-0.009169858,-0.009092964,-0.008965674,-0.008776675,-0.008579171,-0.008332548,-0.008004212,-0.007742572,-0.00744645,-0.007026799,-0.006653061,-0.006154376,-0.005739367,-0.005180933,-0.004677946,-0.004109685,-0.003586549,-0.00295136,-0.002371267,-0.001742212,-0.001043577,-0.0004512448,0.0003599693,0.0009670897,0.001739231,0.002428429,0.003150758,0.00390269,0.004673207,0.005301232,0.006017878,0.006710248,0.007356085,0.008021364,0.008617995,0.009276361,0.009929541,0.01051729,0.01092273,0.01137175,0.01190513,0.01218973,0.01250885,0.01272198,0.01298566,0.01320223,0.01334852,0.01332344,0.01336327,0.01325596,0.01310404,0.01296488,0.01270537,0.01247752,0.01213042,0.01172103,0.0112112,0.01069642,0.01021342,0.009538655,0.008912715,0.008163998,0.007420979,0.006587902,0.005777485,0.004952117,0.004171575,0.003193191,0.002287563,0.00137033,0.0004276005,-0.0005703394,-0.00141016,-0.002384534,-0.003245107,-0.004261573,-0.005151516,-0.006153527,-0.00696134,-0.007851266,-0.008632194,-0.009469951,-0.01017,-0.01087206,-0.01154594,-0.01228501,-0.01283137,-0.01340482,-0.01387898,-0.01438535,-0.01477319,-0.01514838,-0.01553787,-0.0157797,-0.01588615,-0.01612207,-0.01616835,-0.01626608,-0.01619325,-0.01618069,-0.01603184,-0.01590518,-0.01560405,-0.0153867,-0.01492513,-0.01465033,-0.01423448,-0.01366768,-0.01308394,-0.01254064,-0.01189432,-0.01125076,-0.01044949,-0.009731338,-0.009026018,-0.008217932,-0.007265617,-0.006456527,-0.005541668,-0.004623879,-0.003730942,-0.002742812,-0.001844874,-0.0007798442,6.380769e-05,0.001039109,0.001951705,0.002924,0.003868658,0.00478742,0.005675491,0.006510518,0.007286303,0.008122933,0.0088239,0.009517383,0.01018096,0.01083197,0.01142635,0.01197192,0.01241169,0.01287772,0.01327294,0.01349946
ELL,0.009843663,0.009432077,0.00897784,0.00834565,0.007874624,0.007264783,0.006888162,0.00605615,0.005538072,0.004759032,0.004099466,0.003569257,0.002866194,0.002113357,0.001343211,0.000594117,-0.0001782347,-0.0008367679,-0.001347784,-0.002170584,-0.002830263,-0.003680375,-0.004199305,-0.004726771,-0.005276936,-0.005860417,-0.006690438,-0.007112241,-0.007629771,-0.008015087,-0.00828088,-0.008826189,-0.009087957,-0.009725114,-0.009550924,-0.01013248,-0.01002232,-0.01030621,-0.01048409,-0.01056181,-0.01061397,-0.0104194,-0.01054754,-0.01034217,-0.01045558,-0.01017844,-0.009931547,-0.009765659,-0.009372637,-0.009669908,-0.009175108,-0.00904916,-0.008368096,-0.008140516,-0.007475728,-0.007070132,-0.00679667,-0.005961969,-0.005662433,-0.004788946,-0.004368826,-0.003686809,-0.003227712,-0.002610149,-0.001654261,-0.001248078,-0.0004358274,0.0001590417,0.0007782537,0.001410177,0.002148333,0.002899942,0.003515223,0.004182001,0.004637388,0.005367916,0.006088493,0.006712919,0.007229077,0.007640643,0.008224445,0.008742601,0.009333071,0.009745133,0.01001581,0.01042973,0.01063157,0.01111535,0.01125878,0.01163477,0.01173864,0.01181356,0.01183691,0.0117767,0.0121525,0.01183045,0.01184106,0.01158851,0.01135796,0.01123346,0.01100133,0.01091764,0.01007098,0.009974088,0.009361856,0.008971495,0.008439108,0.007900752,0.007260519,0.006555647,0.005973404,0.005152879,0.004715167,0.003847844,0.003142283,0.002332747,0.001527206,0.0009301252,9.979031e-05,-0.000543793,-0.001664425,-0.002235577,-0.003144334,-0.003713955,-0.004438816,-0.005136335,-0.005885584,-0.006636057,-0.007199487,-0.007934471,-0.008028262,-0.008731971,-0.009228638,-0.009647662,-0.01001381,-0.01062189,-0.0106357,-0.01100479,-0.01132872,-0.01142715,-0.01175959,-0.01180743,-0.01181111,-0.0117188,-0.01204909,-0.0121156,-0.01192736,-0.01170491,-0.01152483,-0.01122235,-0.01095002,-0.01072143,-0.009828108,-0.009608007,-0.009017257,-0.008604852,-0.00800744,-0.007494105,-0.006635868,-0.005885161,-0.005219749,-0.004484187,-0.003964526,-0.003030646,-0.002397504,-0.001449582,-0.000728236,0.0001429627,0.0007296206,0.001711344,0.00267186,0.003181999,0.003963756,0.004588239,0.005461446,0.006048284,0.006852476,0.007445896,0.008091113,0.008763472,0.009064958,0.00965392,0.01012065,0.01073103,0.01088089,0.0113049,0.01137135,0.01166025,0.01207761,0.01201502,0.01207559,0.01198838,0.0121187,0.01204482,0.0119215,0.01183669,0.01140568,0.01137055,0.01082396,0.01065313
ELL,-0.005801857,-0.006905364,-0.007789398,-0.008333264,-0.008464675,-0.008638185,-0.008372566,-0.00788381,-0.007602347,-0.007049384,-0.006712153,-0.006802351,-0.007333044,-0.00817536,-0.009204167,-0.009718019,-0.01004995,-0.0100948,-0.00976909,-0.009343904,-0.008689346,-0.008282042,-0.007321101,-0.007039512,-0.00754345,-0.008142714,-0.008189464,-0.008243125,-0.008105591,-0.007608621,-0.006597375,-0.005194684,-0.00417018,-0.002664739,-0.001540599,-0.001243644,-0.001209866,-0.001404022,-0.001396184,-0.001591874,-0.001214815,-0.0003177806,0.0006443727,0.002201637,0.003382249,0.004403815,0.0055493,0.006144151,0.007037459,0.007727564,0.008306317,0.009078643,0.009479172,0.009656263,0.009972551,0.009593219,0.009803496,0.009586556,0.008996173,0.00818285,0.008291882,0.008821543,0.00905472,0.00879387,0.008519894,0.00856342,0.009090003,0.009758458,0.0100806,0.009870267,0.009612405,0.00888932,0.007862764,0.007422779,0.006980248,0.006064637,0.00565352,0.005803089,0.00601804,0.005804805,0.00553025,0.004919362,0.00375352,0.002814929,0.001885475,0.0006864002,0.0002921435,-0.0005212214,-0.001472617,-0.001343062,-0.001334351,-0.001486278,-0.001641825,-0.0009747991,-0.001212592,-0.001734139,-0.002229857,-0.003001721,-0.003548139,-0.004068266,-0.004683715,-0.005332933,-0.005573413,-0.005834873,-0.006300257,-0.00716352,-0.008294805,-0.009651631,-0.01109509,-0.01211143,-0.01254049,-0.01302786,-0.012539,-0.01157532,-0.01038221,-0.009588261,-0.009489814,-0.009957289,-0.01009411,-0.01039756,-0.01059627,-0.01090168,-0.0109131,-0.01072698,-0.01014356,-0.008900692,-0.00760154,-0.006148085,-0.005265273,-0.004664265,-0.004268306,-0.004283782,-0.004729437,-0.004624034,-0.004409963,-0.003483216,-0.002434514,-0.001281105,8.238371e-05,0.001346141,0.002985322,0.004311376,0.005054579,0.005544733,0.00591391,0.006724017,0.007474765,0.007459406,0.008385613,0.008539186,0.008991363,0.009934359,0.01060191,0.01127062,0.01171714,0.01206088,0.01198357,0.01177899,0.01122573,0.01103208,0.01085683,0.01046702,0.01038993,0.01047359,0.01032084,0.01006214,0.00916501,0.009064688,0.008105901,0.007450142,0.007180336,0.006956063,0.007212702,0.007257945,0.006380692,0.005511927,0.004616903,0.003414662,0.002028413,0.001198689,0.0003356784,-0.0004257621,-0.000705938,-0.0006685939,0.0001271503,-2.187188e-05,-0.0001876553,-0.0005341445,-0.001204021,-0.002285253,-0.002977626,-0.003386567,-0.00374228,-0.004303523,-0.00393524,-0.004250173,-0.003779767,-0.003736691,-0.004425969,-0.005508714
ELL,0.009385495,0.01029801,0.01110682,0.01213218,0.0128895,0.01361514,0.01429287,0.01489838,0.01547631,0.01582115,0.01633913,0.01663956,0.01683649,0.01691426,0.01710469,0.01715806,0.01702297,0.01698367,0.01682294,0.01655049,0.01627324,0.01595706,0.01554004,0.01507375,0.0145165,0.01391608,0.01329692,0.01274395,0.01200179,0.01129384,0.01057005,0.009889,0.009159791,0.008350923,0.007484146,0.006780871,0.005962745,0.005265146,0.004463201,0.003663633,0.002950005,0.002168615,0.001473009,0.0008257978,-2.992392e-06,-0.0004963948,-0.001151131,-0.001805878,-0.002364021,-0.002931091,-0.003500819,-0.00393422,-0.004414082,-0.004840302,-0.005236935,-0.00552401,-0.0058536,-0.006108308,-0.006524838,-0.006553558,-0.006772876,-0.00693963,-0.006853192,-0.007035005,-0.007036102,-0.006966914,-0.006877997,-0.006832178,-0.006665649,-0.00652663,-0.006320475,-0.005997215,-0.005681765,-0.005441033,-0.005010003,-0.004623332,-0.004329334,-0.003725866,-0.003234297,-0.002703998,-0.002120694,-0.001548155,-0.0008951136,-0.0002849217,0.0003877465,0.001047378,0.001864303,0.002449201,0.003161157,0.004071017,0.004851121,0.005530114,0.006330184,0.006891535,0.007854382,0.008640208,0.009088841,0.009920424,0.01045438,0.01095682,0.01161571,0.01215825,0.01259937,0.01323263,0.01353334,0.01374224,0.01410811,0.01434135,0.01444223,0.01463105,0.01449374,0.01456674,0.0144271,0.01421698,0.01388672,0.01370872,0.01307517,0.01279342,0.01232879,0.01163446,0.01087099,0.01021634,0.009470277,0.008801761,0.00784427,0.006662209,0.005876577,0.004656653,0.003588924,0.002566203,0.001353907,6.168567e-05,-0.001134527,-0.00229691,-0.003453784,-0.004587354,-0.005895906,-0.007075658,-0.008391439,-0.009496122,-0.01077671,-0.01184494,-0.01288663,-0.01413195,-0.0151306,-0.01618825,-0.01706751,-0.0181091,-0.01901418,-0.01984297,-0.02051981,-0.02133311,-0.02210292,-0.0227262,-0.02330662,-0.0237134,-0.02428975,-0.02460732,-0.02495286,-0.0251941,-0.02538156,-0.0255368,-0.02564383,-0.02538528,-0.0255067,-0.02515639,-0.02509629,-0.02477994,-0.02446305,-0.02400476,-0.02355688,-0.02296983,-0.02228921,-0.0216359,-0.02086892,-0.01999694,-0.01912927,-0.01832079,-0.01721163,-0.01630416,-0.01525072,-0.0140401,-0.01292033,-0.01179813,-0.01052171,-0.00932797,-0.008073539,-0.006778779,-0.005433352,-0.003998355,-0.0026811,-0.001452014,-0.0002325858,0.001111375,0.002348308,0.003694006,0.0049945,0.005965654,0.007125204,0.00830009
ELL,0.002898024,0.002608246,0.002354366,0.002034854,0.001723156,0.001434733,0.001114253,0.000801835,0.0004316547,0.0001714077,-0.0001389254,-0.0004773746,-0.0007889434,-0.001127872,-0.001367014,-0.001675369,-0.002021205,-0.00229309,-0.002503011,-0.002812605,-0.003060234,-0.003254092,-0.00350252,-0.00372502,-0.003914791,-0.004151985,-0.004321744,-0.004491722,-0.004543893,-0.004690866,-0.004787449,-0.004890041,-0.004986431,-0.004975271,-0.005049999,-0.004969218,-0.004939109,-0.005003981,-0.004961393,-0.004926477,-0.004848205,-0.004765734,-0.004634275,-0.004531726,-0.004363019,-0.004173448,-0.003991015,-0.003881178,-0.003637475,-0.003386734,-0.003203418,-0.0029258,-0.002601567,-0.002480322,-0.002109212,-0.001830703,-0.001560865,-0.001258312,-0.0009789072,-0.0006217612,-0.0003488282,-2.43075e-05,0.0003281083,0.0006112491,0.0008787127,0.001244964,0.001533748,0.001827996,0.002111492,0.002411162,0.002657454,0.002933958,0.003222353,0.003409619,0.003633372,0.003862974,0.004029499,0.004279858,0.004388796,0.004517102,0.00463086,0.004800222,0.004858321,0.005003897,0.005007213,0.005076196,0.005067041,0.00498877,0.004984941,0.004863938,0.004889042,0.004819711,0.004651918,0.004495284,0.004367243,0.004150916,0.003966711,0.003759406,0.003527784,0.003264373,0.003127866,0.002789871,0.002585514,0.002252432,0.00202727,0.00173607,0.001444164,0.001096217,0.0008464499,0.0004471528,0.0001891464,-5.767723e-05,-0.0003930006,-0.0007083458,-0.001035193,-0.001383189,-0.001571947,-0.001879356,-0.002124961,-0.002398377,-0.002667898,-0.002862319,-0.003134597,-0.003340887,-0.003496614,-0.00369151,-0.003846454,-0.003997804,-0.004132723,-0.004292928,-0.00430919,-0.004448756,-0.004452664,-0.004571526,-0.004550913,-0.004575825,-0.004556326,-0.004513407,-0.004458927,-0.004366686,-0.004234436,-0.004137705,-0.004002864,-0.003852573,-0.003645023,-0.003532026,-0.003316195,-0.003104393,-0.002861105,-0.002619719,-0.002347414,-0.002169142,-0.001845422,-0.001530202,-0.001257953,-0.0009470776,-0.0006325787,-0.0003145896,9.202447e-06,0.000290855,0.0006131199,0.0009201521,0.001268366,0.00153893,0.001875468,0.002171173,0.002455881,0.002714401,0.003007091,0.00334114,0.003554774,0.003846729,0.004018284,0.00426335,0.00448214,0.004615668,0.004776211,0.004913032,0.005090336,0.005242511,0.005250111,0.005349713,0.005330069,0.005378342,0.005389772,0.005410818,0.005316727,0.005291832,0.005170341,0.005060708,0.005000634,0.004836177,0.00473679,0.004514943,0.00432619,0.004141522,0.003958096,0.003646591,0.00340677,0.003222855
ELL,-0.001432056,-0.001092481,-0.0007773109,-0.0004144157,-4.367261e-05,0.0002960079,0.0006250127,0.001036898,0.001535158,0.001888487,0.002292868,0.002656603,0.003073291,0.003669774,0.00397376,0.004300867,0.00484501,0.005251037,0.005710532,0.005986391,0.006305159,0.006808252,0.007146358,0.007513441,0.007756216,0.007975297,0.008187216,0.008548566,0.008761244,0.008923599,0.009094326,0.009302421,0.009295234,0.00936443,0.009362769,0.009484865,0.009425751,0.00920287,0.009211571,0.009070775,0.008841607,0.008598915,0.008304357,0.008041222,0.007891403,0.007378826,0.0069209,0.006666813,0.006276016,0.005743518,0.005226482,0.004644841,0.004115335,0.003715115,0.003090817,0.002434032,0.001809213,0.001299863,0.0005397046,-3.037449e-05,-0.0006440454,-0.001283661,-0.001890016,-0.002533442,-0.003223763,-0.00388742,-0.004445799,-0.005161237,-0.005621089,-0.006071053,-0.00676166,-0.007267837,-0.007868527,-0.008322311,-0.008892684,-0.009310775,-0.0097687,-0.01012945,-0.01043275,-0.01083429,-0.01115499,-0.01147902,-0.01173583,-0.01191167,-0.0120217,-0.01219854,-0.01230491,-0.01235018,-0.01239325,-0.01233586,-0.01228633,-0.01227887,-0.01222544,-0.01200242,-0.01187255,-0.01162097,-0.01136965,-0.01111059,-0.01079028,-0.01042821,-0.01007585,-0.009679968,-0.009300654,-0.008844059,-0.008355204,-0.007901743,-0.007307682,-0.006813711,-0.006195928,-0.005594326,-0.00510237,-0.004530682,-0.00388648,-0.003383592,-0.002909726,-0.002343706,-0.001778696,-0.001191297,-0.0006145853,-7.385367e-05,0.0003948407,0.0008855688,0.001369109,0.001828187,0.002273737,0.002648262,0.003010451,0.003394708,0.003781059,0.004083639,0.004320785,0.004560353,0.004801606,0.005093787,0.005172427,0.005268448,0.005433658,0.005523586,0.005537466,0.005585455,0.005523332,0.005664003,0.005640947,0.005440758,0.005270205,0.005194922,0.005112915,0.004796384,0.004608766,0.004441662,0.004306566,0.004004772,0.003651026,0.003375415,0.003086773,0.002772952,0.002378794,0.002020352,0.001711655,0.001449323,0.00101478,0.0006902571,0.0003434926,2.083055e-05,-0.0002225689,-0.0006684561,-0.00100793,-0.001146941,-0.001485307,-0.001861347,-0.002115441,-0.002401554,-0.0026191,-0.002808685,-0.003059514,-0.003375392,-0.003397793,-0.003486643,-0.003722431,-0.003836989,-0.003921095,-0.004006836,-0.004018732,-0.004066553,-0.004156511,-0.004106771,-0.004028012,-0.004018512,-0.003988888,-0.003871315,-0.003685466,-0.003559965,-0.003363542,-0.003293961,-0.002962791,-0.002713347,-0.00253197,-0.002297941,-0.001955897,-0.001675301
ELL,0.03129838,0.03142632,0.03107644,0.03051626,0.03000961,0.02918341,0.0284021,0.02736167,0.02621937,0.02498044,0.02377535,0.02231698,0.02067894,0.01904207,0.01725683,0.01538105,0.01348031,0.01156344,0.009703483,0.007581166,0.005496999,0.003320079,0.001291826,-0.0006641657,-0.002729442,-0.004724888,-0.006801601,-0.008731402,-0.01051674,-0.01240464,-0.01430456,-0.0162762,-0.01794492,-0.01945089,-0.02105659,-0.02245112,-0.02381736,-0.0250303,-0.02631337,-0.02734293,-0.02822434,-0.02913915,-0.0302158,-0.03181846,-0.03333161,-0.03453079,-0.03555032,-0.03606911,-0.0362151,-0.03601784,-0.03530715,-0.03403021,-0.03275874,-0.03123109,-0.02960298,-0.02848607,-0.02740891,-0.02648613,-0.02530047,-0.02414035,-0.022755,-0.02137967,-0.01965423,-0.01808292,-0.01645572,-0.01463524,-0.01267453,-0.01088586,-0.008968701,-0.006910869,-0.00469221,-0.00249078,-0.0004808125,0.001791106,0.0038498,0.006010627,0.008225786,0.0104012,0.01245655,0.01459339,0.01664463,0.01856882,0.02056821,0.02251502,0.02424929,0.02590179,0.02743145,0.02894339,0.03016819,0.03127456,0.03233748,0.03328636,0.03406216,0.03460895,0.03525774,0.03558202,0.03570249,0.03586237,0.03568825,0.03537097,0.03483883,0.0344803,0.03371797,0.03300281,0.03201748,0.03085604,0.02978839,0.0284973,0.02715783,0.02562232,0.02415101,0.02251904,0.02084458,0.0191004,0.01735136,0.01562859,0.01366224,0.0119318,0.01012726,0.008220015,0.00629623,0.004589859,0.002843043,0.001051579,-0.0007784469,-0.002403921,-0.00415847,-0.00571931,-0.007257908,-0.008802504,-0.01020639,-0.01149444,-0.01295814,-0.01421621,-0.01540134,-0.01653369,-0.01770697,-0.01864889,-0.01943677,-0.0202833,-0.02110319,-0.02173263,-0.02255843,-0.02358011,-0.02432077,-0.02498978,-0.02564668,-0.02591994,-0.02608087,-0.0261032,-0.02599737,-0.02545653,-0.02503338,-0.02434616,-0.02366635,-0.02303888,-0.02250305,-0.02198169,-0.02118424,-0.02056497,-0.01969559,-0.01862861,-0.01768461,-0.01674137,-0.01552186,-0.01430822,-0.01306504,-0.01179144,-0.01039187,-0.008855937,-0.007329138,-0.005901608,-0.004269394,-0.002548299,-0.0009409472,0.0007070893,0.002537605,0.00440783,0.006052024,0.007791383,0.009672797,0.01142657,0.01319816,0.0149344,0.01671479,0.01824764,0.01979573,0.0213668,0.02274744,0.02411852,0.02542647,0.02656332,0.02774016,0.02861632,0.02945876,0.03010494,0.03059511,0.03108023,0.0312404,0.03144815
ELL,-0.02539577,-0.02599621,-0.02689982,-0.02740384,-0.02769648,-0.028224,-0.02855708,-0.02867099,-0.02860437,-0.02861916,-0.02832572,-0.02804932,-0.0275339,-0.02704536,-0.0263886,-0.02565207,-0.02486684,-0.02396752,-0.02303513,-0.02161672,-0.02061281,-0.01932064,-0.01804175,-0.01655752,-0.01501938,-0.01340187,-0.01200034,-0.01024899,-0.008643276,-0.006525652,-0.004938483,-0.003086356,-0.001921294,5.136214e-05,0.001586885,0.00319241,0.004676152,0.006239535,0.008085866,0.009498818,0.01111616,0.0123144,0.0139321,0.01517962,0.01644263,0.0176455,0.0187663,0.01967806,0.02058102,0.02147452,0.02223773,0.02277593,0.02353887,0.02379767,0.02437927,0.02462792,0.02486063,0.02491935,0.02516629,0.02516208,0.02499201,0.02458218,0.02422373,0.02380125,0.02324366,0.02246316,0.02172935,0.0207687,0.01990586,0.01875421,0.0177539,0.0164045,0.01531388,0.01388828,0.012638,0.0111798,0.009659722,0.00814442,0.006628545,0.004948793,0.003428342,0.001777775,0.0001973355,-0.001446855,-0.003138487,-0.004907135,-0.006434482,-0.008135578,-0.009711727,-0.0112408,-0.01279982,-0.01423002,-0.01572235,-0.01704752,-0.01834615,-0.01947189,-0.02071738,-0.02171188,-0.02293869,-0.02363875,-0.02459221,-0.02518411,-0.02598901,-0.02632978,-0.02694843,-0.02696147,-0.02745492,-0.02730422,-0.02735292,-0.02716061,-0.02699634,-0.02660183,-0.02624928,-0.02566614,-0.02490576,-0.02409087,-0.02337367,-0.02237091,-0.02131818,-0.02028194,-0.01899205,-0.01780865,-0.01627996,-0.01496558,-0.01357303,-0.01198706,-0.01031911,-0.008783787,-0.006981579,-0.005370834,-0.003707746,-0.001973673,-0.000385822,0.001440785,0.003252624,0.00488622,0.006610603,0.008222676,0.009649557,0.01133954,0.01274569,0.01425849,0.01541049,0.01697716,0.01804403,0.01946825,0.02058172,0.02146526,0.02252498,0.02345657,0.0242702,0.02491179,0.0255156,0.02593471,0.02650623,0.02656799,0.02685897,0.02668007,0.0268342,0.02663317,0.02656579,0.02610301,0.02569995,0.02495241,0.02442324,0.02337147,0.0228817,0.02195706,0.02092213,0.01959532,0.0184365,0.01725011,0.01586698,0.01443955,0.01288939,0.01143862,0.009884085,0.008353092,0.006688671,0.004933908,0.003182845,0.001591935,-0.0001001199,-0.001661543,-0.003576792,-0.00529446,-0.006909356,-0.008581172,-0.01015839,-0.01168638,-0.01315361,-0.01472635,-0.01610473,-0.01746486,-0.01880353,-0.02009456,-0.02110953,-0.02230579,-0.0234794,-0.02429164
ELL,0.003511149,0.003054693,0.002977476,0.002767271,0.002517031,0.002298667,0.001973917,0.001697997,0.001489529,0.001396371,0.001269494,0.0009825146,0.0006578215,0.0004471017,0.0003456014,9.093378e-05,-7.615069e-05,-0.0001863588,-0.0003953741,-0.0006469015,-0.0008989654,-0.0009444476,-0.001141637,-0.001418578,-0.001512965,-0.001627309,-0.001858727,-0.002023935,-0.002168013,-0.002226905,-0.002129235,-0.002408652,-0.002636047,-0.002495142,-0.002700255,-0.002818367,-0.002765791,-0.002720407,-0.002656351,-0.00274298,-0.002707248,-0.002712566,-0.002534947,-0.002538875,-0.002470918,-0.002504856,-0.002299113,-0.002134871,-0.002053155,-0.002086292,-0.00177527,-0.00170306,-0.001582029,-0.00142131,-0.001045491,-0.0009126887,-0.0006623847,-0.0006352804,-0.0005167254,-0.0003417858,3.810474e-05,0.0001987389,0.000447939,0.0005084368,0.0008631326,0.0008883437,0.001300952,0.001419642,0.001601823,0.001709362,0.001849799,0.002221648,0.002371419,0.002298716,0.002472959,0.002756398,0.002761625,0.002730441,0.002881916,0.003088237,0.003101135,0.003058401,0.003222212,0.003079608,0.003289516,0.00327421,0.003319828,0.003365006,0.003217823,0.003154165,0.003309518,0.003185537,0.003024924,0.00292541,0.002915016,0.002833673,0.00279892,0.002430168,0.002424584,0.00229061,0.002217042,0.002048491,0.001876164,0.001592205,0.001536135,0.001222082,0.001149232,0.0008401799,0.0005295626,0.0004190723,-1.013669e-05,-0.0003111514,-0.0006394578,-0.0007072773,-0.001243508,-0.001368715,-0.001689642,-0.001973149,-0.00239443,-0.002687156,-0.003096339,-0.003515916,-0.003814706,-0.004061598,-0.004561041,-0.004758906,-0.004957934,-0.005463499,-0.005693791,-0.005901327,-0.006258377,-0.006574117,-0.006702223,-0.00703965,-0.007315278,-0.007482418,-0.007662307,-0.007666933,-0.007897794,-0.007754847,-0.007907938,-0.007990757,-0.007867821,-0.007863404,-0.007703104,-0.007769768,-0.007476094,-0.007345071,-0.007258526,-0.006901626,-0.006650116,-0.006136457,-0.006062381,-0.005774505,-0.005105832,-0.004892616,-0.004567261,-0.003938619,-0.003399982,-0.003001434,-0.002343446,-0.002063636,-0.001554925,-0.001010925,-0.0008582811,0.000102464,0.0004500803,0.0009577823,0.001440242,0.001824008,0.002341773,0.002763189,0.002988547,0.003325711,0.003870027,0.00387857,0.004173132,0.004638833,0.004823572,0.005026109,0.005158199,0.005359225,0.005182626,0.00542218,0.005474458,0.005652439,0.005549853,0.005821086,0.00565334,0.005444223,0.005368242,0.005058873,0.005192142,0.004870836,0.004875977,0.004507787,0.004481198,0.004001521,0.003866978,0.003811548
ELL,-0.001880271,-0.001468679,-0.001065388,-0.0006534268,-0.0003008615,0.0001415125,0.0004513568,0.0008219618,0.001252734,0.001610296,0.001931024,0.002390407,0.002700524,0.003012954,0.00334296,0.003795632,0.004160767,0.004381283,0.004651681,0.004887012,0.005046293,0.005327342,0.005345564,0.00554837,0.005677603,0.005800382,0.005803419,0.00586333,0.005905782,0.005955729,0.005940124,0.005845293,0.005698532,0.005651544,0.005480217,0.005455941,0.005644886,0.005375167,0.005145113,0.004962615,0.004713241,0.004452057,0.00409535,0.003800096,0.003496441,0.003112422,0.002788858,0.002388157,0.002000269,0.001715047,0.001299663,0.0009646498,0.0005438136,6.807675e-05,-0.0003566472,-0.0006496556,-0.0008467471,-0.001174348,-0.001355443,-0.001727594,-0.002155122,-0.002332594,-0.002777121,-0.002982934,-0.003361539,-0.003662306,-0.003878281,-0.004128968,-0.004309869,-0.004657236,-0.004819921,-0.005129271,-0.005206132,-0.005331336,-0.005525349,-0.005734351,-0.00576769,-0.005863229,-0.005988187,-0.005967733,-0.005961916,-0.006015635,-0.005988616,-0.005923453,-0.005834067,-0.005812081,-0.005702293,-0.005575551,-0.005406779,-0.005293536,-0.005169588,-0.004843159,-0.004668384,-0.004422815,-0.004131366,-0.003880526,-0.003568481,-0.003258883,-0.002978958,-0.002629376,-0.002277266,-0.001933482,-0.001585113,-0.001305257,-0.0009607221,-0.0006223145,-0.0002275717,0.0001870208,0.0005587628,0.0008545819,0.001206755,0.001589865,0.002012607,0.002339611,0.002652738,0.002998626,0.003266015,0.003631201,0.003954044,0.004177958,0.004398372,0.004691656,0.004844884,0.00502927,0.005214861,0.005385485,0.005410383,0.005565568,0.005689559,0.005709325,0.005747866,0.005710071,0.005726745,0.005695991,0.005654686,0.005672725,0.005500075,0.005425263,0.005269982,0.005023202,0.004859974,0.004625521,0.004362554,0.004111726,0.003783817,0.003500813,0.003145457,0.002838449,0.002537434,0.00214797,0.001753653,0.001390677,0.001026405,0.0006574886,0.00025682,-0.0001588197,-0.0006156649,-0.0009865308,-0.001303375,-0.001739373,-0.002181606,-0.00250459,-0.002920486,-0.003241538,-0.00351591,-0.003810003,-0.004046192,-0.004336689,-0.004622894,-0.004845635,-0.005103117,-0.005240879,-0.005452096,-0.005643753,-0.005741472,-0.005880863,-0.00599447,-0.006082582,-0.006139192,-0.006117042,-0.006058613,-0.006151906,-0.00603862,-0.006008628,-0.005973609,-0.005780445,-0.005737821,-0.005521222,-0.005287243,-0.005129597,-0.004940577,-0.004588712,-0.004370794,-0.00404344,-0.003711822,-0.003422469,-0.003051284,-0.002667917,-0.002348237,-0.001948399
ELL,0.0001794243,7.680441e-05,5.826727e-05,7.874008e-05,7.291498e-05,-4.317712e-05,3.649509e-05,-1.805416e-05,-0.0001615463,-0.0002211877,-0.0002600246,-0.0002506598,-0.0002368124,-0.0002762028,-0.000321928,-0.0003006852,-0.0002615486,-0.0003140038,-0.0002001207,-0.0002795632,-0.0003846263,-0.0004490537,-0.0004559427,-0.0004151721,-0.0005559545,-0.0005297537,-0.0006189359,-0.00051916,-0.0005569454,-0.0005031152,-0.0005725015,-0.0006511151,-0.0008079875,-0.0007865443,-0.000777556,-0.0007195446,-0.0006809008,-0.0007022955,-0.0008119304,-0.0008283242,-0.0007196906,-0.0007364949,-0.0007214557,-0.0007776753,-0.0008150804,-0.0008200475,-0.0007490363,-0.000771397,-0.0007704875,-0.0008811048,-0.0007968812,-0.0007816789,-0.0008378693,-0.0007061429,-0.0006480258,-0.0007615839,-0.0007196445,-0.0007200199,-0.0007968919,-0.0007852181,-0.000706872,-0.0007135062,-0.0007301053,-0.0006308801,-0.0006113549,-0.0005389589,-0.0004765626,-0.0004954098,-0.0004458195,-0.0005951026,-0.0006675469,-0.0005905009,-0.0006541489,-0.0006481638,-0.0006310247,-0.0006232767,-0.00051652,-0.0004228817,-0.0003843163,-0.0002537293,-0.0002317616,-0.0002573819,-0.0002131675,-0.0002887165,-0.0002711797,-0.0001372298,-0.0002130323,-0.0001355793,-9.143398e-05,-0.0001629181,-1.972335e-05,9.057706e-05,6.140237e-05,-3.21063e-05,-5.243539e-05,-5.98495e-05,0.0001330014,0.0002226304,0.0002988412,0.0002933117,0.000269731,0.0001946933,0.000220517,0.00033963,0.0002026499,0.0003553738,0.0004342303,0.0004423978,0.0004716062,0.0004822871,0.0005342201,0.0005775917,0.0005720183,0.0006702911,0.0005968422,0.0008098647,0.0008278103,0.0009094041,0.000841,0.0008767793,0.0008293765,0.0009384728,0.0008053657,0.0008639326,0.0008106339,0.000880802,0.000835061,0.0008853676,0.0009333515,0.001039608,0.0009923297,0.001015823,0.001076367,0.000996293,0.0009994679,0.001097272,0.001175195,0.001041249,0.001122296,0.001124121,0.001122994,0.001247948,0.001179531,0.001160988,0.001060829,0.00101855,0.001092024,0.001238375,0.001238997,0.001239088,0.001123056,0.001001352,0.0007554762,0.0008207467,0.001025462,0.001062692,0.001021494,0.0009536032,0.0009787092,0.001062378,0.001044345,0.001034497,0.00101838,0.00098022,0.001052337,0.001066282,0.001073896,0.001065546,0.001021133,0.000950321,0.0007351925,0.0008803745,0.0009512008,0.0008237812,0.000778091,0.0007810467,0.0007324099,0.0008553017,0.0007164732,0.0007199935,0.0007152982,0.0006308243,0.0005020573,0.0004595603,0.0004863387,0.0005849941,0.0006054514,0.0005338749,0.0004523866,0.0004781295,0.0005404094,0.0003513181,0.0004052699,0.0003761865,0.0003969741,0.0003603456,0.0001946392,0.0001785041,0.0001029816,3.170378e-05
ELL,-0.001320743,-0.001359476,-0.001371793,-0.001283749,-0.001294272,-0.001238573,-0.001204684,-0.00124926,-0.001192977,-0.001186226,-0.001137244,-0.001074231,-0.001037585,-0.0009136511,-0.0009897279,-0.0008806724,-0.0008254951,-0.0007345856,-0.0007275509,-0.0006705188,-0.0006310969,-0.0005770714,-0.0005063188,-0.0004198941,-0.0003593011,-0.0002963625,-0.0001524066,-0.0001650602,-8.45253e-05,-7.558052e-07,2.882261e-05,8.624259e-05,3.777945e-06,5.866441e-05,0.0001413266,0.0001911604,0.0002302611,0.0002896807,0.0003208238,0.0004323595,0.0004093135,0.0004564232,0.0004731262,0.0005012478,0.0005709724,0.0005436894,0.0006237549,0.0006033417,0.0006116613,0.0005887665,0.0006248315,0.0006003342,0.0005754577,0.0005509368,0.0005488565,0.0005189789,0.0004662081,0.0004496182,0.0004531984,0.0003266459,0.0003531179,0.0002657031,0.0002001281,0.0001724852,0.0001653995,0.0001115427,4.048167e-05,-7.312722e-06,-5.952913e-05,-0.0001135197,-0.0001157959,-0.0002097581,-0.0002287189,-0.0002962587,-0.0002307024,-0.0003120401,-0.0003566862,-0.0003711314,-0.0004660726,-0.0005312982,-0.0007797452,-0.0009175803,-0.0009233314,-0.0009385968,-0.0009875697,-0.0009528868,-0.000984081,-0.001152924,-0.001038653,-0.001193852,-0.001234561,-0.001374855,-0.00127751,-0.001299671,-0.001350778,-0.001366159,-0.001281117,-0.001259927,-0.001041023,-0.001119662,-0.0009984557,-0.0008779222,-0.0007961949,-0.0006530252,-0.0006945662,-0.0006180682,-0.0006207837,-0.0006051188,-0.0004896152,-0.0005250248,-0.000446282,-0.0004420409,-0.0004737703,-0.0003089629,-0.0002887324,-0.0002934914,-0.0002219672,-0.0002961884,-0.0002003286,-0.0002647978,-9.178006e-05,-2.479575e-05,-3.705054e-05,6.457671e-05,4.413306e-05,0.000203803,0.000156836,0.0002068399,0.0003137123,0.0003039998,0.0004296353,0.0004755567,0.0005033441,0.000516967,0.0005573752,0.0006242662,0.0004788399,0.0003729204,0.0004183325,0.0004788766,0.0005007623,0.0004939299,0.0005034551,0.000537423,0.0005417251,0.0005362267,0.0005533564,0.0006017309,0.0005587525,0.000586724,0.0005515779,0.0005910934,0.0006569612,0.0005852283,0.0005519934,0.0004683424,0.0004127437,0.0003761924,0.0003397656,0.0002501192,0.0002850053,0.0002724174,0.0002050186,0.0001492657,8.309757e-05,4.192049e-05,2.049432e-05,-9.791768e-05,-0.0001559186,-0.000232017,-0.0002887777,-0.0003652003,-0.00040527,-0.0004031606,-0.0005068281,-0.000564334,-0.0005457536,-0.0004983197,-0.0004852151,-0.000526845,-0.0006881093,-0.0007891472,-0.0008410479,-0.0008981283,-0.0009178842,-0.0009822495,-0.001092807,-0.001156288,-0.001056989,-0.001243379,-0.001180204,-0.001336956,-0.001374446,-0.001318105,-0.001451065,-0.001455996,-0.00147422,-0.001561996,-0.001492115,-0.001441601
ELL,0.007255652,0.006838415,0.006325177,0.005729674,0.005390696,0.004708596,0.004215334,0.003696661,0.003152226,0.002607947,0.001907259,0.001450158,0.0007640032,0.0002603434,-0.0002661304,-0.0008914589,-0.001305849,-0.001833434,-0.002277863,-0.002812363,-0.003301023,-0.003713668,-0.004125766,-0.004608931,-0.005121214,-0.005460276,-0.005898896,-0.006368306,-0.006849247,-0.007251383,-0.007609556,-0.007989828,-0.008231672,-0.008566146,-0.008693531,-0.008863316,-0.008870889,-0.008838385,-0.008989966,-0.008815723,-0.008654896,-0.008584285,-0.008200093,-0.008134398,-0.007638617,-0.007178412,-0.006887413,-0.006274942,-0.005774331,-0.005415367,-0.0048051,-0.004189411,-0.003549706,-0.003149941,-0.002471954,-0.002016008,-0.001440494,-0.0008830688,-0.0003408162,0.0001961089,0.0008615679,0.001416011,0.00216495,0.002828248,0.003452946,0.003980771,0.004760834,0.005210981,0.00603913,0.006848822,0.007489882,0.007950217,0.008626822,0.009083707,0.009752863,0.01032686,0.01063767,0.01126615,0.01151822,0.01199272,0.01228544,0.01270082,0.01316008,0.01317709,0.01332283,0.01359822,0.01372862,0.01379273,0.01391174,0.01379769,0.01354422,0.01342767,0.01320575,0.01301237,0.01282503,0.01231496,0.01200822,0.0114814,0.01119765,0.01058667,0.01013938,0.009211941,0.008687278,0.008155258,0.007280661,0.006759206,0.005894336,0.005116965,0.00426617,0.003593168,0.00268858,0.001795665,0.0009531918,0.0001580219,-0.0007947481,-0.001573877,-0.002471247,-0.003220127,-0.00395936,-0.004722843,-0.005521087,-0.006344584,-0.007201269,-0.007931394,-0.008738206,-0.009616371,-0.01036714,-0.01116853,-0.01192351,-0.01256437,-0.01312744,-0.01386046,-0.01436234,-0.0148089,-0.0153007,-0.01559447,-0.01592738,-0.01611598,-0.01620973,-0.01612659,-0.01618397,-0.01608274,-0.01582934,-0.01547142,-0.01520913,-0.01473921,-0.01417534,-0.01382842,-0.01320484,-0.01242157,-0.01192144,-0.01116302,-0.01052578,-0.00980446,-0.009304067,-0.008573494,-0.007691499,-0.007331243,-0.006389042,-0.005946688,-0.005018407,-0.004429417,-0.003720833,-0.002901726,-0.002031959,-0.001290224,-0.0005458762,0.0003086896,0.0009290486,0.001665588,0.002398383,0.003170085,0.003885577,0.004403139,0.005026649,0.005762454,0.006082602,0.006599827,0.007299338,0.007775594,0.007997579,0.008365664,0.008726192,0.009036659,0.009149034,0.00944951,0.009665141,0.009884716,0.00973633,0.00972896,0.00975875,0.00974188,0.009539304,0.009386402,0.009360055,0.009083418,0.008628651,0.00836037,0.008136219,0.007734833
ELL,0.003458569,0.003574506,0.003776272,0.003861889,0.003977827,0.00409183,0.00409344,0.004110352,0.004215536,0.004202358,0.004142989,0.004163706,0.004213995,0.004033476,0.003930431,0.003823009,0.003708018,0.003597921,0.003361209,0.003268114,0.00300799,0.002749568,0.002593571,0.002332257,0.002026625,0.001652505,0.001380525,0.001038286,0.0006664869,0.0003377591,3.078424e-05,-0.0004041231,-0.0008704997,-0.001143153,-0.001542045,-0.002067952,-0.002423233,-0.002819268,-0.003210024,-0.003683695,-0.004138546,-0.004541203,-0.004987749,-0.005390816,-0.005649615,-0.00614882,-0.006512626,-0.006889511,-0.007281574,-0.00755962,-0.007985264,-0.00833053,-0.008611677,-0.008943975,-0.009278422,-0.009456389,-0.009718408,-0.009945906,-0.01009686,-0.01023488,-0.01035925,-0.01062629,-0.0106542,-0.01066896,-0.01079332,-0.01084051,-0.01082135,-0.01067809,-0.01071724,-0.01065393,-0.01054988,-0.01049019,-0.01032781,-0.01009315,-0.00991925,-0.00971791,-0.009609094,-0.009261773,-0.00898871,-0.008726846,-0.008457789,-0.00805389,-0.007798543,-0.007461487,-0.007017474,-0.006682716,-0.006299443,-0.005943073,-0.005529063,-0.005055406,-0.004653701,-0.004259074,-0.003703261,-0.00340983,-0.00302701,-0.002504175,-0.001976799,-0.001733602,-0.00121944,-0.0008188106,-0.0004256105,-0.000142197,0.0003398154,0.0007628042,0.0009913953,0.0013523,0.001708476,0.002086017,0.00222983,0.002625818,0.002893716,0.003163665,0.003234703,0.003474346,0.003712065,0.003823927,0.003929513,0.0041343,0.004268027,0.004271661,0.004357126,0.004462735,0.00441779,0.004336367,0.004334432,0.004369691,0.004314594,0.004189632,0.004167863,0.004040621,0.003881447,0.003756006,0.003749446,0.003483502,0.00333666,0.003136889,0.002999854,0.002828276,0.002530733,0.002424633,0.002225825,0.002046878,0.001852039,0.001686949,0.001405872,0.001255132,0.001028395,0.000874845,0.0005760039,0.000431969,0.0003134923,7.537314e-05,-0.0001200317,-0.0002299557,-0.0003890421,-0.0005524915,-0.0006658951,-0.00071239,-0.000895862,-0.001073567,-0.001076766,-0.001100625,-0.001298531,-0.00139678,-0.001303584,-0.001344707,-0.001375451,-0.001369153,-0.001340656,-0.001312554,-0.001303984,-0.001190835,-0.00112098,-0.001057967,-0.001010956,-0.000774221,-0.0006863662,-0.0006112501,-0.0004818386,-0.0003449408,-0.0001848825,-5.575686e-05,0.0001661937,0.000390973,0.0004543752,0.0006845865,0.0008937093,0.001121136,0.001250217,0.001494571,0.001713339,0.001903945,0.002042221,0.00228248,0.00240994,0.00258711,0.002785387,0.0030576,0.0032547,0.00326649
ELL,-0.000468338,-0.0004088545,-0.0003693904,-0.0003408073,-0.0003009606,-0.0002497366,-0.0002235681,-0.0001563777,-0.0001045683,-6.476946e-05,-2.115084e-05,3.302319e-05,8.610584e-05,0.0001133593,0.0001459132,0.0001930688,0.0002406118,0.0002733439,0.0003207387,0.0003526523,0.0003980663,0.0004452409,0.0004704462,0.0005024035,0.0005204458,0.0005388645,0.0005674931,0.0005850315,0.0006166359,0.0006141967,0.0006590504,0.0006663681,0.0006498701,0.0006537427,0.0006620007,0.0006548013,0.0006616715,0.0006701733,0.0006504467,0.0006385071,0.0006230441,0.0006026536,0.0005817956,0.0005676659,0.0005255861,0.0005172935,0.0004920482,0.0004586911,0.0004189657,0.0003690462,0.0003152371,0.0002792549,0.0002473156,0.0002169738,0.0001658264,0.0001527125,0.0001322321,0.0001441873,0.0001532887,0.0001458484,0.0001319693,0.0001064371,5.807187e-05,2.007211e-05,-2.842548e-05,-8.426546e-05,-0.0001190083,-0.0001710187,-0.0001875899,-0.0002366963,-0.0002443943,-0.0002798621,-0.0002870119,-0.00032415,-0.0003293407,-0.0003454941,-0.0003694605,-0.0003948254,-0.0004067004,-0.0004266665,-0.0004434591,-0.0004597846,-0.000478939,-0.0004730023,-0.0004652851,-0.0004789627,-0.0004783943,-0.0004614216,-0.0004608528,-0.0004430117,-0.0004315779,-0.0003993962,-0.0003982442,-0.0003712785,-0.0003719711,-0.0003588507,-0.0003382721,-0.000315895,-0.0002709578,-0.0002695467,-0.0002317986,-0.0001967754,-0.0001603845,-0.0001077987,-7.035148e-05,-4.909842e-05,-1.974753e-05,4.483805e-05,6.259058e-05,8.622444e-05,0.000118647,0.0001407262,0.0001981119,0.0002149776,0.0002343386,0.0002826705,0.000273046,0.0003067566,0.0003316179,0.0003617224,0.0004101722,0.0004477271,0.0004705689,0.0004844569,0.0005056646,0.0005042459,0.0005517255,0.0005364312,0.0005319744,0.0005462983,0.0005384582,0.0005421674,0.0005304126,0.0005459712,0.0005366742,0.0005232895,0.00052394,0.000509042,0.0004899546,0.0004751628,0.0004678128,0.0004443671,0.0004165138,0.0003956976,0.00035831,0.0003524326,0.0003262538,0.0003222986,0.0002703435,0.0002273881,0.000186671,0.0001518688,9.188145e-05,6.308973e-05,2.792028e-05,-3.668512e-06,-4.299941e-05,-9.112744e-05,-0.0001116404,-0.0001771014,-0.0002207924,-0.0002502381,-0.0003111905,-0.0003613853,-0.0003816176,-0.0004169503,-0.0004415248,-0.000475138,-0.0005159276,-0.0005378922,-0.0005668018,-0.000572237,-0.0006054875,-0.0006149086,-0.0006313423,-0.0006544801,-0.000658636,-0.0006513027,-0.0006342596,-0.0007272231,-0.0007337714,-0.0007314904,-0.0007386277,-0.0007475409,-0.0006953776,-0.0006865786,-0.0006790671,-0.0006742216,-0.0006572392,-0.0006417066,-0.0006082068,-0.0005832053,-0.0005611777,-0.0006122004,-0.0006442411,-0.0006207522,-0.0005860101,-0.0005414111,-0.0004859504,-0.0004599296
ELL,0.005430055,0.005169499,0.004816933,0.00448662,0.004080953,0.003663629,0.003198487,0.002756211,0.002286183,0.001805739,0.001308974,0.0008336193,0.000263533,-0.0001649593,-0.0007771429,-0.001269769,-0.001819007,-0.00236266,-0.00287984,-0.003394651,-0.003930876,-0.004431608,-0.004903491,-0.005435253,-0.0059569,-0.006337803,-0.006781279,-0.007169369,-0.007642344,-0.007987493,-0.008355042,-0.008657988,-0.008992516,-0.009208096,-0.009487188,-0.009730295,-0.009902051,-0.01008381,-0.01022447,-0.01027043,-0.01036246,-0.010312,-0.01031538,-0.01024202,-0.01013304,-0.01005772,-0.009936803,-0.009769181,-0.009528125,-0.009419122,-0.009134697,-0.008763425,-0.008471057,-0.008161555,-0.007760264,-0.007382675,-0.007029759,-0.006544679,-0.00603669,-0.005605449,-0.005147483,-0.004635999,-0.004117425,-0.003533873,-0.00300629,-0.002501075,-0.001944585,-0.001384071,-0.0008623158,-0.0003068288,0.0002846857,0.0008581093,0.001442973,0.001904554,0.002412,0.002956318,0.003433124,0.003889034,0.004422228,0.004779853,0.005212036,0.005558472,0.005987596,0.00621298,0.006512942,0.006824229,0.007145467,0.00733252,0.007515128,0.007623199,0.007779249,0.007843774,0.007965131,0.007974708,0.008069996,0.007960105,0.00786845,0.007789957,0.007734148,0.00761963,0.007339125,0.007125973,0.006963235,0.006671949,0.006360125,0.006124774,0.005820696,0.005461863,0.005112958,0.004785691,0.004403746,0.004106954,0.003642393,0.003261693,0.002938328,0.002497263,0.002175405,0.00176471,0.001371133,0.001012482,0.0006390247,0.0002511226,-0.0001330295,-0.0005148236,-0.0008642424,-0.001182491,-0.001500431,-0.001824312,-0.002115416,-0.002487244,-0.002652775,-0.002886267,-0.003170473,-0.003397784,-0.003599602,-0.00366573,-0.003933731,-0.00405589,-0.004150261,-0.004203905,-0.004253007,-0.004307508,-0.004401048,-0.004381709,-0.00429109,-0.004287443,-0.00421819,-0.004184211,-0.004050949,-0.003975955,-0.003781021,-0.003648927,-0.003415926,-0.003164168,-0.002937887,-0.002801892,-0.002574251,-0.002296844,-0.001995782,-0.001618673,-0.001355174,-0.001056139,-0.0007491009,-0.0003550833,-7.661722e-05,0.0003564687,0.0007039876,0.001099363,0.001396297,0.001762199,0.002112188,0.002484262,0.002915873,0.003273813,0.003601631,0.003955414,0.004303217,0.004534456,0.004892408,0.005233959,0.005511969,0.005723614,0.005965078,0.006169314,0.006372854,0.006502634,0.006600233,0.006755371,0.006790762,0.006819592,0.006984134,0.006938534,0.006875931,0.006799152,0.006736763,0.006584074,0.006398003,0.006189496,0.005933353,0.005679569
ELL,-7.126775e-05,-1.815518e-05,-5.309333e-05,4.913525e-06,7.800378e-05,4.977831e-05,0.0001548119,0.0001318064,0.0001621746,0.0002309846,0.0002744728,0.000297772,0.0003003234,0.0003603651,0.0003430108,0.00042093,0.0004609498,0.0004282809,0.0004858114,0.0005296114,0.0005785859,0.0005592622,0.0005983106,0.000623372,0.0006596895,0.0007097342,0.0007279005,0.0007324765,0.000757875,0.0008704822,0.00086129,0.0008894022,0.0009243054,0.0009063016,0.001033554,0.001024979,0.0009908897,0.001043727,0.001033145,0.001084098,0.001128249,0.001137818,0.001117976,0.001157739,0.001236897,0.001190551,0.00120236,0.001234919,0.001211803,0.001224126,0.001316507,0.001258135,0.001303887,0.00122846,0.001284576,0.001273489,0.001248866,0.001274683,0.001227811,0.001298367,0.001215269,0.001159095,0.00129777,0.001199145,0.00124742,0.001158251,0.001150331,0.001196821,0.001234246,0.001298945,0.001251046,0.001192968,0.001215201,0.001183774,0.001158585,0.001075538,0.001088037,0.001122868,0.00105901,0.001071932,0.0009933991,0.0009432689,0.0009619313,0.0008954108,0.0009233746,0.0008530803,0.0007752107,0.000833825,0.0007562144,0.0007662607,0.0007224026,0.0006702731,0.0007069871,0.0006265122,0.0005864008,0.0005365999,0.0005341641,0.0005353953,0.0004272171,0.0004497074,0.000390312,0.0003551564,0.0003686947,0.0003059976,0.0002647363,0.0002671924,0.0002587099,0.0002346873,0.0001658787,7.738586e-05,9.985016e-05,3.772211e-05,8.167577e-05,-7.264237e-06,-7.33485e-05,-8.578711e-05,-0.0001339688,-0.0001221182,-0.000190202,-0.0002694309,-0.0002388117,-0.0002707702,-0.0002830472,-0.0003184301,-0.0003150248,-0.0004554947,-0.0003516407,-0.0004027662,-0.0004688938,-0.0004328616,-0.0004707421,-0.000484246,-0.0004810249,-0.0006299976,-0.0005574889,-0.0006102665,-0.0005919287,-0.0006816373,-0.0006748897,-0.0006784701,-0.0007243449,-0.0006754029,-0.0007204249,-0.0007902309,-0.0007662743,-0.0008231102,-0.0007470137,-0.0007623358,-0.0008258001,-0.0007385581,-0.0007890259,-0.0007848814,-0.000835959,-0.0008439172,-0.0008300934,-0.0008521542,-0.0007911611,-0.0008719046,-0.0008519471,-0.0007859418,-0.0008130761,-0.0008150902,-0.0008182066,-0.0008432351,-0.000763937,-0.0007821266,-0.0007198075,-0.0007974653,-0.000787855,-0.00075942,-0.0007482116,-0.0007026878,-0.0007637162,-0.0006699698,-0.0006411427,-0.0007004229,-0.0006372703,-0.0006605778,-0.0006196474,-0.0005928126,-0.0006155336,-0.0005403329,-0.0006194169,-0.0005408761,-0.000506217,-0.0004915206,-0.0004831823,-0.0004203984,-0.0003640903,-0.0003896184,-0.000361834,-0.0003092691,-0.0003192138,-0.0002360417,-0.0002436262,-0.000222964,-0.0002010753,-0.0001432589,-0.0001229857,-5.617791e-05
ELL,0.002300006,0.002571471,0.002325181,0.002232705,0.002300935,0.001964671,0.001950038,0.00186085,0.001280708,0.00142718,0.0009019461,0.0009246204,0.0008364729,0.0007216014,0.001376105,0.0007011594,0.0007264188,0.0006440575,0.0001156426,0.0001853636,-0.0001865245,-0.0006231769,-0.0002147588,-0.001064967,-0.0006584365,-0.0009271087,-0.0009496243,-0.001156984,-0.001257311,-0.001322245,-0.001910525,-0.001870113,-0.00177961,-0.001709028,-0.00223559,-0.002160179,-0.002338221,-0.00211081,-0.002493244,-0.00228107,-0.002003669,-0.002575297,-0.002770566,-0.002313102,-0.002477604,-0.002406944,-0.002285429,-0.00226182,-0.002242456,-0.002244946,-0.002596947,-0.002105379,-0.001908255,-0.002378147,-0.001990028,-0.001904923,-0.001682131,-0.001883664,-0.001436368,-0.0008553091,-0.001486955,-0.0009017259,-0.0008118362,-0.0007813725,-0.000578623,-0.0002939671,-0.0009208413,-0.0005875877,-0.0001243408,-0.0003578307,5.962633e-06,0.000607826,0.0004543944,0.0004274479,0.0005245929,0.0008852942,0.0007672347,0.0008974727,0.0008494229,0.001502536,0.001457445,0.001190343,0.00135059,0.001019713,0.001353996,0.001239437,0.001604721,0.001699965,0.001799527,0.001335551,0.001683966,0.002206477,0.002038703,0.002088494,0.002378941,0.001945552,0.001961045,0.00209932,0.002324582,0.001884546,0.001810825,0.001873976,0.0017185,0.002037005,0.001884504,0.002124297,0.0016916,0.001724737,0.001348794,0.001342875,0.0008360054,0.0008920402,0.001044727,0.0008179531,0.0006838781,0.0007488561,0.0001219723,4.324824e-05,-0.0004047139,-0.000432671,-0.000759889,-0.0005873857,-0.000273459,-0.0009317096,-0.0009037038,-0.001140684,-0.001321872,-0.001128181,-0.001431882,-0.001478076,-0.001468296,-0.001848038,-0.00212816,-0.002308709,-0.002120797,-0.002242405,-0.002361517,-0.002988854,-0.003021472,-0.002868061,-0.002855722,-0.002903862,-0.002766244,-0.003104685,-0.002771293,-0.002595955,-0.002840446,-0.002637473,-0.002578711,-0.00281645,-0.002184652,-0.00218286,-0.002197465,-0.002556659,-0.002237859,-0.002565332,-0.002400946,-0.002056007,-0.001666484,-0.001823753,-0.001841482,-0.001046728,-0.001461917,-0.001182127,-0.0007933736,-0.0007975978,-0.0008109348,-0.0001104599,-0.0003582114,0.0002323366,0.0001048153,0.0003051595,0.0004253601,0.0006464272,0.0009595017,0.001062875,0.001370049,0.001508816,0.001611817,0.001872531,0.001877021,0.001524556,0.001998963,0.001830657,0.001970636,0.002300152,0.00272083,0.002241641,0.00283387,0.002417261,0.003032081,0.002338217,0.002573136,0.002720619,0.002971038,0.002942561,0.003097535,0.002505295,0.002844566,0.002747212
ELL,-0.0007563481,-0.0007049344,-0.0008747122,-0.0003507226,-0.0004368242,-0.000622088,-0.0005199953,-0.0004297251,-0.0007259387,-0.0006381004,-3.732222e-05,-0.0002512288,-0.0003689661,1.310359e-05,5.29611e-06,-0.0001228482,-0.0001521669,-0.0001318465,0.0002167958,0.0006009418,0.0001656108,0.0005762751,0.0006625233,0.0002129941,0.0008704612,0.0006065263,0.0007385561,0.0007638938,0.001091869,0.001018963,0.001394713,0.0009094895,0.001060641,0.00103483,0.0009827373,0.0005831278,0.0009797217,0.001015563,0.0008368327,0.0008336311,0.0009835833,0.0009273608,0.001049703,0.0005501143,0.0009148308,0.001091149,0.0005462153,0.0009981062,0.000684839,0.0006680159,0.000520024,0.001297873,0.0007176816,0.0006610525,0.0006532012,0.0004544842,0.0006835453,0.0006668285,0.0005065139,0.0006191852,0.0005166177,-0.0001167763,0.0002173233,8.455523e-05,-7.714461e-06,-0.0001218283,0.0002702452,2.108558e-05,0.0001431785,0.0001645487,2.080969e-05,-0.0002964662,-0.0001348154,-9.435005e-05,-0.0002227216,-0.0004487557,-0.0001392995,-0.0004525768,-0.0001997559,-0.0003767191,-0.0003174835,-0.0006247885,-0.0005654375,-0.001017958,-0.0008571917,-0.0007457145,-0.0005530973,-0.0008003822,-0.0006693326,-0.0006007,-0.001011962,-0.0005120035,-0.001205719,-0.0007385792,-0.0008161675,-0.0006719877,-0.0002672797,-0.0004799162,-0.0006313976,-0.0001816269,-0.0002220682,-0.0004998517,-0.0004763746,-0.001373138,-0.001526049,-0.0007820937,-0.001049101,-0.00106874,-0.00144838,-0.00143526,-0.0008335271,-0.001046084,-0.001128786,-0.001029403,-0.0008175567,-0.0007858301,-0.0008887833,-0.0007533157,-0.0008940908,-0.0006306626,-0.0002338997,8.548001e-05,-0.0002781725,-4.656636e-05,-0.0007173275,-0.0002864284,0.000177179,0.0001078566,0.0002278624,0.0003974634,-3.088365e-05,0.0004961355,0.0004113995,0.0008047095,0.0006511757,0.0004417946,0.0003463104,0.001134723,0.0008304605,0.0007006927,0.001124983,0.0008711067,0.00104623,0.001086689,0.001142767,0.0005103032,0.001117862,0.001014935,0.0007762834,0.001285689,0.001215202,0.0006375802,0.0007299327,0.001015497,0.001109012,0.0008602435,0.0009105149,0.0009640087,0.001044899,0.001066614,0.001336897,0.0007046024,0.0006259111,0.0008893945,0.0004677376,0.0005332776,0.0008604328,0.0007369955,0.0006011444,0.0007596248,0.0005926635,0.0003830947,0.0001909475,-6.945565e-05,-0.0001500787,8.997195e-05,-1.724192e-05,2.503464e-05,9.055156e-05,-0.0003908818,1.006337e-05,1.337551e-05,-0.0003695044,-0.0003444173,-0.0001169088,-0.0003435126,-0.0001488461,-0.0003510475,-0.0004179651,-0.0003768575,-0.0001740183,-0.0006928036,-0.0003659847,-0.0005008933,-0.0003849388,-0.0003821923,-0.0008330847,-0.0007414884,-0.0003266321,-0.0004345322
ELL,0.01515609,0.01693142,0.01866637,0.02055531,0.02227493,0.02390193,0.0253658,0.02673918,0.0279935,0.02913295,0.03012274,0.03097711,0.03174138,0.03230504,0.03284903,0.03317107,0.03339572,0.03352791,0.03353181,0.03334995,0.03292412,0.03249123,0.03182254,0.0310905,0.03026529,0.02928467,0.02817786,0.02693952,0.02556919,0.02426983,0.02278574,0.02123875,0.01965936,0.01793479,0.01628923,0.01457508,0.0127401,0.01093525,0.009128964,0.007273761,0.005640384,0.003937678,0.002184842,0.0004592161,-0.001283794,-0.002935991,-0.004593109,-0.006157347,-0.007769597,-0.009247123,-0.01072233,-0.01201855,-0.01339113,-0.01458424,-0.01567843,-0.01688191,-0.01788467,-0.01898483,-0.01975496,-0.02064242,-0.02143702,-0.02213776,-0.02280019,-0.02338974,-0.02371975,-0.02404291,-0.02426703,-0.0244046,-0.02452787,-0.02454782,-0.02436515,-0.02413746,-0.02391426,-0.02352277,-0.02314761,-0.02250378,-0.02185587,-0.02109775,-0.02019596,-0.01932904,-0.01840561,-0.01726253,-0.01611962,-0.01490066,-0.0136364,-0.01235669,-0.01102427,-0.009637291,-0.008161258,-0.00660087,-0.005044399,-0.003369912,-0.001559449,0.0002406961,0.002065781,0.003872691,0.005741326,0.007559615,0.00935396,0.01115715,0.01299836,0.0147164,0.01648426,0.01819203,0.0198236,0.02150834,0.0230318,0.02448779,0.02574101,0.02703453,0.0281297,0.02917399,0.03020139,0.03094393,0.03159663,0.03206198,0.03251601,0.03268005,0.03258907,0.03251447,0.03229653,0.03189809,0.0314534,0.03086395,0.03008217,0.02926047,0.02824135,0.02711385,0.02587098,0.02465284,0.02328688,0.02174511,0.02015126,0.01837756,0.01654963,0.01470798,0.01289022,0.01089853,0.008953716,0.006949495,0.004868507,0.0029024,0.0008695187,-0.001117153,-0.003039581,-0.004906813,-0.006797256,-0.008604118,-0.01050116,-0.01225973,-0.01400751,-0.01556999,-0.01727976,-0.01868781,-0.02010866,-0.02152386,-0.02254003,-0.02368785,-0.02458077,-0.02561816,-0.02632286,-0.02694364,-0.02741732,-0.02789873,-0.02819708,-0.02848854,-0.02866996,-0.02871526,-0.02862713,-0.02859316,-0.02834188,-0.0280332,-0.02763153,-0.02697712,-0.02636921,-0.02551941,-0.02474604,-0.02385612,-0.02282342,-0.02167094,-0.02036942,-0.01909173,-0.01769521,-0.01621955,-0.01463486,-0.01295943,-0.01124794,-0.009450346,-0.007712507,-0.00577792,-0.003911183,-0.001925586,2.268796e-05,0.001994443,0.00397904,0.005933401,0.007919354,0.00990572,0.01183676,0.013693
DIP,-0.0009807963,-5.839815e-05,-3.764366e-05,4.657211e-07,0.0001544781,-1.439823e-05,-3.117176e-05,0.0001322181,7.099684e-05,1.00298e-05,-5.264807e-05,-6.308975e-05,-8.09013e-05,0.0001174821,6.080909e-06,2.094223e-07,2.703233e-05,-0.0001537975,-4.352158e-05,-0.0001028557,3.930036e-05,0.000180619,4.816995e-05,0.0001968246,0.000105769,0.000155542,0.0001500152,5.376744e-05,9.693689e-05,0.0001586481,0.0001400937,-8.356223e-05,-4.717793e-06,-0.0001017659,0.000162365,0.0002056115,-0.0001031654,-0.0001236319,4.550436e-05,-3.784205e-05,6.731374e-05,1.544269e-05,-5.340269e-05,4.637522e-05,-3.066565e-05,-3.723497e-05,-8.868138e-05,-2.274335e-05,-1.811769e-05,-2.560699e-05,-0.0001262089,0.0001490308,-6.966633e-05,-0.000168066,-5.60077e-05,-3.118438e-05,-8.241497e-05,1.652616e-05,4.278366e-05,9.079038e-05,2.125026e-05,0.0001459638,-5.297609e-05,8.070101e-05,-5.519868e-05,-5.847135e-05,7.272576e-05,0.0001166764,-2.820831e-06,-1.871341e-05,1.928893e-05,2.738794e-06,2.138026e-05,-5.010604e-06,-4.177975e-05,-6.809801e-05,-2.812123e-05,3.387774e-05,-5.153981e-05,6.608444e-05,2.156579e-05,-0.0001526395,-9.014417e-05,-6.814115e-05,-0.000186994,-6.100821e-05,3.296144e-05,-6.30276e-05,-5.398831e-05,-8.19076e-05,4.144918e-05,-0.0001796862,-4.601047e-05,-9.185813e-05,-0.0001482924,-0.0001447181,-2.330625e-05,2.062162e-05,-3.390046e-05,7.183696e-05,-9.67927e-05,2.639213e-05,-3.547026e-05,5.861523e-05,0.0001717968,-6.475796e-05,-4.135069e-05,6.020892e-05,7.258419e-05,2.625058e-05,0.000111532,5.812932e-05,-5.752601e-05,-0.0001918538,5.768505e-05,-4.566339e-06,0.0001084587,8.071364e-05,8.449368e-05,6.058845e-05,-5.728496e-05,3.692575e-05,1.779332e-05,-8.002831e-05,1.670271e-06,3.896915e-05,-7.120485e-05,0.0001746593,-2.958654e-05,-2.901481e-05,1.117226e-05,6.685685e-05,4.026784e-05,2.295277e-05,0.0001007687,0.0001245873,4.04559e-05,2.227005e-05,7.12465e-05,0.0001152414,0.0001060986,0.0001044976,7.221581e-05,-2.076309e-05,0.0001273072,6.450175e-05,5.088855e-06,-0.0001834676,-0.0001246265,-0.0001264579,3.441039e-05,3.2733e-05,-2.295538e-05,-1.106624e-05,1.040994e-05,0.000137649,-5.427103e-05,-4.773074e-05,2.00118e-05,0.0001965543,1.1744e-05,-3.803894e-05,2.072396e-05,-7.06533e-06,-3.476753e-05,0.0002181796,-5.680963e-05,1.006249e-06,3.731449e-05,5.616799e-05,0.0001069745,0.0001526884,0.0001275659,-0.0001108555,6.200723e-05,-3.478837e-05,3.128157e-05,3.384367e-05,-0.0001162296,7.127426e-05,4.129773e-05,4.856247e-05,-7.715573e-05,4.743417e-05,0.0001089762,0.0001489664,9.009495e-05,0.0001916449,0.0001997426,3.292358e-05,3.437463e-05,9.370372e-05,-3.372848e-05,0.0001292168,0.0001148476,-7.572953e-05,0.0001267405,-8.129168e-05,-0.0001796459,0.0001366303
DIP,-0.0006938585,-0.000545772,-0.0008564566,-0.001152544,-0.0005047504,6.524471e-05,-0.001000456,-0.001082878,-4.810115e-05,-0.0003077292,-0.001640155,-0.001047538,-0.001243598,-0.002285082,-0.002221392,-0.002540424,-0.001494778,-0.001457495,-0.00143792,-0.002791019,-0.001482976,-0.001897155,-0.001192755,-0.001686464,-0.002526973,-0.001678327,-0.001552343,-0.002042828,-0.002225345,-0.002019601,-0.001464239,-0.001944664,-0.002413232,-0.002412434,-0.003001979,-0.003203811,-0.002525221,-0.001458435,-0.00130985,-0.001562224,-0.002289123,-0.002931054,-0.002751993,-0.002623176,-0.002591432,-0.003261599,-0.001967906,-0.002749067,-0.003741222,-0.006071364,-0.00463386,-0.005158066,-0.004132137,-0.003167134,-0.003421548,-0.004139783,-0.00321845,-0.0007212174,-0.001533599,-0.001833426,-0.001638649,-0.002221463,-0.001303945,-0.001505377,-0.000415544,-0.001308832,0.0003961563,-0.000693094,-0.001442835,-0.001061805,0.0009699099,-0.001775616,-0.0008665075,0.002087473,0.001831207,0.00166756,0.0003792743,0.0009856471,-0.000144683,0.0009016908,0.00183063,-0.0009095943,0.00637536,0.005519204,0.001647257,8.171453e-05,0.0004145287,-0.0004865283,-0.0006921255,0.0004355126,0.0005499297,7.798082e-07,-0.0004166337,0.0002083415,-0.0005394089,0.0005927148,0.001475,0.0008360482,0.002296558,0.001539136,0.001433842,0.0009714615,0.001582827,0.000288553,0.001209863,0.0009518394,0.001176605,0.001179844,0.002253999,0.001480899,0.001601662,0.0008766851,0.001548943,0.0004642408,-0.0024117,0.0009797451,-0.001182165,0.0006562943,0.001507202,0.0008652062,0.0005664998,-0.0004874636,0.001771868,0.0009014583,0.0002149306,0.0005126221,0.0004952319,0.0009031257,-0.0005889404,0.0001043377,0.001664174,-6.686798e-05,0.002345944,0.0009571106,0.0005404517,0.002069882,0.0009214078,0.002025187,0.001754376,0.002592843,0.002295243,0.002898074,0.001693939,0.002855499,0.00304393,0.001242137,0.0009467946,0.00055687,0.002231885,0.00245402,0.001683444,0.00226798,0.002294221,0.00159844,0.002011399,0.001524848,0.00244104,0.002864365,0.002182014,0.002067891,0.003846742,0.001246102,0.00348613,0.002934539,0.0009197552,0.001556809,0.002899223,0.00291388,0.000864582,0.002311903,0.001367932,0.00223666,0.002393883,0.003384169,0.003239209,0.001821077,0.002454443,0.002927147,0.002819515,0.001575983,0.00194338,0.002025053,0.001599751,0.003458089,0.0004165152,0.00269318,0.001492747,0.001430239,0.001695418,0.001202034,0.0006744815,0.001296325,0.001310972,-0.0001818387,0.001685497,-0.0002496049,0.001285526,-0.0002017245,0.0007921593,-0.0003550037
DIP,-0.0380572,0.00775708,0.02362055,0.003476942,0.005839431,0.005657672,0.002669736,0.0005054849,0.001317291,0.00232607,-0.0002111926,-0.0010372,0.0001050033,-0.0006397152,-0.004301663,-0.004309108,-0.003903652,-0.001614143,-0.004278692,-0.002431958,-0.001327119,-0.001880587,-0.002302567,-0.0003589782,0.002098915,0.001872561,0.001493218,0.001001471,0.002549756,0.0007131822,-0.002901832,-0.001659006,-0.0006034319,0.00113523,0.001697882,0.001442902,0.001537135,0.0006414849,0.002500908,0.0002233525,0.000366669,-0.0004637686,-0.0007316662,-0.003094319,-0.003392168,-0.002924865,-0.001668072,-0.001580644,8.110567e-05,-0.001265193,-0.001764047,-0.001400297,-0.001567517,-0.002683511,-0.002442503,-0.001700018,-0.002130893,-0.001693097,-0.0006968997,-0.00105838,6.053753e-05,0.001591013,0.0001240924,-0.0005047169,-0.001489694,0.0003815062,0.0002784642,-0.001436,0.000484551,0.001975901,0.002163039,0.002278109,0.002554195,0.001474505,-0.0001760124,0.00280464,0.003350586,0.002418543,0.001193016,0.0003299798,-0.0003925714,0.0005081972,-3.351685e-05,0.0006014356,0.001205047,0.0002621566,0.0009995905,0.002550546,0.002956979,0.001439951,0.001012862,0.0009577425,0.003338991,0.004257134,0.003071134,0.002721279,0.005231032,0.003311988,0.001456943,0.0007735104,0.001068562,0.0001398991,0.001281108,0.002314966,0.002974547,0.0009380647,-0.000335097,-0.0003219782,0.0007080329,0.001440033,0.001011094,0.0006919625,-0.0001129548,0.0008717082,0.001625918,0.0008264965,-0.0005759146,-0.001354389,2.771588e-05,0.001144869,0.001488816,0.001199052,-0.00083633,-0.00122688,0.0007517976,0.0007069726,-0.000124709,0.001342988,8.399289e-05,-0.0006081582,-0.0009286339,-0.001003682,-0.0001788689,0.0004096084,2.758727e-05,0.0009585511,0.0001363709,-0.0003609988,-0.0003851287,0.0006382327,0.0006437264,-0.002211089,-0.001173687,-0.001913584,-0.002490445,-0.001862839,-0.001355045,0.000201444,-0.002276016,-0.003478907,-0.0008441152,-0.0001460209,-0.0005184773,0.0006889119,0.000619918,0.0007004864,0.0003548763,0.0009716392,0.001554039,0.0006500654,-0.0001521455,0.0003978952,0.00121167,-2.63019e-05,-0.0003037844,-0.0005226056,0.001136538,-7.950874e-05,0.0001851736,0.0003302892,0.0006300932,0.001501823,-0.0002694543,-0.002408379,-0.001410267,-0.002057809,-0.001516507,-0.00158433,-0.001983674,-0.00300087,-0.002404157,-0.002678546,-0.003162194,-0.002881502,-0.0005721372,0.004335018,0.001215012,-0.00275851,-0.001765288,-0.002311844,-0.002886123,-0.003219276,-0.003781957,-0.004984538,-0.003333232,-0.003871127,-0.003225564,-0.002552781,0.0009076757,-0.000910055
DIP,-1.279031e-05,-2.944819e-05,-9.150201e-05,-8.806426e-05,2.782471e-06,8.578301e-05,5.812643e-05,3.085927e-06,7.262341e-05,0.0001336499,8.517977e-05,3.948934e-05,7.483899e-05,5.444025e-06,2.037596e-05,-4.393302e-06,-5.901938e-05,5.200249e-05,0.0001377356,4.418935e-06,5.682705e-05,0.0001009171,-3.598974e-05,-2.133574e-05,-5.358763e-05,-2.922312e-05,-2.160274e-05,-8.493216e-05,-5.578404e-05,1.571273e-05,-7.233697e-05,-4.794774e-05,-2.282384e-05,-9.115515e-05,-3.830624e-05,-2.605782e-05,4.972663e-05,-2.931189e-05,2.212142e-05,2.789152e-05,4.712182e-05,-9.848586e-06,8.657007e-05,4.6745e-05,3.776642e-07,-2.014931e-05,-1.067462e-05,-5.127611e-05,3.278094e-05,-2.604218e-05,-0.0001378703,-6.520281e-06,3.788763e-05,9.161071e-05,-3.710675e-05,2.855226e-05,-9.573883e-05,-3.750708e-05,-6.429817e-06,-3.465189e-06,4.807063e-05,5.531658e-05,5.221941e-05,0.0001061297,5.35499e-06,-4.663291e-05,-8.820546e-06,-5.162187e-05,5.025435e-05,7.672447e-05,2.060013e-05,5.121221e-05,-6.06007e-06,5.466045e-05,9.585632e-05,4.713301e-05,6.814579e-05,-7.073907e-07,4.232163e-05,5.582446e-05,4.049531e-05,4.924311e-05,2.22418e-05,-1.40389e-05,5.39411e-05,6.902654e-05,-0.0001372637,-6.098405e-05,-0.000153309,-9.568747e-05,2.227768e-05,1.413115e-05,9.061008e-05,4.827584e-05,1.818883e-06,-5.4563e-06,-2.511639e-05,4.070065e-05,2.824721e-05,1.354073e-05,5.491824e-05,2.259001e-05,5.579245e-05,-5.045317e-06,-2.593294e-05,-7.14002e-06,-3.511329e-05,8.322181e-06,6.257167e-05,5.352446e-05,6.141695e-05,7.789537e-05,6.254373e-05,4.361449e-05,8.056061e-05,0.0001199457,4.993827e-05,3.455048e-05,4.012696e-05,3.608504e-05,2.643099e-06,2.691444e-05,-7.778419e-05,-8.582971e-06,4.087888e-05,2.363884e-06,6.372764e-05,7.264451e-05,-1.922444e-05,-1.960134e-05,6.551916e-06,-4.86249e-05,-0.0001289367,-0.0001501118,-1.184842e-05,-3.542111e-05,-5.779355e-06,0.0001387741,5.933447e-05,6.137795e-05,3.803767e-05,1.958254e-05,-0.0001127877,-2.877037e-05,1.876667e-05,-4.007903e-06,5.250826e-05,-9.176891e-05,-3.203541e-05,1.083813e-06,3.496226e-06,-3.822399e-05,3.245738e-05,7.71987e-05,0.000133226,0.0001217711,8.533879e-05,2.96698e-05,7.142277e-05,0.0001536421,0.0001620137,0.0001524209,0.0002173584,0.0001275735,0.0001049348,-1.712073e-05,2.713431e-05,8.467001e-06,4.011137e-05,1.664712e-05,1.688314e-05,4.81187e-05,-5.912701e-05,-3.730666e-05,1.186548e-05,-6.628213e-06,-6.614098e-07,5.443998e-05,0.0001004263,1.530821e-05,-3.101684e-05,-0.0001912809,-0.0001754393,-0.0001675155,-0.0001431943,-0.0001597095,-8.028271e-05,-5.457722e-05,-0.0001436573,-8.603252e-05,-6.100898e-05,-0.0001130294,-9.667056e-05,-9.203989e-05,-3.160363e-05,-6.384381e-05,-5.923919e-05,-0.0001422677,-0.0001046218,9.613859e-06
DIP,0.01197609,0.01313447,0.004517182,-0.008339522,0.003748002,-0.0003999301,0.004995895,-0.003932687,-0.01257458,-0.001282118,-0.001138148,0.006167422,0.007507463,0.003990028,-0.007582839,-0.00019619,0.009299197,0.003300854,0.01670297,0.01226401,0.001468654,0.003432425,0.001423611,0.00833079,0.01964482,0.01038228,0.01337796,-0.0007603255,0.01618495,0.01425011,0.01229641,0.02494175,0.01253957,0.01653959,0.0087129,0.01853241,0.01043856,0.03031386,0.01704028,0.02114622,0.01972125,0.01694039,-0.1073479,-1.236594,-1.656258,-0.8334239,-0.06796396,0.005476866,0.01225102,0.01427574,0.0182306,0.01706875,0.008405238,-0.0007699028,0.008020005,0.008898043,0.005776078,0.02047355,0.009008541,0.007872961,0.02349851,0.01514235,0.02688726,0.00965797,-0.02671042,-0.01189522,-0.01461563,0.001165999,0.01337238,0.01181116,0.01339432,0.01118945,0.0255397,-0.001539857,-0.008964627,-0.008378822,-0.006173183,-0.01658113,-0.01042539,-0.006604808,0.000851262,-0.0007627719,-0.002025862,-0.005930123,-0.01597343,-0.01588445,0.0004922136,-0.004143488,0.01467986,0.01282151,0.01781608,-0.005137769,-0.000335844,-0.00097961,-0.001260358,0.01513604,0.005864757,0.004839349,0.01033725,0.01082391,0.003514827,-0.008124128,-0.01243715,-0.01085319,-0.004068452,-0.01075909,-0.01261371,-0.01686734,-0.00886632,-0.002474585,-0.003760564,-0.01711627,-0.01881394,-0.02361846,-0.01360109,-0.01858409,-0.01921819,-0.0177853,-0.01208303,-0.01019315,-0.008927189,-0.003322207,-0.007706276,-0.01943139,-0.007147425,-0.01023952,-0.006587506,-0.02158183,-0.007219407,-0.0201924,-0.01225816,-0.007077428,-0.01059878,-0.01913017,-0.007737675,0.005911081,0.005525641,7.713975e-05,0.004340082,-0.002167014,-0.009064532,0.00348171,-0.01766189,-0.006400391,-0.01904958,-0.001248215,-0.004480491,-0.01018189,-0.000897241,-0.001762845,-0.006638313,0.002600085,-0.00171434,0.008957255,0.01918255,0.01459053,0.006163075,0.004208548,0.006807071,0.008259767,0.01905644,0.01578505,0.02463944,0.009895341,0.008777916,0.002499139,0.008024723,0.02498243,0.01744094,0.01091124,0.01493095,0.02034305,0.01966405,0.00979249,0.01351072,0.009956172,0.01210385,0.01802979,0.004357027,0.01532405,0.007398298,0.00523185,0.01537477,0.006590382,0.01682284,0.02084867,0.01287974,0.002093388,0.01480676,0.011863,0.003475968,-0.001142356,0.002900681,0.006621158,0.004847903,0.007540071,-0.008855392,-0.006522869,-0.0005398064,0.01250974
DIP,-0.005051484,-2.991765e-05,-0.0003381002,-0.0001221676,-0.0007323263,0.0004652787,0.0004648533,0.0002371442,-0.0007288241,-0.0002538676,0.0004538769,0.0004505136,-2.637692e-05,-0.0004082787,2.888816e-06,-0.001051124,3.749792e-05,-0.0003663177,0.0005848612,0.0002266161,0.0003570872,4.098334e-05,-5.93237e-05,8.928644e-05,0.0004436623,0.0007828574,0.0003661901,-0.0004436172,0.0006059423,0.0008820955,-0.0001424869,0.0004958464,1.333408e-05,0.0007869294,0.0002551481,0.0004304744,0.0003192509,9.901898e-05,-0.0001707438,0.0002862678,-0.0001673474,0.000116547,-0.0003676843,0.0003412032,0.0001385589,0.0002834647,0.0006254711,-0.0001809004,8.290917e-05,-0.0002526134,0.0005750956,-4.626359e-05,-0.0001792692,-8.588531e-05,-0.0005292629,0.0001086703,0.0001970479,-0.0004045638,0.001645454,5.591671e-06,0.0006669426,0.0001204293,4.58053e-05,-0.0005849619,0.0001313317,-0.00106855,-0.001267099,0.0002543812,-0.0002644921,-7.472889e-05,0.000638331,0.0006022989,0.0006619598,0.0002528335,-0.000858719,4.826914e-05,-0.0005142699,-0.001766277,-0.0002455746,0.0004521784,0.001067962,0.001254618,-0.0002200772,0.0007889713,0.0003379566,-0.0003862445,-0.0007361501,-8.484334e-06,0.0006458545,-0.0009748545,-0.0003093824,0.0002423268,-0.0002448065,-0.000552222,-0.001111,-0.001303058,-0.00119362,-0.001390521,0.0009151028,0.0002589093,-0.0003407126,9.18247e-05,1.175469e-05,0.0001550916,-0.0003614425,-0.001111176,-0.0005320611,-0.0001594709,0.0001612172,0.0002403927,0.0002541963,1.965163e-05,5.392644e-05,0.0007054891,-0.0001524456,0.0006329828,0.0008082951,0.0007600037,0.000129147,0.0003428926,0.000629385,0.0004721848,-0.0002069949,0.000494761,-0.000133625,-0.0006896851,2.76798e-05,1.457511e-05,6.098153e-05,0.0009826754,-0.0002593852,0.0002404454,0.0005832455,-0.0003237163,6.090309e-05,5.238563e-05,-0.0002033561,-0.0008176202,0.0002488216,0.0001333372,-0.0001462253,0.0001024039,0.0001429595,3.375023e-05,0.0007215024,0.0008642364,0.0007292448,-1.742948e-05,-0.0002398963,0.0006020994,0.0007339115,6.519839e-05,-0.0006231833,-0.0001224431,-0.0004364197,0.0003486365,-0.000195657,3.022968e-06,-0.0001027587,-0.0002017685,-5.645176e-05,-0.0002414324,0.0003951197,-0.0004171024,2.69749e-06,-0.0003642642,0.0004451853,8.137545e-05,-0.0004874331,0.0008806274,-0.000420874,0.0001823826,9.605826e-05,-0.0002596697,0.0002309504,0.0001359247,0.000242567,0.0001782369,-0.0004624088,-0.0001393691,-0.0007129814,0.0003579419,4.763926e-05,-0.0001333888,-0.0002678699,-0.0005535626,-0.0004730079,-1.642209e-05,-0.0009923672,-0.0003332171,0.0001174661,0.0004307554,-0.0008798453,-0.001037857,-0.0003754651,1.973944e-06,0.0002417297,-0.0001844924,-0.0004085573,0.0003728249
DIP,-0.008094117,-0.005858551,-0.004670508,-0.001604717,-0.00183985,-0.00174178,0.001498191,0.0001979399,0.0006692723,0.00093134,-0.0003156219,-0.0004686075,0.001440915,0.0008590155,8.312363e-05,0.0004288708,0.00240318,-0.0003090154,0.002106305,0.0009435517,0.001979537,0.002382572,0.0004048591,-0.0006541758,0.001993081,0.001210397,0.0001646906,0.0002017882,-2.886298e-05,0.001976393,0.003148077,0.002426899,0.001026673,0.001516411,0.001671857,6.465308e-05,0.001381614,0.001769964,0.002710301,0.001069846,0.0003308214,0.007090499,0.001300642,-0.001085821,-0.0008056306,-0.0008263544,-0.0005762876,-0.0002423595,-0.0008666806,-0.0008955647,0.0001787592,3.121919e-05,-0.0004611737,0.0006354231,0.0003684504,-5.448936e-05,-0.0001676088,0.000894084,0.0008224137,-0.001425569,2.270126e-05,0.0002094331,-0.0002078263,0.0008182979,-0.001006721,0.0006343027,3.149749e-05,0.0007741108,9.071556e-05,-0.0006874634,0.0006847634,-0.0005837014,-0.0005548265,-9.033874e-06,-0.0007007045,-0.0007502296,-0.0003721534,-0.001487193,-0.001133361,-0.002837988,-0.001506693,-0.001054898,-0.001417685,-0.0007003319,-0.0008816689,-0.001828358,-0.001525873,-0.0008122658,-0.001033388,-5.251783e-05,0.00110258,-0.001973754,-0.001004394,-0.001561742,-0.00170242,-0.002081748,-0.001306001,-0.001898303,-0.0009207763,-0.001253249,-0.0005341059,-0.0007930546,-0.001278315,-0.0008664571,-0.001639822,-0.0007929748,-0.001589563,-0.0008321669,0.0007403376,-5.05358e-05,-0.0006772031,-0.00208399,-0.0006443377,-0.0006080607,0.0008497086,0.001615673,0.001176254,0.0007762071,-0.00079545,0.0006178247,-0.0004072623,0.0004469309,0.0002989293,0.0007510044,-0.0007273599,0.0005528708,0.0002707636,0.0003937598,-0.0003356277,-0.0002612374,0.001019867,0.0006274964,-0.0005840485,0.000715663,0.0008719867,0.0003292025,0.0003499209,-0.0003096998,0.0008402382,0.001448922,0.001104098,0.001443946,-0.0002549808,0.001877305,0.0008402693,0.001119748,0.0009615654,0.0001714357,0.0007541378,0.001208272,0.001469558,0.001194571,0.001233018,0.001568998,0.0003762309,0.001045769,0.002230394,0.001575636,0.001665299,0.001378195,0.0007243752,0.001009368,0.001159021,-5.345888e-05,0.0007860533,0.0003433807,0.0006118024,0.00144137,0.0007702339,0.002442694,0.00217927,0.00121825,0.001477361,0.001485914,0.00135376,0.000201478,0.000371157,0.00174184,-0.001641712,0.001931816,0.002007237,-0.000554924,-0.001181909,0.001174771,-0.0004051451,-0.000607824,-0.0002256957,0.0004637346,5.078126e-05,-0.001433227,-0.001093827,-0.0009122173,-0.0004987843,-0.0008792176,-0.0002224193,-0.001051278,-0.002200319,-0.003232713,-0.001561174,0.0004390995
DIP,0.001203489,-0.0003583029,1.989394e-05,-0.0003205322,0.0002171821,-9.081328e-05,0.0007773628,0.0004131021,0.001445926,0.0001880883,-0.0001808952,0.0005243061,0.0003894737,-0.0003532058,-0.0002818164,3.364244e-05,-0.0003471985,0.0005234246,0.0002281615,-0.001458248,-0.0001571387,-0.0003636465,-0.0007444896,0.0008615045,-0.0004721879,-0.0007908549,-0.000628955,-0.001260158,-0.0008148244,-0.0002775103,-0.0003416759,-0.0009088271,-0.002955635,-0.000749742,-0.0003923209,0.0008866583,3.400744e-05,-0.0001984963,0.0001141227,0.0002129019,0.0001593438,-0.0001406133,0.0005431306,0.0003170329,0.0002259251,0.0004927981,0.0009076188,0.0002895367,0.0001100521,0.0003654642,0.0002779564,0.0001919506,-0.0005099155,0.0004109397,0.0001831778,9.665885e-05,0.0001445574,0.0002614147,0.0008790726,0.0002799717,-0.0001845054,2.393997e-05,6.281147e-05,0.000403633,-0.0003055547,-0.0002002709,-0.0001532864,-6.042241e-06,-9.02642e-06,0.000620827,0.0004801137,0.0004137311,-0.0003064329,5.865651e-05,0.0007324675,0.0006487877,0.0002180655,-8.483196e-05,4.580154e-05,0.0003132016,8.520487e-05,-7.833668e-05,0.000767661,0.0003309676,3.815197e-05,0.0001949016,-0.0001916804,-0.0001746922,-0.0002738072,0.0001141216,-0.001005704,-0.0004724482,3.236265e-05,0.0007891245,5.662265e-06,-1.179054e-05,0.000692689,0.0001887283,-5.384066e-05,-0.0002665147,0.0001835681,-0.0001686465,-7.554162e-05,0.0002800368,-0.0003270778,-7.08352e-05,-0.0002936841,2.441223e-05,0.0001768874,-0.0002471763,-0.0003802874,-0.0004377001,0.0004395726,3.770848e-06,0.000540308,0.000889696,0.0002231785,0.0003053224,0.0004856471,-7.407091e-05,-0.0001925964,0.0004681785,0.0002435764,-0.0002539749,-2.430847e-05,5.532455e-05,-0.0001882717,-0.0001207894,0.0003782632,0.0005213647,0.0006697887,0.0001731066,0.0003547886,0.0001939002,0.0007457696,0.000419408,0.0006634349,0.0007078924,-0.0002827213,0.0005847552,0.001047747,0.0002012131,-0.0005110003,-0.0001357581,0.000175523,0.0003296517,0.0001463095,-0.0001695141,0.0003857561,0.0001945761,0.0004430279,0.0003953724,0.0001114909,0.0001143475,0.0001328703,0.0003153803,0.0004062723,0.0001155393,-9.693213e-05,1.152244e-05,0.0001769662,-0.0001812203,7.617276e-05,-0.000195789,-0.0006157702,-0.0004968629,-0.000111747,-0.0002453512,-0.0002581149,0.0001597957,-3.150811e-06,-0.0005629729,0.0002886101,-0.0001940932,0.0002174442,0.0002559226,-0.0002065716,0.0001618552,-0.0007703482,-0.0005393248,-0.001368876,-0.0009681563,-0.0009888801,3.667288e-05,-0.0006205096,-0.001255006,-0.0006777331,-0.00048112,-0.0005489176,0.0003221702,7.283537e-05,-0.0005388478,-0.0001623632,0.000716328,0.0004342586,0.0002535122,0.0004208841,0.0004825895,0.0001872602,0.0008521206
DIP,0.000120368,-1.042699e-06,-2.534804e-05,-5.718782e-05,-6.335923e-05,-0.0001376018,-5.239022e-05,6.015133e-05,-3.372571e-06,-2.81992e-05,5.26297e-05,8.85506e-06,2.098754e-05,4.928183e-05,-3.367091e-05,-2.032672e-05,-9.931357e-05,3.888933e-05,3.918795e-05,7.486541e-05,5.719132e-05,5.320033e-05,1.71188e-06,3.318011e-05,3.721974e-05,-5.36715e-06,2.663909e-05,5.515367e-05,2.352482e-05,6.736932e-05,-2.19775e-06,-2.929906e-05,-8.626546e-05,-1.51893e-05,-6.123936e-05,9.610278e-05,-3.067685e-05,-2.015471e-06,-6.472916e-05,-4.062684e-05,1.275462e-05,7.015257e-05,-1.105577e-05,-1.681328e-05,1.224038e-06,5.141905e-05,3.981377e-05,2.885951e-05,3.033683e-05,-5.78794e-05,2.016411e-06,-4.033808e-05,-7.470379e-07,-7.996812e-05,6.345387e-05,7.912393e-05,3.325301e-05,0.0001398469,9.200787e-05,0.0001105748,5.737803e-05,0.000109717,3.82126e-05,-2.199852e-05,7.613545e-05,2.855679e-05,4.285185e-05,4.011731e-05,3.41443e-05,3.745985e-05,2.144662e-05,3.443076e-05,5.361984e-06,2.421103e-05,-6.864404e-05,3.048269e-05,4.021652e-06,7.829098e-05,5.426635e-05,7.242194e-05,-4.855418e-07,5.783335e-05,0.0001182697,-1.110575e-05,-7.186544e-06,3.808981e-05,2.348944e-05,4.922631e-05,8.456311e-05,4.735695e-05,-2.40629e-05,7.188003e-05,-7.838182e-05,-9.409786e-05,-8.339295e-05,-2.512533e-05,-6.153113e-05,2.274162e-05,-1.772328e-05,-6.232684e-05,-3.44837e-05,-6.507311e-05,-9.519079e-05,-9.989808e-05,-0.0001125554,-2.626262e-05,-8.745048e-06,-7.819128e-05,-0.0002036076,-0.0001194334,-0.000186472,-5.882677e-05,-0.0001020613,-4.196421e-05,-3.259228e-05,-9.102726e-05,-2.864171e-05,4.256145e-05,-8.87744e-05,-2.923303e-05,2.773797e-05,-9.419477e-05,-5.252451e-05,-4.453832e-05,-4.52017e-05,-2.882108e-05,-7.999003e-05,0.0001139047,-2.226725e-05,6.463849e-05,-6.957899e-06,5.681382e-05,1.506691e-05,0.0001196916,5.591492e-05,-8.802898e-05,4.201743e-05,-7.7824e-05,2.675145e-05,5.883316e-05,-6.88694e-06,-1.203145e-05,-1.248283e-05,7.225081e-05,-1.952745e-05,2.984801e-05,1.730014e-05,0.0001462352,6.887138e-05,3.376454e-05,-3.07409e-05,0.0001363478,-1.305838e-05,-7.186741e-05,0.0001071004,-3.337593e-05,6.742855e-05,6.322818e-05,6.676627e-05,-3.664051e-05,-3.043342e-06,2.341639e-05,5.693454e-05,-4.723808e-05,-7.281845e-05,-0.0001173815,-4.447241e-05,-7.787782e-06,-6.702448e-05,-5.557745e-05,-1.717793e-06,-3.812659e-05,-1.142534e-05,-1.258631e-05,3.054478e-05,5.971111e-05,-4.585997e-06,4.355487e-05,3.708383e-05,2.718314e-05,8.475726e-05,4.029175e-05,0.0001528924,6.639768e-05,9.542589e-05,4.459954e-05,0.0001459897,5.431005e-05,3.972447e-05,0.0001241482,7.902849e-05,4.414619e-05,-3.4431e-05,-3.446427e-05,1.897752e-05,2.322716e-05,4.091237e-05,2.081456e-05,-6.519334e-05,6.384119e-05
DIP,-8.8787e-05,-0.0002257204,-0.0002359999,-0.0002349392,6.910386e-06,-0.0003599637,-0.0004047567,-0.0003552544,-0.0002552521,-0.0001472313,-0.000277582,-0.0002008957,-0.000263843,-0.0001980204,-4.673428e-05,4.639896e-05,0.0001735112,0.0001440475,0.0001532284,6.579932e-05,0.0001224006,4.941265e-05,0.0001996371,-1.736896e-05,8.564362e-05,-8.731823e-05,-6.145976e-05,-0.0001215237,3.028501e-05,1.739874e-06,0.0001634459,0.0003460563,4.143435e-05,0.0001128296,0.0001055862,3.323668e-05,0.0001645056,-1.054978e-05,0.0002139709,-2.836643e-05,0.0001800269,0.0001271123,3.358045e-05,0.0003670283,9.31123e-05,3.697694e-05,0.0001931982,5.923175e-05,2.311799e-05,2.227087e-05,8.174451e-05,0.0001373299,0.0001825581,7.427004e-05,7.022617e-05,-7.30907e-05,0.0002864601,-6.320837e-05,5.176129e-05,-3.322715e-05,4.292982e-05,1.386397e-05,-9.067835e-05,-0.0001423824,3.836504e-05,5.437791e-05,-4.08843e-05,0.0001263033,4.382511e-05,-1.695433e-05,-5.399751e-05,-0.0002038755,7.287792e-06,4.271403e-05,-2.9921e-05,-9.653177e-05,-0.000119298,-5.580114e-05,-0.000156944,-1.002758e-05,-0.000187976,-0.0001087087,3.793662e-05,0.0001597459,-3.075654e-05,-4.753437e-06,0.0002744284,0.0003680448,0.0001511038,9.425282e-05,0.0001396018,0.0002897253,0.0001635107,0.00031919,0.0002454616,-2.882456e-05,-0.0001192927,0.0001635164,3.420152e-05,-0.0001297861,1.932581e-05,0.0001102842,0.0001099556,-4.99499e-05,0.0001003687,4.725378e-05,6.826261e-05,7.733679e-05,4.92655e-05,0.0001838407,2.56341e-05,-4.402498e-05,-8.588186e-05,3.766441e-05,1.794285e-05,-0.0002587289,-0.0001168066,0.0001088852,6.556997e-05,7.494861e-05,-8.137783e-05,-4.748745e-05,1.456534e-05,0.0001337889,-0.000122887,1.066465e-05,5.514028e-05,9.370952e-05,-4.855112e-06,6.181023e-05,-3.937821e-05,-2.130158e-05,-2.243976e-05,8.515087e-05,1.818098e-05,0.0002093959,-1.921037e-05,6.260004e-05,0.0001705711,0.0002354065,4.731979e-05,-0.0001075901,8.220923e-05,7.585358e-05,0.0002084483,-6.590974e-05,-4.72064e-06,-4.125065e-05,-0.0001362672,-3.207491e-05,1.304814e-05,4.556688e-05,0.0002310641,5.862552e-06,0.0001147195,-0.0001182864,4.471059e-05,-2.03372e-06,2.073624e-05,9.804925e-05,5.266235e-06,7.306143e-06,-1.687027e-05,-8.411421e-05,0.0001324974,0.0001550271,8.799141e-05,0.0001042286,8.102064e-05,-5.545698e-06,-1.634721e-05,4.859738e-05,0.0002894333,6.345027e-05,1.640826e-05,-9.362635e-06,-0.0001132887,-5.108161e-05,-3.827815e-05,0.0001801228,-6.463884e-05,6.251658e-05,6.95316e-05,-3.545643e-06,0.0001207245,-6.630877e-06,7.400713e-05,-0.0001042068,-0.0001388668,-6.072148e-05,7.490469e-05,-0.0001171924,-1.829088e-05,1.515884e-05,-0.0001054275,-6.688403e-05,-1.061388e-06,-0.0001985519,3.643013e-05,-0.0001191149
DIP,-0.000216491,-0.0002223007,-0.0001301054,-4.548684e-05,4.783208e-05,8.470163e-05,0.0001185865,0.0001209258,9.802246e-05,3.203561e-05,-2.131641e-05,-5.9124e-05,1.604705e-05,3.047804e-05,3.028758e-05,-5.16725e-05,-3.083694e-05,-2.203993e-05,6.784336e-05,7.329103e-05,9.481816e-05,0.0001063872,0.0001073366,0.0001038949,5.110797e-05,-2.747131e-05,-5.145557e-07,4.753393e-05,3.307098e-05,2.056511e-05,-0.0001110212,-0.0001617801,-0.0002378306,-0.0003105358,-0.000358557,-0.0004105128,-0.0004084398,-0.0003543785,-0.0003612692,-0.0003199827,-0.0002378592,-0.000134722,-8.019728e-05,-5.735001e-05,-5.656113e-05,-1.211639e-05,-5.4366e-05,-0.0001284196,-0.0001200693,-8.939546e-05,-7.779832e-05,-3.836762e-05,-4.661356e-05,-5.904985e-05,-0.0001160051,-0.0001461547,-8.227932e-05,-9.845619e-06,9.39862e-05,0.0001357852,0.0001663831,0.0002312808,0.0002312319,0.0002053802,0.0001187565,4.493648e-05,-6.215974e-05,-9.25847e-05,-6.998162e-05,-5.135285e-05,3.846545e-05,3.435416e-05,9.870226e-06,-3.745807e-05,-3.938847e-05,-1.066867e-05,-5.587909e-05,-1.396787e-05,3.427331e-05,4.653989e-05,4.424714e-05,6.853823e-05,0.0001223846,0.0001386444,0.0001585196,0.0001298189,0.0001367368,0.0001741421,0.0001726054,0.0002389621,0.0001238706,0.000106283,4.135338e-05,-5.753024e-05,-9.657614e-05,-0.0001562891,-0.0001096059,-8.402136e-05,-8.835669e-06,1.983627e-05,1.745309e-05,-1.626275e-05,-2.394016e-05,1.635944e-05,6.636161e-05,0.0001730657,0.0001992416,0.0001768103,0.0001952649,0.0001179169,0.0001129811,2.361277e-05,6.951029e-05,6.275906e-05,0.0001046429,7.294368e-05,4.815755e-05,-2.203779e-06,8.596545e-05,4.919625e-05,7.43936e-05,0.0001218629,0.0001250869,0.0001350851,0.0001715735,0.0002179423,0.0002232083,0.000154302,9.401176e-05,0.0001609652,0.000151026,0.0001202289,0.000155801,0.000167222,0.0001796469,0.00015863,0.0001563858,0.00011318,3.271888e-05,-1.45005e-05,2.937791e-05,4.72364e-05,1.37258e-05,3.826006e-06,-4.077464e-05,-7.535476e-05,-0.000118164,-0.0001196836,-0.0002059538,-0.0002436247,-0.0003397627,-0.0002566818,-0.0002157791,-0.0001722598,-0.000135672,-8.849217e-05,-0.0001238419,-6.27294e-05,2.163987e-06,-2.412388e-05,-5.922277e-05,-3.202414e-05,-1.83815e-05,5.490188e-05,5.20244e-05,7.403341e-05,6.826408e-05,9.510457e-05,0.0001012443,9.097225e-05,0.0001633113,0.0001926629,0.0002256433,0.0002302497,0.0002690166,0.0002795731,0.0002440975,0.0002014178,0.0001306193,5.117523e-05,6.573064e-05,5.747415e-05,3.635603e-05,-4.08914e-05,-3.736433e-05,-0.0001188187,-9.840697e-05,-9.932533e-05,-0.0001356077,-0.0001058906,-0.0001419514,-0.0001357031,-0.0001370179,-0.0001324571,-0.0001172495,-3.089766e-05,3.112672e-05,5.377097e-05,-4.290338e-05,-0.0001757977
DIP,7.223405e-05,-0.0004400279,-0.0002696996,-0.0005528731,-0.0008882759,-0.00129914,-0.0007130424,-0.0009695437,-0.0008295747,-0.0008043641,-0.0008828545,-0.0008795047,-0.0009401395,-0.00106425,-0.001087818,-0.0005324025,-0.000725667,-0.0008347075,-0.0007764453,-0.0009844135,-0.0005058795,-0.0007212941,-0.0008070263,-0.0008216153,-0.0009243152,-0.0004886205,-0.000495144,-0.0006662333,-0.0006977177,-0.000737503,-0.0003939843,-0.0007853927,-1.561248e-05,-0.0005895265,-0.0003699484,-0.0007466197,-0.0002822608,-0.0004925458,-0.000551237,-0.000571259,-0.000324576,7.199784e-06,-0.0003149179,-0.0002503665,-0.0006603894,-0.0001091581,-0.0004094358,-0.0005161137,-0.0002650006,-0.0004289009,-0.0002294731,-0.0002799013,-0.0003415664,-0.0005535273,-0.0005339782,-4.509228e-05,-0.0003503988,-0.0006528492,-3.520379e-05,-5.782289e-05,-0.0003546647,-0.0005393378,-2.080685e-05,0.0003579707,-7.928543e-05,0.0001343184,-5.459383e-05,-0.0001126596,0.0002723296,0.0001161756,-6.237378e-05,0.0001924193,-2.878687e-06,-6.289521e-05,0.0002398483,-8.23496e-05,0.0002435026,-0.0001284298,0.000453776,2.638403e-05,0.000447474,0.0008225547,0.0006100922,0.0003591705,0.0004568481,0.0004232247,0.0004913092,0.0005272361,0.00104813,0.0005220083,0.0005976621,0.0006920341,0.0004749845,0.000202882,0.0007789268,0.001133252,0.0007782488,0.0005914876,0.0008346227,0.001073393,0.001178997,0.001078837,0.000852648,0.0007225206,0.0006290169,0.0007064397,0.0008156705,0.0009296292,0.0007344041,0.0008508127,0.0008837964,0.0009284238,0.001336567,0.001306828,0.001088298,0.001536448,0.00110677,0.001333657,0.001626709,0.001387481,0.001529208,0.001056992,0.001528751,0.001845387,0.001860378,0.002126651,0.001841403,0.001639598,0.002076181,0.00212513,0.002176221,0.001829111,0.001956513,0.001912247,0.001881517,0.001444046,0.001575784,-0.0002233119,-0.007233368,-0.01272799,-0.01396019,-0.02762199,-0.02774826,-0.02643336,-0.02294656,-0.005513866,0.001295867,0.001371434,0.001620244,0.001259225,0.001330453,0.00130165,8.825737e-05,-0.0005298886,-2.231336e-05,-0.0009398658,-0.0004017838,-0.0005153247,-0.0003287711,-0.0003455571,-0.0006298975,-0.000813351,-0.0007516682,-0.0002193214,-0.0009293138,-0.0004444421,-0.0003640724,-2.728629e-05,-0.0008697647,-0.0007881858,-0.0004902532,-0.0006715325,-0.0004434363,-0.000825637,-0.0004680601,-5.349487e-05,-0.0008835488,-5.079243e-05,-0.0007975142,-0.001016493,-0.001129807,-0.0005540362,-0.0008195962,-0.0009409358,-0.0009627205,-0.0009472937,-0.001193412,-0.0007396962,-0.0007265536,-0.0005326945,-0.0007086805,-0.0005390283,-0.0008333498,-0.0004838742,-0.001126798,-0.001498882,-0.001007841,-0.00145018,-0.001164767,-0.000812655
DIP,-0.009118441,0.0001261403,0.001623859,-0.000411503,-0.002770917,-0.001623654,0.0002177006,0.001650385,-0.00277706,-0.0001585112,-0.00349907,-0.002580727,0.002058387,-0.0008430498,-8.160734e-07,-0.0003573001,-0.002928317,0.0006375333,-3.681531e-05,0.0001170435,-0.0007429313,-0.0003046152,0.00111993,0.0005432899,0.0005480353,0.001440439,-0.0006573021,-0.001220315,-0.001747168,6.602594e-06,0.0008362337,7.208451e-05,0.00153801,-0.000178088,0.001852985,0.0009578501,-0.001035407,0.002421187,-0.0004577672,-0.0006310117,-0.0007956196,0.002859969,-0.0004065425,-0.0004720514,0.001528871,-0.0003331499,0.0001016161,-0.001251651,-0.0003682361,0.001994649,-0.001761626,-5.92422e-05,0.0003793499,0.0008854146,0.0002572261,0.001077869,0.002296394,-0.0001947685,-0.0003065336,0.0004595523,-0.000578659,-0.001256123,8.236033e-05,0.0005353551,-0.0009753347,0.001426868,0.0002604614,0.002019799,-0.0009732965,-0.0003297366,-0.002181281,-0.0006650018,-0.001702674,-0.001513672,0.0006242461,-0.0007973737,-0.001734147,-0.0005538428,-0.001598678,0.0001144043,0.0006040433,-0.0007578711,-8.632086e-05,0.001256441,0.00284515,0.0003802222,-0.002595804,-0.000118374,-0.001684212,0.0005821183,-0.002123418,-0.001932495,-0.0002780652,-0.0009316358,-0.002172637,-0.001584227,-0.0008076906,-0.0008016551,-0.002128438,-0.001924157,0.0008862107,-7.998719e-05,-0.00189847,0.001398272,-0.001744378,-0.0007866267,0.002504775,-0.00166603,0.000566968,-0.002221712,-0.001026536,-0.0002269584,-0.001125112,-0.001725088,-9.11892e-05,-0.0007627136,0.0003520467,0.001819221,0.004422411,3.135982e-05,0.0008812622,-0.000245003,0.001790187,0.0003714386,0.00289443,0.001988063,0.002500884,0.0002186947,-0.0006961416,0.002451707,0.003945118,0.002034916,0.0008580365,0.001535669,0.001691695,0.0006237141,0.001179586,0.002927328,0.001077251,0.0005244316,0.0004644858,0.0009700762,-0.0001154434,0.001331018,0.00173163,0.0007635396,0.0002643658,-0.0005728255,0.0005162715,0.0003789803,0.0006791241,0.002929015,-0.0003368553,0.001090121,0.001412371,0.002250077,0.0001639717,-0.0004712494,0.000789704,0.0009746213,-0.00052306,-0.0003568281,0.0002207708,0.000645283,-6.698997e-05,0.0004598534,0.000778634,-0.0003626466,0.0005501725,-0.001562128,-0.0007691945,0.0002324689,-0.0005152493,-0.0004014331,-0.001034801,-0.001281748,-0.001644513,-0.001195719,-0.0007089407,-5.177466e-05,-0.00347429,0.001597202,-0.0003570421,-0.002596688,0.0002392435,0.00168747,0.001584869,0.001265803,-0.000600916,0.001847326,-0.00233246,-0.002817361,-0.0038919,-0.0003118881,-0.004299395,-0.002432955,-0.003956026,-0.003073098,-0.004120336,-0.002957964
DIP,-0.0005981337,-0.000399424,-0.000340251,-3.067935e-05,0.0004295263,-4.591004e-05,-7.842777e-05,0.0001549201,-0.0001179444,-0.0001930263,-0.0003415834,-8.700261e-05,-0.0001125735,0.0001342226,0.000246984,-0.000102694,0.0001776417,-0.0002567087,-0.0002150415,0.0002388584,0.0001467443,-0.0001614172,-0.0002947442,0.0002530526,-4.869229e-05,0.0002067633,1.388542e-05,3.681941e-05,-0.0001306726,-0.0001839872,-0.0002447612,3.16826e-05,0.00030188,-0.0002259309,-0.0001886386,-5.164857e-05,-8.704448e-05,-0.0001651568,-2.646962e-05,0.0001932,4.365005e-05,5.819261e-05,6.824994e-05,0.0001257005,0.0002620418,-4.745737e-06,0.0002739796,-3.731722e-05,-0.0001690195,0.0003149428,0.0002756437,0.0005198209,-0.0002289776,0.0001904214,-6.294605e-05,-3.754187e-05,0.0002048523,0.0002607908,4.816643e-05,7.18064e-05,0.0005031656,0.000197797,-4.39315e-05,0.0001776765,0.000269082,-3.756733e-05,7.602723e-06,0.0001266379,0.0002720094,0.000135624,0.0004599301,0.0003969716,0.0001449782,0.0002408171,-4.426664e-05,0.0002463242,-9.524205e-05,0.0001812216,0.0002319452,-1.556103e-05,0.0001627821,0.0002128547,0.000234955,0.0002025712,0.0002649762,-7.205496e-05,0.0002011789,-0.000250909,0.0001481815,-0.0002235891,0.00028405,-0.0001139841,-0.0002709168,0.0002847288,0.0002772009,-4.202971e-05,-0.0001710449,-0.0001627905,5.171303e-05,-1.36615e-05,-0.0001437842,7.063401e-05,0.000282115,6.126203e-05,8.123168e-05,-0.0002733349,4.216517e-05,-0.0001102495,-1.003947e-05,-0.0001843953,7.43481e-06,-9.854292e-05,2.852449e-05,-8.137176e-05,-9.778825e-05,-1.156648e-05,-0.0004878271,6.473936e-05,-2.760587e-05,-9.331696e-05,1.875205e-05,-3.329607e-05,-4.55209e-05,0.0001739542,8.960714e-05,0.00013725,0.0001964963,-2.435334e-05,0.0003108683,2.699975e-06,-6.830711e-06,0.000137183,0.0001456368,2.524492e-05,-4.250236e-05,1.164807e-05,0.0004739148,-0.0001749222,-0.0002336586,-0.0001982272,0.0001074859,-0.0001890647,2.960223e-05,0.0003872119,-3.819166e-05,4.978141e-05,1.753675e-05,-0.0001850884,0.0001816254,0.0003148041,-0.0001935951,-0.0001132799,-6.734852e-05,0.0001268483,-0.0005247573,-0.000690056,-0.0008848667,-0.0004427012,-0.0005851156,-0.0004209827,-0.0005138095,-0.0004592968,-0.0001059856,0.0001615367,-0.0001842602,-1.472364e-05,9.561099e-05,-5.488461e-05,0.0002523557,0.0001441285,-4.866517e-05,-0.0001611134,7.297224e-05,-0.0001646153,-5.882989e-05,-7.893817e-06,1.30858e-05,0.0003295833,1.166962e-05,9.754034e-05,-0.0002909184,0.0001320016,-0.0001600666,1.331515e-06,-0.0001262763,0.0001600312,0.0003594217,-0.0001372554,-1.525389e-06,0.0001264278,5.268572e-05,-5.265259e-05,-0.0003217692,3.039291e-05,-0.0001067025,-0.000147388,-0.0001182278,-0.000212156,-7.693697e-05,-6.80933e-05
DIP,-0.001033478,-0.002545039,-0.002818369,-0.004973021,0.001640006,-0.0004135532,0.003466157,-2.065398e-05,0.0009891221,-0.004769231,-0.00135202,-0.001367864,0.004808296,0.005059831,0.004308214,-0.002532274,-0.00891896,-0.005962001,0.005453624,0.01910939,0.01202899,0.007460187,0.00311005,-0.007032998,0.007914393,-0.004980091,-0.0006143323,-0.002880578,0.00315658,0.002891057,-0.006250511,-0.01217933,-0.005022266,-0.004539279,-0.009710239,-0.002314643,-0.0008341079,0.004457622,0.001769023,0.005978704,0.006769348,-0.0016536,0.009517668,0.005331478,-0.006108248,-0.002685235,-0.001488672,-0.003844358,-0.01040007,-0.001659787,-0.004672195,-0.000899354,0.006037434,-0.0005847859,0.003212133,0.004799352,-0.003306415,-0.0009589279,0.004027043,0.002268219,0.004175239,-0.004845057,-0.007217794,-0.0008586762,-0.00753987,0.0006450241,-0.01199503,-0.006565693,-0.009519403,-0.002962461,0.007770803,-0.001371037,-0.0007031556,0.002929157,0.006278989,0.004400701,-0.0001776088,0.01424675,0.004777151,0.01155286,0.001866976,-0.004002979,-0.003812005,0.003623934,0.005773962,0.01092662,0.01648637,0.002980153,-0.002033194,0.005577126,0.004499483,0.003295742,-0.003438892,-0.001351755,-0.0004700941,0.004268839,0.003118111,0.005366107,0.002501975,0.0003240391,0.001725526,0.008181115,0.009465066,0.0145888,0.01182798,0.0125642,0.008322715,0.003696701,0.005070997,-0.001286772,-0.0001036699,-0.002088675,-0.0001842012,0.01082787,-0.001319282,0.01009096,0.008060472,-0.008518145,-0.001823655,-0.004057996,0.001444013,-0.000724747,0.004063698,0.002840939,0.002203176,-0.00180319,0.0006911442,-0.005663464,0.002353554,0.006664976,0.003390823,0.005593261,0.002418665,0.007828229,0.001568851,0.001815495,-0.0008922168,0.0006263916,0.001977074,0.0001530035,-0.02001399,-0.006264376,-0.01029233,-0.005832945,-0.01009064,-0.003058572,0.001183808,-0.0007249557,-0.0007970356,-0.006014169,0.0007111108,-0.002756685,0.004414951,-0.008530552,-0.005709582,5.083971e-06,-0.009467587,-0.008142238,-0.003817457,-0.01446925,-0.02333082,-0.02362413,-0.02465562,-0.02884215,-0.005435891,-0.001566373,0.001724264,-8.137518e-05,-0.001757403,-0.005559996,0.003281103,0.01072856,0.003988273,-0.006640538,0.002073049,0.0008587675,-0.0004387545,-0.0004277948,0.001324691,0.009073489,0.01567823,0.00447114,0.000740312,0.00638546,0.001316321,0.004241601,0.007041452,0.0002322713,-0.002913216,-0.008274085,0.002069337,-3.425441e-05,0.002139831,0.01365224,0.003244464,0.01148344,0.002361677,-0.002629816,-0.002472579,-0.002809867
DIP,0.0001265966,7.071648e-05,-6.043187e-05,7.090451e-05,4.720669e-06,0.0002414885,0.0002387884,8.049193e-05,0.0002544715,0.0001842604,-2.726261e-05,-2.01998e-05,6.402993e-06,-0.000136673,-0.0001051377,-3.104717e-05,-3.744064e-05,-2.654563e-05,2.565564e-05,8.238782e-05,7.892836e-06,-3.25508e-05,-0.0001136249,-5.103401e-05,-6.881729e-06,-4.881359e-05,7.533143e-05,8.517053e-05,-2.974196e-05,-0.0001198396,-5.471806e-05,0.000129735,5.029823e-05,0.0001001274,7.373326e-05,-2.095958e-06,-9.613619e-06,0.0001231733,0.0001060674,1.78601e-05,-9.876409e-06,-1.778389e-06,-0.0001724313,-0.0001478135,-7.294335e-06,-0.000114897,-2.666105e-05,-2.488633e-05,7.519249e-06,6.261277e-05,7.287705e-05,-6.999256e-05,0.000194023,0.0001475435,-0.000163973,-1.843641e-06,9.52644e-05,-2.862491e-05,2.394067e-05,3.841081e-05,0.0001345049,0.0001530295,-1.472966e-05,-4.435889e-05,7.645483e-07,-3.250402e-05,-3.882524e-05,-0.000258835,-0.0001418122,-7.042676e-05,-5.323971e-05,6.300338e-05,5.912269e-05,-0.0001011331,3.342735e-05,7.80665e-06,-3.072395e-05,1.672479e-05,3.959535e-05,0.0001225103,0.0001832709,-3.128853e-06,-3.10433e-06,7.994015e-05,-4.238281e-05,-9.790383e-05,-9.112892e-05,-6.584325e-05,4.90875e-05,1.326011e-05,1.46226e-05,1.246619e-05,0.0001008189,-0.0001527509,-7.889059e-05,2.216555e-05,9.560188e-05,-7.578793e-06,5.861724e-05,5.286578e-05,0.0001234529,0.0001026172,-5.007339e-05,-7.535064e-05,2.504423e-05,-4.739247e-05,-7.625952e-05,5.586204e-05,-4.696566e-05,-7.036988e-05,0.0001151834,-3.867289e-05,-8.423682e-05,-2.210878e-05,-0.0002533561,-0.0001590058,-0.0003341981,-0.0001556154,-5.082341e-05,-0.000284219,-0.0001684555,-0.0002503336,-0.0003583461,-0.0003987882,-0.000398625,-0.000182184,-0.0001129769,-7.82221e-05,4.201957e-05,-9.258221e-05,0.0001915051,3.008799e-05,-0.0001279451,-2.306745e-06,4.37174e-06,-1.148252e-05,0.0001618889,-6.11984e-05,9.016665e-05,0.0001451963,2.29817e-05,9.714919e-05,5.685361e-05,6.887365e-05,6.896416e-05,0.000155395,7.630954e-05,1.307976e-06,0.0001177342,8.320715e-05,1.6096e-05,0.0001775586,0.0001505529,-0.0001262005,-0.0001770179,5.445323e-05,0.0001715578,0.000183132,0.0002681111,0.000545922,0.0003769187,2.335326e-05,2.208139e-05,7.058377e-06,4.4632e-05,7.116254e-05,0.0001296267,0.0002090095,6.19296e-05,0.0002080846,-2.471087e-06,-6.155328e-05,-2.78822e-05,0.0002228956,1.96246e-05,0.0001863152,1.888883e-05,0.0001069201,-4.552635e-05,-3.337694e-05,0.0001417916,-7.581533e-05,-0.0001484034,-6.024688e-06,1.155679e-05,0.0001089029,0.0001671062,0.0002400305,-7.900904e-05,9.908451e-05,8.17214e-05,2.461321e-05,0.0001026734,-6.549106e-05,6.038429e-05,7.956923e-05,1.21375e-05,-2.09653e-05,9.91693e-05,2.762854e-05
DIP,0.236395,0.03621945,0.02946273,0.02843178,-0.1076302,0.01207796,-0.1798391,0.08725508,0.1357647,0.09930941,0.08176709,-0.07293295,0.04367609,0.05438268,0.06346093,0.02376001,0.09703882,0.113528,0.03589686,0.1296817,0.06315314,-0.01003777,-0.07723249,0.02631602,0.0255513,0.09971823,0.04145084,0.05092749,-0.07974951,0.08566712,0.0232949,0.03162055,-0.2123432,0.02103451,-0.01621001,0.10081,0.003697941,0.1152646,0.08671352,-0.1283294,0.09436972,0.0349998,0.07032428,-0.09822285,0.009468942,0.02174805,-0.009085786,0.1368767,0.1770539,0.1943288,0.1555615,0.1722723,0.06747761,0.2922896,0.01863524,0.1689038,0.1586086,0.2067154,0.1542125,0.1160603,0.06455329,0.1523429,0.09314736,0.186728,0.1003019,-0.1146456,-0.09784835,0.1346534,-0.05157988,-0.1442835,-0.03048233,-0.09330148,-0.1519125,-0.05419118,-0.1520511,-0.1217434,-0.2343251,-0.2211829,-0.05472206,-0.09078942,-0.1911934,-0.1540666,-0.1095354,-0.1698439,-0.03794324,-0.1613962,0.1121413,-0.03447624,-0.04253048,-0.1748408,-0.07278085,-0.1968551,-0.03638712,-0.04033308,-0.06144028,-0.1294336,-0.1308388,-0.4567121,-0.7721009,-0.7411638,-0.7082991,-0.238674,-0.04245499,0.02514275,-0.1940029,-0.02500536,0.06461114,0.02877844,-0.1037844,-0.008713581,-0.01495968,-0.1887322,0.01128151,0.08115667,-0.1204952,-0.213629,-0.2155908,-0.2149304,-0.07286093,-0.1188913,0.03321727,-0.08683874,-0.1210293,0.06089153,-0.1856213,-0.06657495,0.08673058,-0.1982596,0.1071487,0.1026827,-0.06190561,0.04157055,-0.08777965,-0.02640652,0.03545601,0.02372571,0.2157405,-0.1730721,0.005651888,-0.03408981,0.02159553,-0.07371688,-0.02015554,0.1273721,0.1745328,-0.0545705,-0.03157394,-0.1182669,0.05347139,-0.003298172,-0.1370243,0.03671735,0.112579,-0.06161128,0.2619921,0.04575766,0.07616513,0.01036168,0.03528057,0.2334071,0.03182546,0.2018742,0.01026226,-0.09378043,-0.003401232,0.08437805,0.139117,0.05594067,0.06805263,0.2345791,0.1494099,0.1830982,0.07972649,0.1185203,0.1326839,0.04756987,0.1764309,-0.1304654,-0.02800469,-0.04577322,0.1310108,0.2721059,0.0510386,-0.1056875,0.1971858,0.112474,0.01953141,0.273364,-0.1481748,0.1384137,0.3062945,-0.06786547,0.1578334,0.04294017,0.02612291,0.08468004,-0.05441616,0.1681892,-0.0774686,0.09260359
DIP,0.001073258,-0.000152936,-3.194833e-05,1.356045e-05,-0.000347625,-0.000222369,0.0002595846,-0.0001914145,0.0003273868,-9.422559e-05,-0.0004873875,0.0008155385,-0.0004987284,0.0002962469,0.0006386677,-0.0002764509,7.775304e-05,-0.0002500988,-0.0001467419,0.0004110228,-0.0002477623,-0.0002342982,0.0001067558,0.0002316138,-0.000164601,-0.0001527081,-0.0005506941,0.0002897252,0.0004525931,-0.0001758584,0.0005482225,-0.0004184545,-0.0008768868,7.601304e-05,-0.0001993963,-3.384753e-05,0.0001943169,-0.0002728468,0.0005967648,-0.0003532772,-3.571386e-05,-0.0005170704,0.0005413891,1.080125e-05,-0.0003297548,-0.0004709403,-0.0004957942,-1.07693e-05,-0.0004098889,0.0002945555,0.0003738941,0.0007591663,0.000570032,0.000176746,-0.000499553,0.0004412989,4.258442e-05,0.0002228882,0.0002942029,0.0008069833,0.0009908662,0.000435703,1.380851e-05,-0.0005629532,-0.0004265521,0.0001521699,-0.0004730023,0.0003308611,-0.001208178,0.0002585259,-0.0004448852,-3.901927e-05,0.0002317531,-0.0004786991,-2.502842e-05,-0.0008132124,-0.002765152,-0.002650762,0.001759038,0.001367394,0.0001023611,0.0002515441,0.0001290767,-0.0003712898,0.0002124513,0.0002000779,0.001110775,1.015159e-05,0.0001917847,0.0005242176,-0.000335148,-0.0004719036,-9.070925e-05,0.0004274606,-0.0008200251,-0.0005361188,-0.0004158837,0.0003617477,-0.0002172122,0.0002643968,-0.0004060733,-0.0003126643,0.0003093699,-0.00061436,0.0004039973,-0.0002685477,0.0005068808,-0.0006218253,-0.001411799,-0.0008388176,0.0004985495,-7.874906e-05,-0.0001645417,0.0001491751,-0.0005980959,-0.0004114571,0.000827421,-0.0004855603,0.0001402864,4.415955e-05,0.0008311222,0.0001004259,0.001086179,-0.0005554332,-0.0004404803,6.033615e-05,-0.0002194928,-0.0002731716,0.0004779064,-0.0005834457,-0.0001337812,0.0004622221,-8.531919e-06,-0.0005569442,9.383936e-05,-0.0002637054,2.526788e-05,0.0001357692,-0.0005007958,-0.0005520377,4.30626e-06,-0.0007857973,0.0006184745,0.0003579313,0.0007994477,0.0004577179,-0.0004270883,-0.0002454865,-0.0003555338,0.0006743972,-0.0003192939,0.0006439654,-0.0006281481,0.0005112703,0.0007901309,3.576058e-05,-0.001114677,0.0004045505,0.0001593919,-0.0004566701,2.089901e-05,0.0001877108,0.0003586763,0.0002498859,0.0007262014,-0.0003870246,0.0004368494,0.001113903,7.634531e-05,-0.0005280399,0.0002255226,2.946145e-05,-0.0003962213,-0.0002688442,0.0005200065,-0.0003953803,9.039624e-05,-0.0002123988,0.0002751027,0.0003199505,0.0003084152,0.0001509085,-8.395993e-05,0.0005178764,-0.0004179482,-0.0004895835,-0.000893586,0.001246578,0.0002310344,-0.0001229456,0.0004084655,0.0004735868,-7.11822e-05,-0.0006265299,-0.0002304401,-0.0005801755,-0.0004825762,-0.0002357174,-0.0005945137,-7.603682e-05
DIP,0.0004221006,0.0003998342,0.0002278912,-4.086252e-08,-0.0001823967,2.530505e-05,-0.0002302575,8.419537e-05,0.0003538332,0.0002232199,-1.870104e-05,0.0002255319,0.0001835714,-0.0002465452,-4.315918e-05,8.867887e-05,-0.0001506741,6.505639e-05,-0.000114944,4.078823e-06,-7.5943e-05,1.139786e-05,-1.545857e-05,-6.6416e-05,0.0001795671,8.557588e-05,0.0001416966,-0.0001751923,0.0001543029,0.0002171357,-0.0001163224,2.574269e-05,1.971988e-05,-2.28995e-05,-2.234785e-05,-8.756972e-05,-0.0002680377,-0.0003233874,-0.0001783099,-7.43006e-05,0.0001173302,0.000224648,0.0001904941,0.0001669622,0.0001254621,-0.0001935226,0.0002121044,0.0001201964,0.0001073756,0.0002327604,-5.866442e-05,-0.0001835902,6.440862e-05,0.0001316618,-4.883234e-05,-8.688463e-05,-0.0001156182,6.39524e-05,0.0001341749,0.0001489885,-0.0001410488,-0.0001779895,9.506666e-05,0.0002206883,-5.774153e-05,1.494732e-06,3.417686e-05,7.617146e-06,4.651293e-05,-1.223229e-05,6.420454e-05,0.0001161782,-0.0001416917,-0.0001606371,7.308766e-05,1.506504e-05,0.0003029577,-0.0001224455,0.0002589551,7.22988e-05,8.852355e-05,-1.865147e-05,-5.881348e-05,7.718211e-05,8.673001e-05,8.449975e-05,7.018208e-05,1.787759e-05,6.545967e-05,0.0001160131,0.0001838417,0.0002609876,6.189488e-05,0.0002437577,4.783701e-06,0.0001824124,-4.06329e-05,-5.16031e-05,-8.545677e-05,-8.80513e-05,-0.0001638843,0.0002189971,-8.529796e-05,7.887674e-05,-0.0001543781,6.844217e-05,1.226851e-05,-0.0001595206,-8.728165e-05,-2.681115e-05,-0.000214834,-3.496114e-05,-0.0002516911,-6.033607e-05,-0.0002014713,-3.238819e-05,0.000109167,-1.971849e-06,-6.335479e-05,0.0001129094,-7.729007e-05,0.0001453178,8.615747e-05,-8.057695e-05,-0.0001140475,0.0003599514,0.0004280019,0.000105768,-3.994614e-05,0.0001558596,-2.970241e-05,-4.604486e-05,-2.522423e-05,-0.0002526028,-0.0001757578,-0.0001478309,-6.571777e-05,6.886496e-06,0.0001383129,2.780788e-05,3.095057e-05,-4.888945e-05,-3.749235e-05,6.862883e-06,0.0003389268,-0.0001169562,-5.754302e-05,-0.0001956463,0.0002492268,0.0002680781,0.0002119086,8.155138e-05,0.0002947871,1.514777e-05,0.000217392,-0.0002646167,1.709925e-05,-5.655383e-05,-9.932568e-05,-4.703648e-05,0.0001329582,-0.0001561843,-0.0004625483,-0.0001008709,-0.0004923702,-8.19066e-05,-8.11669e-05,-0.0008650253,-0.001456976,-0.001193921,-0.0006396953,0.0001022269,-1.552126e-05,3.508262e-05,-0.0004273584,-0.0001125075,-1.26697e-05,-1.318374e-05,-0.0003370685,-0.0001466161,-0.0001849972,-8.126859e-05,-0.0001384794,-8.634344e-05,-0.000167892,-0.0004247701,-0.0003909847,-0.0002324358,-7.221662e-05,0.0001047399,-0.0001106339,0.000121299,-0.0002211675,-0.0005462084,0.0001353604,3.268073e-05,0.0001881371,0.0001572004,1.570096e-05,-0.0004039971
DIP,0.0006645248,0.0006453875,0.0004837445,0.0001518833,1.737729e-05,-9.658336e-05,5.069119e-06,-5.115095e-05,-8.453926e-06,0.0001954515,0.0003882972,0.0004492208,0.0004398073,0.0003732182,0.0004312383,8.185054e-05,-0.0001261224,-0.0004039082,-0.0005749595,-0.000254461,0.0004186165,0.0006326612,0.000556581,0.0005912633,0.0005112074,0.0003314653,-4.398011e-05,-0.0002977246,-0.0005265471,-0.0003776117,-0.000385751,-0.0001233214,0.0001774732,0.0003405856,0.0005723699,0.0004216217,0.0003661179,0.0001319295,-0.0001034637,-0.0002109969,-0.000141015,-0.0002253506,-0.000355345,-0.0004525374,-0.0003576971,-0.0004500388,-0.000372255,-0.0003490922,-0.0003185609,-0.000446186,-0.0002084856,-0.0002877714,-0.0001961016,-0.0001877384,-0.000167377,-0.0002021299,-0.0002414665,-0.000383728,-0.0002297979,-0.0002140956,-0.0004385113,-0.0002332583,-0.00043866,-0.0004614226,-0.0003183342,-0.0005031733,-0.000559458,-0.0007664729,-0.001094623,-0.00113495,-0.001299253,-0.001276847,-0.001051088,-0.0009419089,-0.0007115435,-0.0003566903,-0.0002122268,-0.0003538989,-0.0003641647,-0.0005058844,-0.0006543178,-0.0006977668,-0.0009414603,-0.0009607266,-0.001025795,-0.001078287,-0.0008894053,-0.0005536349,-0.0004889286,-0.0005146559,-0.0001063495,-0.0001653125,6.144716e-05,9.642715e-05,-4.960101e-05,-0.0001632007,-0.0003620543,-0.0001476647,-0.0001457805,-8.749652e-05,-6.562128e-05,-0.0001110238,0.0002877622,0.0002392224,0.0004610498,0.0003518063,0.0004058945,0.0004004521,0.0003160324,0.0003238794,0.0003109611,0.0004444764,0.0002415203,0.0003449375,9.535718e-05,1.61768e-05,4.106321e-05,9.020108e-05,0.0001239974,-1.271854e-05,4.119935e-05,-0.0001368533,4.432685e-06,0.0001660348,8.157008e-05,0.000266218,0.0002815554,0.0004194072,0.0004315349,0.0004511301,0.000502107,0.0004657527,0.0003944938,7.212101e-05,2.81519e-05,1.367199e-05,-1.982091e-05,0.0001724166,7.108247e-05,0.0001010938,0.000253243,0.0002346121,-0.0001112879,-6.322179e-05,-7.361281e-05,-0.0001184714,0.000303289,0.0003149897,0.0002853457,0.0004033249,0.0003493458,0.0002447998,-7.970042e-05,-0.0001213408,-5.408125e-05,8.493917e-05,4.855149e-05,3.768399e-05,-6.374924e-05,8.156147e-05,6.215653e-05,0.0001979634,0.0002335682,0.0002883536,0.0004607401,0.0005220249,0.0006433506,0.0007609998,0.0009137515,0.0006573292,0.0004945025,0.0003701305,0.0001071519,0.0004090676,0.0001573247,5.488621e-05,2.256472e-05,-9.281302e-06,2.100155e-05,3.858109e-05,0.0003012696,0.0002974246,9.500398e-05,1.357358e-05,0.0002025074,0.0001957565,0.0001118976,0.000389088,0.0003206592,3.503233e-05,1.229327e-05,-0.0001206515,-0.0001736078,-0.0002121917,-0.0002010548,-0.0001576098,9.555446e-05,0.0003476277,0.0005776422,0.0009232498
DIP,-5.943188e-05,-9.631969e-05,-6.209657e-05,-7.601018e-05,-8.748363e-05,-0.000133091,-0.0001834147,-0.0001329922,-0.0001451403,-3.058728e-05,2.086927e-05,1.358615e-05,2.454209e-05,-1.873971e-05,2.810203e-05,1.958007e-07,1.595526e-05,1.267576e-05,4.605802e-05,-5.483111e-05,-2.045641e-05,-4.907353e-07,-2.367859e-05,-2.134326e-05,-5.243491e-05,-4.160036e-05,-7.167284e-05,1.314764e-05,-8.871889e-05,-5.906594e-05,2.439677e-06,-1.508164e-05,3.09387e-05,3.85245e-05,-1.530379e-05,-3.144906e-05,2.580083e-05,7.769014e-05,5.468469e-05,4.981881e-05,5.916576e-05,9.776995e-05,7.3159e-05,3.364354e-05,2.218835e-05,-8.217474e-06,8.127591e-06,3.155377e-05,-3.884542e-05,-2.209323e-05,-3.407288e-05,-5.16099e-05,-6.170938e-05,4.564672e-05,3.119195e-05,4.403598e-05,3.367431e-05,2.968109e-05,5.353832e-05,2.082843e-05,-1.303062e-05,-3.141726e-05,-0.0001066628,-1.672991e-05,9.435528e-06,-5.034323e-05,-8.5003e-05,2.556587e-05,-2.389193e-05,1.79745e-05,2.123709e-05,-2.358793e-05,-2.874734e-05,-3.769705e-06,2.023462e-06,-1.733262e-05,-1.694991e-05,-7.610946e-05,2.267174e-06,2.427566e-05,1.356934e-05,2.155505e-05,5.546267e-05,2.620234e-05,1.791208e-07,2.912369e-06,-4.964085e-05,-1.799122e-05,3.566763e-05,7.813494e-06,1.761465e-06,-8.697288e-06,1.955205e-05,5.750455e-05,-5.014053e-05,-3.104515e-05,4.342693e-05,5.203216e-05,2.335857e-05,-5.064026e-05,1.005298e-05,4.18526e-05,3.690311e-05,4.246347e-05,5.767353e-05,1.70545e-05,6.30556e-06,3.817593e-05,4.306521e-05,8.365547e-05,7.492827e-05,7.565405e-05,4.468135e-05,6.695243e-05,1.628221e-05,5.655871e-05,2.434282e-05,8.799734e-05,2.578402e-06,4.15687e-05,5.141359e-05,8.158144e-05,7.625562e-05,3.173987e-05,6.160489e-05,5.871615e-05,9.617412e-06,3.07902e-05,4.620913e-05,6.772395e-05,7.763029e-06,9.566067e-05,9.013495e-06,4.177233e-05,-3.619001e-05,2.974304e-05,-4.178331e-05,-4.001999e-05,-1.858658e-05,5.123701e-05,4.578187e-05,-6.731942e-06,0.0001190404,2.926767e-05,1.461228e-05,8.654832e-05,1.046407e-05,7.126812e-06,1.649264e-05,-2.731066e-06,8.329014e-05,-3.525385e-06,6.441802e-05,5.88469e-05,2.05387e-05,7.98767e-05,2.465657e-05,5.682334e-05,2.623867e-05,1.192696e-05,6.875452e-07,-2.042146e-05,-6.956141e-05,1.037232e-05,8.694859e-05,1.097326e-05,3.373407e-05,1.715695e-05,2.229822e-05,-1.950791e-05,-2.690826e-05,-4.151569e-05,2.642877e-05,4.541917e-05,-3.802093e-06,3.961464e-05,3.924816e-05,4.176494e-05,-7.25038e-06,-1.575545e-05,1.610519e-05,2.051969e-05,-6.697493e-05,-1.30528e-05,-2.165219e-05,-8.807127e-06,3.626986e-05,3.537109e-05,3.567419e-05,1.087648e-06,-3.61315e-05,1.901575e-05,-3.870617e-05,-4.618593e-05,-7.441647e-05,-9.878894e-05,-4.702857e-05,-6.276305e-05,-9.514479e-05,-7.568278e-05
DIP,-0.02864434,-0.01997196,-0.009003121,-0.002380655,-0.00127219,0.001503003,0.0006777811,0.0002309486,-0.0074897,-0.007688115,-2.717847e-05,0.003693388,-0.008946799,0.004806652,0.001711511,0.01514725,0.01335697,0.008948741,0.00929499,-0.00292689,-0.004728292,0.000875201,-0.004412755,0.000417697,0.0008646087,0.005470907,-0.0008398796,-0.01130836,-0.002629639,-0.0002905107,0.002373506,0.006738153,0.007908389,-0.004038992,-0.0008612885,0.01506728,0.007395564,0.01806971,0.002524244,0.01098521,0.005801475,0.005632006,0.0006394747,0.009334823,0.003996275,0.003676948,-0.001886819,-0.001388575,0.0009463015,0.002007889,0.004676454,0.006316589,0.00349792,0.00297523,1.511444e-05,0.006444079,-0.009542861,0.002192689,-0.00324813,-0.002338471,0.0005336915,-0.002588925,-0.002349009,0.001663449,-0.001544305,-0.0003301323,0.00497505,-0.001737284,0.0003500423,-0.006511881,-0.0091251,-0.002374012,0.00594401,-7.871413e-05,-0.001773235,-0.01124358,0.005632996,0.001445694,-0.005789509,-0.001210282,0.0006079889,-0.01188711,-0.001700101,-0.007396145,-0.003263414,0.002177079,-0.001562098,0.007654882,-0.002329802,-0.0009347211,-0.001811386,-0.004935143,0.003003843,0.004360088,0.00266422,-0.001590192,0.006230961,-0.008130314,-0.005243655,-0.003641214,-0.002919586,-0.0002362875,-0.01069391,-0.001888803,0.003998767,-0.00727538,0.006556491,0.004695906,-0.003504718,-0.0009759184,0.004418936,0.005282764,0.002077284,0.005372513,0.007129516,0.005549321,0.003113055,-0.001258668,-0.007787515,0.01274691,0.001562672,0.005159897,-0.0002417806,-0.003905885,0.008457233,0.0006324362,-0.001216605,0.008778611,0.003634707,0.0005424617,-0.002757374,9.35608e-05,-0.001781978,0.006945164,-0.008532421,-0.001534558,0.004584175,-0.0005812764,-0.002263347,0.003722336,-0.004011982,-0.00284724,0.003366651,0.003202641,0.007259891,0.003052101,0.006191602,0.008523274,-0.00584263,-0.002446417,-0.001709197,5.52586e-05,0.00060232,-0.003137576,-0.001160472,0.001408753,-0.00134109,-0.01089845,0.0005588588,0.004135081,-0.008477983,0.004673476,0.002930094,0.006797236,0.01222181,-0.0009552744,0.002122745,-0.000390146,0.005399988,0.009030078,0.0001226111,-0.00401151,-0.0008269207,0.002504729,0.005901812,0.01008833,0.004445623,0.006225204,-0.003799035,-0.008543622,0.01252225,-0.005782382,0.00136066,-0.00762953,-0.0131025,0.005631949,-0.003764486,0.001799687,-0.006669276,-0.002536811,-0.002762039,-0.005868787,0.006352584,-0.004001826,-0.006358653,-0.004054232,-0.006111368,-0.002026924,-0.003372058,-0.0009756372
DIP,0.00481183,-0.002619771,0.001874463,-0.01383594,-0.009164478,0.001100029,0.00449808,-0.0230664,-0.0009617016,-0.0317925,-0.02011515,0.001703898,-0.001560104,-0.008210052,0.0036114,-0.006865067,-0.00500187,-0.004084814,0.004833828,0.007927801,0.0003775519,0.01871303,0.00655669,0.008022138,0.01854827,0.02615473,0.01790075,0.02485462,0.03078526,0.01576137,0.001445423,0.02716508,0.01901984,0.01009472,0.02813358,0.004126732,0.025197,0.02354217,0.04896202,0.01659158,0.0406688,0.03611922,0.02036747,0.01649106,0.01136053,0.03172859,0.02294496,0.004793013,0.02586754,0.01605842,0.00602708,0.01013922,0.01696054,0.03711754,0.008052936,0.005682447,0.01753619,0.02669618,0.006018895,-0.01177277,-0.02618773,-0.0009179293,-0.006020446,-0.01501419,-0.008487451,-0.009566277,0.0006468651,0.03093055,-0.01115004,0.009929962,0.000596321,0.01245819,0.001313924,0.02805847,0.007859772,0.01330509,-0.02323845,0.0107846,-0.001690866,0.009499783,-0.00227801,-0.003352028,-0.002118397,0.006394415,-0.02716407,-0.005425166,0.007971976,0.01656302,0.004463737,0.01060555,0.03132863,-0.002810716,0.04113977,0.02826847,0.001573691,0.01807477,0.01051298,0.01507427,2.026087e-06,0.002638407,0.01946719,-0.01371101,0.01610816,0.02539818,0.01071833,0.00988819,0.0174665,0.01988743,0.005935868,0.00627834,-0.0006141008,0.01860624,0.01879073,0.02340721,0.01475355,0.01514098,0.0193941,0.02325834,0.01711627,0.006619941,0.01916757,0.03598649,0.007164222,0.03745697,0.002068201,-0.01976768,-0.02725761,-0.02058806,-0.04689257,-0.02592552,-0.0374043,-0.01182765,-0.01713728,0.0001099337,-0.01643334,-0.005337615,0.009299993,0.00217496,-0.03481276,-0.03861376,-0.06517294,-0.04470321,-0.06731685,-0.07572035,-0.06653336,-0.03484404,-0.08698757,-0.02836818,-0.02750634,-0.05584678,-0.03431655,-0.03828938,-0.02340633,-0.02190777,-0.02877581,-0.02571281,-0.01543302,-0.04547033,-0.006324516,-0.01772412,-0.02258226,-0.02106707,-0.01041017,-0.02477601,-0.02134223,-0.03580416,-0.0144097,-0.01092295,-0.01107639,-0.02644972,-0.02490371,0.001968333,0.01509911,-0.01015034,-0.02577226,-0.004896351,-0.009075549,-0.02344876,-0.03160244,-0.02690445,0.00778042,-0.006257787,-0.01047958,-0.0113298,-0.01922468,-0.008107741,-0.009760985,0.005986445,-0.02288161,-0.009827576,-0.0178485,-0.004481189,0.009521535,-0.007466241,-0.02682973,-0.009449872,-0.01838052,-0.02251643,-0.001012353,-0.01527487
DIP,0.0003172588,5.527559e-06,6.414636e-05,-0.0003998982,-0.000245305,1.196526e-05,-0.0001552132,-0.0002403488,0.0001539678,0.00010894,1.154714e-05,-0.0005446349,0.0003408992,-0.0001778713,0.0001964798,-0.0001323208,-5.522873e-05,-4.415285e-05,-0.0005545032,-0.0002384925,-0.0001446624,0.0001569605,8.79345e-05,4.454398e-05,-0.0003114528,0.000167739,7.207364e-05,1.433795e-05,-4.895323e-05,-0.0001130221,-0.0001384726,4.987599e-05,0.0001600676,0.0001115839,-0.0001486448,0.0003552777,6.420133e-05,-0.0001205511,2.376922e-05,0.0007110789,0.0002225117,0.000128769,-0.0002585869,0.0003213545,0.000178358,-0.0001718797,-0.0001412988,0.0002956406,9.719276e-05,0.0002483428,0.0004193294,0.0001874429,3.497393e-05,0.0001981369,0.0001348908,0.0003008978,0.0002247447,-2.528223e-05,-3.595617e-05,2.996452e-05,0.0005120534,6.441129e-05,0.0001061452,0.0002010846,-6.784641e-05,0.0002377896,5.768793e-05,4.397716e-05,0.0001169375,0.0004059863,0.000259643,1.131825e-06,0.0001073907,9.797314e-05,-6.220171e-05,-0.00049659,-0.0001311854,0.0002068788,-7.647478e-05,0.0003146095,5.562793e-05,4.936775e-05,0.0001776659,0.0003270853,0.0003083349,0.0001700333,9.012238e-05,0.0002005719,-0.0001945226,-0.0003707373,0.0001376789,-7.05888e-05,-0.0004006842,0.0003612268,-0.0004756004,-0.000131319,-0.0003211015,-7.746749e-05,-3.924334e-05,-3.482423e-06,-0.0001201031,-0.0001444824,4.380122e-05,-0.0005874277,0.0001163947,-1.367497e-05,8.850908e-05,-0.0002372545,-0.000219117,-0.0002181528,-0.0001854545,-0.0001986187,0.0001867318,-0.0004270153,-0.0001402814,0.0003793073,-0.0005442474,0.0001006538,-0.0005530217,-8.619712e-05,-8.092188e-07,-0.0002262487,-0.0001201897,-6.008585e-05,0.0002046242,-0.0003258381,-5.754104e-05,0.0001125229,0.0001554547,-0.0001815317,-4.788088e-05,0.0001104692,2.387195e-05,-0.0002543398,-0.0001828528,-0.0002143282,0.0004316578,0.0003383895,-8.290618e-05,0.0002628997,-0.0002833383,-0.0001385774,0.0001520565,-6.672e-06,-6.49763e-05,-0.0001625241,0.0001881012,0.0003128514,-8.342793e-05,0.0001801512,0.0001221235,-0.0001615842,0.000436113,-9.219507e-06,0.0003250482,6.613967e-05,1.901394e-05,-0.0002697189,8.944661e-06,-5.005261e-05,0.0002047188,-4.550279e-05,0.0001147081,0.0003674151,-6.576119e-05,0.0001766584,0.0002652264,0.0001113403,5.100061e-05,-3.38322e-05,8.521128e-06,-0.0001032358,7.346409e-05,-0.0001330976,0.0001966275,0.0001857094,6.261894e-05,7.437784e-05,0.0003191313,-0.0004061593,-0.0003250969,-0.0005013764,0.0002087784,-0.0004481955,-0.0003131641,-0.0003039491,0.0003305163,-0.0004249174,0.0002988018,0.0003604178,0.000468927,1.376753e-05,7.817162e-05,-0.000292656,-0.0001212386,-0.0005263274,-0.0002816874,-0.0003963117,-0.0007924108,-0.002532927
DIP,5.166632e-05,-0.0003683345,-5.850649e-05,8.674679e-05,-0.0001969598,-0.0002934459,-0.0001256176,8.239245e-05,7.612076e-06,8.833542e-05,0.0002260353,0.0003745998,0.0003585058,0.0003357521,0.0001331368,-8.403315e-05,5.741487e-05,0.0004051317,0.0004647304,0.0002395906,-0.0001421,-1.364801e-05,0.0003528561,2.773019e-06,6.806384e-05,0.0002676687,-0.0001852142,-0.0005289825,-0.0002858158,2.284356e-05,4.792911e-05,0.0001686044,2.112274e-05,4.657e-05,-2.535709e-05,6.363953e-05,0.0002940518,-8.025696e-06,-0.000227407,-0.000102278,-0.0001449155,0.0001457961,0.0001238733,-0.0003279375,-0.0003935081,0.0001157735,2.952969e-05,1.849894e-05,0.0003175982,0.0003556887,-4.922981e-05,3.992658e-05,0.0003259494,-0.0001127949,-0.0003245086,-0.0001823715,0.0001229418,-2.721331e-05,-0.0002149565,8.156129e-05,-3.887011e-05,-0.000114296,-0.0001844368,-0.0001310543,3.470733e-05,0.0001390946,-0.0001799236,6.50458e-05,0.000279573,-4.804932e-05,-0.0002965881,-0.0005149733,-0.0001264735,-8.616304e-05,4.12008e-05,0.0005107272,0.0004847817,0.0001907495,0.0002691669,0.0005592266,0.0006766282,0.0002714349,0.0001271143,0.0001767729,-0.0002586552,-0.000243581,-0.0002296482,-0.000558964,-0.0003760321,0.0003409436,0.0003160891,0.0004629524,0.0005983233,0.0002837314,0.0005179635,0.000342769,4.036436e-05,8.672931e-05,-0.0001189562,-0.000469053,-0.0004261369,-0.0004498726,-0.0003598202,-0.0005154045,-0.0005267614,-0.0002557259,-0.0001964552,-0.0002383362,-4.389685e-05,-0.0002674119,-0.0004159225,-0.0002918894,-0.0003054785,-0.0003238445,-0.0004076396,-0.0002004393,-5.277306e-05,0.0001499708,0.0001995266,0.000206053,-0.0001444957,0.0002381928,0.0002528741,6.424847e-05,4.788476e-05,0.0001845983,0.0001647801,0.0001445214,0.0003488542,0.0004681711,0.0002274144,0.0002788996,0.0003340986,0.0003416263,0.0004996966,0.0005403632,4.841997e-06,-0.0001839973,-0.0002560869,-3.751161e-05,0.0002458005,0.0003476473,7.014263e-05,-6.847638e-05,-2.262226e-05,0.0001561543,0.0004002668,3.362402e-06,-8.287579e-05,9.812284e-05,-0.0001066663,-0.00045084,-7.683398e-05,5.553101e-05,-0.0005972672,-0.0007306207,-0.0001076618,-2.281788e-05,7.647253e-06,0.0003007928,-0.0002048299,-0.000258726,0.0001760266,-2.243687e-05,-0.0005655347,-0.0003409269,-9.846083e-05,0.0001989467,0.0002084598,0.0001105158,-4.510685e-06,3.902067e-05,5.128334e-05,-6.192842e-05,3.778073e-05,0.0001023212,7.867232e-05,9.800147e-05,0.0004562416,0.0003710773,-4.673355e-05,2.58586e-05,-0.0001447601,-0.0002271449,0.0001228006,-3.966276e-05,-0.0004579078,-0.0002382639,0.0001318498,-0.0002147094,-0.0005514899,-0.0008324251,-0.0009307411,-0.0006649818,-4.608817e-05,0.0005286825,0.0007441097,0.0006151667,0.0006360367,0.0008454419
DIP,-0.002169681,-9.779604e-05,0.0002892485,5.244107e-05,0.0001268684,0.0001398916,-0.0001195812,0.000694429,0.0003117729,0.001133717,0.0003942331,0.0005328803,0.0006705284,0.001094071,0.001110445,0.001352322,0.001405464,0.001421692,0.0008387319,0.0002977548,0.0009484256,0.0005728664,0.000689859,0.00123814,0.0004982717,0.0008019911,0.001119965,0.0006539206,0.0003222573,0.0001033895,5.460001e-05,-6.644969e-05,0.0002768799,-0.001127325,-0.01500861,-0.01439017,-0.001211931,-0.0001774258,-0.0002892731,-0.0001729237,-0.0005302973,1.837514e-05,0.0003181879,0.000262434,-0.0001512766,-0.0002563392,3.251874e-06,0.0007341033,-0.0003504294,-0.0003791485,-0.0001166516,0.0001797885,-5.819638e-05,0.000215061,-0.0002936868,-0.0006002981,-9.714872e-05,-0.00039147,-8.073151e-05,-3.778893e-05,0.0002305957,9.806812e-05,-0.0001238413,6.859894e-05,-0.0002608205,-0.000259537,-0.0003945253,0.0003207841,-7.179348e-05,0.000123485,-0.000202617,-0.0003875264,4.143576e-06,-4.476442e-05,-8.764147e-06,-2.606476e-07,-3.188967e-05,-0.0002830405,-0.000283837,2.735152e-05,-0.0003344068,0.0001189717,-0.0004630503,-0.0002146902,0.0001463809,-0.0001600047,4.436573e-05,-0.0002551647,-0.0003828684,-0.0002356193,-0.0003794288,-0.0004579846,-0.0002861385,-0.0001946615,5.753822e-05,-5.120541e-05,-0.0003926239,9.67322e-05,-0.0002373058,-0.0001003576,-0.0003010366,-0.0007501447,-0.0004837445,-6.125189e-05,0.0004636007,0.0007476919,-0.0001461656,-0.0003949409,-0.0002686463,-0.0003770304,-0.0005276044,-0.0002216881,1.663069e-05,0.0001322318,5.894792e-05,-0.0002269082,0.0001656197,3.00929e-05,-0.0003266641,-0.0005030229,3.793659e-06,-0.0002652804,-0.0003036795,-5.062591e-05,-0.0002503515,-0.0003098217,-5.807394e-05,-0.0005218381,-7.060151e-05,-0.0003301262,-0.0003393889,-0.0001976039,-0.0001074742,0.0001889046,-0.0005015229,-0.000367986,-0.0006368188,-4.8158e-05,0.000184656,0.0002318126,9.618518e-05,-6.758706e-05,0.0001577196,0.0002179416,-0.000145327,0.0006491393,0.0003608125,-4.636231e-05,-0.0001518844,0.0004195798,0.0001383555,0.0005225778,0.0003713559,0.0006421799,0.0003122385,0.0003365994,-6.003789e-05,0.0002942256,0.0002793754,0.000273538,-0.0003494756,-0.0002435507,-0.0004784519,0.0001583288,0.0001600257,-2.497936e-05,-0.0002220068,-0.0007650351,0.0002687785,7.349443e-05,-0.0002339481,-2.359856e-05,0.0002037272,0.0002005014,0.0003011921,0.0001923178,-0.0001570294,-3.858373e-05,-0.0001485763,0.0001514617,-0.0001566791,-2.729691e-05,-0.0003083636,-4.621602e-05,-3.400576e-05,0.0005420214,0.0005879654,-0.0005438448,-0.0002706058,-8.777747e-05,0.0003625165,-0.0001311974,-0.0003234812,0.0006819118,0.000839343,-2.889995e-05,0.0002861066,7.19985e-05,0.0007366376,0.0004464059
DIP,-0.002951368,-0.001199138,-0.0008113473,-0.0007469009,-0.0004408254,-0.0008796577,-0.0004174452,-0.0003937636,-0.0002971903,0.0002417909,0.0005445434,0.0005523267,8.94824e-06,-9.117091e-06,0.0003954912,-5.196085e-05,-7.934107e-05,0.0001427236,0.0003820255,6.058158e-05,9.373634e-05,-0.0001833368,0.0005377729,0.0002175952,0.00025725,0.0003619338,0.0002309969,0.0002330174,7.61236e-05,0.0001501449,0.0001449175,0.0001839996,0.0003849879,0.000307636,4.31025e-05,-0.0001637424,0.0004524196,0.0006361525,0.0003947214,0.0003129115,0.0004239676,0.0004036174,0.0004919396,-7.552206e-05,0.0001604872,0.0001041729,0.0002755204,0.0004639423,0.0004332666,-0.0003965169,-0.0001014382,4.44007e-06,-0.0001233863,-0.0002421891,-0.0003185057,-7.875841e-05,-0.0004970092,-0.0003773348,-0.0002658619,-0.0003280395,-0.0001891846,-0.0003805824,-0.0003790944,-3.501441e-05,-0.0001492102,-0.0002622871,5.810736e-05,-0.0003680416,-0.000301904,-0.0003644394,-0.0001115896,-0.0005312217,-0.0002227209,-0.0002673201,4.185833e-06,-0.0005082139,-0.0003565883,-0.0001148202,-0.0002810444,-0.0003201148,-0.0001418161,-0.000240485,0.0001087919,-0.0003166252,-0.0001530236,0.0002173211,9.389524e-05,-0.0002904162,-0.0001257612,-0.0003064682,-0.0002987695,-0.0002134915,-0.0001876707,-0.0002045732,-0.0001093311,-0.0003181977,-4.445781e-05,-0.0003412307,-1.901331e-05,-8.982536e-05,-0.0005468067,-0.0002420398,-0.0002042126,-0.0001868919,-0.0004381157,-0.0004325433,5.82362e-06,-0.0001915922,-0.0001658346,-0.0002599077,-0.0003233227,-0.0003309249,-0.0001498028,-5.413052e-05,-0.000393987,-0.0003264603,-0.0003007991,-0.0003112768,-0.0001399778,1.593151e-05,-0.000209423,-0.0002407737,-6.608299e-05,-0.0002735604,0.0004896631,5.804098e-05,-2.860168e-06,-6.278815e-05,-7.587716e-05,-0.0002183648,-0.0003092634,-0.0004187688,-1.969381e-05,-1.368811e-05,-0.0001046833,-0.000203428,-0.0001803215,-0.0001612158,-0.0002030559,0.0002089531,-0.0003629013,-4.668997e-05,6.320971e-05,0.0003648162,-6.167166e-06,0.0001334268,0.0003477482,-2.332358e-05,0.0002484854,-8.863116e-05,0.0003009689,0.0003479572,0.0003896893,0.0002137556,0.0007265505,0.0002207335,0.0004074574,0.0001680125,0.0003966488,0.0003147663,0.0001661208,0.0002149672,0.0004579528,0.0005251764,0.0004700563,0.0007247327,0.0004030868,0.0004406508,0.0005585739,0.0003578256,0.0005916758,0.000308454,0.0005309412,0.0004895544,0.0003423478,0.0006524714,0.0006348329,0.0008042908,0.0007845188,0.0005037377,0.000654411,0.0005461287,-3.253555e-05,0.0003510031,1.297972e-05,0.0003645443,3.272916e-05,0.0002514065,0.0002816062,0.0002268462,0.0003331846,0.0003435811,6.762786e-05,0.0002464262,0.0003425249,-0.0001272775,0.0005540214,6.949976e-05,0.0001489648,3.546154e-05
DIP,-2.807474e-06,-2.021688e-05,4.842277e-05,-6.563575e-06,1.562746e-05,0.000112258,5.31137e-05,-3.371941e-06,2.613623e-05,-6.050727e-05,2.372958e-05,-3.177852e-05,-5.174322e-05,-4.882979e-05,9.45514e-06,2.578269e-05,9.437481e-05,5.764868e-05,1.233211e-05,-2.347173e-05,-2.21056e-05,-1.157759e-05,4.802449e-06,7.300371e-05,-6.561888e-05,-5.257687e-05,-8.932368e-06,-5.473187e-05,4.397844e-05,-4.825361e-07,-9.859231e-06,-5.373417e-06,-3.929354e-05,-3.248801e-05,-0.0001020121,3.729387e-05,3.200665e-05,5.905466e-05,3.776707e-06,2.141259e-05,-4.895391e-05,2.465064e-05,2.894442e-05,1.345403e-05,-1.956228e-05,0.0001124364,-6.170554e-07,3.985005e-05,-4.334835e-05,-1.478515e-05,6.063401e-05,-2.829365e-05,3.889881e-05,5.942935e-05,-0.0001326861,-8.397586e-05,-6.13196e-06,-2.93703e-05,-1.530605e-05,5.200804e-05,-5.995935e-05,-2.207317e-05,-2.264542e-05,5.996831e-05,5.140635e-05,1.017373e-05,2.996922e-05,0.0001638127,-3.872948e-06,1.841863e-05,9.245874e-07,-8.290401e-05,-2.116043e-05,6.966391e-05,1.594131e-05,9.797e-05,7.856326e-05,3.103539e-05,-5.813082e-05,5.14865e-05,5.069113e-05,4.847702e-05,3.093598e-05,-9.717259e-06,4.363545e-05,1.894196e-05,1.866016e-05,1.412314e-05,-1.311869e-05,7.091656e-05,3.63333e-05,5.607395e-05,7.16962e-05,-2.972747e-05,4.241371e-05,4.81252e-05,3.92163e-05,4.84811e-05,6.475369e-05,4.394535e-05,3.309952e-05,-9.524672e-07,6.354902e-06,-6.655749e-06,3.489669e-05,2.149964e-05,-8.198387e-06,8.374287e-05,-1.824922e-05,-8.240634e-06,-1.626876e-05,3.521824e-05,-3.764038e-05,9.512247e-06,-2.456828e-05,-4.167044e-05,-1.665537e-05,7.174229e-06,3.028564e-05,0.0001364012,2.492929e-05,2.698785e-05,1.758096e-05,8.816422e-06,-8.783694e-05,-9.382187e-05,6.139957e-05,-1.513066e-05,-4.895733e-05,3.924575e-05,7.252321e-05,1.092074e-05,7.001165e-05,7.127715e-05,2.824757e-05,-1.221995e-05,3.595254e-06,3.749118e-05,1.012766e-05,2.899648e-05,2.047018e-05,2.170214e-06,1.712415e-05,5.891916e-05,0.0001050121,0.0001430751,6.333907e-05,-8.883293e-06,7.70628e-05,-1.483564e-05,-2.823733e-05,3.147524e-05,-2.489966e-05,-4.578372e-05,-3.039574e-05,-6.823071e-05,3.095263e-05,-0.0002320871,-0.0002699656,4.055923e-05,-1.401817e-06,1.522249e-05,-2.642969e-05,-7.795125e-06,-5.370942e-05,2.212822e-05,-2.319847e-05,-5.284273e-05,8.475678e-05,-7.347056e-06,-2.996431e-05,8.451377e-06,3.971302e-05,-5.899152e-05,-3.257719e-05,-1.560305e-05,3.833296e-05,-9.422897e-05,1.454689e-05,-5.106709e-05,2.190714e-05,4.061044e-05,-0.0001580968,-9.260952e-06,-9.202574e-05,3.507742e-07,2.824117e-06,-0.0001045538,-2.191187e-05,9.234324e-05,4.378428e-05,-2.133578e-05,0.0001199136,-7.703719e-05,2.897856e-05,-6.232515e-05,-1.966384e-05,1.495591e-05,-7.64739e-05,6.773753e-06
DIP,0.0002100103,0.0002315065,0.0001107943,-3.562161e-05,-3.444949e-05,1.778968e-05,8.236328e-05,0.0003180518,0.000273173,0.0002335132,0.0002562483,0.000273893,5.874004e-05,-6.242251e-05,1.993832e-05,5.596776e-05,8.818178e-05,0.0001204483,8.812697e-05,4.189374e-05,0.0002711058,0.0002033073,0.0002223755,0.0001225517,-3.0672e-05,-0.0001375905,-0.0001501412,-0.0001166825,2.77877e-05,0.0001266129,0.0001272549,8.847937e-05,-8.215745e-06,-5.704374e-05,-0.0001101638,-0.0001465876,0.0001162761,-5.387044e-05,-8.256555e-05,-0.0001050743,1.184848e-05,5.162599e-05,-2.685195e-05,-8.137834e-05,-0.0001424895,1.067466e-05,0.0001128135,0.0002458837,0.0003437508,0.0001860062,-1.924849e-06,-0.0001203471,-0.0002812511,-0.0001936861,-0.000110036,-0.0001732749,-1.688429e-05,-3.293758e-05,-6.087257e-05,-7.637306e-05,3.761766e-05,0.0001185965,0.000159708,0.0002722646,6.38273e-05,-7.11404e-05,-9.786097e-05,-0.0001467541,-7.76656e-05,-0.0001329038,-0.0002863979,-0.0004532907,-0.0006938259,-0.0006539815,-0.0005083877,-0.0003828553,-0.0001575651,-1.471293e-06,-2.755654e-05,4.791578e-05,6.954945e-05,3.072201e-06,2.359599e-05,-0.0001582855,-0.0003576521,-0.0005181357,-0.0004850635,-0.0003648586,-5.718024e-05,9.422436e-05,0.0001762234,0.000140849,2.280633e-05,-9.416431e-05,-0.0002150018,-0.0001767782,-2.595069e-05,6.762459e-05,0.000388859,0.0003922198,0.0001447822,8.622021e-05,0.0002035359,4.174375e-05,-4.552679e-05,-6.765541e-06,-1.144417e-05,0.000283132,0.0002538888,0.0003098187,0.0001400325,4.888009e-05,2.046447e-05,-2.68309e-05,0.0001185024,0.0002153443,0.0003091067,0.0003275178,0.0001505286,-3.101409e-05,-3.992735e-05,-4.384168e-05,0.0001537154,0.0001180341,0.0001140252,0.0001269505,5.444455e-05,0.0001366667,0.0002404569,0.000107999,8.2467e-05,6.014171e-05,4.588189e-05,8.945175e-05,-0.000145913,-2.125868e-05,-9.258813e-05,-0.0001450109,-3.545855e-05,1.284497e-05,0.0001783567,0.0001874734,-0.0001017689,-0.0001759725,-0.0001583417,-8.30057e-05,5.973985e-05,8.105701e-05,7.867519e-05,7.591934e-05,-0.000124008,-4.685327e-05,-0.0001681365,-0.0001388499,-8.899345e-05,4.649467e-05,1.007938e-05,3.645072e-05,9.770338e-05,1.936668e-05,-4.590086e-05,-0.0001003782,8.546121e-05,0.000203375,0.0003563825,0.0002614201,0.0001921078,4.692491e-05,0.0001022082,-9.664527e-05,-0.0001794218,-0.0001493591,-1.861089e-05,-0.0001661714,-1.542566e-05,4.848944e-05,-0.0001310288,-0.0001987351,-0.0002323367,-0.0002920745,-0.0002488531,-0.0001632864,-6.151409e-05,0.0001037995,-0.0001058112,-0.0002645389,-0.0001150085,-0.0002448466,-1.807924e-05,0.0002197254,2.410725e-05,-9.622981e-05,-0.0002194336,-0.00024011,-9.154933e-05,-0.0001350966,-6.399886e-05,-2.731372e-05,8.002979e-05,-1.954196e-05
DIP,0.0001879368,0.0002194616,0.0001683077,8.471448e-05,5.811875e-05,0.0001267256,2.200682e-06,-2.631052e-05,5.429177e-05,4.542582e-06,-8.086382e-06,-3.133563e-05,0.0002303606,8.436399e-05,-5.497786e-05,0.0001161713,7.95871e-05,3.41007e-05,7.835065e-05,0.000135247,4.409059e-06,4.10259e-05,8.591614e-05,2.426429e-05,6.466246e-05,0.0001013486,0.0001936106,-3.746594e-05,0.0001178129,6.967832e-05,9.674927e-05,8.529435e-05,8.396265e-05,9.736174e-05,0.0001106045,0.0001864949,-3.515503e-05,-2.083654e-05,3.524998e-06,4.969342e-05,0.0001941455,2.485642e-06,-2.813279e-05,0.0001231113,-0.0001072084,2.759866e-05,-0.0001529834,-0.0001622497,-0.000128289,-0.0001943373,-0.0001654992,-0.0001424423,-0.0001584058,-0.0001321039,-0.0001985886,-0.0001876951,-0.0001872893,-0.0002019388,-0.0004151385,-0.0002844847,-0.0003837155,-0.000354555,-0.0003655233,-0.0003710251,-0.0003597293,-0.0002014926,-0.0002812122,-0.0002286449,-0.0002421655,-0.0005043482,-0.0003940177,-0.000290632,-0.0003971215,-0.0003530089,-0.0003755864,-0.0001817851,-0.0004118589,-8.539359e-05,-0.0001087069,-0.0002473602,1.257474e-05,-4.350668e-05,-0.0002315848,-4.666326e-05,0.000103209,7.424037e-05,7.77597e-05,3.510596e-05,-0.0001758182,3.205801e-05,-8.85095e-05,0.0001072113,-6.793956e-05,-4.136073e-05,-9.974559e-05,-0.0001626491,-0.0002526997,-0.0001988717,1.185243e-06,-8.716643e-05,-0.0001326088,-0.000125028,-8.847357e-05,-0.0002286144,-4.14231e-05,-9.935025e-05,-8.184794e-05,-0.0001678396,-0.0001136545,-0.0002005622,9.589491e-05,-9.395298e-05,7.692083e-06,1.456894e-05,0.0001668271,0.000122164,-2.359379e-05,0.0001378569,7.178885e-05,0.0001258656,0.0002020353,0.0001844372,0.0002119538,0.00014785,0.0001271433,0.000265686,0.0002164425,0.0001077118,0.0001583341,0.0002295279,0.0001492388,0.0001632159,0.0001665463,0.0001635393,0.0001106526,0.0001333444,0.0001969449,2.082411e-05,7.392753e-05,5.206537e-05,-3.812104e-05,4.099691e-05,4.04475e-05,0.0001856206,-5.067453e-05,0.0001004034,7.452343e-05,0.0001080104,5.495727e-05,0.0001425788,0.0001815101,0.0001940978,0.0001739524,6.152334e-05,0.0001633616,0.0001323558,7.806546e-05,7.692204e-05,0.0001270284,0.0001539169,0.0001013585,0.0001361639,0.0002398928,8.194584e-05,5.133899e-05,0.00021563,0.0001108589,-8.645345e-05,0.0002509426,-2.507881e-05,7.508789e-05,0.0002508885,6.91799e-05,1.847527e-05,0.0002394511,8.497658e-05,9.29154e-05,0.0001228488,0.0002105321,0.0001288555,4.372131e-05,5.364425e-05,0.0001411163,8.424914e-05,0.0001394212,9.610313e-05,0.0001196718,0.0001856591,9.042187e-05,-6.479051e-05,0.0001233025,0.0001003486,0.0003017323,0.0002626091,0.0003342032,0.0002276112,0.0002269334,0.0001036581,0.0002531303,0.0001572749
DIP,-0.007200349,-0.0007673302,0.002135086,-0.0004634535,-0.0007475488,-0.001611714,-0.001455949,-0.002570329,-0.001279646,-0.0004875966,-0.0005695756,-0.002647353,8.948295e-05,0.003751158,0.002109823,0.001497585,-0.002367129,-0.001293006,0.0006346999,-0.0001032596,0.001395576,-0.0001632475,0.0006608645,-0.0004855413,0.001516249,-0.001801144,-0.0009283869,-0.0006633642,-0.000455377,-0.0007726887,0.002090389,-0.006479242,-0.003394893,-0.003482518,0.001673911,0.002640098,-0.00406165,-0.003188516,-0.005106694,-0.001013045,0.00258214,-0.003319346,-0.0009773714,-0.00036471,0.0002281395,-0.005435774,-0.002997889,-0.002234243,0.0004740649,-0.002330497,-0.0001932381,-0.002574485,-0.003403959,-0.003447278,-0.0006008552,-0.002611159,-0.003432869,-0.001083174,0.001643967,-0.0004024729,0.002519329,0.002001761,0.002200837,7.016477e-05,-0.0009961731,-0.0007568168,-0.001277107,-0.003510942,-0.0005001342,0.002024169,-0.0007447912,0.001502359,-0.004139773,-0.002381312,-0.0007839494,-0.001885132,-0.003610794,-1.812587e-05,0.001090826,0.0009388483,-0.00316624,-0.02561514,-0.01337817,-0.001729419,0.001872755,0.0003646456,-0.002216609,0.0003975499,-0.001932151,-0.0009121558,-0.002219665,-0.00222319,0.000193745,-0.002584956,-0.002106084,-0.002745475,-0.001595193,0.001639466,-0.00135965,0.0005273616,0.0004678421,-0.001583618,-0.001697893,-0.00093703,-0.002770155,0.001708164,0.0008955735,-0.0005367844,0.001599186,0.002656897,0.0007109423,0.0008430161,0.001021964,-0.0003304191,0.001097263,0.00238867,-0.0005281095,-0.0004975217,-0.0007901255,0.00392777,0.003720851,0.00599357,-0.001746783,-0.001327653,-9.169336e-05,0.0007991085,0.002490619,0.001442175,0.001197734,0.003343638,0.002121549,0.001572752,0.0004292213,0.001859755,0.003483881,0.002310737,0.002594866,-0.001185486,0.001648082,-0.001656606,0.0001933758,-0.002062524,-0.001141628,0.001644949,0.002876813,-0.002084397,0.0006420779,-8.034778e-05,0.003211001,-0.0003521208,0.002836421,0.008300605,0.02351813,0.01652668,0.002942086,0.002053917,0.002420304,0.002271529,0.002598308,0.003525699,0.002203302,0.007280421,0.00336027,0.0006610379,0.002783848,0.0009923941,0.004569803,0.0002689869,-0.001152478,0.004707008,0.004266838,0.005923439,0.001299232,0.004650235,0.003288648,0.001526968,0.0001402384,0.00308716,-0.0004587729,-0.0003120003,-0.05328086,-0.1010722,0.001987855,0.0008702617,0.004813059,-0.001101544,0.002873905,-0.0005438153,-0.001336272,0.003535636,0.002408245,0.0009993261,0.001374934,-0.002505618,0.002332966,0.004156367,-0.0004448729,0.0008903497,-0.002686786,0.001514761
DIP,-0.0001780254,0.001805291,0.0007323812,0.0008062643,-0.0003719492,0.002125868,-0.0002873949,0.0004118211,0.0007775213,0.002388989,-0.0006557841,-5.707746e-05,0.001895285,-0.003300293,-0.001905489,0.00291482,0.001270688,0.003682017,-0.0006114504,-0.0006349912,-0.0001434523,0.000191181,0.0003089776,0.004658209,0.006465618,0.001115191,-0.001587228,-0.002404209,0.004720504,-0.0004644999,-0.001700842,-0.0008346792,-0.0006365901,-0.001997565,0.00198142,-0.005169974,-0.0001885713,0.003585052,-0.0009972943,-0.0005575971,0.003245958,0.003700177,0.001736755,0.0008598565,0.001966313,-0.0003998701,0.001084126,0.001309234,0.001295456,0.00128904,0.000769544,0.004468851,0.004232548,-0.0001939561,-0.001786378,0.002352786,0.001618167,-0.0004022507,0.002663584,0.003505655,0.0006428465,0.003367611,-0.004032203,-0.0002571584,-0.002736693,0.003360999,0.006114959,-0.000552676,0.002219555,-0.003147254,0.000332741,0.0006002351,-0.005595351,-0.001261861,-0.003236513,0.004285883,0.0002828197,-0.001176517,0.0003427104,-4.406354e-05,0.0006921809,2.649066e-05,-0.003027323,0.00103093,0.002522468,0.0009311319,0.0001343124,-0.001807414,-0.0005965097,0.0005759255,-0.002118045,-0.001462204,0.005090235,-0.000298456,-0.001468291,0.001302868,0.004581341,0.0004464587,0.001679671,0.003589736,-0.003369401,-0.0003319233,0.0007607216,-0.002532039,0.0047253,-0.0003785657,0.001646806,0.003138239,0.002125899,-0.0006219097,-0.0006528583,-0.0003731478,-0.002738517,0.004027074,0.00150244,0.008011388,-0.001240885,-0.001930647,0.005697096,-0.001524791,0.001004143,-0.0002865283,-0.001110038,-0.002823846,-0.001185603,-8.262046e-05,0.004807722,-0.001649011,0.002548114,-0.003719558,-0.001037305,-0.004973758,-7.919326e-05,-0.0008982552,2.160081e-05,-0.00530144,-0.003193027,0.0003675112,-0.004791319,0.0001686235,0.002686545,-0.0006251914,-0.00157958,0.000663276,-0.001119267,0.001537218,0.004720953,-0.002954086,0.0003113575,0.007611177,0.001041053,0.0005569865,-0.002828499,0.001117275,0.000221483,0.00142089,0.0008118793,0.001522225,-0.00199235,-0.003639661,-0.001492031,-0.005526568,-0.002436548,-0.007705209,-0.001383364,0.001627046,-0.001436244,-0.004719491,-0.0008100866,0.002240244,-0.004382385,0.001260993,-0.008729583,-0.00352256,-0.0001635164,0.001736686,-0.001306648,-0.006961611,-0.007438451,-0.007902062,0.002240681,-0.0009973916,-0.003932579,0.0004418791,0.001663981,-0.002418926,0.004053622,-0.003002228,-0.0007531873,-0.003155662,-0.003377521,-0.0007342048,0.002390953,0.00356994,-0.001303973,-0.0002404066,-0.02373803,-0.03205839,-0.01368494,0.0005618703
DIP,0.00606862,0.01212811,-0.0007892147,0.000510924,0.02111186,-0.001311881,-0.004227565,-0.008921544,-0.005077099,-0.0108867,-0.00399992,-0.006993505,-0.007896916,0.00879397,-0.003437288,-0.01813155,0.0003924704,-0.0004436279,-0.01338599,-0.02032941,-0.01556896,0.009828234,-0.003346387,-0.001180787,0.01199722,-0.01476526,-0.00389807,-0.002356064,-0.002238244,-0.002229814,-0.002199809,0.005651836,-0.005917096,0.00530512,0.004564859,0.005213423,-0.005058217,-0.01968029,0.002860465,-0.002200004,-0.008862057,-0.005380732,0.01450433,-0.007048709,0.01125298,-0.01361259,0.008231843,0.00100625,0.00688648,0.006307819,0.009789159,-0.01106959,0.01352767,-0.0008159304,-0.002667133,-0.0017326,0.005416739,-0.01113318,0.0009761189,-0.0006134715,0.002678434,0.006501985,-0.0007988256,-0.007885066,0.01796294,0.0009708498,0.005680006,-0.007889605,-0.005019196,-0.004751706,0.00134777,-0.01073081,0.002536555,-0.0002264271,-0.02097402,0.001949723,-0.0001343533,0.003306222,-0.009652758,-0.004225519,0.005237977,-0.00140731,-0.01738086,-0.01778513,-0.004443329,-0.002863056,0.007145611,-0.0002068516,0.0004467073,0.001502181,-0.009850617,0.002246971,-0.002254317,-0.00326037,-0.03393922,-0.02727393,-0.001435781,-0.009431461,-0.008707145,-0.01446273,-0.01274937,-0.005368109,0.004766123,-0.006636083,-0.01184403,-0.005384244,-0.01343254,0.008286238,-0.004686943,-8.804517e-05,-0.0008520925,-0.003690048,0.005503563,0.01492606,-0.003898062,0.002683115,-0.005465618,-0.007506687,-0.001193866,-0.002162121,-0.006986046,0.002725477,-0.008110953,0.01482124,0.006358332,-0.005455772,0.005573971,-0.0008800838,-0.0001659079,0.0002322135,-0.003965875,0.006516853,0.006131602,0.009004771,0.007497295,0.01131563,0.01552994,5.317145e-05,-0.002019687,-0.002381631,0.003651073,0.005705428,0.007428257,0.006852985,0.000283509,0.01410116,-0.003946526,0.01527299,0.01346067,0.001763487,0.0005637312,0.01558352,0.0004365992,-0.004884387,0.008202708,0.00841039,-0.000877786,0.003536176,-0.002241929,0.01470616,0.01785338,0.006987102,0.01523297,0.01673914,0.009087707,0.01173402,0.02213115,-0.002195957,0.01174058,0.009722317,-0.001808494,-0.003664539,0.01093586,0.003503258,0.008121978,0.005463224,-0.002961794,0.004742275,0.002792834,0.02334855,0.003599441,-0.00701955,-0.02005228,-0.006402413,-0.01084313,0.0174468,0.004807585,0.004878687,-0.003022516,-0.0121155,0.005135641,0.005892291,-0.01386348,0.01204705,-0.004118588,1.287447e-05,-0.01923672,-0.01080903,0.01336669,0.01984448
DIP,0.001645578,0.0008501044,0.001071454,0.001424383,0.001969066,0.002277501,0.002861129,0.003170364,0.003117755,0.002628678,0.002744649,0.003194093,0.003029701,0.003108024,0.003244046,0.003993639,0.004537305,0.004398517,0.004601046,0.004235167,0.004113506,0.004265548,0.004092227,0.003936429,0.003892103,0.003886514,0.00392016,0.004028369,0.003886887,0.003942703,0.00386608,0.004182835,0.003896401,0.00346972,0.003293289,0.003416673,0.003651951,0.003616033,0.003601499,0.003116092,0.003346203,0.003334841,0.004247385,0.003982453,0.00466513,0.003790247,0.003899195,0.004089099,0.004250491,0.004027748,0.00401458,0.003937578,0.004264299,0.004149312,0.003944254,0.004343966,0.004240168,0.004466134,0.004436885,0.004645757,0.004573716,0.005354805,0.004741594,0.00517191,0.005502639,0.005030091,0.005165289,0.005232417,0.005905703,0.005985377,0.006773436,0.006832879,0.00618267,0.00598509,0.005856903,0.005738467,0.005935243,0.005849966,0.005857564,0.005865152,0.005576751,-0.004466193,-0.03088005,-0.04379278,-0.04755662,-0.05084092,-0.04911111,-0.04658893,-0.03402198,-0.007140493,0.00255561,0.001382962,0.001682999,0.001081178,0.000870292,0.0005620521,-0.0005669242,-0.001737933,-0.002408861,-0.003002682,-0.002107277,-0.002769083,-0.003466769,-0.003396068,-0.004023896,-0.003966972,-0.005717062,-0.003631409,-0.004209112,-0.003949155,-0.003827241,-0.004243153,-0.00400015,-0.004217865,-0.005511912,-0.005269289,-0.006074319,-0.006372599,-0.006368862,-0.007720976,-0.007421833,-0.007433596,-0.007813764,-0.008407432,-0.00797985,-0.009626479,-0.008875048,-0.009298436,-0.008986123,-0.009097082,-0.008686914,-0.009123947,-0.009566517,-0.007859581,-0.007355283,-0.006970543,-0.006902747,-0.00781035,-0.006964816,-0.007215944,-0.007587755,-0.007582775,-0.008008462,-0.007754511,-0.007987863,-0.007533403,-0.008083624,-0.007725286,-0.00740109,-0.00693022,-0.007128682,-0.007564069,-0.006934922,-0.007120838,-0.007360003,-0.007244816,-0.007092497,-0.007159186,-0.006949833,-0.006872571,-0.00740758,-0.006965254,-0.007239656,-0.006794753,-0.006797792,-0.006574021,-0.006834811,-0.006606583,-0.006167156,-0.005813093,-0.005965678,-0.005721284,-0.005553021,-0.005316782,-0.00535826,-0.004798849,-0.004670837,-0.004781675,-0.005375952,-0.00432869,-0.004306965,-0.004693384,-0.006632586,-0.007449664,-0.007262076,-0.00664557,-0.006905617,-0.006186075,-0.005384052,-0.002698257,-0.001712875,-0.001775788,-0.001350805,-0.000779353,-0.0007124378,-0.00104098,-0.0002791685,-0.0003765681,-0.000487246,-0.000370618
DIP,0.0002049524,0.0002067826,0.0003359781,0.0002028279,0.0001614634,0.0001364835,9.439395e-05,0.0001028592,0.0001732685,0.0002474423,0.0003024036,0.0002299752,0.0002753668,0.0001298355,0.0002394527,0.0001194154,0.0001744425,0.0001289757,4.714362e-05,-2.953765e-05,2.196365e-05,6.941023e-05,8.094704e-05,5.845758e-05,5.362205e-05,0.0001084158,0.0002503779,0.0003673804,0.0003008246,0.000277963,0.0001411324,0.0001006101,-1.090741e-05,2.927305e-05,-0.0001734269,-0.0001011285,3.032649e-05,0.0001255009,0.0001986403,0.0003290831,0.000399373,0.0004746158,0.0004211293,0.0002992041,0.0002927363,1.262061e-05,-6.291136e-05,-0.0001307063,-7.223998e-05,-0.0001368968,-0.0001227411,-5.175375e-06,-4.960103e-05,-3.471594e-05,-9.191438e-05,-0.0001100724,-0.0001627562,-6.83651e-05,-7.319241e-05,-9.20717e-05,-0.0001120412,-0.0001161413,-7.797885e-05,-1.818375e-05,4.389395e-05,-4.154267e-05,-6.238187e-05,-0.0001807595,-0.0002031985,-0.0002249106,-0.0002138525,-0.0002573633,-0.0001975007,-0.0002804396,-0.0002931166,-0.0003107607,-0.0003512469,-0.0003389764,-0.0002292101,-0.0002436627,-0.0002506375,-0.0002323628,-0.0001217451,-0.0002410439,-0.00014576,-0.000146927,-0.0001584471,-0.0002173026,-0.00019364,-0.0003900734,-0.0004190634,-0.0005315024,-0.0007182038,-0.0006718424,-0.0005524841,-0.0004652417,-0.0003526227,-0.00023791,-0.000263095,-0.0002542015,-0.0002267494,-0.0001036953,-0.0001507369,-8.049435e-05,-0.0001622236,-0.000224459,-0.0001794566,-0.0002100065,-8.616166e-05,-0.0001739914,-0.0001057439,-0.0001832014,-0.00023996,-0.0002270304,-0.0002683681,-0.0001802059,-6.806215e-05,-1.129812e-05,0.0001326483,0.0001979657,0.0002044061,0.0002166851,0.0001750648,6.761964e-05,4.512189e-05,0.0002383069,0.0002037125,8.580674e-05,0.0002770715,0.0001716947,6.145459e-05,-0.0001349638,-0.0001618714,-0.000283471,-0.0003124599,-0.0003787593,-0.0003113092,-0.0001451591,-3.191685e-05,0.0001067631,0.0001742094,0.0001445525,-2.841897e-05,-8.807019e-05,-0.0001509803,-0.0002247793,-0.0002365953,-0.0003438292,-0.0003371273,-0.0003241737,-0.0002861048,-0.0002318934,-0.00013242,3.096166e-06,-1.101492e-05,0.0001113936,0.0001088222,-6.408493e-05,-7.471138e-05,-0.0001009091,-8.211654e-05,-0.0001049537,6.502734e-05,3.239818e-05,1.488094e-05,2.076008e-05,0.0001398033,6.202838e-06,7.763113e-05,7.214407e-05,9.507243e-05,6.588914e-05,0.0001232123,0.0001440514,0.0002402283,0.0001513487,0.0004152189,0.0003415674,0.0004019366,0.0003287578,0.0003455623,0.0002084633,0.0003795107,0.0004107568,0.0003667033,0.0004709347,0.000460444,0.0004256463,0.0004968834,0.0004075646,0.0004471363,0.000284794,0.0002539151,0.0002353903,5.241866e-05,0.0001982242,0.0001844979,0.0002709338,0.0003192299,1.083222e-05
DIP,-0.003109983,-3.514584e-05,3.500938e-05,0.0003151678,0.0001037313,0.0001335689,6.225248e-05,0.0001475816,0.0001637336,0.0001855371,-6.165885e-05,0.000530531,0.0001183798,-0.000251119,4.546291e-05,-8.409066e-05,3.048334e-05,0.0001311745,-0.0001225215,-0.0001330907,-0.0001091439,-0.0003084754,-0.0002414344,-0.0004305379,4.755262e-05,-0.0003103103,5.621915e-05,-0.0002290872,-5.669658e-05,9.24869e-05,-0.0001146694,-0.0004595906,-0.0002549641,0.0001185638,0.0001032713,0.0001870326,0.0002129268,-2.090269e-05,8.522821e-05,0.0004149234,-9.72999e-05,0.0003141226,0.000290063,-4.809076e-05,0.0001299542,-5.947801e-05,8.430025e-05,-3.835099e-05,0.0002969158,-4.826799e-05,3.281373e-05,0.000146051,-2.681339e-05,7.807631e-05,1.772221e-05,-0.0001523752,-1.074784e-05,0.0002305206,0.0002112532,0.000266652,-0.0001095381,4.797585e-05,0.0001725514,-0.0001488267,0.0001930695,0.0002575224,0.0006614315,0.0001013348,6.053917e-05,0.0003572362,0.0001823495,0.0001970916,-1.824191e-05,0.0003452149,0.0003291685,2.225817e-05,0.0003825283,0.0001989245,0.0004428547,0.0002507975,0.0001759285,-7.74622e-05,0.0002712848,-0.0001217898,-0.000163894,0.0001311538,0.000542358,0.0004145523,-2.512842e-05,0.0002203426,-1.059458e-05,0.0003638639,-0.0006776164,-0.0001325763,-0.0001278705,-5.597284e-05,-0.0002613484,-0.0005476122,-0.0001644013,-6.782006e-05,-8.973703e-05,-0.0002001129,0.0001089635,0.0002182881,3.243386e-05,-0.0001779335,-0.0002889162,-0.0001765027,-0.0001926317,-0.0006155596,-0.0002804592,-0.0001549292,-0.0003496054,-0.0001401098,-0.0002495602,-0.0001805405,-0.0001768674,-0.000175513,7.938225e-05,-0.0002411121,-0.0001191116,-8.373645e-05,1.320811e-05,-0.0003679311,-0.0002869711,-0.0003841345,-0.0002654974,0.0001092086,-2.582531e-05,9.930924e-05,-9.779568e-05,7.447525e-05,0.0001146249,8.934686e-05,0.0001489716,0.0002249714,4.204647e-05,0.0001289793,-4.964208e-05,0.0004940229,0.0004568303,0.0001158735,0.0004434406,-0.0001038742,-3.952618e-06,-0.0002287844,3.249345e-05,-0.0002342361,0.0001685423,-0.0001505884,-0.0001114982,0.0001676986,0.0001197725,0.0001588617,3.410408e-06,0.0001660425,-0.0001758653,5.285552e-05,0.0003349068,-0.0002373886,0.0001924851,4.007361e-06,0.0001796288,0.0002434889,-4.519611e-05,7.63961e-05,0.0002143079,0.0002771375,-3.792674e-06,-0.0002101853,0.0002222985,-3.580788e-05,0.0001358161,-1.949138e-05,-0.0005017594,-8.359518e-05,0.0004130957,0.0002168568,-7.673546e-05,4.625864e-05,-7.079489e-05,-0.0002532576,-0.0001226518,0.0001399101,5.907702e-05,-0.0001650496,-0.0001735481,-0.000302907,-1.83196e-05,-0.0005143794,-0.0002664232,-0.0003213706,-0.0002200992,-3.177889e-05,-0.0001098553,0.0001314415,0.0001108328,0.0002017276,0.0003587272,-0.0006227571
DIP,0.0007493657,0.0003570355,-0.000245449,0.0007343527,0.0001767285,8.530387e-05,0.0001686469,-0.0001765957,-0.0001206241,0.0001355898,0.0001737766,0.0002503459,0.0001748283,-0.0001183042,-0.001128883,0.0009103173,-0.0008888364,-0.0006516436,-0.0003245794,0.0007643512,-0.0001272946,0.0004471681,0.0001318574,-5.281639e-05,0.000300462,-0.0005332574,-0.001144473,-0.0004948956,0.0004727435,6.516276e-05,0.000517756,0.0002215263,-0.0005259311,-0.0007569497,8.423007e-05,0.000371902,-0.00012218,0.0003426743,-0.0006509975,0.0002093339,-0.0006265497,0.0005720514,0.001034543,0.0009961254,0.0003018696,-0.0001856551,-0.0005170196,0.0005195395,0.0005784695,-0.0001292321,-0.0003831339,0.0004536096,0.0003979589,9.948053e-05,0.0001894567,0.0004432793,0.0005691278,0.0005752179,0.0003848496,0.0004474506,5.971913e-05,-0.0005697904,-5.10551e-05,6.702816e-05,0.0007043858,-0.0004396152,-0.0004874709,0.0006503303,-0.0006032537,0.0003181332,0.0004481386,0.0005328599,4.578992e-05,-0.0008317644,0.0002410554,0.0004138379,0.0004208364,0.0009437549,0.0003434781,-0.0004564986,-0.0001576216,0.0008089457,-0.0002162337,-0.0003338225,0.0008615791,0.0003080152,-0.0007966438,0.000578479,0.0008341793,-1.591401e-05,0.0002022677,2.456229e-05,-0.0003653424,4.311635e-05,7.020631e-05,0.0002583301,-0.0009899456,-0.0002702599,0.0002518907,0.0005360891,0.0006589933,0.0005581921,-0.0001873697,0.001091672,0.0003494953,-0.0002983611,0.0005059196,0.0010271,0.0003972088,0.0003950392,1.730939e-06,0.0008390954,0.0006931234,-0.000113949,8.04939e-05,-0.0002351318,-0.0001384249,-2.768101e-05,0.0002693401,-0.001219418,-0.0004251852,-0.001294265,-0.00167306,-0.001451178,-0.0004549738,-0.00192333,-0.001330322,-0.0019568,-0.002560487,-0.004762501,-0.005166909,-0.0007616525,-0.0006509291,0.0006416074,0.0004959543,0.0002638555,-0.0001105146,0.0003208889,-0.0001394006,0.000680253,-0.0005470533,0.0003118689,0.0002687951,-0.000132214,0.0001778105,-0.0003153424,-0.0001754201,0.0005074003,7.786539e-05,-0.0009722027,-0.0002915739,0.0003776237,0.0002324477,-0.0002031726,-0.0002045262,9.566033e-05,0.0006856848,0.0003219569,8.495204e-07,-0.0009052062,-0.000218025,-0.0003827347,-0.0002516059,-0.0002911268,-0.0002833068,-0.0001710746,9.312069e-05,0.0001546978,0.0009483641,0.0002877697,-7.753858e-05,-0.000270564,-2.60948e-05,-0.0007550805,-1.789765e-05,0.0002871699,0.000383477,0.0001509259,-0.0001407849,-0.0002201382,-8.089774e-06,-0.0003471178,0.0004894331,0.0007029083,7.246362e-05,-0.000142803,0.0004716921,-0.0004228649,4.542221e-05,7.641107e-05,0.0006175797,-0.0004867311,-4.649685e-06,1.118632e-05,-0.001081072,0.0002244968,0.0006328489,0.0004348986,0.0007721037,-0.0005279431
DIP,-0.001049899,-0.002131602,-0.002474815,-0.0008379191,-0.0004583417,-0.0004813464,-0.0001716079,-0.0004738272,-0.0001530572,-0.0002467528,-0.0004677238,-3.490604e-05,0.0004729004,0.0002129386,-0.0001179431,0.0001980081,-0.0003016437,-0.0005632469,-0.0004528351,7.527136e-05,-0.0001751946,-8.823676e-05,0.0005837503,0.000409087,0.0003263037,0.001158116,0.00087693,0.0008160022,0.0004698623,0.00100435,0.001194339,0.001111323,0.001087163,0.001086286,0.0006917731,0.001325082,0.0009857275,0.0007036222,0.001387847,0.0007677387,0.0007954816,0.001009915,0.0009923602,0.000688796,0.0008618088,0.00112803,0.001341232,0.001072458,0.0005726792,0.0007315538,0.0005953133,0.0006425555,0.0004923321,0.0005064507,0.000754991,0.0007842046,0.0007314117,0.0007028197,0.0002647167,-0.0005398946,-6.784945e-05,2.900438e-05,-6.568259e-05,-0.0001327681,-4.226315e-05,4.836815e-05,-0.000625679,-0.000239942,0.0007980947,0.0004052137,0.0004359633,0.0002911813,0.0002199837,0.00045866,0.0005219455,0.0002415115,0.0005763982,0.0001382386,0.0004455344,0.0005236508,0.0003188481,6.675762e-05,-0.0001062441,0.0002443414,0.0001304939,-0.000109735,-0.0001819471,0.0001192558,0.000116014,-4.221981e-05,0.0001319568,0.0001018576,1.560694e-05,-0.0002329932,-0.0001206974,0.0002764199,-0.0001926963,7.141692e-05,-8.866213e-06,-0.0001563461,-0.0002545835,-0.0002242531,-0.0004903173,0.00019606,0.0002393566,-0.0003640083,-0.0004407124,-0.0005767763,-0.000218986,-0.0005154616,-0.0006614795,-0.0008551312,-0.0008182884,-0.0005296583,-0.001016165,-0.001304765,-0.0004737464,-0.0008185172,-0.0008124546,-0.0005764802,-0.0009016188,-0.0009647579,-0.000799051,-0.0007030584,-0.0006877233,-0.0008601885,-0.0009180077,-0.0008668472,-0.001155304,-0.0006981106,-0.0006979928,-0.0009922662,-0.0006291209,-0.000699307,-0.0007948892,-5.629225e-05,-0.000478091,0.0001735333,-0.0002878906,-0.0002254224,-0.0003211144,-0.000752353,0.000171281,0.0006106292,-4.317145e-05,7.278832e-05,-1.538251e-05,0.0006954615,0.0001563748,-9.261859e-05,9.08685e-05,-2.450953e-05,-0.000189625,-0.0001951662,5.77628e-05,-5.600934e-05,-9.485503e-05,0.0002393051,2.888604e-05,0.0003503522,-0.0002991277,0.000124876,-0.0002775431,4.680955e-05,0.0003712327,6.368214e-06,-0.0001318817,-0.0002319054,-1.918873e-05,-0.0001959758,-0.0002361284,0.000240416,1.737475e-05,-0.0005057867,-0.0007962153,-0.0005455225,0.0001055562,-0.0002777787,1.366199e-05,-0.0002837227,0.0002385254,0.0006699415,7.296904e-05,0.0003609164,-1.187968e-05,0.0001646697,0.0001400303,0.0004651522,0.001271058,0.0001038493,0.0005067947,0.0004049135,0.0001691092,-0.0005296174,0.0001734421,-0.0005373539,7.418652e-05,-0.0002344044,0.0003923255,-0.0007583627
DIP,-0.0006525606,-0.0001290709,-6.602817e-05,8.352723e-05,8.798402e-05,0.0002076827,3.192643e-05,0.0002054171,6.189355e-05,0.0001665379,0.0001410986,6.834566e-05,6.294784e-05,0.0001171701,0.0001553216,3.470651e-05,0.000187979,3.73292e-05,1.01874e-05,0.0001055199,0.0001229901,9.7339e-05,9.227929e-05,1.818839e-05,-0.0001171689,3.49994e-05,0.000160717,5.944066e-05,0.0001572362,-1.783295e-05,-3.732837e-05,6.50796e-05,-1.017194e-05,-6.631439e-05,2.133748e-05,0.0001133098,-4.57223e-05,-3.571748e-05,-0.0001697816,-0.0001872009,6.160321e-05,-9.619877e-05,-0.0001310795,-0.0001322136,-0.0002084746,-5.708363e-05,-0.0001186292,-0.0001608692,-3.198897e-05,-4.332178e-05,-7.393451e-05,-0.0001618952,-5.894085e-05,-0.0001699006,-0.0001936091,-0.0001202376,-0.0003252582,-0.0001332786,2.925246e-05,-8.630574e-05,-4.354599e-05,-0.0001060158,1.692516e-05,-0.0001740118,-3.795492e-05,0.0001473957,1.083107e-05,6.139521e-05,-0.0001362475,0.0001116872,6.167144e-05,7.762903e-05,0.000107526,8.438592e-05,0.0001363373,-1.579104e-05,2.730691e-05,0.0001890915,4.620022e-06,-1.709323e-05,0.0001428045,8.796405e-05,1.994308e-05,5.848128e-05,0.0001223389,0.0001935023,0.0001055852,0.0002010358,5.573961e-05,0.000251555,0.0001642333,0.0001301469,9.764353e-05,0.0002004055,1.197849e-05,0.0001263799,0.0001185908,-0.0001572435,2.737763e-05,-0.0001126349,-2.51585e-05,2.861825e-05,0.0001099757,2.853837e-05,-5.405845e-05,9.182183e-05,7.994219e-05,9.221735e-06,-7.626097e-05,-1.334975e-05,4.813364e-05,-5.699393e-06,-7.080552e-05,0.0001538786,0.0002622741,-4.121081e-05,-6.337636e-05,0.0001795411,7.056878e-05,-5.29604e-05,-2.805161e-05,-1.479672e-05,0.0002124985,0.0001000654,-0.0001190336,4.547888e-05,-4.824098e-05,7.744584e-05,0.0002266645,0.0002337936,7.986954e-05,0.0001514236,-9.826984e-05,-2.254496e-05,-3.874539e-05,6.513119e-05,-3.244078e-05,9.88201e-05,-4.499689e-05,-0.0001748863,-0.0001226564,2.9442e-05,-1.366011e-05,-7.949201e-05,-4.421292e-05,8.921898e-05,-4.972706e-05,-7.916906e-05,-3.014177e-05,9.037706e-05,4.75993e-05,0.0001368372,0.0001800668,0.0001695494,-1.59325e-05,-0.0001206087,-0.0001085627,-0.0002053945,-1.911753e-05,0.0001438393,-3.227354e-05,-0.0002266262,1.786956e-05,-7.312169e-05,-7.175962e-05,-3.525984e-05,0.0001472608,-4.888667e-05,4.831837e-06,3.549118e-06,1.666888e-05,-4.148232e-05,3.912564e-05,2.149323e-05,-8.542374e-05,-2.042818e-05,-0.0001006008,1.253912e-05,0.0001092118,-5.292804e-05,4.111762e-05,-9.813862e-05,-5.279343e-05,7.689751e-05,-5.212062e-05,-6.070541e-05,4.890414e-05,0.0001232256,4.978845e-05,3.055531e-05,-9.241689e-06,-7.115455e-05,5.438499e-05,0.0001053327,-5.601918e-05,-2.358921e-06,0.0001781839,0.0001360237,0.0001359342,-0.0002049629
DIP,0.001003698,-0.0003649268,-0.0004358878,-0.00137534,0.001072463,-0.004008145,-0.001398049,0.001755129,0.001641652,-0.000936279,-0.002660953,0.001030469,0.00280881,0.001703551,0.001087382,0.0008377426,0.002329068,0.001177492,0.0001737429,0.001910859,-0.001324833,0.001129157,0.001433155,0.001636528,-0.0004843835,-8.033279e-05,0.0001618632,0.0007721055,-0.001261692,0.0004564844,0.0003678262,0.001570634,0.000689858,0.0004189247,0.00113731,0.002845703,0.0009907583,0.0006851326,-0.002707586,-0.0003394087,-0.002462143,-0.0002406799,-0.0008875979,0.001500007,0.001556093,0.001003541,0.001999757,0.004945229,0.00300839,0.0007741723,0.002743099,0.004441621,0.003439616,0.001221013,0.002595644,0.004342328,0.002021131,-0.0008044341,0.0006679141,0.002867763,0.003370069,0.002911949,0.003171762,0.003582775,-0.00275555,-0.0005295197,-0.00279914,-0.001535073,-0.001446671,0.0007297075,-8.140362e-05,-0.002054607,0.005271063,0.002403049,-0.001636671,-0.0003374841,-0.0006481941,0.0004327381,0.002268513,0.002441093,-0.001608162,-0.0008932361,-0.001397295,0.0008730083,0.0007643472,0.000217076,-0.0006880959,0.001799148,-0.0008498617,-0.001566522,0.0004678936,-0.004441584,0.001199891,-0.002023767,0.001834996,-0.001465755,0.001974599,0.002093882,0.002301759,0.00265671,-1.222698e-05,-0.002552426,-0.001705261,0.001573268,0.003117485,0.0003530365,0.000472736,0.0008118131,-0.002086727,0.002422715,0.0007245649,0.002926763,0.001042896,0.00238241,0.001148721,0.001745711,0.000320875,0.001689346,0.002252016,0.001296474,0.003949872,-0.0004021828,-1.384331e-06,-0.001638483,0.0006253573,0.0007611496,0.0003619119,-0.0009039796,-0.0002106757,0.0003714268,0.0003700338,-0.003071991,0.002398199,0.00266281,-0.0005514357,-0.001844562,0.003741634,0.002236345,0.0005448181,0.0006266988,0.00389213,0.0007141691,-0.0003644133,0.001586384,0.001136431,0.002044322,-0.0009050927,-0.0004318088,-0.000792882,-0.002273725,-0.001385236,-0.001695117,-0.001512266,0.002222957,0.001004617,-0.0002217553,6.10131e-05,0.003919948,-0.001264947,0.002783148,4.098222e-05,0.00140675,0.0005205169,-0.0008404842,0.002131526,0.002925551,-0.003499111,-0.002261917,-0.007685115,7.012108e-05,-0.00301048,-0.001544259,-0.004752715,-0.00341308,-0.003334553,-0.004357132,-0.007135253,-0.004902787,-0.01278964,-0.005908701,-0.01099642,0.0001695698,-0.003061612,-0.004272638,-0.0004032503,0.001587554,0.001311481,-0.001369172,0.001962777,-0.001846172,0.01586976,0.003237565,-0.001333633,-0.000614948,0.002784182,-0.002432652,-0.001189155,-0.002363014,-0.002008406,0.0004236311
DIP,-0.002413885,-0.001263327,-0.001064062,-0.001108722,-0.0005511008,-0.0001610457,-0.0005157227,-0.0006824723,-0.0004545198,-0.0008551385,-0.001166537,-0.0007690729,-0.0004003347,-0.0003670518,6.59935e-05,-0.0005472089,-0.0006025098,-0.0004798708,-0.0002260588,-0.0008124967,-0.000104813,0.0008828987,-0.0005887999,-0.0009185596,-6.469769e-05,-0.0003592739,-5.715554e-05,-8.364574e-05,-0.0007633546,-0.000441927,-0.0001800705,-0.000177365,1.707922e-05,-0.001012216,-4.954932e-05,-0.0005201343,-0.0007172597,-0.0009929383,-0.001256909,-0.001007054,-0.001304343,-0.0007216829,0.0002809835,-0.0007209971,-0.0006889727,-0.0005585907,-0.0003927485,0.0007252314,0.0005202907,0.0006404037,-0.0002926371,0.0002282674,0.0002757693,0.0002296685,0.0006433408,0.0002620884,0.0003945738,0.0008046308,0.000942788,-8.367786e-05,0.0002268945,0.0009353607,0.001164401,-0.0002657145,0.0006564824,0.001036067,0.0003575916,0.0007535134,0.0007463173,0.001113015,0.001363519,0.001755899,0.00124934,0.0004756259,0.001557826,0.00101038,0.001180231,0.00057545,0.001059594,0.001636137,0.001603975,0.001045102,0.001096073,0.001683074,0.001912145,0.001095672,0.0006045179,0.0005410202,0.001824631,0.001169789,0.0008794751,0.001815986,0.001197099,0.001078061,0.0009821593,0.0006065749,0.000995646,0.001684228,0.0009469517,0.001934083,0.00131822,0.001045976,0.0004247824,0.0009039118,0.0004468937,0.001110175,0.0009965876,0.001421706,0.00176437,0.001409412,0.0007882355,0.001187698,0.001254234,0.0004108006,0.0003743198,0.00078811,0.0008759178,0.001083053,0.0004164094,0.00116908,0.0006783527,0.001268119,0.0005354287,-1.214673e-05,0.001041405,0.0001260053,1.905894e-05,0.0008742031,0.001156865,0.0003175263,-1.906532e-05,-0.0001537748,-0.0001053292,0.0006123526,0.0002363635,0.0009609674,-0.000151869,-0.0004650476,6.149359e-05,-0.0007966268,-0.0001942037,-0.0002112163,-0.0004565027,-0.0004061644,4.633773e-06,-0.0001447397,-0.0002822923,5.092435e-05,-0.0005232567,7.399932e-05,-0.0002582111,4.413533e-05,0.0003741395,0.0001828645,-4.789158e-05,0.0001154944,-0.0002056141,-0.0003396472,-0.0005816816,-0.0006838195,-0.00030841,-0.0002493375,-0.0006995735,-0.001103388,-0.0002480587,-0.0005053406,-0.0005713465,-0.000376317,-0.001234857,-0.0005346264,-0.000468709,-0.000524902,-0.0007893436,-0.0005206161,-0.001362093,-0.0004186327,-0.0007805461,-0.0008289894,-0.0002387187,-0.001599671,-0.0001844485,-0.001191645,-0.0004823877,-0.001179313,-0.001575398,-0.0003355567,-0.001249006,-0.00124412,-0.001390052,-0.0008220666,-0.001838602,-0.001469872,-0.001411841,-0.0009724252,-0.001409821,-0.001136348,-0.001209018,-0.001942309,-0.002022554,-0.001935866
DIP,-0.0001084771,-0.0001843456,-0.0001689981,-0.0001802915,-0.0001675553,-0.0004419067,-0.0002249109,-0.000227098,-0.0004367384,-0.0004899472,-0.0002802612,-5.404533e-05,-0.0002765554,-0.0002498463,-0.0002361734,-7.734408e-05,-5.797706e-05,-0.0002530291,-4.448349e-05,-0.0001128031,-4.430231e-05,-0.0001404463,-0.0001953777,-0.0002921805,-0.0002042291,-0.0001921321,1.884737e-06,-9.682505e-05,1.265863e-05,-5.162953e-05,-6.558114e-05,6.53761e-05,-6.041803e-06,-0.0001245361,-0.0001304831,-7.487694e-05,-0.0002393408,2.361417e-05,-8.059479e-05,-0.0001898927,-0.0003316304,8.172302e-06,-4.038707e-05,-0.0001066721,-0.000105828,1.18776e-05,0.0001485835,0.0001152865,-0.0001251875,-0.0002821181,1.346209e-05,0.0001652182,0.0001877024,-9.466803e-05,-2.930888e-05,0.0001786621,-0.0001232494,0.00031731,7.608064e-05,2.681595e-05,0.0002305079,0.0002536601,9.750287e-05,-8.270166e-05,8.995368e-05,0.00011271,2.417602e-05,0.000252254,-5.010925e-05,0.0001501519,0.0001212919,-3.918495e-05,4.655729e-05,0.0002184646,0.0003189012,-2.354033e-05,-0.000194777,9.647756e-05,7.457959e-05,0.0002673434,-3.082068e-05,0.0003780149,0.0001255619,6.366069e-05,-3.838276e-05,0.0004275203,9.456775e-05,0.0002419714,0.0001503439,0.0001213544,0.0003419138,0.0002056787,0.0002791031,0.0002483533,0.0002235367,0.0002685621,0.0004174251,4.697535e-05,0.000304752,0.0003038411,-0.0001312767,0.0001322787,0.000164008,0.0002532166,0.0003135143,2.823959e-05,0.0003567551,0.0003217859,0.0003186435,0.0003680324,0.0003013373,0.0003400734,0.0001146238,0.0001885987,0.0004572152,1.706579e-05,7.14542e-05,0.0005023652,0.0002267901,0.0001038946,8.717999e-05,0.0002348397,0.0002674576,0.0002769812,0.0004646518,0.0002433459,0.0001984408,4.390547e-05,0.0003677378,3.722269e-05,0.000413297,0.0002618409,0.0001691618,0.0002788688,8.750858e-05,0.0001890445,7.755537e-05,3.329509e-05,0.000135718,0.0001578074,0.0002030476,0.0001005694,2.52733e-05,4.073084e-05,7.69977e-05,6.873911e-05,-3.017431e-05,8.486061e-05,0.0001017,9.892323e-05,-1.21484e-06,-0.0001411837,3.271043e-05,3.944103e-05,0.0001189679,-0.0001313786,-2.241299e-05,-0.0001967157,0.000106,-1.233506e-05,4.501772e-05,5.777238e-06,-2.879672e-05,-0.0002125592,-0.0001155928,-0.0002682821,-2.844603e-05,-4.088032e-06,-6.848919e-05,-1.077852e-05,-0.0001621607,-9.916641e-05,-5.60742e-05,-0.0001794298,-0.0002785532,-2.701649e-05,-2.898183e-05,-0.000400061,-5.667555e-05,-8.522082e-05,-0.0004459873,-0.0002169133,6.835574e-05,-0.0002977918,-4.409521e-05,-0.0002293725,-0.0001918259,-0.0002832991,-0.0003287549,-8.188152e-05,-0.0001414487,-2.403505e-06,-8.974234e-05,-5.37044e-05,-2.048181e-05,-1.025556e-05,2.880134e-06,-4.511124e-06,-0.000257131,-0.0001822263
DIP,0.9912124,2.434951,1.724618,0.7559806,-0.08143923,-0.508348,0.5045112,0.70989,0.606833,0.1533845,2.238771,1.448996,-1.141646,-5.36142,-6.012064,-5.871281,-2.421341,-0.7585866,-2.988945,1.084815,0.4258562,1.714115,0.5553592,1.882596,1.493199,-0.2637331,1.287012,0.7927534,0.09105301,-0.3364765,-0.8206831,-1.956085,-0.3855487,0.5543423,-0.09756383,0.6658835,0.005913481,0.04953118,0.5860014,-1.119392,0.1482727,-0.5106378,1.572516,-0.072753,-0.1096889,-0.359576,0.2027283,1.15679,2.049833,0.4114951,2.875173,1.110322,0.3327944,1.010351,2.743204,1.777575,1.213207,1.930297,1.447707,1.054891,0.3153127,0.48829,0.903051,-0.7028328,0.4596668,1.210612,-0.8272751,1.181609,0.6127672,-0.3983297,0.756649,0.07518345,0.537762,0.6411846,-1.828066,-2.843016,-1.662728,-0.2134585,-1.735299,-0.7310014,-1.657061,-2.428123,-1.676228,-0.3719272,-2.091334,-1.365697,-1.238686,-1.736416,-0.9679757,-1.635937,-0.7282632,-1.83409,-1.008061,-1.337288,-1.758685,-1.212554,-1.505864,-1.630846,-2.028467,0.0908016,-0.5164874,-0.3198071,-1.068036,0.6145009,-0.08632731,0.8937749,-1.399945,0.1312377,1.662061,0.1150135,-0.5871645,0.7747187,0.9054356,0.3025373,1.412588,3.977088,1.228795,0.3257716,-0.5040243,-0.0158688,-0.2166103,-0.01459516,0.5753335,-1.747971,0.367077,1.386741,1.342682,-1.07726,2.572722,0.8909429,1.142879,-0.2402223,0.7894883,-0.03421924,0.9727757,0.1569711,0.9529651,0.2854083,0.4855868,0.3424299,-0.5655165,-0.06020376,0.6373551,-0.4276091,-0.2812933,-0.2898369,0.4742269,0.7733688,-1.094128,-1.047864,0.3683548,-0.1256803,-0.7301649,1.227387,0.05303673,-1.143367,-0.3545117,0.5395033,0.9428771,1.311475,-0.07442575,0.4653417,-0.6402369,-0.9989349,-1.208866,0.6972545,0.4221966,0.3239439,0.4544377,0.2225139,0.2301622,0.3349247,-0.5511065,-0.3114643,1.124306,0.9121898,1.13296,0.8422913,-0.3319251,-1.400391,0.32036,-0.3962294,0.2016779,-0.3469401,1.008915,-0.06831141,-0.1990789,1.253585,1.410895,1.086469,0.9129257,-1.476026,0.7670617,-0.2057168,-0.1166592,1.089509,0.2936635,-0.5921548,-2.91764,-0.3849834
DIP,-0.003062164,-0.0006247969,-0.000535194,-0.0003686015,-0.0008439856,-0.0009884698,-0.0008174514,-0.0007550291,-0.0004934397,-0.0005726974,-0.0007083971,-0.0002947903,-0.000272523,-0.0001786407,-0.0001263193,-0.0002710216,-3.012113e-05,4.507046e-05,0.0001913119,-0.0003189913,-0.0004174464,-0.0002244806,-0.0001030865,-5.941112e-06,-6.677245e-05,0.0001873941,0.0003435161,0.0001461351,0.0003521011,0.0001097273,0.0004637454,0.0001403745,7.650966e-05,0.0001633358,9.788143e-05,-7.508524e-05,0.0002925837,7.250927e-05,-0.0002242399,-0.0004948907,4.331286e-05,0.0002566306,-0.0004124903,0.0002406766,0.0003342288,0.0003123883,9.14436e-05,0.0003267877,0.0001588737,0.0001392515,-3.849969e-05,-0.00015748,0.0002341534,-2.002835e-05,3.194572e-05,-0.0004610434,1.1934e-05,-0.0001383428,0.0001371255,0.0001959797,0.0003226614,0.0001395896,0.00015101,0.00027648,-8.250114e-05,-5.721713e-05,1.900148e-06,-0.0005715994,-0.0005724498,-0.0007432225,-0.0005818987,4.935403e-05,0.0003073287,0.0004600255,0.0001810661,-5.098079e-05,5.477339e-05,7.24617e-05,-4.623531e-05,-0.0003882375,-0.0002106571,-0.0006823394,-0.0003130446,-0.0002395449,-0.0005229997,-0.0008486303,-0.0006923032,-0.0007248583,0.000146359,0.0001984641,0.0005516475,0.0003132348,0.0001112328,-0.0002249307,-0.0001398393,-0.0004421427,-0.0003245902,-0.0004386558,-0.0002631181,-0.0001920115,-0.0003465686,-0.000420531,3.445358e-05,-0.0002263031,-0.0006425678,-0.0006550167,-0.0004313701,-0.0009241683,-0.0008671001,-1.559308e-05,0.0005399091,0.0002073715,0.0003784178,0.000414019,0.0003687197,0.0001802021,0.0004334395,0.0002653016,0.0001186277,0.0002728896,0.0003174926,0.0003944683,0.0005196829,0.0005264884,7.657402e-05,0.0003115565,0.0003213909,2.541903e-05,0.0002741258,0.0003735751,0.0002460713,0.0003028722,5.357985e-05,0.0005256918,0.0004527261,0.0001778535,0.0002538867,0.0002916584,0.000499879,0.0002952401,0.0003785976,0.0002049131,0.0002651127,0.0001410168,0.00024801,0.0001943203,0.0002863347,0.0005968317,0.0004184258,0.0004064541,0.0003995832,0.0006132785,0.0003903322,0.000505606,0.0004892483,0.0004774857,0.0003579142,0.0005357026,0.000483876,0.0006322548,0.0002579339,0.0005695479,0.0002906499,0.0002354197,0.0001477928,9.580707e-05,-0.0001235586,-5.483775e-05,-0.0001791652,-0.0003062394,-0.0002829626,-0.0003234128,-0.0005118579,0.0003822446,0.0003666055,0.0002786474,0.0004876497,-0.0006682042,0.0005067778,0.0007526896,0.000297609,0.0002457348,-0.0002038238,-0.0003868985,-0.0003843099,-0.0001913084,-0.0006685976,-0.0006592479,-0.0002703771,-0.0003357323,-0.0002805012,-0.0003475544,-0.001097698,-0.001175154,-0.0009513559,-0.0009014371,-0.0008805956,-0.001062769,-0.0008768863,-0.0005078139
DIP,-0.0001095442,0.0002622899,0.0001715211,0.0001870484,-1.722824e-06,-0.0001108549,-7.09524e-05,2.104121e-05,-2.914821e-05,1.980494e-06,0.0001058909,1.9574e-05,8.035803e-05,-2.814083e-05,-8.522908e-05,-0.0001478408,6.646167e-05,0.0001622025,8.734252e-05,0.000171373,-5.269347e-05,-7.904295e-05,-9.846961e-05,-0.0004764184,-0.0006647203,-0.000431797,-0.0001084803,0.0002297991,0.0002182545,-8.79401e-05,4.158258e-05,-2.767072e-05,-0.0001076516,3.383058e-06,9.738776e-05,0.0001182937,0.0001240002,-6.681278e-05,0.0001801208,-2.338628e-05,8.479392e-05,0.0001270189,0.000335757,-6.104079e-05,1.430296e-05,-6.309936e-07,6.689501e-05,0.0002505496,0.0001901452,8.989615e-05,0.0003639508,0.0004943345,0.0003208087,0.0001882721,-2.312312e-05,-7.999185e-06,0.0001123692,0.0001846565,-6.462623e-05,-7.000349e-05,-1.498094e-05,4.031025e-05,0.0001303779,0.0001184856,0.00026659,0.0001443478,0.0001245445,0.000256275,0.0001160524,-0.0002475435,-0.000231355,-0.0002264697,-7.706383e-05,-0.0001056551,-0.0002879299,-0.0001729298,-8.396654e-06,1.826303e-05,0.0001708718,0.0002750026,-1.748911e-05,0.0002117456,0.0003505438,0.0002626811,0.00027949,0.0002404046,0.0002175971,0.0002405453,0.0001585087,-6.435395e-05,-3.044981e-06,0.0001029003,0.0001298341,-7.274603e-06,-4.945204e-05,1.120681e-06,0.0002000637,6.744761e-05,0.0001129382,0.0001767875,2.99034e-05,0.0002608071,-1.458027e-05,-0.0002769594,-0.0003983315,-0.0007121917,-0.0007331556,-0.0004641647,-0.0002627848,-7.959667e-05,-0.0003652428,-0.0004251935,-0.0004923793,0.0001101854,0.0003225697,0.0004033739,0.0004465719,0.000133536,0.0002962942,0.0002415385,9.833803e-05,0.0001707771,0.0001934301,5.769342e-06,0.0001137196,0.0005104539,0.0003035958,0.000179907,0.0001359926,-5.579328e-05,0.0001010481,-3.141408e-05,3.477583e-05,-0.0002267965,-0.0003381729,-0.0001067525,0.0001554101,0.0002028642,-1.035202e-05,-0.0002858394,-0.0002967342,-0.0001642753,3.751791e-05,9.74307e-05,-0.0003504963,-0.0002876742,-0.0001161492,7.732515e-05,0.0002083478,0.0001361789,0.0001655031,9.805752e-05,-2.265347e-05,-0.0001237459,-0.0001725165,-0.0003511624,-2.646095e-05,0.0001273757,8.421371e-05,-0.0002715296,-0.0003252099,-0.0003949516,-0.0005677119,-0.0006265118,-0.0008827471,-0.000985381,-0.0008676414,-0.0005174093,-9.004692e-05,-0.0001082547,7.195703e-05,0.0002944129,0.0002130185,0.0001266433,0.0001525839,0.0002055846,0.0001988503,-3.928688e-05,-0.0002309932,-9.511442e-05,-0.0001147412,4.367458e-05,-0.000113292,-0.0003529785,-0.0006150747,-0.0004896882,-0.0003749813,-5.26985e-05,0.0001127767,0.000103115,-1.446195e-05,0.0003085555,0.0004246202,0.0002539957,0.0002834528,0.0003110746,0.0003389276,0.0001519105,2.291753e-05,-0.0002023124
DIP,0.00138553,0.001609273,0.00207015,0.001678557,0.00175125,0.001885055,0.001886992,0.0014538,0.001161351,0.0008396364,0.0004379184,0.0006714668,0.0002986302,9.903478e-05,-2.710116e-05,0.0002164387,0.0001425761,3.284216e-05,2.603839e-06,0.0007344159,-0.0005480176,-0.0007780039,-0.001487194,-9.318393e-05,-0.001302667,-0.0006797842,-0.0002874914,-0.0002400141,-0.0005409366,4.384972e-05,0.0002278975,-0.0001549971,-0.0007117308,-0.0003530673,2.278881e-05,-0.001648877,-0.002286064,-0.002151718,-0.002237711,-0.0002432924,-0.0004116031,-0.0002748885,0.0003537154,-5.243665e-05,-0.0005653466,2.516896e-05,9.748995e-06,3.763565e-05,-0.0001360491,-0.0009839362,-0.0003690484,0.0002421723,-3.509748e-05,-0.0004460538,-0.0008227997,-0.0001356366,-0.0004740533,-0.000594703,-0.0001718245,-0.000120586,-0.0003433006,-0.0002970485,-0.0008646948,-0.0004860651,-0.0008117866,-0.0008132836,-0.0004388773,-0.0007708806,-0.001434967,-0.001871802,-0.001186415,-0.001158047,-0.001147697,-0.001280614,-0.001323702,-0.001701415,-0.001445391,-0.0009837571,-0.001227223,-0.001778846,-0.001350353,-0.001145611,-0.001622338,-0.001008088,-0.0003537369,-0.000829104,-0.0009549597,-0.0006800057,-0.0008935842,-0.0007334096,-0.0004674187,-0.0008142598,-0.0008251641,-0.0002715017,-0.0004123453,-0.0003473878,-0.0009925086,-0.0005665317,-0.0005104592,-0.0003247725,-0.0001011064,-0.0005963343,-0.0002547725,-0.0004840235,-0.000159388,-0.0006885054,-0.0009017814,8.991194e-05,0.0001475008,-5.70919e-05,0.001651615,0.001774168,0.001626874,0.00132657,0.001845101,0.002410473,0.001525069,0.001824453,0.002539074,0.001651421,0.001932671,0.001058551,0.002400874,0.0007680515,0.001268107,0.001062315,0.0008006429,0.00116629,0.001188171,0.000403928,0.001241657,0.000755025,0.001329046,0.0005484819,0.001295832,-0.004740869,-0.02339438,-0.02693348,-0.02713631,-0.0193304,-0.00134117,0.0007595645,0.0005015907,-0.0007583534,-0.0006441138,-0.0002353362,0.000382165,-5.892971e-05,-0.0006282876,4.534969e-05,6.682181e-05,-0.0002922686,0.000796599,-3.644896e-05,-9.364454e-05,-0.0002748354,-0.0007216422,-0.0001584546,-0.0004175821,0.0006094373,-0.0005273127,0.0003214072,0.0001432536,-0.0001418011,2.490832e-05,0.0001416861,-8.865832e-05,3.55454e-06,-1.617349e-05,0.0005840826,0.0002237576,0.0009921844,-0.0006034456,0.000681567,-0.0003892276,0.0003323749,0.0002656045,0.0001882778,-4.991176e-05,0.0002750723,0.001105766,0.0009582882,0.001455394,0.0007233781,0.0009322046,0.001122643,0.00089856,0.0008907136,0.0006548691,0.0007068925,0.0007775429,0.0006023952,0.0003219653,0.0007312346,0.0007371361,0.0004188053,0.0005509018,0.0005980404,0.001398178,0.001674508
DIP,2.12662e-05,0.000144162,7.882582e-05,0.0003280008,0.0005605135,-9.91931e-06,0.0004738447,0.0002880674,4.441166e-05,0.0005496823,0.0001935703,0.0003735856,0.0003990371,0.0007058343,1.498507e-05,0.0002727605,-5.84256e-05,-0.0001604935,0.0001215532,0.0002681717,-0.0001269679,1.387074e-06,-0.0002227957,-0.0003135051,-0.0004819421,-8.42556e-07,0.0001010459,2.054431e-05,0.0005066151,-4.427638e-05,0.0002280585,0.0004628072,0.0004303368,-8.768837e-06,-0.0003908826,-0.0005068863,0.0001946758,-0.0003112849,-0.0001415484,-0.0003661958,-0.0004043028,-0.0001255792,0.0001798096,0.0001275301,-0.0005727462,-1.606175e-05,-0.0002319106,-0.0006143842,-8.041329e-05,-0.0002010122,-2.393144e-05,4.305772e-05,-0.0002282472,-0.0001166962,0.0001802973,6.542597e-05,-0.0001319222,0.000232133,0.0003113395,9.718764e-05,0.0004346005,-1.158829e-05,2.722381e-05,7.104382e-05,-0.0002027806,0.0002956533,0.0002979769,0.0002321468,0.0001611786,9.243091e-05,0.0001511847,-2.719899e-05,0.0001109772,0.000127983,0.0002442411,-0.0004902179,-5.900407e-06,0.0001094065,-2.887452e-05,0.0003834208,4.101752e-05,-8.222215e-05,-0.0002540306,0.0002270409,-2.832623e-05,0.0003655498,-0.0001186569,-0.000489642,-0.0002525342,9.625193e-05,-0.000203559,-9.79289e-05,-0.000295719,-2.685113e-05,-9.229509e-05,6.358758e-05,0.000234638,7.713789e-05,0.0003065567,-1.560185e-05,0.0003640596,0.0001089101,-0.0001237872,-8.566405e-05,-0.0001199712,9.68501e-05,-0.0006684852,-0.0004575356,-0.0002292561,-0.0003481982,-0.0003083956,-0.0003620331,-0.0003447073,8.382804e-05,0.0001019419,-3.272261e-05,-2.22309e-05,7.403804e-05,-0.0002329856,-0.0001938696,0.0001404601,-0.0004077217,0.0001653837,-0.0004225889,4.780311e-05,-0.0002462188,7.778461e-05,0.0002704781,-9.620607e-05,-0.0001709378,-0.0001877529,-0.000189775,7.805391e-05,-0.0002259874,-0.0007360011,0.0002172457,-0.0002374436,0.0002061345,0.0001821825,0.0001733477,0.0003018954,0.0006163152,0.0003357773,0.0001095136,-0.0002199399,0.0004187294,0.0004090025,4.234167e-05,0.0003168061,0.0006547504,0.0004760429,0.0003537954,0.000286884,0.0005004205,-3.00868e-05,-0.0001271983,2.849977e-05,0.000699657,7.034337e-05,0.0004498105,0.0003585062,-0.0006160518,-0.00142848,0.004230448,-0.001562721,0.0003577191,-0.0002431193,-0.0002588999,-0.0001920424,0.0001707494,-0.0001994154,0.0002391727,-6.957292e-05,-0.0002551385,2.680208e-05,-0.000520515,-0.000314838,-0.0003095375,0.0001823364,0.0005094261,-5.202271e-06,0.0003327567,0.0001733375,8.428621e-05,0.0004475467,8.93937e-05,0.000295338,0.000163117,0.0004123991,-0.0003015995,3.184405e-05,0.0004412573,0.0001465441,-0.0003616099,0.0002460803,-0.0001414281,-0.002408944,-0.003610778,-0.004310559,-0.001348736
DIP,-0.0001430797,-0.0004238416,-0.0003947089,6.475169e-05,-0.0002381815,0.0002400544,7.636134e-05,0.000327109,0.0001195039,6.594481e-05,0.000244578,0.000260091,-0.0001100085,0.0006206724,0.0003938503,0.0003834779,-0.0003615157,-0.0007973742,-6.224809e-05,-0.0003732148,-0.0002809805,-0.0001058298,-0.0002169963,-0.0002054094,8.340908e-05,3.314941e-05,-2.685245e-05,0.0001064051,-0.0001296838,-0.0002757395,0.0001342684,0.0003306872,0.0002187288,9.201735e-05,-1.257188e-06,-9.828456e-05,0.0003121722,0.0006054828,0.0004687556,-1.566199e-05,-0.0001739486,-6.860476e-05,-7.465448e-05,-6.125665e-05,-0.0002132544,5.346999e-05,-0.0005866312,-0.0001765117,0.0002194742,-0.0007386055,5.664053e-05,-0.0006405198,9.189969e-09,-0.0004270726,0.0005067092,7.599845e-05,-0.0002057174,-0.000553791,0.0005213238,-0.0001153249,0.0001873426,-0.0004660118,-0.0004866717,0.000421663,-0.0005614489,0.0002165776,-0.0006836572,-4.092457e-06,-0.0004921044,4.149704e-06,-0.0001261195,-2.139013e-05,0.0002862142,0.0006050245,2.561908e-05,0.0005776695,0.0003474665,0.0003091345,-0.0001969028,0.0003387275,0.0006124192,3.576299e-05,-0.0003165154,0.0007956025,0.0004801391,0.00031953,0.0002943997,-0.000196202,-0.0003999269,-0.0004646705,0.0004738527,0.0004082625,0.0003020685,0.0011885,0.0004631434,0.0001109138,0.0004918852,-0.000546143,0.0002004219,-0.0001866935,0.0002675014,0.0005234197,0.0004031534,0.0001148605,-0.0006875522,0.0006599887,0.0003404393,-0.0001817917,0.0003798093,0.0009643667,0.0001147177,-0.0006051612,-0.0002995273,0.0001458176,0.0003984511,-0.0003231565,8.499607e-05,0.0007864375,-7.599605e-06,0.0001461808,-0.0003292603,0.0004200882,-0.0002295505,-0.0004426167,0.0001491623,-0.0001383774,8.283459e-05,0.0005018068,0.0001909536,0.0004139733,0.0001809952,0.0001150637,-0.003422619,-0.00225257,-0.001404296,-0.0006475822,0.000524969,-0.0001104377,0.0003145234,-1.602731e-06,0.0006943007,0.0007792285,0.0003897542,0.000882243,-3.04528e-05,0.0005110553,0.0001913894,0.0002417157,-9.855688e-05,0.0004857002,0.0003071287,-3.315684e-05,0.0005339512,0.0005745954,0.0007575949,-0.0001519272,-0.0005092435,0.000331563,0.0002133911,0.0003519594,0.000301237,9.608458e-05,-0.0003676548,0.0003696234,0.001068098,0.0005679873,-0.0004453845,0.0002066015,-0.0004814964,0.0006739445,-0.0001570763,-0.000359275,-0.0001996446,-0.0001520964,-0.0003836747,-0.0001183,0.0004140209,-0.0008816071,-0.0004283343,-0.0004886038,-0.0004491844,0.0004212399,0.0002562643,0.0001964916,8.152211e-05,8.377851e-05,0.0002058431,0.0001015497,4.921199e-05,0.0004133777,-0.0003904243,0.000152141,-0.0004428489,-0.000160848,-2.577337e-05,0.00046572,-0.0002387192,6.924328e-06,-0.0006411491,-0.001310299
DIP,-0.0004877145,-0.0002125655,-0.0002005961,-0.0002832712,-0.0002294591,-0.0001045785,-8.683775e-05,-8.257254e-05,-8.880806e-05,-0.0001473652,-6.799563e-05,-1.414154e-05,6.051185e-05,-8.773638e-05,0.0001163096,3.075431e-05,-3.732252e-05,6.650185e-05,-6.718939e-05,-8.018668e-05,6.307794e-05,-4.972127e-05,1.455864e-05,1.205237e-05,-3.625024e-05,8.346046e-05,1.566278e-05,2.479286e-06,-2.438014e-05,9.233662e-05,8.387925e-05,-8.53925e-06,4.570349e-05,8.709086e-05,3.579283e-05,0.0001115523,6.124968e-06,2.29455e-05,3.356798e-05,0.0001680319,-2.259749e-05,3.918532e-05,0.000100029,0.0001005432,0.0001911629,4.798437e-05,0.0001785452,7.09478e-05,5.805763e-05,1.905752e-05,0.0001014705,-4.947735e-05,6.981181e-05,-3.993504e-05,0.0001516563,5.853715e-05,-6.567715e-06,3.029548e-05,4.567171e-05,0.0001980377,2.516968e-05,-9.296848e-05,-1.196942e-05,-2.708387e-05,0.0001183322,1.374988e-05,5.848636e-05,-1.950858e-05,0.0001564399,0.000196877,0.0001905061,0.0001032382,8.149827e-05,2.470828e-06,0.0001987507,-3.601647e-05,6.090082e-05,5.345569e-05,0.0001206235,7.889231e-05,6.461274e-05,8.500702e-05,0.0001835737,2.944485e-05,0.0001445923,0.0001170107,0.0001626439,8.331557e-05,0.000106465,0.000151035,0.0001166432,0.0002248415,0.0001798604,0.0001056264,0.0003160211,0.0001059816,2.150308e-05,6.311823e-05,0.0001969989,0.0001392795,0.0001700242,0.0001360227,0.0002148654,0.0002435585,0.0003660455,0.0001953904,-4.418183e-05,0.0002253379,0.0001605717,0.0001488988,8.221038e-05,3.191763e-05,8.69994e-05,-3.080287e-06,0.000100894,1.91284e-05,0.000133879,5.782278e-05,-0.0002755172,-5.921931e-05,-9.107558e-05,4.109597e-05,-4.847031e-05,5.927232e-06,-4.561966e-05,0.0002474708,3.134456e-05,0.0001046648,0.0001732415,0.0002766149,-5.624148e-05,-0.0001368141,4.867608e-05,0.0003575442,0.0001657786,8.463303e-05,-0.0001670456,-0.0003085198,-8.386167e-05,-0.0001849968,-3.712883e-05,0.0001157285,-5.669232e-05,8.920553e-05,-0.0004566647,-0.0002237574,-0.000113287,-0.0001442866,-9.890027e-05,-0.0002592241,-0.0001046806,-1.231117e-05,-0.0001065075,-0.0001473339,-0.0001808724,-0.0002510177,-0.0003413142,-0.0001460442,-8.824666e-05,0.0002706192,8.852206e-05,-2.277997e-05,0.0001127219,0.000141513,-4.086104e-05,-0.0001290436,-0.0001271386,-3.576353e-05,-6.48389e-05,-5.321559e-05,-0.0002080233,-0.0001038049,4.572302e-05,0.0001064344,0.0002007211,8.739281e-05,-0.0001170157,0.0002157458,-0.000191078,-0.0001414989,0.0002239977,9.740309e-05,0.000795802,0.0002656951,0.000105291,-0.0001285592,-7.766914e-05,-0.0001307547,-0.0003197067,-0.0003100036,-0.0002813775,-0.0003233359,-0.0005367342,-0.0004139146,-0.0002275994,-0.0002828736,-0.0005886885,-0.0005230932,-0.0005272721,-0.000549548
DIP,0.001571529,0.001243007,0.001579228,0.001679758,0.001349134,0.00075259,0.001283188,0.001418255,0.001034643,0.0006332258,0.0006372485,0.0007809146,0.00113401,0.0004866541,0.00027777,0.0004504057,0.0002132014,0.000313928,0.0002331033,-0.0002520274,-0.0002975784,-0.0007844679,-0.001056469,-0.0007703204,5.536758e-05,0.0006555602,0.0002378597,3.940226e-05,-0.0006056651,-0.0001520772,-0.0002794119,0.0001143475,-0.0001800382,3.45554e-05,-0.0003536368,-3.214817e-05,4.500935e-05,-0.0004086909,-0.0002885093,-3.288421e-05,7.262759e-05,9.547591e-05,0.0001778326,-5.211144e-05,-0.0003588274,-0.0001930417,-0.0003959192,-0.0002794526,-0.0004621208,-0.0003457041,-0.0005869598,-0.0005463323,-0.0006515947,-0.00103038,-0.000692701,-0.000382631,-0.0008939311,-0.0009845721,-0.0001919575,-0.0004932847,-0.000863022,0.0002084713,-0.0001956724,0.0001295946,-0.0007358601,-0.0004861273,6.500576e-06,-0.0003668548,-0.0003932945,-0.0004812997,0.0004228872,2.220805e-05,0.0001866331,-0.0001721253,-0.0002894977,-0.0002485904,-0.0003677555,0.0003410216,-4.678782e-05,0.0001508105,0.0003050705,0.0003882772,0.0006833365,0.0001786598,0.0004731278,0.0005142548,0.001235022,0.0008213581,0.0009686807,0.0005777063,0.0008159979,0.0007805786,0.001168577,0.0005103404,0.0007630305,0.0002415984,0.0007034263,-6.733338e-05,-0.0004463339,-0.0002003181,-0.0001380665,-0.0001412722,-8.177273e-05,-0.0003671985,-0.0001722609,-0.0007413338,-0.001124114,-0.0006044245,-0.0008312762,0.0001985326,0.0008140663,-0.0006394876,-0.0006836142,-2.398917e-05,-0.0006603303,-0.00120969,-0.000285726,-0.001112238,-0.0009992161,-0.002006098,-0.001885639,-0.001558485,-0.001673322,-0.001237953,-0.001713261,-0.001413812,-0.0009458715,-0.00117929,-0.001110775,-0.001177123,-0.000905568,-0.0007701613,-0.0006595104,0.0001019754,-0.000954912,-2.647436e-06,-0.0003849085,0.00022641,-0.0002436127,9.942823e-05,0.000185773,-7.813486e-05,-0.0004710861,-0.0004517804,0.000455703,-0.000590656,0.0002464162,0.000523725,0.0002844302,0.0003899735,-0.000310739,0.0002234577,0.0006602684,1.039444e-05,-1.844275e-05,0.0005363515,0.0006493735,0.0002220175,0.001031257,0.0006771744,0.0002816224,0.0003081268,0.000318163,0.0006395983,0.0004716307,-4.163891e-05,0.0002514798,0.0006222491,-4.993176e-05,0.0001835236,0.000305063,0.0003702695,0.0004118367,-6.688847e-05,0.0001808778,-3.650104e-05,0.0004532193,0.0005901371,0.0003088294,8.133813e-05,0.0002406004,-6.594469e-05,-8.789015e-05,0.0001185388,0.0004274433,0.00061502,0.0002967828,0.0002895905,0.0002020308,0.001061072,0.0001877821,-0.0006473437,0.0003318509,0.0005194838,-0.0001327204,-0.0001626236,-0.000357897,0.0004416562,0.00124862,0.001013953
DIP,-0.004102998,-0.003086612,-0.002432929,-0.001421226,-0.0006848155,-0.0009555501,-0.001800043,-0.001477286,-0.001431476,-0.002088775,-0.001365216,-0.0007851617,-0.0013957,-0.0005060066,-0.0003963367,-0.0003731077,0.0005660903,-0.0003746004,0.0001138506,5.204263e-05,-0.001291145,-0.0008329363,-0.0008855256,-3.593071e-05,-0.001504116,-0.0008864542,1.889146e-05,-6.790287e-05,0.0002873081,0.0008976616,-0.0006404598,-4.790927e-05,-6.016058e-05,-0.0006422116,1.84439e-05,-0.0007737179,-0.0006008954,-0.0004980363,-0.001014572,-1.038671e-05,-4.502807e-05,0.0007589982,-0.0005714623,-0.0001842047,-0.000156082,-7.405457e-05,0.000177841,0.0002151268,0.0009862809,0.0003591385,0.0004197033,0.000234358,-0.0002690502,-0.0002502492,0.00126235,0.0005391149,0.0005242006,0.0001435439,0.0006587459,-0.000316873,-0.0002631915,-9.341382e-05,-0.0003159052,-6.179747e-05,-0.0002655365,0.0004238437,-0.0002329488,0.0002132344,0.0006258063,-0.0001036344,-0.0002075461,0.0002507798,0.0002133994,-0.0002423825,0.0005909145,0.0002705052,0.000993748,-0.0001028003,0.000628017,0.0001479219,0.0007646881,0.0002220757,0.001481956,0.000510339,0.0004728728,0.0001780766,4.235701e-05,0.0005573451,-0.0001080463,0.0003171696,-6.414703e-05,-0.0008387916,0.0004826236,-1.349974e-05,0.0002473934,-4.662418e-05,4.906039e-05,-0.0004093953,0.0003424762,0.0002217329,0.000550095,0.0003512115,0.0004058812,-0.0006337813,0.0001407152,0.0001044888,0.0007615199,0.0002018632,0.0002043161,-0.0001485381,-0.0009051089,-0.0004181514,0.0003065194,0.0001033137,0.0008025117,0.0002035177,0.0002254177,-0.0007036731,-6.915586e-05,0.0007077296,0.0002694308,0.0006909457,0.0005798691,-0.0001640487,0.0002304114,0.001059711,0.0002662239,-0.0006074141,0.0005591337,0.0006078843,0.0009573626,0.0001133565,0.0006260476,0.0008416112,-0.0004062821,-0.0005691336,-0.001502033,-0.001088655,-0.0003585509,-0.0008417757,-0.0001542852,-0.0001508246,-0.0004659905,-0.0006585731,-8.536117e-05,-0.0001457433,0.0001623267,0.0003693108,0.0004828132,-0.0004192173,0.001229044,-0.0002615055,0.000613712,0.001069897,0.0006438952,6.709455e-05,0.002015897,0.0004731305,3.467194e-07,0.0003694579,0.000230556,3.301827e-05,-0.0005408332,-1.836291e-05,0.000224573,0.0008824804,-0.0002688233,0.0003149911,0.0001858925,0.0007614162,0.0002505691,0.0002097078,0.001123336,-0.0004760032,-0.0002063642,-0.000986902,-0.0001828332,-0.000796541,0.0002476953,2.997863e-05,0.0005086614,2.137387e-05,-2.183919e-05,0.00059257,0.000659555,0.001156363,8.172083e-06,0.0009173143,-0.0002402009,-0.000300488,-0.0001224126,-0.001179339,-6.96497e-06,0.0001168002,-0.0003398789,-0.0008212032,0.0009118965,7.341654e-06,0.0002843153,9.371305e-05
DIP,-1.179158e-05,-2.86075e-05,-2.800263e-05,4.428766e-05,-1.379298e-05,5.572975e-05,-2.729232e-05,5.423373e-05,-0.0001378091,-3.680415e-05,-0.0001401061,-5.916907e-05,8.113943e-05,-3.239999e-05,7.967063e-06,0.0001825758,6.84003e-05,7.748923e-05,2.069883e-05,4.381941e-05,-5.157559e-06,0.000129028,-0.0001106551,0.0001224475,-7.527458e-05,7.696996e-05,7.366689e-05,-7.464043e-05,1.945337e-05,0.000263624,3.609422e-05,4.509416e-06,-1.042774e-05,-1.915557e-05,0.0001614554,-4.27616e-05,-7.550966e-07,0.0001310754,7.121717e-05,1.588802e-05,-0.000107328,1.57119e-05,2.583882e-05,-2.750622e-05,0.0002651878,8.124431e-05,9.488593e-05,1.949646e-05,-2.907537e-05,-5.493535e-06,-4.800268e-05,2.131579e-05,0.0001081829,-0.0001784341,7.30879e-05,-6.471835e-05,-0.0002112827,-5.331178e-05,-0.0002450405,-0.0002903078,-0.0003584797,-0.0006863204,-0.0009248867,-0.0005894764,-9.709354e-05,-0.000200115,-0.0001148026,-0.0001684523,-0.0001608628,3.324239e-06,0.0001218442,0.0001288917,-4.307603e-05,0.0001339407,0.0001667607,0.0001787742,4.159834e-05,-6.795588e-05,8.759437e-05,0.000120817,-0.0001040257,-7.113327e-06,-9.585723e-05,1.526898e-05,-8.106302e-05,2.441403e-07,1.806412e-05,-5.036471e-05,1.814499e-05,-0.000196635,0.0001067808,7.596317e-07,7.694351e-05,0.000112204,0.0001065374,5.000483e-05,9.944448e-05,-0.0001266839,0.0001765581,5.723995e-05,7.742423e-05,-7.953835e-05,0.0001490722,9.518449e-05,0.0001272553,0.000178388,-2.965133e-05,4.201406e-05,-3.929019e-05,5.683972e-05,2.913017e-05,0.0001949906,5.888053e-05,0.0002243001,-6.416583e-05,-6.774327e-05,9.837419e-06,-7.054446e-05,1.53695e-05,7.764645e-05,1.999078e-05,6.160122e-05,-1.61246e-05,0.000138584,0.0001044074,0.0001253395,2.396581e-05,0.000108579,7.460112e-05,-0.0001278502,0.0001130476,1.450481e-06,0.0001504245,-2.837697e-05,-0.0001033855,-6.120968e-05,5.640851e-05,0.0001431826,-7.354141e-05,0.0001084524,-3.820909e-05,0.0001170216,-1.942541e-07,0.0001190442,1.287368e-05,-6.794357e-06,-0.0001433861,6.740918e-05,-0.0001680028,6.587912e-05,-3.425901e-05,-6.180879e-06,0.0001692968,8.247836e-05,-7.402663e-05,-4.790215e-05,-1.54534e-05,-3.491055e-05,3.549634e-05,0.0002252826,0.0001380761,-5.054952e-05,-6.165488e-06,-8.270008e-05,-5.621664e-05,0.0001134277,-4.667993e-05,2.395599e-05,-3.579566e-05,-4.596338e-06,0.0001640653,-6.677503e-05,0.0001079728,4.122495e-05,-1.923418e-05,9.895393e-05,3.183744e-06,-1.805656e-05,-5.683027e-05,-0.0001617237,5.895076e-06,1.942767e-05,0.0001486104,-9.210893e-05,6.180152e-05,-5.500111e-05,-0.0001617328,1.239749e-05,1.830221e-05,6.789142e-05,3.701711e-05,5.22294e-06,-8.827751e-05,-0.0001377171,-0.0001343354,-0.0001072638,5.811296e-05,0.0001473625,4.755143e-05,3.921891e-05
DIP,0.001546517,0.003995077,0.001888224,-0.001693061,-0.003234322,-0.003142131,-0.002741187,-0.001836159,-0.004413297,-0.003012288,-0.003900046,-0.00353861,-0.0033542,-0.003289482,-0.00281808,-0.001673536,-0.001151412,-0.0009953502,0.0007206036,0.001077545,0.001005418,-4.435459e-05,-0.0005293397,-0.002066273,-0.001459138,-0.0001727182,-0.0007910103,-0.001044155,-0.00127908,0.001469146,0.001041274,0.0003256173,0.001159804,-0.0007878805,-0.001386364,-0.001033135,0.0007002979,-0.0005023338,-0.0006340066,-0.0007449648,0.0007845293,-0.002316312,-0.001172693,-0.001382062,-0.0005576757,-0.002577954,-0.001975048,-0.0009149634,-0.001456045,0.001099747,0.0006371039,-0.0007652033,-0.0004640981,0.002119497,0.0006233009,0.0005615272,0.001419634,0.0003201856,0.001498438,-0.001175702,-0.0003273758,-0.0004525208,0.003038778,0.002966024,0.00439234,0.003363141,0.003400017,0.003241078,0.003212045,0.002695066,0.003091638,0.001398066,0.00447876,0.002739951,0.00243926,0.003553179,0.003017878,0.002471779,0.002411093,0.002088556,0.002376737,0.002506987,0.002061369,0.002291595,0.005066447,0.00483385,0.002284295,0.004067505,0.002538353,0.002768563,0.00130207,0.001917209,0.001738981,0.0006074796,0.0002675265,0.0007709715,0.002231237,0.0009837225,0.001700201,0.001784299,0.001507512,0.001023222,0.0001823965,-1.376279e-06,0.0003256169,-0.0004024173,0.0004209456,0.0001974636,1.860258e-05,-0.0008068093,-0.0009501897,-8.107002e-05,-0.0007892385,8.792524e-05,-4.141161e-05,0.00051736,0.0001148952,0.0003438415,0.001332029,0.0009884639,-0.0001830721,0.0003182035,0.0007418852,0.002450802,0.001243511,0.0002121957,0.0004972627,-0.0001051969,-0.0007092389,-0.0003465093,-0.001425114,-0.002406324,-0.001807698,0.0001252015,-0.0008027447,-0.0001905785,-0.0001000467,-0.00029113,0.0007895418,-7.702703e-05,0.001203188,-0.0002683647,-0.00127702,-0.002160501,-0.0007109043,-0.0001229676,0.001689429,-0.0001284625,-7.691386e-05,0.0007673774,0.0004758344,-5.895603e-05,0.001050833,0.001135375,-0.0008186063,-0.00173921,-2.892276e-05,-0.000373092,0.0001501912,-0.001312116,0.0002154175,-0.0007127913,-0.0003560348,-0.00174902,-0.001131054,0.000719673,0.0006332059,0.0003731595,0.0002167654,-0.001114514,0.0016096,0.0001931707,-0.001525481,0.0005089707,-0.0003616909,0.001157702,0.002974068,0.002961113,0.002999848,0.001257343,-0.0004454594,-0.002024665,-0.00250063,-0.005543895,-0.003346645,-0.004046181,-0.00141789,-0.003411337,6.736977e-05,-0.00214703,-0.0002146882,0.0005179191,-0.0002897925,-0.001102463,-0.0001754432,-0.000919811,0.0002628309,-0.002596491,-0.002281535,-0.0003619542
DIP,9.799156e-05,-1.267171e-05,-0.0002082353,-0.0001524641,-9.151451e-05,-3.643303e-05,9.140037e-05,2.625261e-05,-0.000103294,-0.0001594466,1.485224e-05,-2.80125e-05,7.524086e-05,0.0003130268,0.0001171431,-2.269745e-05,0.0002097521,0.0005798701,0.0003555152,-3.656978e-05,0.000312086,6.591592e-05,-9.990934e-05,0.0001076533,0.0003293774,4.545763e-05,0.0003305437,-0.0001594887,-0.0002051135,-0.0002053226,-0.0001771412,-0.0003140457,-0.0002944183,-0.0003573726,-0.0003633697,-0.0006093377,-0.0007781063,-0.0009481679,-0.0003874346,-8.767609e-05,0.0001667742,0.000226417,-7.208699e-05,-0.0001208975,-0.0003596066,0.0001328292,-5.362543e-05,0.000185587,8.965495e-05,8.433398e-05,-0.0002729826,-0.000253863,-7.932167e-05,9.526005e-05,4.678981e-05,0.0001505007,-0.0001810677,9.092181e-06,-3.357418e-05,0.0001028101,-0.0001178507,0.0001501481,-6.937713e-05,-0.0001505515,-0.0001358851,-0.0001870609,-0.0001316222,-0.0002806386,-7.469755e-05,0.0001308004,-0.0001285777,-9.806259e-05,4.867062e-05,-0.0001824504,2.260549e-05,-3.95651e-05,-7.724967e-05,-0.0003629255,-0.0001519718,-0.0001610323,-6.490299e-05,-0.0001279355,-0.0001287778,-0.0004452364,-0.0005885002,-0.0006422264,-0.0005142316,-0.000125773,-0.0002319658,-0.000153415,-0.0004097367,-0.0003973308,-0.0004516913,-0.0004768487,-0.0005039931,8.497807e-05,0.0002954174,0.0001837855,0.000137644,6.44125e-06,0.0001688379,0.0005964091,0.0003387953,0.0004014241,0.0002065217,0.0002285478,8.449407e-05,0.0003312219,0.0001976843,0.0005035943,0.0002672385,0.0002308151,-2.830389e-05,-0.0001793663,2.402333e-05,0.0001844181,0.0002787913,0.0003275284,-3.189754e-05,-0.0001596917,-0.0003606975,-0.0001001224,-0.0001861374,4.011227e-06,0.0001441679,-3.983927e-05,-0.00029913,5.55745e-05,5.068852e-05,-8.70919e-05,2.627625e-05,9.09974e-05,-0.0001149167,3.391857e-05,0.0001474206,6.912137e-05,0.0003011825,0.0002521774,-3.690094e-05,9.118652e-07,0.0001171959,0.0003710891,0.0005541038,0.0003632533,0.0003461163,0.000302411,0.0001687533,0.000276653,0.0005354183,0.0003280853,0.0005260255,0.0003465609,0.0003511575,0.0002017382,0.0002817938,0.0001429086,9.478348e-05,0.0002827115,-1.634138e-05,8.67059e-05,1.250188e-05,-0.0001560761,-0.0001210046,1.416918e-05,0.0002459641,-0.0001209665,-1.970898e-05,2.21388e-05,-0.0002177011,-2.896471e-05,3.546197e-05,3.575175e-05,-0.0001352442,-7.71864e-06,0.000181995,0.0003014977,0.0003325494,0.0002083636,0.0002128051,0.0003349572,0.0003919172,0.0002304496,0.0001774274,0.0002604861,0.000262874,2.682077e-05,-0.0001410058,0.0001786256,0.0001460384,0.0001401596,0.0004388675,0.0002674059,0.0003082152,0.0003174099,0.0001587583,0.0003986261,0.0002543902,0.0001675502,0.0003972515,0.0005024616
DIP,0.00595024,0.006217203,0.001195898,-0.01441023,-0.01821172,-0.007084116,0.004636692,-0.0002965769,0.003600863,0.00196714,0.002770934,0.008937163,0.0004934356,-0.0009238272,0.007338557,-0.001306729,-0.001926001,-0.002564328,-0.0009281024,0.0008256827,0.002517197,0.003378362,0.009989689,0.004018923,-0.001217677,0.0007426757,0.004588401,0.005358587,-0.004429112,-0.004611767,0.002006411,-0.00157689,-0.001362751,0.005819872,-8.560434e-05,-0.008649732,0.005938163,0.005095916,0.0005106277,0.000984072,0.0009729042,0.001160712,0.0009157793,0.007410349,-0.002851839,-0.001006797,0.003140199,0.00148972,0.002566054,0.002829408,-0.004634042,-8.291255e-05,0.003040332,0.00248097,0.001498066,-0.001795095,-0.002841709,-0.0003736317,0.005009665,0.005884695,0.01089998,0.002462242,-9.099163e-06,0.003851872,0.004420002,-0.0003946611,0.008058026,0.003336593,-0.006101084,0.005531758,0.001621758,0.001762716,-7.872316e-05,-0.009247278,0.002750078,-0.001640462,0.01039934,-0.005065641,0.007616595,-0.01266617,-0.001486084,0.008846199,-0.005801422,-0.003366012,-0.006089524,-0.002395896,-0.00879173,0.001820307,0.003260981,0.002843586,0.00255694,0.0005574436,-0.00152587,0.01104853,0.001866735,-0.003423297,-0.004866259,-0.001660256,-0.001028693,0.005786247,0.004089733,0.004308382,0.002958253,0.002066993,0.002036049,0.001593289,0.003472322,-0.002817427,-0.001864798,0.003274037,-0.007090414,-0.0005036019,0.001520272,0.0006520424,0.003232667,-0.001450194,-0.003882446,-0.001171735,-0.001407726,-0.005025508,-0.008877764,-0.008489051,-0.002100892,0.0005910129,0.004868121,0.0001871814,0.00470574,0.0001725084,0.004809503,0.004100081,-0.0009633597,-0.004382743,-0.003938563,-0.004045147,0.002850799,0.005282484,0.001478332,-0.007738287,0.02041085,0.01699887,-0.004872245,-0.002890234,-0.005880122,0.002878831,-0.007370032,0.00281988,-0.006695228,-0.001487387,-0.001343412,-0.00325014,0.00514456,0.01089586,-0.002586479,0.004899354,0.0007211659,-0.002589459,0.0004934624,-0.008439627,-0.005772892,-0.006018061,0.003759593,-0.00619492,-0.003053619,-0.007752635,-0.005019059,-0.0009354682,-0.002136456,-0.004065307,0.00484417,-0.003776229,-0.003753526,0.003159866,0.003862436,-0.002228998,-0.003720207,-0.001179994,-0.006196008,-0.006502621,-0.004730288,0.0004695485,0.004024398,0.001075225,0.009860313,-0.00431345,-0.003306975,-0.003413662,0.0001283048,-0.0003771703,0.006882801,0.002679536,-0.005279594,0.007547029,0.001481404,-0.003947588,-0.002402337,-0.001855182,-0.002542531,0.009272216,0.003893774,0.0001442654
DIP,-0.001158251,0.0002642657,-0.000112297,0.000354992,-0.0001086562,-0.0001165216,0.0001406923,1.208798e-05,0.0004782357,-0.0001059074,7.245342e-05,0.0002975462,0.0002410044,-0.0002354763,-0.0002103723,0.0003334166,1.00937e-05,0.0001849519,-6.100095e-05,-1.24629e-05,0.0002411533,0.0002182005,-1.948276e-05,0.0005110987,-0.0005466792,-0.0002592241,-0.0004885979,-0.000688015,-0.0003618018,0.0002758218,-0.0003022766,-0.0001015353,-0.0002008131,6.535113e-05,7.863036e-05,3.572415e-05,0.0003791398,-2.349125e-05,0.0003643465,0.0002445502,6.379693e-05,0.0003178971,-0.0001451661,-0.000269504,4.135599e-05,-9.400757e-05,1.389081e-05,0.000206861,-8.731743e-05,-8.19874e-05,-6.82907e-05,-0.0002007639,-0.0003925097,9.459521e-05,0.0001243591,-8.811913e-05,0.0002318507,0.0005657605,-9.048966e-05,-2.903535e-05,-1.766531e-05,0.0001521793,6.974355e-05,-3.943218e-05,-0.0001961531,-3.636365e-05,-0.0002778148,-3.727703e-05,0.0002180662,3.741264e-06,5.166109e-05,-0.0001998758,1.840053e-05,-0.0001207123,0.0001469357,7.350241e-05,-0.0002562827,0.0001143359,-0.0001499818,7.280441e-05,4.806341e-05,-5.13779e-05,-0.0001228182,0.000162636,-2.523558e-05,0.0001027691,-0.0001169311,-0.0002565039,-2.610376e-05,-6.416121e-05,0.0002041023,-0.0002020934,0.0003345626,0.000304905,1.03862e-05,-0.0002299309,5.414862e-05,0.0003790775,0.0001910637,-0.0001235136,5.85799e-05,-9.769565e-05,-0.0001480086,-0.0002163884,3.84151e-05,-0.0001422186,0.0001658461,-2.084684e-06,-0.0003080733,0.0001913735,0.0003268527,0.0001426613,2.593092e-05,-0.0002276906,-2.842111e-05,0.0002857454,-0.0002449212,7.448492e-05,4.861868e-05,-0.0001598626,0.0001233553,8.310286e-05,-5.340275e-05,-4.424237e-05,6.814977e-05,7.995456e-05,-1.614301e-05,-7.139417e-05,-0.0002087436,-0.0001035562,0.0002761316,-0.0002298511,5.030897e-05,-0.0001251196,0.0004325361,-0.0001112687,8.073366e-05,0.0001997229,0.0002857161,0.0002898536,-2.964154e-05,-1.609515e-05,-6.311892e-05,5.050972e-05,-0.0001003334,0.0001904814,-0.000127078,9.764247e-05,0.0004639154,0.0002314877,-0.0001879965,0.0002637937,0.0001564861,0.0002566196,-0.000132432,0.0001515438,2.92361e-05,1.626298e-06,7.249862e-06,-0.0001952171,-0.0001226254,3.92979e-05,-0.0003481702,0.0002405231,0.0002180396,-4.880262e-05,4.870291e-05,8.329431e-06,1.244163e-05,-0.0001404317,0.0001197364,0.0001704429,1.458216e-05,0.0002079739,7.844157e-06,0.0003697004,-0.0003667941,0.0001754658,-7.888961e-05,0.0001380837,-0.0001789372,-0.0001095456,-0.0002961661,8.375234e-05,0.0001677706,8.91402e-05,0.0001180466,-2.434747e-05,-0.0001122658,0.0002805669,-5.700385e-05,-2.883991e-05,0.0006185344,-0.0001196114,-0.0004311255,5.53505e-05,6.86377e-05,0.0001385597,0.0001177554,0.0003270508
DIP,-2.065225e-05,-4.436973e-06,2.092539e-05,5.638169e-05,1.947338e-05,1.23899e-05,7.868785e-06,2.585867e-05,5.567146e-08,4.567794e-05,6.145908e-05,3.335358e-05,1.18716e-05,-1.672514e-05,-2.788782e-05,3.030306e-05,1.281606e-05,3.753691e-06,1.540757e-05,-8.804317e-06,-3.358891e-06,-2.165602e-05,5.369947e-06,4.552316e-06,-3.089801e-05,-6.433021e-06,-7.605051e-06,-1.880374e-05,-3.483598e-05,-3.207085e-05,-5.263701e-05,1.887807e-05,-1.838479e-07,-1.18525e-05,-2.158025e-05,2.504746e-05,-1.361337e-05,-1.252514e-05,-2.601071e-05,8.948587e-06,4.431214e-05,3.669921e-05,7.732773e-06,2.026636e-05,5.705743e-06,7.845468e-06,1.957736e-05,-1.928404e-05,-3.336288e-05,-2.146042e-05,-7.481148e-05,-2.888102e-05,-6.96191e-06,-2.016222e-05,1.518227e-05,1.39262e-05,4.728367e-05,1.246445e-05,-3.15543e-05,-2.750086e-05,-4.21559e-05,-5.80715e-05,-6.336407e-05,-0.0001055188,-6.94726e-05,-0.0001011806,-6.028573e-05,-3.783253e-05,-1.609975e-05,-3.749336e-05,6.315149e-06,-1.953385e-06,-1.657237e-05,2.435299e-05,1.313767e-05,-2.413825e-06,6.460819e-06,-2.484328e-05,-2.296992e-05,-4.987758e-05,-2.992537e-05,-2.198255e-05,-1.076687e-05,-5.707275e-05,-1.09557e-05,-4.991269e-05,-2.783764e-05,4.377098e-06,-4.216438e-05,-1.764622e-05,-2.354682e-05,-3.183346e-05,-7.710009e-05,-5.806722e-05,-1.955075e-05,-2.86882e-05,-4.789361e-05,-4.242906e-05,-7.787851e-05,-6.675315e-06,6.989209e-06,-4.063614e-05,-4.682623e-05,-1.67312e-05,-5.650806e-05,-3.739522e-05,-2.210048e-05,-1.835612e-05,-6.985815e-05,-2.56898e-05,8.547015e-06,8.302823e-06,-1.399161e-05,-1.143299e-05,1.136438e-05,-1.808276e-06,2.216612e-05,2.29842e-05,2.13064e-05,4.407114e-05,4.264352e-05,5.349975e-05,5.98393e-05,4.251222e-05,3.021235e-05,4.184563e-05,7.95293e-06,2.662682e-05,4.03621e-05,1.393335e-05,1.292128e-05,5.17333e-05,-9.20592e-06,2.194969e-05,3.041086e-05,1.158405e-05,1.555232e-05,3.118788e-05,4.138316e-05,5.416994e-05,3.498651e-06,-2.895535e-06,6.135745e-05,-2.543004e-05,2.36026e-05,2.264632e-05,1.854785e-05,6.293709e-06,2.10047e-05,3.781543e-05,1.630361e-05,4.911115e-05,2.900894e-05,3.288356e-05,3.010566e-05,3.302279e-05,1.241967e-07,7.932911e-05,3.742399e-06,-3.721433e-05,-3.858887e-05,-2.824268e-05,1.047297e-05,2.318981e-05,2.919147e-05,5.959234e-05,4.050736e-05,3.02198e-05,1.246213e-05,1.642272e-05,-4.697494e-05,1.643902e-05,1.786275e-05,8.676283e-06,4.929707e-05,2.286666e-05,1.067734e-05,2.662533e-05,2.208512e-05,-7.919444e-06,3.588272e-05,1.708616e-05,5.839765e-05,8.459842e-06,5.707099e-05,1.635055e-06,4.91641e-06,2.776903e-05,3.017145e-05,4.744606e-06,-7.790907e-06,-5.540897e-05,-3.610738e-05,3.684393e-05,-1.752924e-05,4.737922e-05,-1.151799e-05,-5.30466e-06,-1.52364e-05,2.865356e-06
DIP,0.0003333257,0.0003084919,0.0005110439,-0.000294245,-0.001033458,-0.001199655,-0.0004959932,-8.936227e-05,0.0001929374,0.0004502553,0.001259969,0.001030702,6.876433e-05,-0.0003589772,-0.000218972,-0.0005686472,-0.0005756148,-0.0002762477,0.0003940561,0.0009005098,0.0007905044,0.0003978939,1.381149e-05,-0.000182807,-0.0005351893,-0.0006965879,-0.0001202232,0.0002496048,0.0004224971,0.0004773148,0.0004057185,0.0007420456,0.0003551269,-0.0007300903,-0.0008067886,0.0001025625,-0.0002747385,-0.0002762648,0.0005037811,0.0007956029,0.0005104925,8.558558e-05,-0.0008006074,-0.0004679459,-0.0008156382,-0.001405732,-0.0005503434,0.0003901836,0.0003765107,0.0004891968,0.0003939345,0.0001190047,-0.0005830436,-0.001137961,-0.001587084,-0.0005358458,-0.0003249853,8.563566e-05,0.000934111,0.001354495,0.001129191,0.0002533217,-0.0002683349,-0.0004195479,-0.0004036698,-0.001173696,-0.0005990974,0.0004194111,0.0005283306,0.0002806449,0.0005504338,0.0005194185,0.0005347017,-0.0006166573,-0.0005352991,0.0002216951,0.0006061594,0.0003606756,0.001070481,0.0009626682,0.0006464971,0.0007146602,-0.0001620421,-0.0001887917,0.0004168547,0.0001956323,0.0005819699,0.0003630622,6.803681e-05,5.028634e-05,-0.0002646963,-0.000776712,-0.0007943956,-0.0006129198,-0.00149496,-0.0006902554,0.0003811938,0.0002807001,0.0003236165,0.0003662364,0.0007046536,0.0007204205,-0.0001437231,-0.0005081629,0.0002796974,-0.0001121773,-0.001166121,-0.0004305587,0.0001622792,-0.0003450857,-0.0006382808,-0.001172217,-0.0005634737,1.504404e-05,-0.000693466,-0.0004588398,0.0002895991,0.0004664884,0.0001613592,0.0004826404,-0.0006539011,-8.395843e-05,-0.0001059166,-0.001092901,0.0002559353,0.0004385442,-0.0001087396,-0.00022798,0.000247063,0.0002901433,0.0001426368,-7.002481e-05,-0.0003452922,0.0002148662,0.0004454805,-0.0006578743,0.0002183895,0.0006613412,0.0001685227,5.847418e-06,0.000336878,0.0004646783,0.0007635368,-7.920597e-05,-0.0004716085,0.0002632599,7.120162e-05,-0.0007385121,-0.0003224009,6.003667e-05,-0.0001926449,-7.881882e-05,-0.0006639751,3.185633e-05,0.0001231072,-0.0003795803,-0.0008515944,-0.0003479138,0.0001116044,0.0004771682,0.0009813044,0.0007443598,0.0006549246,-0.0001867571,-0.001075322,-0.000595725,-0.0003257988,-0.0007686259,-0.0006078791,0.000541433,0.00106088,0.0007951009,0.0004452191,0.0006628898,0.0004389752,-0.0007000416,-0.00117018,-7.014763e-07,0.0003304755,0.0002474478,0.0005856223,0.001514164,0.001372847,0.0005955736,-0.0004404472,-0.0151682,-0.05494768,-0.07510476,-0.05309949,-0.01293969,0.0008197254,0.001040991,0.0009709682,0.0006853312,0.0002878284,-0.000123242,-0.0009086768,-0.001718182,-0.0001429077,0.0003797989
DIP,-0.0005914212,0.0005356584,0.0009200458,0.0007944938,0.0006591387,0.0005517118,9.059675e-06,0.0006580609,0.0003504883,0.0005202041,1.428841e-05,0.0001011232,-0.0003059801,0.0003008316,1.928838e-05,-0.0005867747,4.451614e-05,-0.0002044143,0.0001446362,-0.0005628754,-0.0006528671,-0.0001348677,-0.0002302407,-0.0003845196,-0.0002468518,-8.44449e-05,-0.0004037877,-2.946503e-05,5.478679e-05,-0.0003909096,8.431735e-05,-0.0005373192,-0.0002634128,-0.0002671832,-0.0001774006,-0.0006817563,4.868653e-05,-0.0002485846,-4.562606e-05,-0.0001006163,0.0001012939,-0.0003527631,-1.580067e-05,0.0002862396,6.782527e-05,-0.001057875,-0.000495278,-3.051666e-05,-0.0002688458,-0.000216402,-0.0001831829,-0.0001278757,-0.0001724018,8.39425e-05,-0.0004614557,8.021158e-05,7.922766e-05,-0.0003413777,9.788674e-05,-3.857141e-05,0.0004621053,0.0001533917,0.0001570561,0.0003304774,-0.0002080928,0.0002973436,-0.0004974839,-0.0002624998,-0.0001157281,8.542374e-05,6.052841e-05,5.174873e-05,0.000117498,2.910812e-05,-0.000121212,-0.0003813798,-0.0003218454,0.0004869076,-0.0001843207,2.891415e-05,5.310655e-05,6.222159e-05,-0.0006309912,-0.0006048619,-1.252722e-05,4.473637e-05,0.0002154237,0.0002595643,-0.0002179618,-0.0003314967,4.425531e-05,-0.0004004297,0.000216385,0.0001340802,2.267854e-05,0.0001932435,0.0002666741,-0.0009857949,-0.001310396,0.001023205,-0.001884011,-0.001807831,-0.0002875737,-0.0002544133,0.0003159469,-0.0004133277,-0.0002110787,6.298799e-05,-8.967143e-05,-0.0001400456,0.0001929559,-0.0001055983,-0.0001758722,-0.0004611315,-0.0002749347,-9.684965e-05,0.0003423285,-0.0001939878,-8.862451e-05,9.735244e-05,0.0002264231,-0.0001793315,-0.0003955417,-0.000227147,-0.0001961324,-0.0001864089,0.0002390213,-0.0002631824,-4.693216e-05,2.825205e-05,0.0002300182,0.0001497977,-0.0001332323,-3.381792e-05,-0.0003620213,-0.000324552,0.0002074915,0.0005566502,0.0004831721,0.0002156117,9.71972e-05,0.0004479646,-3.455758e-05,0.0002642483,-0.0002074122,0.0002584548,0.0002470207,0.000570849,0.0002118874,0.0007175225,0.0001851346,0.0001310303,0.0001113975,6.192632e-05,-4.906637e-05,-0.000198598,-0.0002928062,-0.0001309403,-0.0002420339,6.659132e-06,-0.000197604,0.0003150385,-7.405023e-05,-0.0001959068,-0.0004143127,-2.651514e-05,0.0003803002,0.0001643086,0.0003239097,3.701927e-05,0.0001031668,-0.0002140278,-0.0002812549,4.894182e-06,-2.711062e-05,-7.755503e-05,-7.368327e-05,0.0001776713,0.000362636,-7.435658e-05,0.0006171364,6.365096e-05,0.0003829609,-1.513167e-05,0.0001629172,0.0005288947,0.0005489192,0.000617057,0.0007494247,0.001185867,0.0006072083,-2.973229e-05,3.08944e-05,0.0007582992,0.0005852342,0.001134332,0.00100013,0.0007538697,0.001110047,0.001201345
DIP,-0.009504671,-0.005572804,-8.084841e-05,-0.0002121225,-0.0002119459,-0.001631397,-0.0006539331,-0.0009065544,-0.0001910464,-0.001300452,-0.0001540637,-0.001811881,-0.001073695,4.049381e-05,-0.001712288,-0.001796945,-0.003205064,-0.001268154,-0.001922622,-0.002763147,-0.002542073,-0.001632079,-0.001851408,-0.001825906,-0.003320815,-0.002708872,-0.001233126,-0.002571962,-0.002881465,-0.001280533,-0.002691003,0.0005606141,-0.001048672,0.0002930796,0.0009931151,0.0009448358,0.002346801,0.0008462438,0.001637626,0.002151337,0.001648288,0.0002044838,0.0009130526,0.001360344,0.001600209,0.001771468,0.001385186,0.0009826755,0.002294912,0.001910923,0.003961514,0.002503811,0.00048839,0.001990301,0.002030509,0.001553787,0.002268119,0.001721002,0.001927048,0.001902131,0.001746349,0.001969017,0.00256147,0.003409842,0.002313526,0.002804791,0.002830059,0.00152174,0.00288021,0.002472983,0.003482168,0.002440937,0.001732141,0.002684871,0.001724983,0.001874856,0.001123332,0.002015216,0.001328968,0.0006260816,0.00105925,0.0001749508,0.001637672,0.0002833023,0.001185532,0.001374714,0.0003772406,0.0011033,-3.493926e-05,0.001603457,0.0005566736,0.001365344,0.000268812,-0.000372442,-2.932867e-05,-0.001108745,0.0004571917,-0.001094546,-0.0002778002,-0.0005379789,-0.0008329009,-6.648918e-05,0.0005960695,-0.001252673,0.0004404762,0.0007802265,0.0009665566,-0.0003592743,0.0005984786,0.0004508336,-1.781786e-05,0.001078642,-0.0009714474,0.0001773248,0.0003398817,0.0007385314,0.000558448,0.0007458177,0.002333713,-0.001321454,0.0009313998,0.001654119,0.002086281,0.0002159417,0.0008835098,-0.0008492111,0.001207267,0.001392707,-0.0003507036,0.001749557,0.0001812129,0.0007811104,0.0002668904,-0.0007122917,-0.001026584,-0.0008746719,0.0004850995,-0.00199382,-0.0002222598,-9.787351e-05,0.002034285,-0.002085724,-0.001705433,-0.000320259,-0.002735959,-0.003315734,-0.001828475,-0.00190278,-0.0006122332,-0.0005885166,-0.0006798214,0.0008757579,-0.001035608,0.0001686295,-0.0008961067,-0.0005202375,-0.001015127,-0.0002733434,0.0002254245,0.0008267852,-0.001149117,-0.0002816928,0.001715956,0.0008958554,0.0001493782,-0.0002475898,0.0005709958,-0.000558181,-0.000562222,0.00102521,0.0007604464,-0.0003526775,-0.0003493277,-0.002398755,-0.002752147,-0.002660019,-0.003871515,-0.003116071,-0.003546547,-0.002015207,-0.002926623,-0.003694978,-0.002307366,-0.002736142,-0.004377381,-0.005231693,-0.003849137,-0.003463942,-0.004547975,-0.004494656,-0.003788311,-0.003797773,-0.003092204,-0.003884171,-0.002527013,-0.003994462,-0.002711174,-0.0034208,-0.004662383,-0.002927093
DIP,-6.71658e-05,-3.860848e-05,-2.446641e-05,-8.548916e-05,-5.439067e-05,-5.350843e-05,-8.525403e-05,9.024642e-06,-0.0001045782,-1.38506e-05,2.255815e-05,4.94343e-05,-2.402597e-05,-3.921726e-05,9.490259e-05,2.482203e-05,2.708247e-05,-5.392805e-05,-6.606884e-05,3.553467e-05,-3.007063e-05,-0.00015812,-0.000122743,-0.000160135,-0.0001339532,-0.0001021676,-8.279608e-05,-7.139028e-05,-6.37729e-05,3.625392e-05,6.478794e-05,0.0001151546,9.65563e-05,0.0001409094,0.0002365811,0.0001371775,0.0001872528,0.0001469767,2.155004e-05,1.603089e-05,4.401565e-06,-0.0001940113,-0.0002115932,-0.0002129189,-0.0002638325,-0.0001600494,-0.0002121727,-0.0002214305,-0.0002260095,-5.874913e-05,-4.745715e-05,6.914156e-06,9.396258e-05,7.778691e-05,0.0001744529,0.0001923139,0.0001889868,9.231184e-05,0.0001138092,4.950367e-05,2.789282e-05,1.467125e-05,7.610422e-05,-5.808323e-06,2.900234e-06,4.624361e-05,2.907854e-05,7.324944e-05,0.0001210843,2.820297e-05,0.0001126848,6.223544e-05,0.0001915265,0.0002614477,0.0003086497,0.0004887941,0.0002965491,0.0003874111,0.0003079576,0.000363063,0.0002256458,0.0002761354,0.0001890733,0.0001140383,8.368681e-06,-1.613704e-05,-8.669037e-05,-0.0001515228,-2.6602e-05,-5.585738e-05,-8.170771e-05,-5.743817e-05,-5.544223e-05,-9.29279e-05,-6.736025e-05,-2.035874e-05,-3.352709e-05,2.727465e-05,3.139296e-05,-6.081333e-05,-2.969777e-05,6.890749e-06,-0.000140447,-0.0001962656,-0.0002625735,-0.0002081026,-0.0003047946,-0.0003025492,-0.000388069,-0.0003467208,-0.0003502698,-0.0003375653,-0.0003267261,-0.0003978028,-0.0002881986,-0.0002462757,-0.0003192013,-0.0001652618,-7.537423e-05,3.592325e-05,4.760171e-05,8.606994e-06,-4.334191e-06,6.035655e-05,-2.603196e-05,0.0001065545,-5.28369e-05,7.601947e-05,-0.0001273129,-7.5592e-05,-1.40575e-05,7.621346e-05,0.0001167303,0.0001206957,0.0001493028,-1.406138e-05,0.0001804008,0.0001325421,0.0001815168,0.0002111841,0.0001867832,7.485117e-05,0.0001894958,0.0001500988,0.0002034693,0.0001610649,5.802493e-05,3.584165e-05,-0.0001144341,-2.092055e-05,-0.0001534129,-9.502262e-05,3.944167e-05,8.233584e-05,0.0001478901,3.845312e-05,8.935143e-05,0.0001478233,0.0001464254,5.685787e-05,2.935135e-05,-2.368077e-05,-5.238074e-05,-2.484021e-05,4.111377e-06,9.848032e-06,3.408648e-05,2.664007e-05,8.262679e-05,6.993298e-05,9.126488e-05,6.289987e-05,-7.959207e-06,-5.650241e-05,0.0001310332,0.0001232435,0.0001701518,3.84163e-05,9.715909e-05,1.772827e-05,9.091849e-05,3.971007e-05,6.689651e-06,-3.482002e-05,-8.938989e-05,1.251965e-05,8.35639e-05,1.003883e-05,2.662166e-06,-3.569808e-07,4.3309e-05,2.328724e-05,0.0002024411,7.012067e-05,0.0001545783,0.0001848389,5.975518e-05,-1.172951e-06,3.112822e-06,-6.59483e-05
DIP,0.001221253,0.0003356253,0.000718205,-4.632657e-05,-0.0001260218,0.0002837797,0.00101518,0.0005001191,0.0009542343,-1.296312e-05,0.0007486887,0.0004932571,8.108581e-06,0.0009413592,-0.0003831564,0.0008850924,0.002570705,0.001255221,0.0003857383,-7.223369e-06,0.0002314636,-0.0009172717,-0.00161771,-0.0006422222,-0.0001227273,-0.000697961,0.000529348,0.0004821519,-0.0004808894,-0.0004439726,0.000368598,0.0007638487,0.0002115355,-4.444638e-05,-2.485796e-05,-0.0002352919,0.0003773337,-0.0007897349,0.0004132027,-0.0007879103,-0.0004514909,1.614918e-05,-0.0002443859,-2.904528e-05,0.0002680909,0.0005051777,0.0004108931,0.0003313974,0.0004829425,0.0006184227,-5.71462e-05,-0.0004247985,-0.0002392239,0.0003037192,0.0005020153,0.0007334789,0.0006604244,0.0001862419,5.815964e-06,-0.0002419685,0.0007428204,0.0004252826,0.0002827248,0.0006046573,0.0005531113,0.0001010247,0.0006777958,4.167726e-05,-8.80871e-05,-1.509371e-05,0.0006750893,0.000494945,-0.0006895429,4.861567e-05,0.0008554403,0.0005251234,-0.000446824,-0.0001109344,0.001013933,0.0003179431,-0.000139357,0.0001246481,0.0004375366,-0.0003711221,-0.0006868651,8.649787e-05,0.000548006,0.0008164288,0.0001150269,0.0001594983,-0.0003401665,-5.204681e-05,0.0002211781,0.0006492113,-0.0002774598,-0.000156063,0.0004138811,0.0002904837,-0.0002882022,-4.934952e-05,0.0008624012,0.0002733968,0.0002968767,0.000453968,-0.0001875146,-0.0001100444,5.155077e-05,0.0001937591,0.000260214,0.0003632975,-0.0003947669,-0.0002253763,-0.0002793911,-0.0004766287,-0.0005082428,-0.0004368899,-0.0002741289,0.0001607982,-7.036474e-05,-6.597069e-05,0.0001571265,0.0006383521,0.0003055182,-0.0001904793,2.65073e-05,0.0003415891,-0.0003511134,-0.0007914446,-0.0003599836,0.0004496776,0.000252771,-9.835075e-05,0.000103235,-0.0006347474,-0.0002003945,0.0003352923,-0.0006096128,-0.0003761626,-0.0005488536,-0.0007611457,-9.498399e-05,-0.0001137073,0.000207695,0.0001155264,0.00117705,0.0005269755,-0.0001789213,4.393947e-05,0.0004464884,0.0001640867,-9.524468e-05,-0.0002406395,-0.0003955096,-0.0005583117,0.0006619541,0.0005085198,0.0006601245,0.0003321228,-0.0003119361,8.030949e-05,-7.044199e-06,0.0003814653,0.0005498499,8.376186e-05,-0.0004784928,2.637518e-05,9.800677e-05,-0.0001193892,-0.0004014903,-0.0001781026,-0.0005588686,-0.0006011377,0.0003237914,-0.0003812406,8.940745e-05,-0.0005067836,-9.602524e-05,-0.0001290334,-6.008704e-05,-0.0004546453,-0.0002911228,-0.000294633,-4.755261e-05,-0.0003350314,-0.000106163,4.122276e-05,-0.0006445879,1.228044e-05,0.0007675699,-0.0001708528,-0.0001425083,0.001042312,-0.001513313,-0.003377368,-0.001400352,-0.0009791667,-0.00124616,-0.001368033,-0.001380677,-0.0008817091
DIP,-0.0004958963,-0.000766482,-0.0009072119,-0.0006079492,-0.0001261359,2.950145e-05,1.878316e-05,-0.0001028392,-0.0002931317,-0.0005315702,-0.0004274103,-0.0004155071,-0.0004527911,-0.0004588518,-0.0002596565,-1.686091e-05,-0.0004116936,-5.045773e-05,-0.0003154711,0.0002153445,0.0001363009,0.0001590503,0.0001410712,-0.0001647139,-7.512877e-05,-3.157539e-05,0.0002684872,0.0001877848,7.387954e-05,-2.48134e-05,0.0002623202,0.0003773876,0.0001800239,0.0003079829,0.0001322606,9.975151e-05,0.0002844708,0.0002017983,0.0001859726,-1.952879e-05,-3.71593e-05,0.0001133534,0.0003199607,0.0003649524,0.0003699503,-3.238448e-05,0.00010028,8.265263e-05,0.0001307307,0.0001351564,0.0001003104,0.0001486661,0.0002176225,0.0002438315,0.0003248465,0.0003013776,0.0003655066,0.000608604,0.0003319724,0.0004014527,0.0003625258,0.0003238623,0.0005439644,0.0005388387,0.0003874373,0.0007038804,0.0005295601,3.638447e-05,0.0004543548,0.000517217,0.0004357105,0.0004152799,0.0003913432,0.0005195299,0.0005984887,0.0005149718,0.0003823792,0.0003681314,0.0003419724,0.0005313732,0.0004742997,0.0004090171,0.0004294581,0.0002713824,0.0001896024,0.000126307,3.183885e-05,6.308022e-05,-7.229567e-06,0.0001790625,7.630946e-05,0.0001037968,9.298673e-05,4.3953e-05,0.0002805264,0.0002266376,7.708088e-05,8.562943e-05,8.6498e-05,-6.256661e-05,6.659484e-06,0.0003082792,-0.0001289423,0.0002436352,8.874203e-05,0.0004952015,0.0009909024,0.0005020307,-0.0005828588,-0.0004385945,-0.0001978376,-0.0002063324,5.729469e-05,1.712892e-05,8.529868e-05,4.209068e-05,4.449875e-05,0.0001239953,8.83696e-05,-4.311522e-05,7.746406e-05,-0.0001028358,8.055311e-05,-0.0001679843,-0.0003692901,-0.0001827293,-0.0001980234,-0.0002661652,-0.0003924107,-0.0001425538,-0.0002309238,-0.0003420001,-0.000137992,-0.0001984074,-0.0004359602,-0.0001822347,-2.779972e-05,-0.000308099,-0.0003408591,-0.000102018,-0.0003423833,-0.0003302741,-0.0002248762,8.040506e-05,-0.0001095715,-0.0002168408,-0.000204446,-0.0001598494,-0.0002023206,-2.35966e-05,-0.0002852311,-0.0001198183,-0.00033589,-0.000255416,-0.0003067626,-0.0002505216,-0.0002814994,-0.0001563654,-9.434798e-05,1.777073e-05,-0.0002348524,-3.909102e-05,-0.0001987129,-9.951579e-05,-0.0001224291,-4.376328e-05,-3.113944e-05,-3.852767e-05,-1.705303e-05,-4.738681e-05,5.459486e-05,-0.0001904158,-1.170722e-05,-0.000203447,9.199312e-06,-7.215315e-05,-5.065123e-05,0.0001839741,0.0002503606,0.0002282981,0.000216367,0.0002217569,0.0001628891,0.0001743782,0.0003478208,0.0001194015,-0.0004334605,-0.0003817405,-0.0004451284,-0.0006668358,-0.0002528587,-0.0004651663,-0.0003394819,-0.0003732457,-0.0004009566,-0.0002497475,-0.0002715071,-0.0002646315,-0.0004455629,-0.0005039776
DIP,-0.001060884,-0.0006990306,-0.0009200817,-0.0005792549,-0.0005486626,-0.0001921694,-0.0003181606,-0.000293262,-0.0006538546,-0.0004807024,-0.0004389864,-0.0005031713,-7.208688e-05,-0.0009106646,-0.000173759,0.0002078365,-3.216323e-05,-6.803108e-05,9.282892e-05,-9.278849e-05,-0.0002160518,-0.0001536686,-8.811503e-05,-0.000368066,1.716324e-05,2.213241e-05,1.110534e-05,-6.632599e-05,-0.0001776378,-0.0001956463,-0.0001390027,8.158758e-05,0.0002231186,-0.0001356087,4.962934e-05,-0.0003246515,-0.0002579719,-0.0001693858,3.453419e-05,-0.0001842576,-0.0001901506,-8.069459e-05,-0.0001361213,-3.80994e-05,-0.0001748839,-0.0002125197,-0.0002036718,-0.0001137891,-7.181415e-05,-0.0002062355,-3.81581e-05,-0.0004358314,-0.0001811421,5.410797e-06,-0.0001311932,-0.0001569218,-0.0001598435,-0.0001736298,-0.0001237015,-0.0001967749,7.236452e-05,-8.548293e-05,-3.700843e-05,-0.0001830428,-0.000152874,-0.0002321388,5.335543e-05,-7.063756e-05,-0.0001395176,-0.0001049418,-0.0002574048,-2.746493e-05,-0.0002094838,-0.0002920705,-0.0001620879,-0.0002526051,-0.0001812049,-0.0001881478,-5.606374e-05,-0.0003898422,0.0001039866,9.238542e-05,4.411508e-05,-0.0001949073,8.868542e-05,-0.0001405809,-4.623149e-07,-0.0001327643,0.0001267421,-3.791472e-08,-0.0001479024,-5.000804e-05,1.870052e-05,8.370659e-05,9.856216e-06,6.39927e-05,0.0001070393,9.879764e-05,0.000131975,-5.270938e-05,5.81652e-05,5.651128e-05,0.0001648918,0.0002444769,0.0001640386,4.740089e-05,0.0001211764,0.0002455969,0.0002443646,0.0002547932,-4.730534e-05,6.740314e-05,0.0001618728,9.829941e-05,0.0002273801,0.0003126976,0.0002394106,9.228727e-05,0.000128958,0.0002768886,0.0001901554,2.072117e-05,0.0001298841,0.0001997963,0.0002786416,0.0001052366,0.0002171551,0.0001100753,0.0002473678,-0.0002076471,0.0001253683,0.0001989489,0.0003388912,0.0001173077,0.0002607579,0.0002244553,0.0002152247,0.0001285823,8.078751e-05,0.0002409037,0.0002631563,0.0002317769,0.0003467766,9.789458e-05,0.0005232416,0.0004243969,0.0003849775,0.0005320099,0.0005055217,0.0005168607,0.0004997459,0.0002792817,0.0002044998,0.0003545246,0.0004557697,0.0003559947,0.0004660844,0.0003593425,0.0004863443,0.000454509,0.0003773668,0.0005109571,0.0003795573,0.0003160257,0.0004520156,0.0002998357,0.0003225188,0.0005055132,0.0004937141,0.0005463353,0.0004118517,0.0003186582,0.0004101753,0.0004161189,0.0003624689,0.0002766346,0.0003376036,2.46659e-05,0.0001734269,0.0002880308,4.960109e-05,2.775246e-05,0.0001586107,7.300507e-05,-9.832548e-05,0.0001019025,-2.628043e-05,-0.0001678648,-0.0003041127,-0.0001035386,-0.0002424277,-0.0003724876,-0.0001672429,-0.0002853666,-0.0004456447,-0.0001015107,-0.0004244152,-0.0003856318,-0.0004839728,-0.0005538161
DIP,-0.02549562,0.0345546,0.01661543,0.0384856,-0.04035024,-0.02342956,0.01540636,0.01886226,-0.04132997,0.0216934,0.0001884795,-0.00665648,0.039715,0.04336563,0.02693614,-0.005610263,0.024128,0.03162006,-0.0005962678,0.05687304,-0.0315421,-0.002025532,0.0185381,0.02439689,0.06090977,-0.004205041,0.06210618,0.02304704,0.01791779,0.01028041,0.01568995,0.001328055,0.009628055,-0.01089813,0.002465452,0.01223215,0.01697329,0.03619255,0.02433725,0.009842265,0.07325805,0.03269641,-0.009298336,0.03879092,0.01882779,0.02588034,0.03261465,-0.0007074171,0.06519771,-0.05008605,0.02463495,0.03303381,0.01852091,0.02875765,0.01181054,0.05448469,0.01645804,0.01251155,-0.04088091,-0.06947255,0.01278895,-0.01683279,0.03199666,0.03530467,-0.003759451,-0.008317758,0.04382301,0.01851527,-0.03948966,0.03297158,-0.008950021,-0.05426735,-0.009366751,0.04436324,0.01492945,-0.04880132,0.02863791,-0.02266477,0.04412208,0.04033243,0.02059211,-0.07930247,-0.01792445,0.002824181,-0.03589301,0.02450969,-0.02327493,-0.03746074,-0.02908495,0.003785645,-0.01668409,-0.03703074,0.01892213,-0.01159224,-0.05659168,-0.06790357,-0.03743282,0.001468475,-0.02958878,0.05901351,0.01201922,-0.0313295,-0.00898025,0.03471845,-0.002441668,0.02755036,-0.03097912,0.03607346,-0.02782615,-0.01454903,-0.03135657,-0.03152571,0.06838838,-0.02606262,0.006816373,-0.009982876,0.02046704,-0.05691406,-0.01435567,0.002499711,-0.01016504,-0.03087867,0.01711631,0.07551046,0.0261465,-0.05017363,-0.004819213,-0.07388221,-0.05789591,0.01591124,-0.009412428,-0.03616113,-0.05455395,-0.0353253,-0.0485271,-0.03418092,0.01719856,-0.05040386,-0.6422563,0.3094563,0.5806117,0.2926189,-0.02765017,-0.02708382,-0.06420118,-0.02495513,-0.07502726,-0.05653163,-0.04868353,0.02562246,-0.04510252,-0.03041187,-0.04477219,-0.02270684,0.01749014,-0.07928888,-0.004802562,-0.06020156,-0.005867857,-0.02611682,-0.1062886,0.01849103,-0.02469289,-0.04503579,-0.07750768,0.001151647,-0.08942463,-0.04097585,-0.007977433,-0.05333775,0.002096538,0.05733878,0.008534707,-0.02822801,-0.05555524,-0.004271309,0.05855586,0.008143189,0.03091166,0.01130452,-0.003480861,0.004611977,-0.007476453,0.002642965,0.0230499,-0.02957005,0.00766543,0.02610435,-0.03363968,-0.002257351,-0.003559995,-0.06246417,0.03529739,0.02353878,0.008992341,-0.02630196,0.04194893,0.01260937,-0.03888476,-0.01405054
DIP,-0.005806717,0.0008859204,0.001727167,0.0005296828,0.0001145414,0.0006906366,0.001382314,0.001025427,0.001035283,4.898764e-05,0.0007076096,-4.862512e-05,0.0006181304,0.0005139844,-0.0005192721,0.0004895817,0.0005830154,0.001813925,-0.0007345649,-0.00119384,-0.00010632,0.000195172,0.001705534,-0.001455911,-0.0008495873,5.533628e-05,0.0003521101,-4.262788e-05,0.001385664,0.0007898129,-0.0006235393,-0.0003165403,0.0001762808,0.0006100024,-0.0008159325,-0.0005011114,0.00041761,-0.0008231997,-0.001238334,-0.0009055407,-0.0004948472,0.0007075585,-0.001138203,0.0003258415,0.0002617801,-0.0004170066,0.000164889,-0.0005420757,0.0007516876,0.0005268585,-0.001128969,-0.001837475,-0.000614544,5.415085e-05,0.001199216,-0.0007926179,0.0002145865,-0.0006359241,0.0003174555,0.0006118551,0.0009476438,0.001460727,-8.652904e-05,0.0001108505,0.0005927592,0.00113689,0.001160077,0.00221337,0.0001252981,0.0009370204,0.0001038246,0.00111149,0.001486087,0.0008996986,0.0008332536,0.002221789,0.001284075,0.0003468234,0.001835827,0.0003215245,0.002078186,0.0006881556,0.001197198,0.0005215296,0.001391773,0.0006629467,0.001219914,-0.0008779677,0.0007428189,-0.000630047,0.001897298,0.0006740203,-0.001413467,-0.0005887666,-3.43858e-05,0.0003228923,0.0001862521,-0.0006530737,-0.001241195,-0.000504195,-0.0006718894,0.0008477966,-0.0004049679,0.000113102,0.0002203886,-0.0002824524,-0.003284229,-0.001602404,-0.001998218,-0.00211522,-0.001589081,-0.0005674553,0.0004066808,-0.0004625424,0.0001913408,-0.0003462897,-0.001468379,-0.002764111,-0.001868068,0.001941086,0.004585992,0.0004478457,0.001361494,-0.000625168,-0.001193865,-0.0008502645,-0.0009574853,-0.001665784,-0.001070937,0.001579176,0.0007695697,-0.0008104712,-0.001795771,-0.000327743,0.0005460901,-0.0004200113,-8.106781e-06,0.0004137995,-0.0005459411,-0.0005868442,-0.0004839648,-0.001041162,-0.001733319,-0.0005362218,0.001992631,-0.0006905042,-0.00222951,-0.003241941,6.002457e-05,0.000421864,0.0008677436,-0.0006094209,-0.0001857465,0.0007441458,-0.001338373,-0.002749159,-0.0008021665,1.970092e-05,-0.001032263,-0.0008553866,-0.0007659429,-0.001064081,-0.0005510453,0.0005667385,-0.001092792,-0.00107957,-0.0005987622,0.0002019867,-0.0004622711,-0.001341949,5.794402e-05,-0.001200982,-0.0009577812,-0.0005810683,-0.001138784,-0.001235026,0.000356536,-0.00117116,-0.0005005742,0.001610336,-0.00135137,1.997226e-05,-0.001086482,-0.002243927,0.0009578856,0.001128728,-1.645821e-06,-0.0007002858,-0.001112662,0.0005547996,0.0002960143,8.886099e-05,0.0004369299,-0.0007312694,7.290543e-06,0.0009784384,0.0006712259,-0.0006559976,-0.0001174334,-0.001678721
DIP,0.0003440074,0.000277789,0.0001151986,0.0002393876,0.0003273495,0.0001373281,0.0002300312,0.0001935821,0.0002001446,0.0002019633,0.0002827089,0.000208427,0.0002994129,0.0002477792,0.0003418445,0.0002402014,0.0002397743,0.0001966498,0.0001437438,0.0001704341,0.0001616258,0.0002862567,0.0001611826,0.0002599224,0.0002370358,0.0001723162,0.0002202083,9.567675e-05,0.0001647257,0.0001747186,0.0001034061,0.0002306356,7.476084e-05,0.0001012965,0.0001558529,0.0002508827,0.0002512384,0.0002873629,0.000257238,0.0001268837,0.0002253384,0.0001170968,-2.383884e-05,-0.0001057018,8.113732e-05,2.903661e-05,4.081966e-05,0.0001826716,-1.904073e-05,0.0001893722,0.0001444314,5.007155e-05,9.598755e-05,5.932067e-05,7.502906e-05,-9.683247e-06,-3.404792e-05,-8.483654e-06,-8.829114e-07,4.511712e-05,8.185867e-05,-6.021686e-05,-7.051205e-05,8.361068e-05,8.373269e-06,-0.0002039652,-0.0001867801,-0.00011837,-5.653165e-05,-0.0001892354,-0.000151222,-0.0001869562,-0.000174752,-0.0002299967,-0.0001023971,-7.789765e-05,-0.0001831656,-0.0001410978,-0.0003639068,-0.0002807716,-0.0002594119,-0.0002154126,-0.000363587,-0.0003894868,-0.0002933437,-0.0004540267,-0.0001903048,-0.0003437468,-0.0003613387,-0.0004853758,-0.0004334241,-0.0004483605,-0.0005275352,-0.0003277239,-0.000451636,-0.0003499968,-0.0004229591,-0.0003851947,-0.0002399318,-0.000680557,-0.0004537326,-0.0005209836,-0.0005468761,-0.000306199,-0.0003858388,-0.0004251404,-0.0004651014,-0.0003818259,-0.0004082278,-0.0001787733,-0.0003804863,-0.0003855342,-0.0004447904,-0.00030844,-0.0004723723,-0.0003102233,-0.0004397679,-0.0003858912,-0.000237776,-7.053278e-05,-0.0002077558,-0.0003214696,-0.0002442859,-0.0003675536,-0.0002478161,-0.0004437812,-0.0003989344,-0.0004399771,-0.0005225185,-0.0004322644,-0.0003206674,-4.607592e-05,-4.994838e-05,-0.0001362412,-8.964947e-05,-0.0001508895,-0.0001416561,-0.0001007463,-4.35067e-05,-6.496593e-05,-9.960265e-05,-1.463308e-05,-0.0002625908,3.787195e-06,-3.38902e-05,-5.651669e-05,-4.71431e-05,8.039099e-05,0.0001057268,-1.819276e-05,0.0001271404,-2.918327e-05,-3.479665e-05,7.894978e-05,1.531224e-05,-9.351724e-05,-5.461423e-05,-3.174337e-05,-9.836347e-06,6.099686e-05,0.0001440067,-4.384052e-05,4.261983e-05,-6.591446e-05,8.304087e-05,0.0001535023,0.0002488865,0.0001280889,4.131266e-05,0.0003318137,0.0002799537,0.0002016986,2.015732e-05,0.0002492964,0.0002159058,0.0002306814,0.0001449978,0.0002660775,0.0001642215,0.0003044595,0.0002359894,0.0002113738,0.0002211641,0.0002737202,0.0003234103,0.0003340628,0.0003174901,0.00038163,0.0003233275,0.0003189728,0.0003394915,0.0003264055,0.0002759096,0.0003351736,0.0002440863,0.0002354368,0.0002416594,0.0001298271,0.0002486471,0.0001980683
DIP,-5.635502e-05,-0.0001029885,-0.0001093505,-3.106944e-05,-5.623329e-05,-6.765352e-05,-4.232897e-05,-6.120819e-05,-7.084393e-05,-6.052659e-05,-9.873364e-05,-1.996739e-05,-4.671366e-05,-2.992146e-06,-8.358208e-05,-4.235811e-05,-2.595855e-05,-6.497797e-05,-4.206669e-05,-4.175559e-06,-4.9142e-05,-3.522478e-05,2.739216e-06,-3.956964e-05,-0.0001005037,-6.178852e-05,-3.245095e-05,-2.974163e-05,5.000222e-06,-4.04595e-05,2.859253e-05,-2.958763e-05,1.143131e-05,-8.437383e-06,-1.509795e-05,2.989995e-05,3.991803e-05,-7.365686e-06,5.220549e-05,5.356035e-05,4.516686e-05,4.980049e-05,5.943051e-05,4.671062e-05,5.065256e-05,3.861398e-05,3.162121e-05,4.978619e-05,6.917496e-06,-8.265903e-06,1.511638e-05,-1.424495e-05,1.044257e-05,2.811204e-05,6.840544e-05,2.854007e-05,7.116832e-05,6.380833e-05,6.132937e-05,9.586085e-05,4.166321e-05,4.698956e-05,0.0001016686,9.41488e-05,9.267163e-05,7.499255e-05,-2.063372e-06,7.998812e-05,7.780259e-05,8.883233e-05,7.940963e-05,0.0001045754,9.771901e-05,0.0001008854,0.000117877,7.6681e-05,8.117301e-05,4.714519e-05,3.184472e-05,4.123933e-05,0.0001273785,0.0001019337,0.0001042282,7.815939e-05,0.0001257981,0.0001247953,3.373225e-05,7.587545e-05,7.088936e-05,6.452375e-05,8.153269e-05,0.0001228147,6.311132e-05,7.092203e-05,4.563781e-05,2.877586e-05,0.0001186985,8.302868e-06,3.233357e-05,3.564048e-05,6.994442e-06,7.314578e-05,5.410643e-05,3.820686e-05,6.57643e-05,2.805723e-05,7.337413e-05,8.064287e-05,5.42085e-05,5.085519e-05,0.0001183692,7.583606e-05,7.222851e-05,5.672931e-05,3.017441e-05,4.477757e-05,4.648746e-06,2.395398e-05,2.761642e-05,3.476836e-06,-6.266917e-06,-5.378797e-05,1.051823e-05,4.375583e-05,4.523517e-05,4.244191e-05,4.894022e-05,5.625407e-05,2.278471e-05,2.881435e-05,8.753432e-05,4.183994e-05,7.846376e-05,1.811595e-05,-9.615417e-06,4.406893e-06,0.0001020003,4.335808e-05,1.112908e-05,-3.617029e-05,-6.517832e-05,1.657354e-06,2.603847e-05,-4.145319e-05,2.713172e-05,5.885747e-05,-4.462721e-05,-8.918645e-05,-6.135577e-05,-0.0001047173,-6.763214e-05,-0.0001258174,-8.314447e-05,-0.0001444659,-0.0001309459,-9.478136e-05,-5.013249e-05,-7.630313e-05,-6.938209e-05,-9.446657e-05,-0.000170131,-0.0001035424,-4.367489e-05,-9.64128e-05,-9.809125e-05,-0.000103608,-5.684323e-05,-8.432206e-05,-7.185907e-05,-0.0001096409,1.550899e-05,-8.087556e-05,-7.421114e-05,-0.0001179725,-0.0001244121,1.511673e-05,-7.352383e-05,-0.0001051816,-0.0001761905,-0.0001147767,-0.0001302786,-0.0001869246,-0.0001834081,-0.0001943635,-0.000193047,-0.0002220545,-9.519033e-05,-0.000158786,-5.977763e-05,-7.41943e-05,-0.0001300748,-9.289783e-05,-0.0001176107,-8.371779e-05,-0.0001121469,-6.323226e-05,-0.0001221272,-8.939364e-05,-9.49395e-05,-0.000101752
DIP,-0.004838899,-0.000834526,-0.00315028,-0.001925463,-0.004716509,-0.001398342,0.000196733,-0.001397607,-0.004625843,-0.001826437,-0.00283389,-0.001287325,-0.003674174,-0.001364085,-0.0003121149,0.002637768,-0.0006352028,-0.004279492,-0.005176848,0.0008222254,-7.340786e-05,0.0008337185,-0.005678192,-0.004598475,-0.0002449332,-0.003780997,-0.002952238,-0.004362681,-0.0017766,-0.002624097,-0.001560139,-0.0001159823,-0.0006914645,-0.0005036556,-0.002094056,-0.000413947,0.0005830178,-0.001266101,0.003921428,4.028722e-05,-0.0001031965,-5.238646e-06,-0.0006931523,-0.0005835939,-0.0006936474,-0.001005953,0.0008723672,0.002240158,-0.002727598,0.001181362,-0.002677583,-0.004617187,0.0004408292,-0.0002524238,0.007959758,0.002890949,0.001524394,-0.003828538,-0.001064587,7.893846e-05,-0.004559297,0.001371811,0.002540804,0.003521271,0.0008028739,-0.0002457162,0.002571688,0.0004933497,-0.0006657719,0.002563732,0.001295383,-0.002634611,-0.01074729,-0.02299766,-2.137125e-05,-0.001604972,0.0002586981,-6.12786e-05,-0.0002625443,0.001469917,0.00172212,0.003771558,0.003047016,0.005210019,0.006313274,0.0004671497,0.006791126,0.004680987,0.003868413,0.002155438,-0.001299411,0.002299424,1.990589e-05,-0.002165185,0.003662001,-0.0013772,-0.000984085,0.001668209,0.002329462,-0.001510935,-0.0004276391,-0.001351109,0.001176638,0.001833106,0.00170564,0.003997039,0.002336474,0.00126749,0.0008113821,-0.001255189,0.001688175,-0.002183775,-0.004619531,0.002083292,-0.0003905232,-0.0005194006,0.0001409467,0.002064673,-0.001824473,0.001740522,-0.002409398,-0.002117373,0.0001545974,0.004371803,-0.001024512,-0.004415114,-0.002744701,0.0003297849,-0.001065583,0.001871991,0.004260964,0.001155771,-0.0005519447,0.003180228,0.0007560296,0.0004580644,0.002242166,0.0008248166,0.00309628,0.004117997,0.0003726769,0.002447473,0.002007383,-0.004119184,0.001799648,0.004309668,0.00579935,0.004703411,0.001861913,0.006197922,0.0001047434,0.003360335,-0.003945956,-2.154478e-05,0.001922919,0.003916089,0.001555473,0.00297251,0.003440676,-0.001678946,0.00418524,-0.0007767973,0.001064698,0.00355144,0.005069719,0.0009181899,0.004619954,0.0004553933,0.001507973,0.0003966401,-5.455842e-05,-0.0007950464,-5.121479e-06,-0.001801759,0.0004006653,0.002736331,-0.005016455,0.002415473,0.002987873,0.006443364,0.0001536226,0.004063167,-0.0003664486,-0.00172025,0.002275835,0.003394166,0.005479997,0.000254835,0.001797238,0.003344645,0.0004267647,0.001690753,0.002761349,-0.0004225176,0.001224279,-0.001548393,-0.006797833,0.00597671,0.001356408,-0.002256359
DIP,0.0002585301,0.0002462106,0.0002294127,0.0002446907,0.0001417041,0.0001863422,0.0001738629,0.0001862527,0.0001967612,0.0002175743,0.0001958973,0.0001894914,0.0001416871,0.0001273014,0.0002157774,0.0001384388,0.0001225866,0.0001465863,0.0001094255,6.740607e-05,6.359604e-05,1.580025e-05,1.446829e-05,5.785917e-05,-3.654891e-05,6.948415e-05,0.000132277,1.682251e-08,8.188288e-05,1.318709e-05,1.390122e-05,4.117588e-05,6.886866e-05,5.882987e-05,-1.841577e-06,2.239919e-05,-2.804946e-05,-2.094837e-05,2.715632e-05,9.741769e-05,9.208031e-05,0.0001262592,-5.379009e-05,2.071621e-05,0.0001191236,6.063447e-05,0.0001202883,0.0001189954,0.0001570191,0.0002546731,0.0002626928,0.0003683554,0.0002085462,0.0001954015,0.0002780858,0.0002529087,0.0003322869,0.0002918774,0.000219874,0.0002685185,0.0003163028,0.0003115815,0.000255736,0.0002710423,0.0001552774,0.0002241451,0.0002105655,0.0002447195,0.0001847757,0.0002520632,0.000159659,0.0002283522,0.0002233316,0.0001990349,0.0002208975,7.875491e-05,0.0001107968,1.435078e-05,-2.469874e-06,-4.041593e-05,-2.924011e-05,-0.0001574579,-2.464779e-05,-8.106303e-05,-0.0001533335,-0.0001382622,-0.0001838288,-0.0002618812,-0.0002355386,-0.000275015,-0.0003416601,-0.0001717782,-0.0002476836,-0.0003196448,-0.0002377368,-0.0003573821,-0.0003530598,-0.0002851264,-0.0003615469,-0.0003827982,-0.0003132808,-0.0002284409,-0.0003082566,-0.0003026835,-0.0002472909,-0.0002892608,-0.0001736508,-0.0002791807,-0.000199439,-0.0001298681,-4.212673e-05,-1.57579e-05,-0.000120873,-1.648648e-05,-1.387284e-05,0.0001261117,4.258016e-05,5.124919e-05,7.378782e-05,8.130922e-05,0.0001072321,3.302823e-05,9.039255e-05,2.74271e-05,2.776072e-05,0.0001027316,0.0001266714,0.0001688928,7.332321e-05,0.0001353475,9.843257e-05,0.0001410358,0.0001002285,0.0001018751,7.936726e-05,2.763592e-05,6.109357e-05,-5.82652e-05,-2.948375e-05,-4.335473e-05,-6.571741e-06,-0.0001616475,-4.484954e-05,-0.0001323283,-0.0001066902,-0.0001283207,-0.0001191839,-0.0001695008,-9.553155e-05,-3.057699e-05,-0.0001437611,-0.0001692934,-0.0001690328,-0.0001459646,1.198768e-06,4.719295e-06,5.373984e-06,-1.408291e-05,-5.148434e-05,-9.860596e-05,-0.0001102649,-3.688247e-05,-7.459548e-05,-9.466174e-05,8.907769e-06,-0.0001295145,-8.466476e-05,-6.32013e-06,-0.0001156423,2.326045e-05,-6.271114e-05,3.088824e-05,1.937288e-05,1.148107e-05,1.682389e-05,-4.097666e-05,8.68353e-05,-3.099465e-05,-0.0001056883,7.235896e-06,2.522665e-05,5.583007e-05,-4.700302e-05,5.391781e-05,-2.625554e-05,-4.700445e-05,0.0002151149,5.050313e-05,0.000114635,0.0001935915,0.0001700186,0.0002490809,0.0001435382,0.0001462188,0.0002687792,9.771097e-05,0.0001919755,0.0001604662,0.0001535913,0.0002320876
DIP,-0.002556564,0.001201757,0.001186627,0.002784569,0.001861457,-0.001304938,-0.00249903,-0.004149022,-0.005499785,-0.005814567,-0.00794578,-0.006112405,-0.007710776,-0.006765908,-0.007029007,-0.006594796,-0.005817232,-0.004574745,-0.003447883,-0.003522159,-0.003140602,-0.003337946,-0.002977069,-0.002722946,-0.002561593,-0.001720985,-0.002179313,-0.001950789,-0.002606839,-0.0023771,-0.002841401,-0.00337736,-0.003171044,-0.002281847,-0.002588977,-0.001683599,-0.002604247,-0.001040272,0.0002592646,-0.0005156515,-0.0006394263,0.0005975274,-8.54387e-05,0.0005004411,8.112456e-05,0.001424091,0.001608332,0.002249099,0.001795434,0.001148417,0.001445351,0.002090659,0.002024614,0.002254593,0.002586027,0.001828491,0.002723549,0.001965703,0.0009232775,0.0009927986,0.001662262,0.001412242,0.001618112,0.0007715368,0.001270095,0.001178584,0.001564217,0.001727881,0.002598767,0.003754629,0.003077551,0.001599717,0.001911697,0.002864726,0.002400999,0.002391653,0.002539546,0.001360983,0.001927774,0.001816602,0.002209326,0.002050104,0.001253877,-0.0006133057,-0.0008698053,-0.0005569861,-0.0001241778,-4.5647e-05,0.0003222419,-0.0001153788,0.0003782712,-0.0003474741,0.0002012262,0.0003276848,0.0008622727,-0.0005945708,0.0007566658,-0.001280534,-0.002246093,-0.0002295549,-1.421624e-05,-0.0005137378,-0.0008527173,0.0003132282,9.05077e-05,0.001407615,0.001203858,0.001860317,0.0007995733,-0.0008371766,0.0003104405,-1.861797e-05,-0.0003237574,-0.0003029505,-0.0002148769,-0.0004876229,-0.001830906,-0.001703121,-0.0006933153,0.001678437,-0.0006211734,9.956564e-05,-0.0002182703,-0.0002888772,0.000584794,0.0001893742,-3.50973e-05,-0.0007559501,-0.0008988029,-0.002088438,-0.001763202,-0.0005696451,-0.0006573297,-0.0008255072,-0.0007024814,-0.0009389956,-0.0009891649,-6.984158e-05,0.001147828,0.001684286,0.001285027,5.651475e-05,-0.0007024921,-0.0002345293,0.0001439114,-0.0002043408,-0.001284936,-0.0005698461,-0.001198943,-0.0009343665,-0.001029602,-0.0001569777,-0.0009110957,-0.0003686442,-0.0006105581,0.0005885856,-0.000200123,0.0001184805,-0.0003384983,6.533571e-06,0.0003349126,0.0002034756,0.0009242948,0.00179313,0.001276081,0.0006334678,0.00122306,0.0006056122,-9.389977e-05,0.0008637283,0.0007111538,0.00137846,0.001055023,0.0005978131,0.0009127943,0.001445118,0.001239769,0.002276594,0.001805723,0.001407031,0.0004333634,0.0003787427,0.0004438695,0.000541799,0.001926569,0.001215591,0.001735336,0.0006289353,0.0005414783,0.001387371,-0.0002874679,-0.0008356343,-0.002754143,-0.001437703,-0.001539313,-0.0008759921,-0.001590258,-0.000719051,0.0009389963,-0.001773103
DIP,5.846171e-05,-5.459297e-05,2.306469e-05,-1.536096e-05,-4.49724e-05,1.408104e-05,0.0001297639,2.535749e-05,0.0001511785,0.0001098342,-2.925288e-05,-4.311736e-05,2.897003e-05,0.0002151498,3.852726e-05,0.000124504,3.751046e-05,5.924479e-05,9.416313e-05,0.0001229935,2.127969e-05,-6.460925e-06,8.723646e-05,-2.914383e-05,-4.999408e-05,-4.65314e-05,-3.138227e-05,-4.710843e-05,3.721498e-05,5.978487e-06,2.904332e-06,-2.129128e-05,3.653671e-05,3.573907e-05,-5.741343e-05,2.893218e-05,8.580525e-07,5.506744e-05,7.403795e-05,-6.839466e-05,4.212267e-05,4.547578e-06,-8.700362e-05,-4.446231e-05,7.584312e-05,-4.284055e-05,0.0001122808,8.81271e-05,1.529188e-05,-2.385927e-06,5.394818e-05,-1.093612e-05,-4.043749e-05,0.0001278899,-2.723541e-05,-1.806451e-06,1.200573e-05,-6.569794e-05,-1.377198e-05,-0.000135066,8.454613e-05,5.902425e-05,0.0001067823,9.242814e-05,4.970396e-05,2.514118e-05,5.816323e-05,2.419881e-05,-1.061536e-05,7.705437e-05,0.000168253,6.325359e-05,2.827045e-05,7.806435e-05,-1.141692e-05,-3.217252e-05,-2.587074e-05,-5.193097e-05,-3.731082e-06,-4.462202e-05,2.024203e-05,-6.253671e-06,-3.508715e-05,2.803696e-05,2.294568e-05,-6.933505e-05,-8.329582e-05,-7.4084e-05,8.829014e-05,-7.960786e-05,-1.55354e-05,3.728876e-06,3.440976e-05,4.196948e-05,7.958091e-05,-5.615217e-05,-4.34904e-05,-3.177415e-05,-3.412208e-05,-0.00011314,-0.0001162551,-0.0003255881,-0.0001093032,-2.309491e-05,5.858215e-05,1.338294e-05,0.0001006243,0.0001167152,2.373484e-05,-8.165457e-05,4.684703e-06,-1.090698e-05,0.0001685783,5.948131e-05,-4.202442e-05,-3.575386e-06,3.558122e-05,3.86454e-05,4.715395e-05,6.427039e-05,-0.0001415987,9.762975e-06,-4.111071e-05,-5.103861e-05,5.467607e-05,-2.716432e-05,-2.310134e-05,5.581878e-05,0.000122926,3.575386e-05,9.548513e-05,4.663512e-05,-3.658437e-05,3.096298e-05,0.0001687941,9.295346e-06,0.0001035769,3.134445e-05,0.0001551133,-4.636588e-05,7.958765e-05,0.0001483011,-4.784539e-05,-6.811355e-05,2.643005e-05,0.0001620964,-1.452181e-05,-5.312617e-05,3.196922e-06,-8.171375e-06,7.062838e-05,-8.602552e-06,1.488025e-05,-1.371406e-05,-2.277385e-05,-0.0001120795,-4.083009e-06,-3.716615e-05,0.0001174057,-7.623707e-05,5.249039e-05,-0.0001564049,9.208738e-05,-0.000170679,-5.275872e-05,4.579168e-05,1.914405e-05,8.436885e-05,0.0001531228,7.771332e-05,4.580619e-06,-9.7162e-05,-1.388261e-05,4.144084e-05,-6.832682e-05,7.566645e-05,6.405006e-05,-2.162853e-05,3.133844e-05,5.369587e-06,-6.647467e-05,-8.635267e-05,2.47834e-05,2.483246e-05,-6.371195e-06,-3.230577e-05,1.143202e-05,-2.815454e-05,0.0001289221,4.676891e-05,1.914348e-06,-1.848267e-05,-4.140579e-05,-6.454066e-05,1.373799e-05,-5.681083e-05,1.458089e-05,-1.191579e-05,5.972476e-05,-1.545231e-05
DIP,-0.01354496,6.768882e-05,-0.0007519381,0.003001586,0.003769101,0.001923295,0.001199644,0.0009717304,0.0006696759,0.0003100385,-0.0004386063,-0.0004079069,-2.457213e-05,-0.001247368,0.0002326205,-0.001292498,-0.0006632305,-0.001069858,-8.961926e-05,-0.00100441,-0.001255686,-0.00133764,-0.002078303,-0.0009581707,-0.0009949014,-0.0006506524,-0.0005534839,-0.0009503058,6.45785e-05,-1.637862e-05,-0.0008552342,-0.001608605,-0.001344795,-0.0003119948,-0.0009266991,-0.001928834,-0.001102278,-0.001398204,-0.001453464,0.000426834,-0.0005841192,0.0003844097,-0.0005421765,-0.00155783,-0.0003530784,-0.0007608254,-0.001646523,-0.0009109498,-0.0003169434,0.0001851817,-8.963764e-05,-0.000398421,-0.0004452823,-0.0006748102,1.510288e-05,-0.0008907124,0.0002827489,0.0003396371,-0.0007842797,-0.0007371805,-0.0007894873,-0.0005537643,-0.0005882668,-0.0002849673,-0.001255948,0.001132595,-0.0001033695,-0.0004830387,0.0001870502,1.417836e-05,-0.0001971128,0.0004918933,0.000402875,0.0006978783,0.0007027304,0.001172809,0.001141514,0.0004008593,-0.0003820044,0.0001263347,0.001096549,0.001182848,-0.0002309209,0.0004458762,0.0004359261,0.000823892,0.001368711,-0.0003839677,0.001406635,0.0009395886,0.000270139,0.0001546932,0.0006212428,0.001333102,0.001303189,0.0005245299,0.001797082,0.001066949,7.839443e-05,0.0006954867,0.0003826205,0.0005410207,0.0005592834,-0.001098558,-3.920934e-05,0.000611427,-0.0001693092,-0.0001410061,0.0004399799,-0.0004686417,0.0006299453,0.001365791,0.001488041,0.0005867218,0.0002123974,-0.0001597007,0.0004067006,-0.0004890194,-7.030283e-05,0.0005783969,2.511489e-05,-2.829272e-05,-0.0005103736,0.0002706632,-0.0005697496,0.0007125505,0.0004317091,9.125642e-05,-0.000340191,0.0006315512,0.00120091,-0.0009119348,0.0002153346,-0.0002748028,0.0003482355,4.480066e-05,-0.0002156314,1.733402e-06,-0.0001671474,0.0002612653,-0.0001218804,-0.0008255579,-0.0005841459,0.0007741792,-0.001029897,-0.0002415017,0.0005703626,0.0006441884,-8.234154e-05,0.0006762893,0.0003724245,0.0002934195,-0.0003686165,-0.0003038149,1.139873e-05,0.0007048263,-0.0005034003,0.0002667207,0.0003365046,0.0003836249,0.00011621,0.0002313238,-5.748186e-05,0.0002803335,-0.0004198439,0.0009792629,4.944263e-05,-0.0007040854,0.001100049,0.0004301602,-0.0004510375,-0.0006159624,-0.0001849387,0.0009199395,-0.0002487659,7.570728e-05,0.0007420817,-0.0002872015,0.001012008,7.510309e-05,0.001113402,0.0003382049,-0.001064827,-0.001399225,0.0005299371,-0.001541215,-0.0001189678,-0.0001064527,-0.0004571957,-0.001246088,-0.001107892,-0.001172325,-0.0007392704,-0.001394281,-0.0006749927,-0.001509499,-0.0004142945,-0.002415353,0.0007512927,0.003510014
